intent_name,generator,eta,scope_stratum,target_seed,accepted_attempt,task_seed,generator_intended_atoms,oracle_envelope_atoms,oracle_envelope_size,implied_atoms,candidate_count
direction+curvature+bound,spline,low,limited,0,1,2131780140,curvature_convex|direction_decreasing|lower_bound_0,asymptote_to_0_from_above|curvature_convex|direction_decreasing|lower_bound_0,4,asymptote_to_0_from_above,15
direction+curvature+bound,spline,low,limited,1,1,1991247479,curvature_convex|direction_decreasing|lower_bound_0,asymptote_to_0_from_above|curvature_convex|direction_decreasing|lower_bound_0,4,asymptote_to_0_from_above,15
direction+curvature+bound,spline,low,limited,2,1,3808445616,curvature_convex|direction_decreasing|lower_bound_0,asymptote_to_0_from_above|curvature_convex|direction_decreasing|lower_bound_0,4,asymptote_to_0_from_above,15
direction+curvature+bound,spline,low,limited,3,1,3360326230,curvature_convex|direction_decreasing|lower_bound_0,asymptote_to_0_from_above|curvature_convex|direction_decreasing|lower_bound_0,4,asymptote_to_0_from_above,15
direction+curvature+bound,spline,low,limited,4,1,1048971481,curvature_convex|direction_decreasing|lower_bound_0,asymptote_to_0_from_above|curvature_convex|direction_decreasing|lower_bound_0,4,asymptote_to_0_from_above,15
direction+curvature+bound,spline,low,limited,5,1,4199510760,curvature_convex|direction_decreasing|lower_bound_0,asymptote_to_0_from_above|curvature_convex|direction_decreasing|lower_bound_0,4,asymptote_to_0_from_above,15
direction+curvature+bound,spline,low,limited,6,1,343069586,curvature_convex|direction_decreasing|lower_bound_0,asymptote_to_0_from_above|curvature_convex|direction_decreasing|lower_bound_0,4,asymptote_to_0_from_above,15
direction+curvature+bound,spline,low,limited,7,1,1549009611,curvature_convex|direction_decreasing|lower_bound_0,asymptote_to_0_from_above|curvature_convex|direction_decreasing|lower_bound_0,4,asymptote_to_0_from_above,15
direction+curvature+bound,spline,low,limited,8,1,1647000297,curvature_convex|direction_decreasing|lower_bound_0,asymptote_to_0_from_above|curvature_convex|direction_decreasing|lower_bound_0,4,asymptote_to_0_from_above,15
direction+curvature+bound,spline,low,limited,9,1,332395774,curvature_convex|direction_decreasing|lower_bound_0,asymptote_to_0_from_above|curvature_convex|direction_decreasing|lower_bound_0,4,asymptote_to_0_from_above,15
direction+curvature+bound,spline,low,intermediate,0,1,2484995241,curvature_convex|direction_decreasing|lower_bound_0,asymptote_to_0_from_above|curvature_convex|direction_decreasing|lower_bound_0,4,asymptote_to_0_from_above,15
direction+curvature+bound,spline,low,intermediate,1,1,251283321,curvature_convex|direction_decreasing|lower_bound_0,asymptote_to_0_from_above|curvature_convex|direction_decreasing|lower_bound_0,4,asymptote_to_0_from_above,15
direction+curvature+bound,spline,low,intermediate,2,1,2882513251,curvature_convex|direction_decreasing|lower_bound_0,asymptote_to_0_from_above|curvature_convex|direction_decreasing|lower_bound_0,4,asymptote_to_0_from_above,15
direction+curvature+bound,spline,low,intermediate,3,1,440854365,curvature_convex|direction_decreasing|lower_bound_0,asymptote_to_0_from_above|curvature_convex|direction_decreasing|lower_bound_0,4,asymptote_to_0_from_above,15
direction+curvature+bound,spline,low,intermediate,4,1,3937978645,curvature_convex|direction_decreasing|lower_bound_0,asymptote_to_0_from_above|curvature_convex|direction_decreasing|lower_bound_0,4,asymptote_to_0_from_above,15
direction+curvature+bound,spline,low,intermediate,5,1,2447113494,curvature_convex|direction_decreasing|lower_bound_0,asymptote_to_0_from_above|curvature_convex|direction_decreasing|lower_bound_0,4,asymptote_to_0_from_above,15
direction+curvature+bound,spline,low,intermediate,6,1,3696814080,curvature_convex|direction_decreasing|lower_bound_0,asymptote_to_0_from_above|curvature_convex|direction_decreasing|lower_bound_0,4,asymptote_to_0_from_above,15
direction+curvature+bound,spline,low,intermediate,7,1,2648012345,curvature_convex|direction_decreasing|lower_bound_0,asymptote_to_0_from_above|curvature_convex|direction_decreasing|lower_bound_0,4,asymptote_to_0_from_above,15
direction+curvature+bound,spline,low,intermediate,8,1,680617769,curvature_convex|direction_decreasing|lower_bound_0,asymptote_to_0_from_above|curvature_convex|direction_decreasing|lower_bound_0,4,asymptote_to_0_from_above,15
direction+curvature+bound,spline,low,intermediate,9,1,848623659,curvature_convex|direction_decreasing|lower_bound_0,asymptote_to_0_from_above|curvature_convex|direction_decreasing|lower_bound_0,4,asymptote_to_0_from_above,15
direction+curvature+bound,spline,low,persistent_within_tested_domain,0,1,409308074,curvature_convex|direction_decreasing|lower_bound_0,asymptote_to_0_from_above|curvature_convex|direction_decreasing|lower_bound_0,4,asymptote_to_0_from_above,15
direction+curvature+bound,spline,low,persistent_within_tested_domain,1,1,1816862242,curvature_convex|direction_decreasing|lower_bound_0,asymptote_to_0_from_above|curvature_convex|direction_decreasing|lower_bound_0,4,asymptote_to_0_from_above,15
direction+curvature+bound,spline,low,persistent_within_tested_domain,2,1,550671674,curvature_convex|direction_decreasing|lower_bound_0,asymptote_to_0_from_above|curvature_convex|direction_decreasing|lower_bound_0,4,asymptote_to_0_from_above,15
direction+curvature+bound,spline,low,persistent_within_tested_domain,3,1,3909318821,curvature_convex|direction_decreasing|lower_bound_0,asymptote_to_0_from_above|curvature_convex|direction_decreasing|lower_bound_0,4,asymptote_to_0_from_above,15
direction+curvature+bound,spline,low,persistent_within_tested_domain,4,1,2074215829,curvature_convex|direction_decreasing|lower_bound_0,asymptote_to_0_from_above|curvature_convex|direction_decreasing|lower_bound_0,4,asymptote_to_0_from_above,15
direction+curvature+bound,spline,low,persistent_within_tested_domain,5,1,3714082629,curvature_convex|direction_decreasing|lower_bound_0,asymptote_to_0_from_above|curvature_convex|direction_decreasing|lower_bound_0,4,asymptote_to_0_from_above,15
direction+curvature+bound,spline,low,persistent_within_tested_domain,6,1,3037530030,curvature_convex|direction_decreasing|lower_bound_0,asymptote_to_0_from_above|curvature_convex|direction_decreasing|lower_bound_0,4,asymptote_to_0_from_above,15
direction+curvature+bound,spline,low,persistent_within_tested_domain,7,1,2410222533,curvature_convex|direction_decreasing|lower_bound_0,asymptote_to_0_from_above|curvature_convex|direction_decreasing|lower_bound_0,4,asymptote_to_0_from_above,15
direction+curvature+bound,spline,low,persistent_within_tested_domain,8,1,4248762699,curvature_convex|direction_decreasing|lower_bound_0,asymptote_to_0_from_above|curvature_convex|direction_decreasing|lower_bound_0,4,asymptote_to_0_from_above,15
direction+curvature+bound,spline,low,persistent_within_tested_domain,9,1,1431969721,curvature_convex|direction_decreasing|lower_bound_0,asymptote_to_0_from_above|curvature_convex|direction_decreasing|lower_bound_0,4,asymptote_to_0_from_above,15
direction+curvature+bound,spline,mid,limited,0,1,2421571483,curvature_convex|direction_decreasing|lower_bound_0,asymptote_to_0_from_above|curvature_convex|direction_decreasing|lower_bound_0,4,asymptote_to_0_from_above,15
direction+curvature+bound,spline,mid,limited,1,1,253662692,curvature_convex|direction_decreasing|lower_bound_0,asymptote_to_0_from_above|curvature_convex|direction_decreasing|lower_bound_0,4,asymptote_to_0_from_above,15
direction+curvature+bound,spline,mid,limited,2,1,2800929334,curvature_convex|direction_decreasing|lower_bound_0,asymptote_to_0_from_above|curvature_convex|direction_decreasing|lower_bound_0,4,asymptote_to_0_from_above,15
direction+curvature+bound,spline,mid,limited,3,1,3313748255,curvature_convex|direction_decreasing|lower_bound_0,asymptote_to_0_from_above|curvature_convex|direction_decreasing|lower_bound_0,4,asymptote_to_0_from_above,15
direction+curvature+bound,spline,mid,limited,4,1,1962814055,curvature_convex|direction_decreasing|lower_bound_0,asymptote_to_0_from_above|curvature_convex|direction_decreasing|lower_bound_0,4,asymptote_to_0_from_above,15
direction+curvature+bound,spline,mid,limited,5,1,637574390,curvature_convex|direction_decreasing|lower_bound_0,asymptote_to_0_from_above|curvature_convex|direction_decreasing|lower_bound_0,4,asymptote_to_0_from_above,15
direction+curvature+bound,spline,mid,limited,6,1,641170094,curvature_convex|direction_decreasing|lower_bound_0,asymptote_to_0_from_above|curvature_convex|direction_decreasing|lower_bound_0,4,asymptote_to_0_from_above,15
direction+curvature+bound,spline,mid,limited,7,1,379648976,curvature_convex|direction_decreasing|lower_bound_0,asymptote_to_0_from_above|curvature_convex|direction_decreasing|lower_bound_0,4,asymptote_to_0_from_above,15
direction+curvature+bound,spline,mid,limited,8,1,7703611,curvature_convex|direction_decreasing|lower_bound_0,asymptote_to_0_from_above|curvature_convex|direction_decreasing|lower_bound_0,4,asymptote_to_0_from_above,15
direction+curvature+bound,spline,mid,limited,9,1,2099879251,curvature_convex|direction_decreasing|lower_bound_0,asymptote_to_0_from_above|curvature_convex|direction_decreasing|lower_bound_0,4,asymptote_to_0_from_above,15
direction+curvature+bound,spline,mid,intermediate,0,1,3000286285,curvature_convex|direction_decreasing|lower_bound_0,asymptote_to_0_from_above|curvature_convex|direction_decreasing|lower_bound_0,4,asymptote_to_0_from_above,15
direction+curvature+bound,spline,mid,intermediate,1,1,18384892,curvature_convex|direction_decreasing|lower_bound_0,asymptote_to_0_from_above|curvature_convex|direction_decreasing|lower_bound_0,4,asymptote_to_0_from_above,15
direction+curvature+bound,spline,mid,intermediate,2,1,1295574753,curvature_convex|direction_decreasing|lower_bound_0,asymptote_to_0_from_above|curvature_convex|direction_decreasing|lower_bound_0,4,asymptote_to_0_from_above,15
direction+curvature+bound,spline,mid,intermediate,3,1,1100760276,curvature_convex|direction_decreasing|lower_bound_0,asymptote_to_0_from_above|curvature_convex|direction_decreasing|lower_bound_0,4,asymptote_to_0_from_above,15
direction+curvature+bound,spline,mid,intermediate,4,1,4027511412,curvature_convex|direction_decreasing|lower_bound_0,asymptote_to_0_from_above|curvature_convex|direction_decreasing|lower_bound_0,4,asymptote_to_0_from_above,15
direction+curvature+bound,spline,mid,intermediate,5,1,2466874448,curvature_convex|direction_decreasing|lower_bound_0,asymptote_to_0_from_above|curvature_convex|direction_decreasing|lower_bound_0,4,asymptote_to_0_from_above,15
direction+curvature+bound,spline,mid,intermediate,6,1,522705066,curvature_convex|direction_decreasing|lower_bound_0,asymptote_to_0_from_above|curvature_convex|direction_decreasing|lower_bound_0,4,asymptote_to_0_from_above,15
direction+curvature+bound,spline,mid,intermediate,7,1,2554714359,curvature_convex|direction_decreasing|lower_bound_0,asymptote_to_0_from_above|curvature_convex|direction_decreasing|lower_bound_0,4,asymptote_to_0_from_above,15
direction+curvature+bound,spline,mid,intermediate,8,1,1787539156,curvature_convex|direction_decreasing|lower_bound_0,asymptote_to_0_from_above|curvature_convex|direction_decreasing|lower_bound_0,4,asymptote_to_0_from_above,15
direction+curvature+bound,spline,mid,intermediate,9,1,825442952,curvature_convex|direction_decreasing|lower_bound_0,asymptote_to_0_from_above|curvature_convex|direction_decreasing|lower_bound_0,4,asymptote_to_0_from_above,15
direction+curvature+bound,spline,mid,persistent_within_tested_domain,0,1,2164187292,curvature_convex|direction_decreasing|lower_bound_0,asymptote_to_0_from_above|curvature_convex|direction_decreasing|lower_bound_0,4,asymptote_to_0_from_above,15
direction+curvature+bound,spline,mid,persistent_within_tested_domain,1,1,1704565283,curvature_convex|direction_decreasing|lower_bound_0,asymptote_to_0_from_above|curvature_convex|direction_decreasing|lower_bound_0,4,asymptote_to_0_from_above,15
direction+curvature+bound,spline,mid,persistent_within_tested_domain,2,1,44312153,curvature_convex|direction_decreasing|lower_bound_0,asymptote_to_0_from_above|curvature_convex|direction_decreasing|lower_bound_0,4,asymptote_to_0_from_above,15
direction+curvature+bound,spline,mid,persistent_within_tested_domain,3,1,3261649917,curvature_convex|direction_decreasing|lower_bound_0,asymptote_to_0_from_above|curvature_convex|direction_decreasing|lower_bound_0,4,asymptote_to_0_from_above,15
direction+curvature+bound,spline,mid,persistent_within_tested_domain,4,1,3155377367,curvature_convex|direction_decreasing|lower_bound_0,asymptote_to_0_from_above|curvature_convex|direction_decreasing|lower_bound_0,4,asymptote_to_0_from_above,15
direction+curvature+bound,spline,mid,persistent_within_tested_domain,5,1,622263866,curvature_convex|direction_decreasing|lower_bound_0,asymptote_to_0_from_above|curvature_convex|direction_decreasing|lower_bound_0,4,asymptote_to_0_from_above,15
direction+curvature+bound,spline,mid,persistent_within_tested_domain,6,1,1818892210,curvature_convex|direction_decreasing|lower_bound_0,asymptote_to_0_from_above|curvature_convex|direction_decreasing|lower_bound_0,4,asymptote_to_0_from_above,15
direction+curvature+bound,spline,mid,persistent_within_tested_domain,7,1,3625518132,curvature_convex|direction_decreasing|lower_bound_0,asymptote_to_0_from_above|curvature_convex|direction_decreasing|lower_bound_0,4,asymptote_to_0_from_above,15
direction+curvature+bound,spline,mid,persistent_within_tested_domain,8,1,1651784711,curvature_convex|direction_decreasing|lower_bound_0,asymptote_to_0_from_above|curvature_convex|direction_decreasing|lower_bound_0,4,asymptote_to_0_from_above,15
direction+curvature+bound,spline,mid,persistent_within_tested_domain,9,1,1586323239,curvature_convex|direction_decreasing|lower_bound_0,asymptote_to_0_from_above|curvature_convex|direction_decreasing|lower_bound_0,4,asymptote_to_0_from_above,15
direction+curvature+bound,spline,high,limited,0,1,215752512,curvature_convex|direction_decreasing|lower_bound_0,asymptote_to_0_from_above|curvature_convex|direction_decreasing|lower_bound_0,4,asymptote_to_0_from_above,15
direction+curvature+bound,spline,high,limited,1,1,1520584236,curvature_convex|direction_decreasing|lower_bound_0,asymptote_to_0_from_above|curvature_convex|direction_decreasing|lower_bound_0,4,asymptote_to_0_from_above,15
direction+curvature+bound,spline,high,limited,2,1,84672632,curvature_convex|direction_decreasing|lower_bound_0,asymptote_to_0_from_above|curvature_convex|direction_decreasing|lower_bound_0,4,asymptote_to_0_from_above,15
direction+curvature+bound,spline,high,limited,3,1,293195778,curvature_convex|direction_decreasing|lower_bound_0,asymptote_to_0_from_above|curvature_convex|direction_decreasing|lower_bound_0,4,asymptote_to_0_from_above,15
direction+curvature+bound,spline,high,limited,4,1,1265646154,curvature_convex|direction_decreasing|lower_bound_0,asymptote_to_0_from_above|curvature_convex|direction_decreasing|lower_bound_0,4,asymptote_to_0_from_above,15
direction+curvature+bound,spline,high,limited,5,1,396523945,curvature_convex|direction_decreasing|lower_bound_0,asymptote_to_0_from_above|curvature_convex|direction_decreasing|lower_bound_0,4,asymptote_to_0_from_above,15
direction+curvature+bound,spline,high,limited,6,1,2224408138,curvature_convex|direction_decreasing|lower_bound_0,asymptote_to_0_from_above|curvature_convex|direction_decreasing|lower_bound_0,4,asymptote_to_0_from_above,15
direction+curvature+bound,spline,high,limited,7,1,1037890082,curvature_convex|direction_decreasing|lower_bound_0,asymptote_to_0_from_above|curvature_convex|direction_decreasing|lower_bound_0,4,asymptote_to_0_from_above,15
direction+curvature+bound,spline,high,limited,8,1,476101701,curvature_convex|direction_decreasing|lower_bound_0,asymptote_to_0_from_above|curvature_convex|direction_decreasing|lower_bound_0,4,asymptote_to_0_from_above,15
direction+curvature+bound,spline,high,limited,9,1,3521003767,curvature_convex|direction_decreasing|lower_bound_0,asymptote_to_0_from_above|curvature_convex|direction_decreasing|lower_bound_0,4,asymptote_to_0_from_above,15
direction+curvature+bound,spline,high,intermediate,0,1,1244470994,curvature_convex|direction_decreasing|lower_bound_0,asymptote_to_0_from_above|curvature_convex|direction_decreasing|lower_bound_0,4,asymptote_to_0_from_above,15
direction+curvature+bound,spline,high,intermediate,1,1,977383722,curvature_convex|direction_decreasing|lower_bound_0,asymptote_to_0_from_above|curvature_convex|direction_decreasing|lower_bound_0,4,asymptote_to_0_from_above,15
direction+curvature+bound,spline,high,intermediate,2,1,1893913767,curvature_convex|direction_decreasing|lower_bound_0,asymptote_to_0_from_above|curvature_convex|direction_decreasing|lower_bound_0,4,asymptote_to_0_from_above,15
direction+curvature+bound,spline,high,intermediate,3,1,3929835617,curvature_convex|direction_decreasing|lower_bound_0,asymptote_to_0_from_above|curvature_convex|direction_decreasing|lower_bound_0,4,asymptote_to_0_from_above,15
direction+curvature+bound,spline,high,intermediate,4,1,3356064092,curvature_convex|direction_decreasing|lower_bound_0,asymptote_to_0_from_above|curvature_convex|direction_decreasing|lower_bound_0,4,asymptote_to_0_from_above,15
direction+curvature+bound,spline,high,intermediate,5,1,3554670596,curvature_convex|direction_decreasing|lower_bound_0,asymptote_to_0_from_above|curvature_convex|direction_decreasing|lower_bound_0,4,asymptote_to_0_from_above,15
direction+curvature+bound,spline,high,intermediate,6,1,900374874,curvature_convex|direction_decreasing|lower_bound_0,asymptote_to_0_from_above|curvature_convex|direction_decreasing|lower_bound_0,4,asymptote_to_0_from_above,15
direction+curvature+bound,spline,high,intermediate,7,1,457984601,curvature_convex|direction_decreasing|lower_bound_0,asymptote_to_0_from_above|curvature_convex|direction_decreasing|lower_bound_0,4,asymptote_to_0_from_above,15
direction+curvature+bound,spline,high,intermediate,8,1,2280267988,curvature_convex|direction_decreasing|lower_bound_0,asymptote_to_0_from_above|curvature_convex|direction_decreasing|lower_bound_0,4,asymptote_to_0_from_above,15
direction+curvature+bound,spline,high,intermediate,9,1,3878587384,curvature_convex|direction_decreasing|lower_bound_0,asymptote_to_0_from_above|curvature_convex|direction_decreasing|lower_bound_0,4,asymptote_to_0_from_above,15
direction+curvature+bound,spline,high,persistent_within_tested_domain,0,1,3793909212,curvature_convex|direction_decreasing|lower_bound_0,asymptote_to_0_from_above|curvature_convex|direction_decreasing|lower_bound_0,4,asymptote_to_0_from_above,15
direction+curvature+bound,spline,high,persistent_within_tested_domain,1,1,1307502897,curvature_convex|direction_decreasing|lower_bound_0,asymptote_to_0_from_above|curvature_convex|direction_decreasing|lower_bound_0,4,asymptote_to_0_from_above,15
direction+curvature+bound,spline,high,persistent_within_tested_domain,2,1,1533317635,curvature_convex|direction_decreasing|lower_bound_0,asymptote_to_0_from_above|curvature_convex|direction_decreasing|lower_bound_0,4,asymptote_to_0_from_above,15
direction+curvature+bound,spline,high,persistent_within_tested_domain,3,1,454689312,curvature_convex|direction_decreasing|lower_bound_0,asymptote_to_0_from_above|curvature_convex|direction_decreasing|lower_bound_0,4,asymptote_to_0_from_above,15
direction+curvature+bound,spline,high,persistent_within_tested_domain,4,1,2740838102,curvature_convex|direction_decreasing|lower_bound_0,asymptote_to_0_from_above|curvature_convex|direction_decreasing|lower_bound_0,4,asymptote_to_0_from_above,15
direction+curvature+bound,spline,high,persistent_within_tested_domain,5,1,3430606835,curvature_convex|direction_decreasing|lower_bound_0,asymptote_to_0_from_above|curvature_convex|direction_decreasing|lower_bound_0,4,asymptote_to_0_from_above,15
direction+curvature+bound,spline,high,persistent_within_tested_domain,6,1,937206734,curvature_convex|direction_decreasing|lower_bound_0,asymptote_to_0_from_above|curvature_convex|direction_decreasing|lower_bound_0,4,asymptote_to_0_from_above,15
direction+curvature+bound,spline,high,persistent_within_tested_domain,7,1,3103823544,curvature_convex|direction_decreasing|lower_bound_0,asymptote_to_0_from_above|curvature_convex|direction_decreasing|lower_bound_0,4,asymptote_to_0_from_above,15
direction+curvature+bound,spline,high,persistent_within_tested_domain,8,1,1626056826,curvature_convex|direction_decreasing|lower_bound_0,asymptote_to_0_from_above|curvature_convex|direction_decreasing|lower_bound_0,4,asymptote_to_0_from_above,15
direction+curvature+bound,spline,high,persistent_within_tested_domain,9,1,2022087815,curvature_convex|direction_decreasing|lower_bound_0,asymptote_to_0_from_above|curvature_convex|direction_decreasing|lower_bound_0,4,asymptote_to_0_from_above,15
direction+curvature+bound,basis,low,limited,0,1,2455897213,curvature_convex|direction_decreasing|lower_bound_0,asymptote_to_0_from_above|curvature_convex|direction_decreasing|lower_bound_0,4,asymptote_to_0_from_above,15
direction+curvature+bound,basis,low,limited,1,1,1858291617,curvature_convex|direction_decreasing|lower_bound_0,asymptote_to_0_from_above|curvature_convex|direction_decreasing|lower_bound_0,4,asymptote_to_0_from_above,15
direction+curvature+bound,basis,low,limited,2,1,3730230299,curvature_convex|direction_decreasing|lower_bound_0,asymptote_to_0_from_above|curvature_convex|direction_decreasing|lower_bound_0,4,asymptote_to_0_from_above,15
direction+curvature+bound,basis,low,limited,3,1,2373047042,curvature_convex|direction_decreasing|lower_bound_0,asymptote_to_0_from_above|curvature_convex|direction_decreasing|lower_bound_0,4,asymptote_to_0_from_above,15
direction+curvature+bound,basis,low,limited,4,1,114230537,curvature_convex|direction_decreasing|lower_bound_0,asymptote_to_0_from_above|curvature_convex|direction_decreasing|lower_bound_0,4,asymptote_to_0_from_above,15
direction+curvature+bound,basis,low,limited,5,1,4063827355,curvature_convex|direction_decreasing|lower_bound_0,asymptote_to_0_from_above|curvature_convex|direction_decreasing|lower_bound_0,4,asymptote_to_0_from_above,15
direction+curvature+bound,basis,low,limited,6,1,1859725795,curvature_convex|direction_decreasing|lower_bound_0,asymptote_to_0_from_above|curvature_convex|direction_decreasing|lower_bound_0,4,asymptote_to_0_from_above,15
direction+curvature+bound,basis,low,limited,7,1,1484779055,curvature_convex|direction_decreasing|lower_bound_0,asymptote_to_0_from_above|curvature_convex|direction_decreasing|lower_bound_0,4,asymptote_to_0_from_above,15
direction+curvature+bound,basis,low,limited,8,1,2354783814,curvature_convex|direction_decreasing|lower_bound_0,asymptote_to_0_from_above|curvature_convex|direction_decreasing|lower_bound_0,4,asymptote_to_0_from_above,15
direction+curvature+bound,basis,low,limited,9,1,2557017830,curvature_convex|direction_decreasing|lower_bound_0,asymptote_to_0_from_above|curvature_convex|direction_decreasing|lower_bound_0,4,asymptote_to_0_from_above,15
direction+curvature+bound,basis,low,intermediate,0,1,4023373998,curvature_convex|direction_decreasing|lower_bound_0,asymptote_to_0_from_above|curvature_convex|direction_decreasing|lower_bound_0,4,asymptote_to_0_from_above,15
direction+curvature+bound,basis,low,intermediate,1,1,3021109662,curvature_convex|direction_decreasing|lower_bound_0,asymptote_to_0_from_above|curvature_convex|direction_decreasing|lower_bound_0,4,asymptote_to_0_from_above,15
direction+curvature+bound,basis,low,intermediate,2,1,2810015407,curvature_convex|direction_decreasing|lower_bound_0,asymptote_to_0_from_above|curvature_convex|direction_decreasing|lower_bound_0,4,asymptote_to_0_from_above,15
direction+curvature+bound,basis,low,intermediate,3,1,1850496450,curvature_convex|direction_decreasing|lower_bound_0,asymptote_to_0_from_above|curvature_convex|direction_decreasing|lower_bound_0,4,asymptote_to_0_from_above,15
direction+curvature+bound,basis,low,intermediate,4,1,442147280,curvature_convex|direction_decreasing|lower_bound_0,asymptote_to_0_from_above|curvature_convex|direction_decreasing|lower_bound_0,4,asymptote_to_0_from_above,15
direction+curvature+bound,basis,low,intermediate,5,1,1887054183,curvature_convex|direction_decreasing|lower_bound_0,asymptote_to_0_from_above|curvature_convex|direction_decreasing|lower_bound_0,4,asymptote_to_0_from_above,15
direction+curvature+bound,basis,low,intermediate,6,1,3734170016,curvature_convex|direction_decreasing|lower_bound_0,asymptote_to_0_from_above|curvature_convex|direction_decreasing|lower_bound_0,4,asymptote_to_0_from_above,15
direction+curvature+bound,basis,low,intermediate,7,1,3683356720,curvature_convex|direction_decreasing|lower_bound_0,asymptote_to_0_from_above|curvature_convex|direction_decreasing|lower_bound_0,4,asymptote_to_0_from_above,15
direction+curvature+bound,basis,low,intermediate,8,1,2869681461,curvature_convex|direction_decreasing|lower_bound_0,asymptote_to_0_from_above|curvature_convex|direction_decreasing|lower_bound_0,4,asymptote_to_0_from_above,15
direction+curvature+bound,basis,low,intermediate,9,1,34132082,curvature_convex|direction_decreasing|lower_bound_0,asymptote_to_0_from_above|curvature_convex|direction_decreasing|lower_bound_0,4,asymptote_to_0_from_above,15
direction+curvature+bound,basis,low,persistent_within_tested_domain,0,1,675951561,curvature_convex|direction_decreasing|lower_bound_0,asymptote_to_0_from_above|curvature_convex|direction_decreasing|lower_bound_0,4,asymptote_to_0_from_above,15
direction+curvature+bound,basis,low,persistent_within_tested_domain,1,1,2312367458,curvature_convex|direction_decreasing|lower_bound_0,asymptote_to_0_from_above|curvature_convex|direction_decreasing|lower_bound_0,4,asymptote_to_0_from_above,15
direction+curvature+bound,basis,low,persistent_within_tested_domain,2,1,752396336,curvature_convex|direction_decreasing|lower_bound_0,asymptote_to_0_from_above|curvature_convex|direction_decreasing|lower_bound_0,4,asymptote_to_0_from_above,15
direction+curvature+bound,basis,low,persistent_within_tested_domain,3,1,1619958543,curvature_convex|direction_decreasing|lower_bound_0,asymptote_to_0_from_above|curvature_convex|direction_decreasing|lower_bound_0,4,asymptote_to_0_from_above,15
direction+curvature+bound,basis,low,persistent_within_tested_domain,4,1,2252317121,curvature_convex|direction_decreasing|lower_bound_0,asymptote_to_0_from_above|curvature_convex|direction_decreasing|lower_bound_0,4,asymptote_to_0_from_above,15
direction+curvature+bound,basis,low,persistent_within_tested_domain,5,1,1152982410,curvature_convex|direction_decreasing|lower_bound_0,asymptote_to_0_from_above|curvature_convex|direction_decreasing|lower_bound_0,4,asymptote_to_0_from_above,15
direction+curvature+bound,basis,low,persistent_within_tested_domain,6,1,1828215968,curvature_convex|direction_decreasing|lower_bound_0,asymptote_to_0_from_above|curvature_convex|direction_decreasing|lower_bound_0,4,asymptote_to_0_from_above,15
direction+curvature+bound,basis,low,persistent_within_tested_domain,7,1,3287445883,curvature_convex|direction_decreasing|lower_bound_0,asymptote_to_0_from_above|curvature_convex|direction_decreasing|lower_bound_0,4,asymptote_to_0_from_above,15
direction+curvature+bound,basis,low,persistent_within_tested_domain,8,1,1270826583,curvature_convex|direction_decreasing|lower_bound_0,asymptote_to_0_from_above|curvature_convex|direction_decreasing|lower_bound_0,4,asymptote_to_0_from_above,15
direction+curvature+bound,basis,low,persistent_within_tested_domain,9,1,2051771096,curvature_convex|direction_decreasing|lower_bound_0,asymptote_to_0_from_above|curvature_convex|direction_decreasing|lower_bound_0,4,asymptote_to_0_from_above,15
direction+curvature+bound,basis,mid,limited,0,1,3629381016,curvature_convex|direction_decreasing|lower_bound_0,asymptote_to_0_from_above|curvature_convex|direction_decreasing|lower_bound_0,4,asymptote_to_0_from_above,15
direction+curvature+bound,basis,mid,limited,1,1,854810022,curvature_convex|direction_decreasing|lower_bound_0,asymptote_to_0_from_above|curvature_convex|direction_decreasing|lower_bound_0,4,asymptote_to_0_from_above,15
direction+curvature+bound,basis,mid,limited,2,1,2353631862,curvature_convex|direction_decreasing|lower_bound_0,asymptote_to_0_from_above|curvature_convex|direction_decreasing|lower_bound_0,4,asymptote_to_0_from_above,15
direction+curvature+bound,basis,mid,limited,3,1,976454742,curvature_convex|direction_decreasing|lower_bound_0,asymptote_to_0_from_above|curvature_convex|direction_decreasing|lower_bound_0,4,asymptote_to_0_from_above,15
direction+curvature+bound,basis,mid,limited,4,1,1523323255,curvature_convex|direction_decreasing|lower_bound_0,asymptote_to_0_from_above|curvature_convex|direction_decreasing|lower_bound_0,4,asymptote_to_0_from_above,15
direction+curvature+bound,basis,mid,limited,5,1,75943189,curvature_convex|direction_decreasing|lower_bound_0,asymptote_to_0_from_above|curvature_convex|direction_decreasing|lower_bound_0,4,asymptote_to_0_from_above,15
direction+curvature+bound,basis,mid,limited,6,1,1036699686,curvature_convex|direction_decreasing|lower_bound_0,asymptote_to_0_from_above|curvature_convex|direction_decreasing|lower_bound_0,4,asymptote_to_0_from_above,15
direction+curvature+bound,basis,mid,limited,7,1,2741778947,curvature_convex|direction_decreasing|lower_bound_0,asymptote_to_0_from_above|curvature_convex|direction_decreasing|lower_bound_0,4,asymptote_to_0_from_above,15
direction+curvature+bound,basis,mid,limited,8,1,690616964,curvature_convex|direction_decreasing|lower_bound_0,asymptote_to_0_from_above|curvature_convex|direction_decreasing|lower_bound_0,4,asymptote_to_0_from_above,15
direction+curvature+bound,basis,mid,limited,9,1,1403812183,curvature_convex|direction_decreasing|lower_bound_0,asymptote_to_0_from_above|curvature_convex|direction_decreasing|lower_bound_0,4,asymptote_to_0_from_above,15
direction+curvature+bound,basis,mid,intermediate,0,1,3616932867,curvature_convex|direction_decreasing|lower_bound_0,asymptote_to_0_from_above|curvature_convex|direction_decreasing|lower_bound_0,4,asymptote_to_0_from_above,15
direction+curvature+bound,basis,mid,intermediate,1,1,2443512293,curvature_convex|direction_decreasing|lower_bound_0,asymptote_to_0_from_above|curvature_convex|direction_decreasing|lower_bound_0,4,asymptote_to_0_from_above,15
direction+curvature+bound,basis,mid,intermediate,2,1,2860686165,curvature_convex|direction_decreasing|lower_bound_0,asymptote_to_0_from_above|curvature_convex|direction_decreasing|lower_bound_0,4,asymptote_to_0_from_above,15
direction+curvature+bound,basis,mid,intermediate,3,1,1359411132,curvature_convex|direction_decreasing|lower_bound_0,asymptote_to_0_from_above|curvature_convex|direction_decreasing|lower_bound_0,4,asymptote_to_0_from_above,15
direction+curvature+bound,basis,mid,intermediate,4,1,2497487584,curvature_convex|direction_decreasing|lower_bound_0,asymptote_to_0_from_above|curvature_convex|direction_decreasing|lower_bound_0,4,asymptote_to_0_from_above,15
direction+curvature+bound,basis,mid,intermediate,5,1,3881975315,curvature_convex|direction_decreasing|lower_bound_0,asymptote_to_0_from_above|curvature_convex|direction_decreasing|lower_bound_0,4,asymptote_to_0_from_above,15
direction+curvature+bound,basis,mid,intermediate,6,1,3008854593,curvature_convex|direction_decreasing|lower_bound_0,asymptote_to_0_from_above|curvature_convex|direction_decreasing|lower_bound_0,4,asymptote_to_0_from_above,15
direction+curvature+bound,basis,mid,intermediate,7,1,2115506991,curvature_convex|direction_decreasing|lower_bound_0,asymptote_to_0_from_above|curvature_convex|direction_decreasing|lower_bound_0,4,asymptote_to_0_from_above,15
direction+curvature+bound,basis,mid,intermediate,8,1,2253709818,curvature_convex|direction_decreasing|lower_bound_0,asymptote_to_0_from_above|curvature_convex|direction_decreasing|lower_bound_0,4,asymptote_to_0_from_above,15
direction+curvature+bound,basis,mid,intermediate,9,1,3940309718,curvature_convex|direction_decreasing|lower_bound_0,asymptote_to_0_from_above|curvature_convex|direction_decreasing|lower_bound_0,4,asymptote_to_0_from_above,15
direction+curvature+bound,basis,mid,persistent_within_tested_domain,0,1,2313135319,curvature_convex|direction_decreasing|lower_bound_0,asymptote_to_0_from_above|curvature_convex|direction_decreasing|lower_bound_0,4,asymptote_to_0_from_above,15
direction+curvature+bound,basis,mid,persistent_within_tested_domain,1,1,2016002819,curvature_convex|direction_decreasing|lower_bound_0,asymptote_to_0_from_above|curvature_convex|direction_decreasing|lower_bound_0,4,asymptote_to_0_from_above,15
direction+curvature+bound,basis,mid,persistent_within_tested_domain,2,1,3607312931,curvature_convex|direction_decreasing|lower_bound_0,asymptote_to_0_from_above|curvature_convex|direction_decreasing|lower_bound_0,4,asymptote_to_0_from_above,15
direction+curvature+bound,basis,mid,persistent_within_tested_domain,3,1,1528323068,curvature_convex|direction_decreasing|lower_bound_0,asymptote_to_0_from_above|curvature_convex|direction_decreasing|lower_bound_0,4,asymptote_to_0_from_above,15
direction+curvature+bound,basis,mid,persistent_within_tested_domain,4,1,1736939872,curvature_convex|direction_decreasing|lower_bound_0,asymptote_to_0_from_above|curvature_convex|direction_decreasing|lower_bound_0,4,asymptote_to_0_from_above,15
direction+curvature+bound,basis,mid,persistent_within_tested_domain,5,1,2867983479,curvature_convex|direction_decreasing|lower_bound_0,asymptote_to_0_from_above|curvature_convex|direction_decreasing|lower_bound_0,4,asymptote_to_0_from_above,15
direction+curvature+bound,basis,mid,persistent_within_tested_domain,6,1,3195106391,curvature_convex|direction_decreasing|lower_bound_0,asymptote_to_0_from_above|curvature_convex|direction_decreasing|lower_bound_0,4,asymptote_to_0_from_above,15
direction+curvature+bound,basis,mid,persistent_within_tested_domain,7,1,1728108307,curvature_convex|direction_decreasing|lower_bound_0,asymptote_to_0_from_above|curvature_convex|direction_decreasing|lower_bound_0,4,asymptote_to_0_from_above,15
direction+curvature+bound,basis,mid,persistent_within_tested_domain,8,1,2239694123,curvature_convex|direction_decreasing|lower_bound_0,asymptote_to_0_from_above|curvature_convex|direction_decreasing|lower_bound_0,4,asymptote_to_0_from_above,15
direction+curvature+bound,basis,mid,persistent_within_tested_domain,9,1,2219117186,curvature_convex|direction_decreasing|lower_bound_0,asymptote_to_0_from_above|curvature_convex|direction_decreasing|lower_bound_0,4,asymptote_to_0_from_above,15
direction+curvature+bound,basis,high,limited,0,1,4278785243,curvature_convex|direction_decreasing|lower_bound_0,asymptote_to_0_from_above|curvature_convex|direction_decreasing|lower_bound_0,4,asymptote_to_0_from_above,15
direction+curvature+bound,basis,high,limited,1,1,3567820922,curvature_convex|direction_decreasing|lower_bound_0,asymptote_to_0_from_above|curvature_convex|direction_decreasing|lower_bound_0,4,asymptote_to_0_from_above,15
direction+curvature+bound,basis,high,limited,2,1,1389083681,curvature_convex|direction_decreasing|lower_bound_0,asymptote_to_0_from_above|curvature_convex|direction_decreasing|lower_bound_0,4,asymptote_to_0_from_above,15
direction+curvature+bound,basis,high,limited,3,1,1132606335,curvature_convex|direction_decreasing|lower_bound_0,asymptote_to_0_from_above|curvature_convex|direction_decreasing|lower_bound_0,4,asymptote_to_0_from_above,15
direction+curvature+bound,basis,high,limited,4,1,3738534367,curvature_convex|direction_decreasing|lower_bound_0,asymptote_to_0_from_above|curvature_convex|direction_decreasing|lower_bound_0,4,asymptote_to_0_from_above,15
direction+curvature+bound,basis,high,limited,5,1,4176248789,curvature_convex|direction_decreasing|lower_bound_0,asymptote_to_0_from_above|curvature_convex|direction_decreasing|lower_bound_0,4,asymptote_to_0_from_above,15
direction+curvature+bound,basis,high,limited,6,1,1107703894,curvature_convex|direction_decreasing|lower_bound_0,asymptote_to_0_from_above|curvature_convex|direction_decreasing|lower_bound_0,4,asymptote_to_0_from_above,15
direction+curvature+bound,basis,high,limited,7,1,4218697353,curvature_convex|direction_decreasing|lower_bound_0,asymptote_to_0_from_above|curvature_convex|direction_decreasing|lower_bound_0,4,asymptote_to_0_from_above,15
direction+curvature+bound,basis,high,limited,8,1,3792299135,curvature_convex|direction_decreasing|lower_bound_0,asymptote_to_0_from_above|curvature_convex|direction_decreasing|lower_bound_0,4,asymptote_to_0_from_above,15
direction+curvature+bound,basis,high,limited,9,1,3417503842,curvature_convex|direction_decreasing|lower_bound_0,asymptote_to_0_from_above|curvature_convex|direction_decreasing|lower_bound_0,4,asymptote_to_0_from_above,15
direction+curvature+bound,basis,high,intermediate,0,1,610521409,curvature_convex|direction_decreasing|lower_bound_0,asymptote_to_0_from_above|curvature_convex|direction_decreasing|lower_bound_0,4,asymptote_to_0_from_above,15
direction+curvature+bound,basis,high,intermediate,1,1,3454422664,curvature_convex|direction_decreasing|lower_bound_0,asymptote_to_0_from_above|curvature_convex|direction_decreasing|lower_bound_0,4,asymptote_to_0_from_above,15
direction+curvature+bound,basis,high,intermediate,2,1,604132957,curvature_convex|direction_decreasing|lower_bound_0,asymptote_to_0_from_above|curvature_convex|direction_decreasing|lower_bound_0,4,asymptote_to_0_from_above,15
direction+curvature+bound,basis,high,intermediate,3,1,1344977407,curvature_convex|direction_decreasing|lower_bound_0,asymptote_to_0_from_above|curvature_convex|direction_decreasing|lower_bound_0,4,asymptote_to_0_from_above,15
direction+curvature+bound,basis,high,intermediate,4,1,4109338839,curvature_convex|direction_decreasing|lower_bound_0,asymptote_to_0_from_above|curvature_convex|direction_decreasing|lower_bound_0,4,asymptote_to_0_from_above,15
direction+curvature+bound,basis,high,intermediate,5,1,3147316014,curvature_convex|direction_decreasing|lower_bound_0,asymptote_to_0_from_above|curvature_convex|direction_decreasing|lower_bound_0,4,asymptote_to_0_from_above,15
direction+curvature+bound,basis,high,intermediate,6,1,4031281438,curvature_convex|direction_decreasing|lower_bound_0,asymptote_to_0_from_above|curvature_convex|direction_decreasing|lower_bound_0,4,asymptote_to_0_from_above,15
direction+curvature+bound,basis,high,intermediate,7,1,1063894956,curvature_convex|direction_decreasing|lower_bound_0,asymptote_to_0_from_above|curvature_convex|direction_decreasing|lower_bound_0,4,asymptote_to_0_from_above,15
direction+curvature+bound,basis,high,intermediate,8,1,302803510,curvature_convex|direction_decreasing|lower_bound_0,asymptote_to_0_from_above|curvature_convex|direction_decreasing|lower_bound_0,4,asymptote_to_0_from_above,15
direction+curvature+bound,basis,high,intermediate,9,1,1487746430,curvature_convex|direction_decreasing|lower_bound_0,asymptote_to_0_from_above|curvature_convex|direction_decreasing|lower_bound_0,4,asymptote_to_0_from_above,15
direction+curvature+bound,basis,high,persistent_within_tested_domain,0,1,775734926,curvature_convex|direction_decreasing|lower_bound_0,asymptote_to_0_from_above|curvature_convex|direction_decreasing|lower_bound_0,4,asymptote_to_0_from_above,15
direction+curvature+bound,basis,high,persistent_within_tested_domain,1,1,1137116481,curvature_convex|direction_decreasing|lower_bound_0,asymptote_to_0_from_above|curvature_convex|direction_decreasing|lower_bound_0,4,asymptote_to_0_from_above,15
direction+curvature+bound,basis,high,persistent_within_tested_domain,2,1,1574589361,curvature_convex|direction_decreasing|lower_bound_0,asymptote_to_0_from_above|curvature_convex|direction_decreasing|lower_bound_0,4,asymptote_to_0_from_above,15
direction+curvature+bound,basis,high,persistent_within_tested_domain,3,1,2777013050,curvature_convex|direction_decreasing|lower_bound_0,asymptote_to_0_from_above|curvature_convex|direction_decreasing|lower_bound_0,4,asymptote_to_0_from_above,15
direction+curvature+bound,basis,high,persistent_within_tested_domain,4,1,3961350594,curvature_convex|direction_decreasing|lower_bound_0,asymptote_to_0_from_above|curvature_convex|direction_decreasing|lower_bound_0,4,asymptote_to_0_from_above,15
direction+curvature+bound,basis,high,persistent_within_tested_domain,5,1,845657660,curvature_convex|direction_decreasing|lower_bound_0,asymptote_to_0_from_above|curvature_convex|direction_decreasing|lower_bound_0,4,asymptote_to_0_from_above,15
direction+curvature+bound,basis,high,persistent_within_tested_domain,6,1,3443842164,curvature_convex|direction_decreasing|lower_bound_0,asymptote_to_0_from_above|curvature_convex|direction_decreasing|lower_bound_0,4,asymptote_to_0_from_above,15
direction+curvature+bound,basis,high,persistent_within_tested_domain,7,1,4056528568,curvature_convex|direction_decreasing|lower_bound_0,asymptote_to_0_from_above|curvature_convex|direction_decreasing|lower_bound_0,4,asymptote_to_0_from_above,15
direction+curvature+bound,basis,high,persistent_within_tested_domain,8,1,4076557795,curvature_convex|direction_decreasing|lower_bound_0,asymptote_to_0_from_above|curvature_convex|direction_decreasing|lower_bound_0,4,asymptote_to_0_from_above,15
direction+curvature+bound,basis,high,persistent_within_tested_domain,9,1,41056093,curvature_convex|direction_decreasing|lower_bound_0,asymptote_to_0_from_above|curvature_convex|direction_decreasing|lower_bound_0,4,asymptote_to_0_from_above,15
direction+curvature+bound,ode,low,limited,0,1,789982488,curvature_convex|direction_decreasing|lower_bound_0,asymptote_to_0_from_above|curvature_convex|direction_decreasing|lower_bound_0,4,asymptote_to_0_from_above,15
direction+curvature+bound,ode,low,limited,1,1,591780417,curvature_convex|direction_decreasing|lower_bound_0,asymptote_to_0_from_above|curvature_convex|direction_decreasing|lower_bound_0,4,asymptote_to_0_from_above,15
direction+curvature+bound,ode,low,limited,2,1,3812725012,curvature_convex|direction_decreasing|lower_bound_0,asymptote_to_0_from_above|curvature_convex|direction_decreasing|lower_bound_0,4,asymptote_to_0_from_above,15
direction+curvature+bound,ode,low,limited,3,1,2556756747,curvature_convex|direction_decreasing|lower_bound_0,asymptote_to_0_from_above|curvature_convex|direction_decreasing|lower_bound_0,4,asymptote_to_0_from_above,15
direction+curvature+bound,ode,low,limited,4,1,2641234148,curvature_convex|direction_decreasing|lower_bound_0,asymptote_to_0_from_above|curvature_convex|direction_decreasing|lower_bound_0,4,asymptote_to_0_from_above,15
direction+curvature+bound,ode,low,limited,5,1,2976324880,curvature_convex|direction_decreasing|lower_bound_0,asymptote_to_0_from_above|curvature_convex|direction_decreasing|lower_bound_0,4,asymptote_to_0_from_above,15
direction+curvature+bound,ode,low,limited,6,1,2715935666,curvature_convex|direction_decreasing|lower_bound_0,asymptote_to_0_from_above|curvature_convex|direction_decreasing|lower_bound_0,4,asymptote_to_0_from_above,15
direction+curvature+bound,ode,low,limited,7,1,2739156154,curvature_convex|direction_decreasing|lower_bound_0,asymptote_to_0_from_above|curvature_convex|direction_decreasing|lower_bound_0,4,asymptote_to_0_from_above,15
direction+curvature+bound,ode,low,limited,8,1,422353224,curvature_convex|direction_decreasing|lower_bound_0,asymptote_to_0_from_above|curvature_convex|direction_decreasing|lower_bound_0,4,asymptote_to_0_from_above,15
direction+curvature+bound,ode,low,limited,9,1,3047333991,curvature_convex|direction_decreasing|lower_bound_0,asymptote_to_0_from_above|curvature_convex|direction_decreasing|lower_bound_0,4,asymptote_to_0_from_above,15
direction+curvature+bound,ode,low,intermediate,0,1,2522710357,curvature_convex|direction_decreasing|lower_bound_0,asymptote_to_0_from_above|curvature_convex|direction_decreasing|lower_bound_0,4,asymptote_to_0_from_above,15
direction+curvature+bound,ode,low,intermediate,1,1,772802439,curvature_convex|direction_decreasing|lower_bound_0,asymptote_to_0_from_above|curvature_convex|direction_decreasing|lower_bound_0,4,asymptote_to_0_from_above,15
direction+curvature+bound,ode,low,intermediate,2,1,3716204628,curvature_convex|direction_decreasing|lower_bound_0,asymptote_to_0_from_above|curvature_convex|direction_decreasing|lower_bound_0,4,asymptote_to_0_from_above,15
direction+curvature+bound,ode,low,intermediate,3,1,1089533348,curvature_convex|direction_decreasing|lower_bound_0,asymptote_to_0_from_above|curvature_convex|direction_decreasing|lower_bound_0,4,asymptote_to_0_from_above,15
direction+curvature+bound,ode,low,intermediate,4,1,3544440269,curvature_convex|direction_decreasing|lower_bound_0,asymptote_to_0_from_above|curvature_convex|direction_decreasing|lower_bound_0,4,asymptote_to_0_from_above,15
direction+curvature+bound,ode,low,intermediate,5,1,1655518807,curvature_convex|direction_decreasing|lower_bound_0,asymptote_to_0_from_above|curvature_convex|direction_decreasing|lower_bound_0,4,asymptote_to_0_from_above,15
direction+curvature+bound,ode,low,intermediate,6,1,2148302346,curvature_convex|direction_decreasing|lower_bound_0,asymptote_to_0_from_above|curvature_convex|direction_decreasing|lower_bound_0,4,asymptote_to_0_from_above,15
direction+curvature+bound,ode,low,intermediate,7,1,1666228809,curvature_convex|direction_decreasing|lower_bound_0,asymptote_to_0_from_above|curvature_convex|direction_decreasing|lower_bound_0,4,asymptote_to_0_from_above,15
direction+curvature+bound,ode,low,intermediate,8,1,1831643923,curvature_convex|direction_decreasing|lower_bound_0,asymptote_to_0_from_above|curvature_convex|direction_decreasing|lower_bound_0,4,asymptote_to_0_from_above,15
direction+curvature+bound,ode,low,intermediate,9,1,3312510371,curvature_convex|direction_decreasing|lower_bound_0,asymptote_to_0_from_above|curvature_convex|direction_decreasing|lower_bound_0,4,asymptote_to_0_from_above,15
direction+curvature+bound,ode,low,persistent_within_tested_domain,0,1,2931290162,curvature_convex|direction_decreasing|lower_bound_0,asymptote_to_0_from_above|curvature_convex|direction_decreasing|lower_bound_0,4,asymptote_to_0_from_above,15
direction+curvature+bound,ode,low,persistent_within_tested_domain,1,1,4151357924,curvature_convex|direction_decreasing|lower_bound_0,asymptote_to_0_from_above|curvature_convex|direction_decreasing|lower_bound_0,4,asymptote_to_0_from_above,15
direction+curvature+bound,ode,low,persistent_within_tested_domain,2,1,3037523332,curvature_convex|direction_decreasing|lower_bound_0,asymptote_to_0_from_above|curvature_convex|direction_decreasing|lower_bound_0,4,asymptote_to_0_from_above,15
direction+curvature+bound,ode,low,persistent_within_tested_domain,3,1,3894116281,curvature_convex|direction_decreasing|lower_bound_0,asymptote_to_0_from_above|curvature_convex|direction_decreasing|lower_bound_0,4,asymptote_to_0_from_above,15
direction+curvature+bound,ode,low,persistent_within_tested_domain,4,1,2305097509,curvature_convex|direction_decreasing|lower_bound_0,asymptote_to_0_from_above|curvature_convex|direction_decreasing|lower_bound_0,4,asymptote_to_0_from_above,15
direction+curvature+bound,ode,low,persistent_within_tested_domain,5,1,1719594384,curvature_convex|direction_decreasing|lower_bound_0,asymptote_to_0_from_above|curvature_convex|direction_decreasing|lower_bound_0,4,asymptote_to_0_from_above,15
direction+curvature+bound,ode,low,persistent_within_tested_domain,6,1,2784923883,curvature_convex|direction_decreasing|lower_bound_0,asymptote_to_0_from_above|curvature_convex|direction_decreasing|lower_bound_0,4,asymptote_to_0_from_above,15
direction+curvature+bound,ode,low,persistent_within_tested_domain,7,1,787876173,curvature_convex|direction_decreasing|lower_bound_0,asymptote_to_0_from_above|curvature_convex|direction_decreasing|lower_bound_0,4,asymptote_to_0_from_above,15
direction+curvature+bound,ode,low,persistent_within_tested_domain,8,1,3452403211,curvature_convex|direction_decreasing|lower_bound_0,asymptote_to_0_from_above|curvature_convex|direction_decreasing|lower_bound_0,4,asymptote_to_0_from_above,15
direction+curvature+bound,ode,low,persistent_within_tested_domain,9,1,1029674238,curvature_convex|direction_decreasing|lower_bound_0,asymptote_to_0_from_above|curvature_convex|direction_decreasing|lower_bound_0,4,asymptote_to_0_from_above,15
direction+curvature+bound,ode,mid,limited,0,1,3447844973,curvature_convex|direction_decreasing|lower_bound_0,asymptote_to_0_from_above|curvature_convex|direction_decreasing|lower_bound_0,4,asymptote_to_0_from_above,15
direction+curvature+bound,ode,mid,limited,1,1,1945685503,curvature_convex|direction_decreasing|lower_bound_0,asymptote_to_0_from_above|curvature_convex|direction_decreasing|lower_bound_0,4,asymptote_to_0_from_above,15
direction+curvature+bound,ode,mid,limited,2,1,1345858424,curvature_convex|direction_decreasing|lower_bound_0,asymptote_to_0_from_above|curvature_convex|direction_decreasing|lower_bound_0,4,asymptote_to_0_from_above,15
direction+curvature+bound,ode,mid,limited,3,1,2591251868,curvature_convex|direction_decreasing|lower_bound_0,asymptote_to_0_from_above|curvature_convex|direction_decreasing|lower_bound_0,4,asymptote_to_0_from_above,15
direction+curvature+bound,ode,mid,limited,4,1,1960513377,curvature_convex|direction_decreasing|lower_bound_0,asymptote_to_0_from_above|curvature_convex|direction_decreasing|lower_bound_0,4,asymptote_to_0_from_above,15
direction+curvature+bound,ode,mid,limited,5,1,919364204,curvature_convex|direction_decreasing|lower_bound_0,asymptote_to_0_from_above|curvature_convex|direction_decreasing|lower_bound_0,4,asymptote_to_0_from_above,15
direction+curvature+bound,ode,mid,limited,6,1,3217175256,curvature_convex|direction_decreasing|lower_bound_0,asymptote_to_0_from_above|curvature_convex|direction_decreasing|lower_bound_0,4,asymptote_to_0_from_above,15
direction+curvature+bound,ode,mid,limited,7,1,3487879025,curvature_convex|direction_decreasing|lower_bound_0,asymptote_to_0_from_above|curvature_convex|direction_decreasing|lower_bound_0,4,asymptote_to_0_from_above,15
direction+curvature+bound,ode,mid,limited,8,1,4113310509,curvature_convex|direction_decreasing|lower_bound_0,asymptote_to_0_from_above|curvature_convex|direction_decreasing|lower_bound_0,4,asymptote_to_0_from_above,15
direction+curvature+bound,ode,mid,limited,9,1,2594059356,curvature_convex|direction_decreasing|lower_bound_0,asymptote_to_0_from_above|curvature_convex|direction_decreasing|lower_bound_0,4,asymptote_to_0_from_above,15
direction+curvature+bound,ode,mid,intermediate,0,1,2867042796,curvature_convex|direction_decreasing|lower_bound_0,asymptote_to_0_from_above|curvature_convex|direction_decreasing|lower_bound_0,4,asymptote_to_0_from_above,15
direction+curvature+bound,ode,mid,intermediate,1,1,841251537,curvature_convex|direction_decreasing|lower_bound_0,asymptote_to_0_from_above|curvature_convex|direction_decreasing|lower_bound_0,4,asymptote_to_0_from_above,15
direction+curvature+bound,ode,mid,intermediate,2,1,1607753491,curvature_convex|direction_decreasing|lower_bound_0,asymptote_to_0_from_above|curvature_convex|direction_decreasing|lower_bound_0,4,asymptote_to_0_from_above,15
direction+curvature+bound,ode,mid,intermediate,3,1,1870724160,curvature_convex|direction_decreasing|lower_bound_0,asymptote_to_0_from_above|curvature_convex|direction_decreasing|lower_bound_0,4,asymptote_to_0_from_above,15
direction+curvature+bound,ode,mid,intermediate,4,1,4145785813,curvature_convex|direction_decreasing|lower_bound_0,asymptote_to_0_from_above|curvature_convex|direction_decreasing|lower_bound_0,4,asymptote_to_0_from_above,15
direction+curvature+bound,ode,mid,intermediate,5,1,3007772579,curvature_convex|direction_decreasing|lower_bound_0,asymptote_to_0_from_above|curvature_convex|direction_decreasing|lower_bound_0,4,asymptote_to_0_from_above,15
direction+curvature+bound,ode,mid,intermediate,6,1,1745778528,curvature_convex|direction_decreasing|lower_bound_0,asymptote_to_0_from_above|curvature_convex|direction_decreasing|lower_bound_0,4,asymptote_to_0_from_above,15
direction+curvature+bound,ode,mid,intermediate,7,1,2053020380,curvature_convex|direction_decreasing|lower_bound_0,asymptote_to_0_from_above|curvature_convex|direction_decreasing|lower_bound_0,4,asymptote_to_0_from_above,15
direction+curvature+bound,ode,mid,intermediate,8,1,310253931,curvature_convex|direction_decreasing|lower_bound_0,asymptote_to_0_from_above|curvature_convex|direction_decreasing|lower_bound_0,4,asymptote_to_0_from_above,15
direction+curvature+bound,ode,mid,intermediate,9,1,2050522999,curvature_convex|direction_decreasing|lower_bound_0,asymptote_to_0_from_above|curvature_convex|direction_decreasing|lower_bound_0,4,asymptote_to_0_from_above,15
direction+curvature+bound,ode,mid,persistent_within_tested_domain,0,1,3951140541,curvature_convex|direction_decreasing|lower_bound_0,asymptote_to_0_from_above|curvature_convex|direction_decreasing|lower_bound_0,4,asymptote_to_0_from_above,15
direction+curvature+bound,ode,mid,persistent_within_tested_domain,1,1,3020267223,curvature_convex|direction_decreasing|lower_bound_0,asymptote_to_0_from_above|curvature_convex|direction_decreasing|lower_bound_0,4,asymptote_to_0_from_above,15
direction+curvature+bound,ode,mid,persistent_within_tested_domain,2,1,2038799659,curvature_convex|direction_decreasing|lower_bound_0,asymptote_to_0_from_above|curvature_convex|direction_decreasing|lower_bound_0,4,asymptote_to_0_from_above,15
direction+curvature+bound,ode,mid,persistent_within_tested_domain,3,1,848191791,curvature_convex|direction_decreasing|lower_bound_0,asymptote_to_0_from_above|curvature_convex|direction_decreasing|lower_bound_0,4,asymptote_to_0_from_above,15
direction+curvature+bound,ode,mid,persistent_within_tested_domain,4,1,254030289,curvature_convex|direction_decreasing|lower_bound_0,asymptote_to_0_from_above|curvature_convex|direction_decreasing|lower_bound_0,4,asymptote_to_0_from_above,15
direction+curvature+bound,ode,mid,persistent_within_tested_domain,5,1,2714138844,curvature_convex|direction_decreasing|lower_bound_0,asymptote_to_0_from_above|curvature_convex|direction_decreasing|lower_bound_0,4,asymptote_to_0_from_above,15
direction+curvature+bound,ode,mid,persistent_within_tested_domain,6,1,3139671097,curvature_convex|direction_decreasing|lower_bound_0,asymptote_to_0_from_above|curvature_convex|direction_decreasing|lower_bound_0,4,asymptote_to_0_from_above,15
direction+curvature+bound,ode,mid,persistent_within_tested_domain,7,1,4094291062,curvature_convex|direction_decreasing|lower_bound_0,asymptote_to_0_from_above|curvature_convex|direction_decreasing|lower_bound_0,4,asymptote_to_0_from_above,15
direction+curvature+bound,ode,mid,persistent_within_tested_domain,8,1,1415659291,curvature_convex|direction_decreasing|lower_bound_0,asymptote_to_0_from_above|curvature_convex|direction_decreasing|lower_bound_0,4,asymptote_to_0_from_above,15
direction+curvature+bound,ode,mid,persistent_within_tested_domain,9,1,2778430849,curvature_convex|direction_decreasing|lower_bound_0,asymptote_to_0_from_above|curvature_convex|direction_decreasing|lower_bound_0,4,asymptote_to_0_from_above,15
direction+curvature+bound,ode,high,limited,0,1,2631721362,curvature_convex|direction_decreasing|lower_bound_0,asymptote_to_0_from_above|curvature_convex|direction_decreasing|lower_bound_0,4,asymptote_to_0_from_above,15
direction+curvature+bound,ode,high,limited,1,1,3504345626,curvature_convex|direction_decreasing|lower_bound_0,asymptote_to_0_from_above|curvature_convex|direction_decreasing|lower_bound_0,4,asymptote_to_0_from_above,15
direction+curvature+bound,ode,high,limited,2,1,859745193,curvature_convex|direction_decreasing|lower_bound_0,asymptote_to_0_from_above|curvature_convex|direction_decreasing|lower_bound_0,4,asymptote_to_0_from_above,15
direction+curvature+bound,ode,high,limited,3,1,3488788792,curvature_convex|direction_decreasing|lower_bound_0,asymptote_to_0_from_above|curvature_convex|direction_decreasing|lower_bound_0,4,asymptote_to_0_from_above,15
direction+curvature+bound,ode,high,limited,4,1,1523122833,curvature_convex|direction_decreasing|lower_bound_0,asymptote_to_0_from_above|curvature_convex|direction_decreasing|lower_bound_0,4,asymptote_to_0_from_above,15
direction+curvature+bound,ode,high,limited,5,1,2423036031,curvature_convex|direction_decreasing|lower_bound_0,asymptote_to_0_from_above|curvature_convex|direction_decreasing|lower_bound_0,4,asymptote_to_0_from_above,15
direction+curvature+bound,ode,high,limited,6,1,27078450,curvature_convex|direction_decreasing|lower_bound_0,asymptote_to_0_from_above|curvature_convex|direction_decreasing|lower_bound_0,4,asymptote_to_0_from_above,15
direction+curvature+bound,ode,high,limited,7,1,2538833533,curvature_convex|direction_decreasing|lower_bound_0,asymptote_to_0_from_above|curvature_convex|direction_decreasing|lower_bound_0,4,asymptote_to_0_from_above,15
direction+curvature+bound,ode,high,limited,8,1,2124967490,curvature_convex|direction_decreasing|lower_bound_0,asymptote_to_0_from_above|curvature_convex|direction_decreasing|lower_bound_0,4,asymptote_to_0_from_above,15
direction+curvature+bound,ode,high,limited,9,1,3705665068,curvature_convex|direction_decreasing|lower_bound_0,asymptote_to_0_from_above|curvature_convex|direction_decreasing|lower_bound_0,4,asymptote_to_0_from_above,15
direction+curvature+bound,ode,high,intermediate,0,1,3184901636,curvature_convex|direction_decreasing|lower_bound_0,asymptote_to_0_from_above|curvature_convex|direction_decreasing|lower_bound_0,4,asymptote_to_0_from_above,15
direction+curvature+bound,ode,high,intermediate,1,1,1351871191,curvature_convex|direction_decreasing|lower_bound_0,asymptote_to_0_from_above|curvature_convex|direction_decreasing|lower_bound_0,4,asymptote_to_0_from_above,15
direction+curvature+bound,ode,high,intermediate,2,1,1338293184,curvature_convex|direction_decreasing|lower_bound_0,asymptote_to_0_from_above|curvature_convex|direction_decreasing|lower_bound_0,4,asymptote_to_0_from_above,15
direction+curvature+bound,ode,high,intermediate,3,1,3781389335,curvature_convex|direction_decreasing|lower_bound_0,asymptote_to_0_from_above|curvature_convex|direction_decreasing|lower_bound_0,4,asymptote_to_0_from_above,15
direction+curvature+bound,ode,high,intermediate,4,1,674953325,curvature_convex|direction_decreasing|lower_bound_0,asymptote_to_0_from_above|curvature_convex|direction_decreasing|lower_bound_0,4,asymptote_to_0_from_above,15
direction+curvature+bound,ode,high,intermediate,5,1,1035342637,curvature_convex|direction_decreasing|lower_bound_0,asymptote_to_0_from_above|curvature_convex|direction_decreasing|lower_bound_0,4,asymptote_to_0_from_above,15
direction+curvature+bound,ode,high,intermediate,6,1,2678826817,curvature_convex|direction_decreasing|lower_bound_0,asymptote_to_0_from_above|curvature_convex|direction_decreasing|lower_bound_0,4,asymptote_to_0_from_above,15
direction+curvature+bound,ode,high,intermediate,7,1,2306467128,curvature_convex|direction_decreasing|lower_bound_0,asymptote_to_0_from_above|curvature_convex|direction_decreasing|lower_bound_0,4,asymptote_to_0_from_above,15
direction+curvature+bound,ode,high,intermediate,8,1,1391272537,curvature_convex|direction_decreasing|lower_bound_0,asymptote_to_0_from_above|curvature_convex|direction_decreasing|lower_bound_0,4,asymptote_to_0_from_above,15
direction+curvature+bound,ode,high,intermediate,9,1,1824607770,curvature_convex|direction_decreasing|lower_bound_0,asymptote_to_0_from_above|curvature_convex|direction_decreasing|lower_bound_0,4,asymptote_to_0_from_above,15
direction+curvature+bound,ode,high,persistent_within_tested_domain,0,1,2772234110,curvature_convex|direction_decreasing|lower_bound_0,asymptote_to_0_from_above|curvature_convex|direction_decreasing|lower_bound_0,4,asymptote_to_0_from_above,15
direction+curvature+bound,ode,high,persistent_within_tested_domain,1,1,3449472257,curvature_convex|direction_decreasing|lower_bound_0,asymptote_to_0_from_above|curvature_convex|direction_decreasing|lower_bound_0,4,asymptote_to_0_from_above,15
direction+curvature+bound,ode,high,persistent_within_tested_domain,2,1,3933072932,curvature_convex|direction_decreasing|lower_bound_0,asymptote_to_0_from_above|curvature_convex|direction_decreasing|lower_bound_0,4,asymptote_to_0_from_above,15
direction+curvature+bound,ode,high,persistent_within_tested_domain,3,1,3098653668,curvature_convex|direction_decreasing|lower_bound_0,asymptote_to_0_from_above|curvature_convex|direction_decreasing|lower_bound_0,4,asymptote_to_0_from_above,15
direction+curvature+bound,ode,high,persistent_within_tested_domain,4,1,2123734538,curvature_convex|direction_decreasing|lower_bound_0,asymptote_to_0_from_above|curvature_convex|direction_decreasing|lower_bound_0,4,asymptote_to_0_from_above,15
direction+curvature+bound,ode,high,persistent_within_tested_domain,5,1,2599822294,curvature_convex|direction_decreasing|lower_bound_0,asymptote_to_0_from_above|curvature_convex|direction_decreasing|lower_bound_0,4,asymptote_to_0_from_above,15
direction+curvature+bound,ode,high,persistent_within_tested_domain,6,1,1802000283,curvature_convex|direction_decreasing|lower_bound_0,asymptote_to_0_from_above|curvature_convex|direction_decreasing|lower_bound_0,4,asymptote_to_0_from_above,15
direction+curvature+bound,ode,high,persistent_within_tested_domain,7,1,1050850569,curvature_convex|direction_decreasing|lower_bound_0,asymptote_to_0_from_above|curvature_convex|direction_decreasing|lower_bound_0,4,asymptote_to_0_from_above,15
direction+curvature+bound,ode,high,persistent_within_tested_domain,8,1,1495015463,curvature_convex|direction_decreasing|lower_bound_0,asymptote_to_0_from_above|curvature_convex|direction_decreasing|lower_bound_0,4,asymptote_to_0_from_above,15
direction+curvature+bound,ode,high,persistent_within_tested_domain,9,1,901317789,curvature_convex|direction_decreasing|lower_bound_0,asymptote_to_0_from_above|curvature_convex|direction_decreasing|lower_bound_0,4,asymptote_to_0_from_above,15
direction+curvature+asymptote,spline,low,limited,0,1,1116625282,asymptote_to_0_from_above|curvature_convex|direction_decreasing,asymptote_to_0_from_above|curvature_convex|direction_decreasing|lower_bound_0,4,lower_bound_0,15
direction+curvature+asymptote,spline,low,limited,1,1,1686651298,asymptote_to_0_from_above|curvature_convex|direction_decreasing,asymptote_to_0_from_above|curvature_convex|direction_decreasing|lower_bound_0,4,lower_bound_0,15
direction+curvature+asymptote,spline,low,limited,2,1,214804211,asymptote_to_0_from_above|curvature_convex|direction_decreasing,asymptote_to_0_from_above|curvature_convex|direction_decreasing|lower_bound_0,4,lower_bound_0,15
direction+curvature+asymptote,spline,low,limited,3,1,2444858374,asymptote_to_0_from_above|curvature_convex|direction_decreasing,asymptote_to_0_from_above|curvature_convex|direction_decreasing|lower_bound_0,4,lower_bound_0,15
direction+curvature+asymptote,spline,low,limited,4,1,1812543273,asymptote_to_0_from_above|curvature_convex|direction_decreasing,asymptote_to_0_from_above|curvature_convex|direction_decreasing|lower_bound_0,4,lower_bound_0,15
direction+curvature+asymptote,spline,low,limited,5,1,332286670,asymptote_to_0_from_above|curvature_convex|direction_decreasing,asymptote_to_0_from_above|curvature_convex|direction_decreasing|lower_bound_0,4,lower_bound_0,15
direction+curvature+asymptote,spline,low,limited,6,1,1275744344,asymptote_to_0_from_above|curvature_convex|direction_decreasing,asymptote_to_0_from_above|curvature_convex|direction_decreasing|lower_bound_0,4,lower_bound_0,15
direction+curvature+asymptote,spline,low,limited,7,1,1970637062,asymptote_to_0_from_above|curvature_convex|direction_decreasing,asymptote_to_0_from_above|curvature_convex|direction_decreasing|lower_bound_0,4,lower_bound_0,15
direction+curvature+asymptote,spline,low,limited,8,1,887551177,asymptote_to_0_from_above|curvature_convex|direction_decreasing,asymptote_to_0_from_above|curvature_convex|direction_decreasing|lower_bound_0,4,lower_bound_0,15
direction+curvature+asymptote,spline,low,limited,9,1,1862680000,asymptote_to_0_from_above|curvature_convex|direction_decreasing,asymptote_to_0_from_above|curvature_convex|direction_decreasing|lower_bound_0,4,lower_bound_0,15
direction+curvature+asymptote,spline,low,intermediate,0,1,1750584283,asymptote_to_0_from_above|curvature_convex|direction_decreasing,asymptote_to_0_from_above|curvature_convex|direction_decreasing|lower_bound_0,4,lower_bound_0,15
direction+curvature+asymptote,spline,low,intermediate,1,1,1599147123,asymptote_to_0_from_above|curvature_convex|direction_decreasing,asymptote_to_0_from_above|curvature_convex|direction_decreasing|lower_bound_0,4,lower_bound_0,15
direction+curvature+asymptote,spline,low,intermediate,2,1,2159819477,asymptote_to_0_from_above|curvature_convex|direction_decreasing,asymptote_to_0_from_above|curvature_convex|direction_decreasing|lower_bound_0,4,lower_bound_0,15
direction+curvature+asymptote,spline,low,intermediate,3,1,2119538316,asymptote_to_0_from_above|curvature_convex|direction_decreasing,asymptote_to_0_from_above|curvature_convex|direction_decreasing|lower_bound_0,4,lower_bound_0,15
direction+curvature+asymptote,spline,low,intermediate,4,1,3084242207,asymptote_to_0_from_above|curvature_convex|direction_decreasing,asymptote_to_0_from_above|curvature_convex|direction_decreasing|lower_bound_0,4,lower_bound_0,15
direction+curvature+asymptote,spline,low,intermediate,5,1,1666441508,asymptote_to_0_from_above|curvature_convex|direction_decreasing,asymptote_to_0_from_above|curvature_convex|direction_decreasing|lower_bound_0,4,lower_bound_0,15
direction+curvature+asymptote,spline,low,intermediate,6,1,1840137375,asymptote_to_0_from_above|curvature_convex|direction_decreasing,asymptote_to_0_from_above|curvature_convex|direction_decreasing|lower_bound_0,4,lower_bound_0,15
direction+curvature+asymptote,spline,low,intermediate,7,1,307681150,asymptote_to_0_from_above|curvature_convex|direction_decreasing,asymptote_to_0_from_above|curvature_convex|direction_decreasing|lower_bound_0,4,lower_bound_0,15
direction+curvature+asymptote,spline,low,intermediate,8,1,1181936666,asymptote_to_0_from_above|curvature_convex|direction_decreasing,asymptote_to_0_from_above|curvature_convex|direction_decreasing|lower_bound_0,4,lower_bound_0,15
direction+curvature+asymptote,spline,low,intermediate,9,1,3280658227,asymptote_to_0_from_above|curvature_convex|direction_decreasing,asymptote_to_0_from_above|curvature_convex|direction_decreasing|lower_bound_0,4,lower_bound_0,15
direction+curvature+asymptote,spline,low,persistent_within_tested_domain,0,1,3405229940,asymptote_to_0_from_above|curvature_convex|direction_decreasing,asymptote_to_0_from_above|curvature_convex|direction_decreasing|lower_bound_0,4,lower_bound_0,15
direction+curvature+asymptote,spline,low,persistent_within_tested_domain,1,1,2725406914,asymptote_to_0_from_above|curvature_convex|direction_decreasing,asymptote_to_0_from_above|curvature_convex|direction_decreasing|lower_bound_0,4,lower_bound_0,15
direction+curvature+asymptote,spline,low,persistent_within_tested_domain,2,1,2081321734,asymptote_to_0_from_above|curvature_convex|direction_decreasing,asymptote_to_0_from_above|curvature_convex|direction_decreasing|lower_bound_0,4,lower_bound_0,15
direction+curvature+asymptote,spline,low,persistent_within_tested_domain,3,1,3407786106,asymptote_to_0_from_above|curvature_convex|direction_decreasing,asymptote_to_0_from_above|curvature_convex|direction_decreasing|lower_bound_0,4,lower_bound_0,15
direction+curvature+asymptote,spline,low,persistent_within_tested_domain,4,1,3284416165,asymptote_to_0_from_above|curvature_convex|direction_decreasing,asymptote_to_0_from_above|curvature_convex|direction_decreasing|lower_bound_0,4,lower_bound_0,15
direction+curvature+asymptote,spline,low,persistent_within_tested_domain,5,1,1011322320,asymptote_to_0_from_above|curvature_convex|direction_decreasing,asymptote_to_0_from_above|curvature_convex|direction_decreasing|lower_bound_0,4,lower_bound_0,15
direction+curvature+asymptote,spline,low,persistent_within_tested_domain,6,1,4001832522,asymptote_to_0_from_above|curvature_convex|direction_decreasing,asymptote_to_0_from_above|curvature_convex|direction_decreasing|lower_bound_0,4,lower_bound_0,15
direction+curvature+asymptote,spline,low,persistent_within_tested_domain,7,1,1956065439,asymptote_to_0_from_above|curvature_convex|direction_decreasing,asymptote_to_0_from_above|curvature_convex|direction_decreasing|lower_bound_0,4,lower_bound_0,15
direction+curvature+asymptote,spline,low,persistent_within_tested_domain,8,1,1902791679,asymptote_to_0_from_above|curvature_convex|direction_decreasing,asymptote_to_0_from_above|curvature_convex|direction_decreasing|lower_bound_0,4,lower_bound_0,15
direction+curvature+asymptote,spline,low,persistent_within_tested_domain,9,1,2048393946,asymptote_to_0_from_above|curvature_convex|direction_decreasing,asymptote_to_0_from_above|curvature_convex|direction_decreasing|lower_bound_0,4,lower_bound_0,15
direction+curvature+asymptote,spline,mid,limited,0,1,324880411,asymptote_to_0_from_above|curvature_convex|direction_decreasing,asymptote_to_0_from_above|curvature_convex|direction_decreasing|lower_bound_0,4,lower_bound_0,15
direction+curvature+asymptote,spline,mid,limited,1,1,879004486,asymptote_to_0_from_above|curvature_convex|direction_decreasing,asymptote_to_0_from_above|curvature_convex|direction_decreasing|lower_bound_0,4,lower_bound_0,15
direction+curvature+asymptote,spline,mid,limited,2,1,4162261343,asymptote_to_0_from_above|curvature_convex|direction_decreasing,asymptote_to_0_from_above|curvature_convex|direction_decreasing|lower_bound_0,4,lower_bound_0,15
direction+curvature+asymptote,spline,mid,limited,3,1,354087079,asymptote_to_0_from_above|curvature_convex|direction_decreasing,asymptote_to_0_from_above|curvature_convex|direction_decreasing|lower_bound_0,4,lower_bound_0,15
direction+curvature+asymptote,spline,mid,limited,4,1,1514520743,asymptote_to_0_from_above|curvature_convex|direction_decreasing,asymptote_to_0_from_above|curvature_convex|direction_decreasing|lower_bound_0,4,lower_bound_0,15
direction+curvature+asymptote,spline,mid,limited,5,1,334862149,asymptote_to_0_from_above|curvature_convex|direction_decreasing,asymptote_to_0_from_above|curvature_convex|direction_decreasing|lower_bound_0,4,lower_bound_0,15
direction+curvature+asymptote,spline,mid,limited,6,1,2053368679,asymptote_to_0_from_above|curvature_convex|direction_decreasing,asymptote_to_0_from_above|curvature_convex|direction_decreasing|lower_bound_0,4,lower_bound_0,15
direction+curvature+asymptote,spline,mid,limited,7,1,717040756,asymptote_to_0_from_above|curvature_convex|direction_decreasing,asymptote_to_0_from_above|curvature_convex|direction_decreasing|lower_bound_0,4,lower_bound_0,15
direction+curvature+asymptote,spline,mid,limited,8,1,1814420274,asymptote_to_0_from_above|curvature_convex|direction_decreasing,asymptote_to_0_from_above|curvature_convex|direction_decreasing|lower_bound_0,4,lower_bound_0,15
direction+curvature+asymptote,spline,mid,limited,9,1,176769704,asymptote_to_0_from_above|curvature_convex|direction_decreasing,asymptote_to_0_from_above|curvature_convex|direction_decreasing|lower_bound_0,4,lower_bound_0,15
direction+curvature+asymptote,spline,mid,intermediate,0,1,2548948695,asymptote_to_0_from_above|curvature_convex|direction_decreasing,asymptote_to_0_from_above|curvature_convex|direction_decreasing|lower_bound_0,4,lower_bound_0,15
direction+curvature+asymptote,spline,mid,intermediate,1,1,2705744684,asymptote_to_0_from_above|curvature_convex|direction_decreasing,asymptote_to_0_from_above|curvature_convex|direction_decreasing|lower_bound_0,4,lower_bound_0,15
direction+curvature+asymptote,spline,mid,intermediate,2,1,2550522760,asymptote_to_0_from_above|curvature_convex|direction_decreasing,asymptote_to_0_from_above|curvature_convex|direction_decreasing|lower_bound_0,4,lower_bound_0,15
direction+curvature+asymptote,spline,mid,intermediate,3,1,3223163672,asymptote_to_0_from_above|curvature_convex|direction_decreasing,asymptote_to_0_from_above|curvature_convex|direction_decreasing|lower_bound_0,4,lower_bound_0,15
direction+curvature+asymptote,spline,mid,intermediate,4,1,175376172,asymptote_to_0_from_above|curvature_convex|direction_decreasing,asymptote_to_0_from_above|curvature_convex|direction_decreasing|lower_bound_0,4,lower_bound_0,15
direction+curvature+asymptote,spline,mid,intermediate,5,1,1400931702,asymptote_to_0_from_above|curvature_convex|direction_decreasing,asymptote_to_0_from_above|curvature_convex|direction_decreasing|lower_bound_0,4,lower_bound_0,15
direction+curvature+asymptote,spline,mid,intermediate,6,1,1552446192,asymptote_to_0_from_above|curvature_convex|direction_decreasing,asymptote_to_0_from_above|curvature_convex|direction_decreasing|lower_bound_0,4,lower_bound_0,15
direction+curvature+asymptote,spline,mid,intermediate,7,1,51445503,asymptote_to_0_from_above|curvature_convex|direction_decreasing,asymptote_to_0_from_above|curvature_convex|direction_decreasing|lower_bound_0,4,lower_bound_0,15
direction+curvature+asymptote,spline,mid,intermediate,8,1,1400225848,asymptote_to_0_from_above|curvature_convex|direction_decreasing,asymptote_to_0_from_above|curvature_convex|direction_decreasing|lower_bound_0,4,lower_bound_0,15
direction+curvature+asymptote,spline,mid,intermediate,9,1,2518678002,asymptote_to_0_from_above|curvature_convex|direction_decreasing,asymptote_to_0_from_above|curvature_convex|direction_decreasing|lower_bound_0,4,lower_bound_0,15
direction+curvature+asymptote,spline,mid,persistent_within_tested_domain,0,1,2691815809,asymptote_to_0_from_above|curvature_convex|direction_decreasing,asymptote_to_0_from_above|curvature_convex|direction_decreasing|lower_bound_0,4,lower_bound_0,15
direction+curvature+asymptote,spline,mid,persistent_within_tested_domain,1,1,1166099333,asymptote_to_0_from_above|curvature_convex|direction_decreasing,asymptote_to_0_from_above|curvature_convex|direction_decreasing|lower_bound_0,4,lower_bound_0,15
direction+curvature+asymptote,spline,mid,persistent_within_tested_domain,2,1,2835875631,asymptote_to_0_from_above|curvature_convex|direction_decreasing,asymptote_to_0_from_above|curvature_convex|direction_decreasing|lower_bound_0,4,lower_bound_0,15
direction+curvature+asymptote,spline,mid,persistent_within_tested_domain,3,1,2527322634,asymptote_to_0_from_above|curvature_convex|direction_decreasing,asymptote_to_0_from_above|curvature_convex|direction_decreasing|lower_bound_0,4,lower_bound_0,15
direction+curvature+asymptote,spline,mid,persistent_within_tested_domain,4,1,2947960567,asymptote_to_0_from_above|curvature_convex|direction_decreasing,asymptote_to_0_from_above|curvature_convex|direction_decreasing|lower_bound_0,4,lower_bound_0,15
direction+curvature+asymptote,spline,mid,persistent_within_tested_domain,5,1,2957188428,asymptote_to_0_from_above|curvature_convex|direction_decreasing,asymptote_to_0_from_above|curvature_convex|direction_decreasing|lower_bound_0,4,lower_bound_0,15
direction+curvature+asymptote,spline,mid,persistent_within_tested_domain,6,1,393769697,asymptote_to_0_from_above|curvature_convex|direction_decreasing,asymptote_to_0_from_above|curvature_convex|direction_decreasing|lower_bound_0,4,lower_bound_0,15
direction+curvature+asymptote,spline,mid,persistent_within_tested_domain,7,1,289260009,asymptote_to_0_from_above|curvature_convex|direction_decreasing,asymptote_to_0_from_above|curvature_convex|direction_decreasing|lower_bound_0,4,lower_bound_0,15
direction+curvature+asymptote,spline,mid,persistent_within_tested_domain,8,1,589256198,asymptote_to_0_from_above|curvature_convex|direction_decreasing,asymptote_to_0_from_above|curvature_convex|direction_decreasing|lower_bound_0,4,lower_bound_0,15
direction+curvature+asymptote,spline,mid,persistent_within_tested_domain,9,1,1918738068,asymptote_to_0_from_above|curvature_convex|direction_decreasing,asymptote_to_0_from_above|curvature_convex|direction_decreasing|lower_bound_0,4,lower_bound_0,15
direction+curvature+asymptote,spline,high,limited,0,1,2883127438,asymptote_to_0_from_above|curvature_convex|direction_decreasing,asymptote_to_0_from_above|curvature_convex|direction_decreasing|lower_bound_0,4,lower_bound_0,15
direction+curvature+asymptote,spline,high,limited,1,1,1787795125,asymptote_to_0_from_above|curvature_convex|direction_decreasing,asymptote_to_0_from_above|curvature_convex|direction_decreasing|lower_bound_0,4,lower_bound_0,15
direction+curvature+asymptote,spline,high,limited,2,1,3071235849,asymptote_to_0_from_above|curvature_convex|direction_decreasing,asymptote_to_0_from_above|curvature_convex|direction_decreasing|lower_bound_0,4,lower_bound_0,15
direction+curvature+asymptote,spline,high,limited,3,1,167986781,asymptote_to_0_from_above|curvature_convex|direction_decreasing,asymptote_to_0_from_above|curvature_convex|direction_decreasing|lower_bound_0,4,lower_bound_0,15
direction+curvature+asymptote,spline,high,limited,4,1,2145492914,asymptote_to_0_from_above|curvature_convex|direction_decreasing,asymptote_to_0_from_above|curvature_convex|direction_decreasing|lower_bound_0,4,lower_bound_0,15
direction+curvature+asymptote,spline,high,limited,5,1,3137392858,asymptote_to_0_from_above|curvature_convex|direction_decreasing,asymptote_to_0_from_above|curvature_convex|direction_decreasing|lower_bound_0,4,lower_bound_0,15
direction+curvature+asymptote,spline,high,limited,6,1,1780255243,asymptote_to_0_from_above|curvature_convex|direction_decreasing,asymptote_to_0_from_above|curvature_convex|direction_decreasing|lower_bound_0,4,lower_bound_0,15
direction+curvature+asymptote,spline,high,limited,7,1,602534679,asymptote_to_0_from_above|curvature_convex|direction_decreasing,asymptote_to_0_from_above|curvature_convex|direction_decreasing|lower_bound_0,4,lower_bound_0,15
direction+curvature+asymptote,spline,high,limited,8,1,1199846172,asymptote_to_0_from_above|curvature_convex|direction_decreasing,asymptote_to_0_from_above|curvature_convex|direction_decreasing|lower_bound_0,4,lower_bound_0,15
direction+curvature+asymptote,spline,high,limited,9,1,653250927,asymptote_to_0_from_above|curvature_convex|direction_decreasing,asymptote_to_0_from_above|curvature_convex|direction_decreasing|lower_bound_0,4,lower_bound_0,15
direction+curvature+asymptote,spline,high,intermediate,0,1,1416632376,asymptote_to_0_from_above|curvature_convex|direction_decreasing,asymptote_to_0_from_above|curvature_convex|direction_decreasing|lower_bound_0,4,lower_bound_0,15
direction+curvature+asymptote,spline,high,intermediate,1,1,3336846395,asymptote_to_0_from_above|curvature_convex|direction_decreasing,asymptote_to_0_from_above|curvature_convex|direction_decreasing|lower_bound_0,4,lower_bound_0,15
direction+curvature+asymptote,spline,high,intermediate,2,1,2052182937,asymptote_to_0_from_above|curvature_convex|direction_decreasing,asymptote_to_0_from_above|curvature_convex|direction_decreasing|lower_bound_0,4,lower_bound_0,15
direction+curvature+asymptote,spline,high,intermediate,3,1,564039706,asymptote_to_0_from_above|curvature_convex|direction_decreasing,asymptote_to_0_from_above|curvature_convex|direction_decreasing|lower_bound_0,4,lower_bound_0,15
direction+curvature+asymptote,spline,high,intermediate,4,1,977389403,asymptote_to_0_from_above|curvature_convex|direction_decreasing,asymptote_to_0_from_above|curvature_convex|direction_decreasing|lower_bound_0,4,lower_bound_0,15
direction+curvature+asymptote,spline,high,intermediate,5,1,1152656684,asymptote_to_0_from_above|curvature_convex|direction_decreasing,asymptote_to_0_from_above|curvature_convex|direction_decreasing|lower_bound_0,4,lower_bound_0,15
direction+curvature+asymptote,spline,high,intermediate,6,1,2524468573,asymptote_to_0_from_above|curvature_convex|direction_decreasing,asymptote_to_0_from_above|curvature_convex|direction_decreasing|lower_bound_0,4,lower_bound_0,15
direction+curvature+asymptote,spline,high,intermediate,7,1,5463974,asymptote_to_0_from_above|curvature_convex|direction_decreasing,asymptote_to_0_from_above|curvature_convex|direction_decreasing|lower_bound_0,4,lower_bound_0,15
direction+curvature+asymptote,spline,high,intermediate,8,1,1524209032,asymptote_to_0_from_above|curvature_convex|direction_decreasing,asymptote_to_0_from_above|curvature_convex|direction_decreasing|lower_bound_0,4,lower_bound_0,15
direction+curvature+asymptote,spline,high,intermediate,9,1,2382570317,asymptote_to_0_from_above|curvature_convex|direction_decreasing,asymptote_to_0_from_above|curvature_convex|direction_decreasing|lower_bound_0,4,lower_bound_0,15
direction+curvature+asymptote,spline,high,persistent_within_tested_domain,0,1,2174231076,asymptote_to_0_from_above|curvature_convex|direction_decreasing,asymptote_to_0_from_above|curvature_convex|direction_decreasing|lower_bound_0,4,lower_bound_0,15
direction+curvature+asymptote,spline,high,persistent_within_tested_domain,1,1,153215211,asymptote_to_0_from_above|curvature_convex|direction_decreasing,asymptote_to_0_from_above|curvature_convex|direction_decreasing|lower_bound_0,4,lower_bound_0,15
direction+curvature+asymptote,spline,high,persistent_within_tested_domain,2,1,210758950,asymptote_to_0_from_above|curvature_convex|direction_decreasing,asymptote_to_0_from_above|curvature_convex|direction_decreasing|lower_bound_0,4,lower_bound_0,15
direction+curvature+asymptote,spline,high,persistent_within_tested_domain,3,1,269102576,asymptote_to_0_from_above|curvature_convex|direction_decreasing,asymptote_to_0_from_above|curvature_convex|direction_decreasing|lower_bound_0,4,lower_bound_0,15
direction+curvature+asymptote,spline,high,persistent_within_tested_domain,4,1,2877507115,asymptote_to_0_from_above|curvature_convex|direction_decreasing,asymptote_to_0_from_above|curvature_convex|direction_decreasing|lower_bound_0,4,lower_bound_0,15
direction+curvature+asymptote,spline,high,persistent_within_tested_domain,5,1,1697101098,asymptote_to_0_from_above|curvature_convex|direction_decreasing,asymptote_to_0_from_above|curvature_convex|direction_decreasing|lower_bound_0,4,lower_bound_0,15
direction+curvature+asymptote,spline,high,persistent_within_tested_domain,6,1,1786553964,asymptote_to_0_from_above|curvature_convex|direction_decreasing,asymptote_to_0_from_above|curvature_convex|direction_decreasing|lower_bound_0,4,lower_bound_0,15
direction+curvature+asymptote,spline,high,persistent_within_tested_domain,7,1,198603664,asymptote_to_0_from_above|curvature_convex|direction_decreasing,asymptote_to_0_from_above|curvature_convex|direction_decreasing|lower_bound_0,4,lower_bound_0,15
direction+curvature+asymptote,spline,high,persistent_within_tested_domain,8,1,2200916763,asymptote_to_0_from_above|curvature_convex|direction_decreasing,asymptote_to_0_from_above|curvature_convex|direction_decreasing|lower_bound_0,4,lower_bound_0,15
direction+curvature+asymptote,spline,high,persistent_within_tested_domain,9,1,2463571092,asymptote_to_0_from_above|curvature_convex|direction_decreasing,asymptote_to_0_from_above|curvature_convex|direction_decreasing|lower_bound_0,4,lower_bound_0,15
direction+curvature+asymptote,basis,low,limited,0,1,1019994280,asymptote_to_0_from_above|curvature_convex|direction_decreasing,asymptote_to_0_from_above|curvature_convex|direction_decreasing|lower_bound_0,4,lower_bound_0,15
direction+curvature+asymptote,basis,low,limited,1,1,2576312270,asymptote_to_0_from_above|curvature_convex|direction_decreasing,asymptote_to_0_from_above|curvature_convex|direction_decreasing|lower_bound_0,4,lower_bound_0,15
direction+curvature+asymptote,basis,low,limited,2,1,837273328,asymptote_to_0_from_above|curvature_convex|direction_decreasing,asymptote_to_0_from_above|curvature_convex|direction_decreasing|lower_bound_0,4,lower_bound_0,15
direction+curvature+asymptote,basis,low,limited,3,1,33722659,asymptote_to_0_from_above|curvature_convex|direction_decreasing,asymptote_to_0_from_above|curvature_convex|direction_decreasing|lower_bound_0,4,lower_bound_0,15
direction+curvature+asymptote,basis,low,limited,4,1,2226305734,asymptote_to_0_from_above|curvature_convex|direction_decreasing,asymptote_to_0_from_above|curvature_convex|direction_decreasing|lower_bound_0,4,lower_bound_0,15
direction+curvature+asymptote,basis,low,limited,5,1,2726186947,asymptote_to_0_from_above|curvature_convex|direction_decreasing,asymptote_to_0_from_above|curvature_convex|direction_decreasing|lower_bound_0,4,lower_bound_0,15
direction+curvature+asymptote,basis,low,limited,6,1,3091533920,asymptote_to_0_from_above|curvature_convex|direction_decreasing,asymptote_to_0_from_above|curvature_convex|direction_decreasing|lower_bound_0,4,lower_bound_0,15
direction+curvature+asymptote,basis,low,limited,7,1,3876404441,asymptote_to_0_from_above|curvature_convex|direction_decreasing,asymptote_to_0_from_above|curvature_convex|direction_decreasing|lower_bound_0,4,lower_bound_0,15
direction+curvature+asymptote,basis,low,limited,8,1,2242108404,asymptote_to_0_from_above|curvature_convex|direction_decreasing,asymptote_to_0_from_above|curvature_convex|direction_decreasing|lower_bound_0,4,lower_bound_0,15
direction+curvature+asymptote,basis,low,limited,9,1,3479324222,asymptote_to_0_from_above|curvature_convex|direction_decreasing,asymptote_to_0_from_above|curvature_convex|direction_decreasing|lower_bound_0,4,lower_bound_0,15
direction+curvature+asymptote,basis,low,intermediate,0,1,1869693982,asymptote_to_0_from_above|curvature_convex|direction_decreasing,asymptote_to_0_from_above|curvature_convex|direction_decreasing|lower_bound_0,4,lower_bound_0,15
direction+curvature+asymptote,basis,low,intermediate,1,1,2369208434,asymptote_to_0_from_above|curvature_convex|direction_decreasing,asymptote_to_0_from_above|curvature_convex|direction_decreasing|lower_bound_0,4,lower_bound_0,15
direction+curvature+asymptote,basis,low,intermediate,2,1,2116235520,asymptote_to_0_from_above|curvature_convex|direction_decreasing,asymptote_to_0_from_above|curvature_convex|direction_decreasing|lower_bound_0,4,lower_bound_0,15
direction+curvature+asymptote,basis,low,intermediate,3,1,2021220877,asymptote_to_0_from_above|curvature_convex|direction_decreasing,asymptote_to_0_from_above|curvature_convex|direction_decreasing|lower_bound_0,4,lower_bound_0,15
direction+curvature+asymptote,basis,low,intermediate,4,1,78462461,asymptote_to_0_from_above|curvature_convex|direction_decreasing,asymptote_to_0_from_above|curvature_convex|direction_decreasing|lower_bound_0,4,lower_bound_0,15
direction+curvature+asymptote,basis,low,intermediate,5,1,3448720253,asymptote_to_0_from_above|curvature_convex|direction_decreasing,asymptote_to_0_from_above|curvature_convex|direction_decreasing|lower_bound_0,4,lower_bound_0,15
direction+curvature+asymptote,basis,low,intermediate,6,1,3388233952,asymptote_to_0_from_above|curvature_convex|direction_decreasing,asymptote_to_0_from_above|curvature_convex|direction_decreasing|lower_bound_0,4,lower_bound_0,15
direction+curvature+asymptote,basis,low,intermediate,7,1,2755271577,asymptote_to_0_from_above|curvature_convex|direction_decreasing,asymptote_to_0_from_above|curvature_convex|direction_decreasing|lower_bound_0,4,lower_bound_0,15
direction+curvature+asymptote,basis,low,intermediate,8,1,70436503,asymptote_to_0_from_above|curvature_convex|direction_decreasing,asymptote_to_0_from_above|curvature_convex|direction_decreasing|lower_bound_0,4,lower_bound_0,15
direction+curvature+asymptote,basis,low,intermediate,9,1,1393858219,asymptote_to_0_from_above|curvature_convex|direction_decreasing,asymptote_to_0_from_above|curvature_convex|direction_decreasing|lower_bound_0,4,lower_bound_0,15
direction+curvature+asymptote,basis,low,persistent_within_tested_domain,0,1,1580727722,asymptote_to_0_from_above|curvature_convex|direction_decreasing,asymptote_to_0_from_above|curvature_convex|direction_decreasing|lower_bound_0,4,lower_bound_0,15
direction+curvature+asymptote,basis,low,persistent_within_tested_domain,1,1,1268110646,asymptote_to_0_from_above|curvature_convex|direction_decreasing,asymptote_to_0_from_above|curvature_convex|direction_decreasing|lower_bound_0,4,lower_bound_0,15
direction+curvature+asymptote,basis,low,persistent_within_tested_domain,2,1,3488782984,asymptote_to_0_from_above|curvature_convex|direction_decreasing,asymptote_to_0_from_above|curvature_convex|direction_decreasing|lower_bound_0,4,lower_bound_0,15
direction+curvature+asymptote,basis,low,persistent_within_tested_domain,3,1,3869729699,asymptote_to_0_from_above|curvature_convex|direction_decreasing,asymptote_to_0_from_above|curvature_convex|direction_decreasing|lower_bound_0,4,lower_bound_0,15
direction+curvature+asymptote,basis,low,persistent_within_tested_domain,4,1,2716941098,asymptote_to_0_from_above|curvature_convex|direction_decreasing,asymptote_to_0_from_above|curvature_convex|direction_decreasing|lower_bound_0,4,lower_bound_0,15
direction+curvature+asymptote,basis,low,persistent_within_tested_domain,5,1,3920259963,asymptote_to_0_from_above|curvature_convex|direction_decreasing,asymptote_to_0_from_above|curvature_convex|direction_decreasing|lower_bound_0,4,lower_bound_0,15
direction+curvature+asymptote,basis,low,persistent_within_tested_domain,6,1,1976766366,asymptote_to_0_from_above|curvature_convex|direction_decreasing,asymptote_to_0_from_above|curvature_convex|direction_decreasing|lower_bound_0,4,lower_bound_0,15
direction+curvature+asymptote,basis,low,persistent_within_tested_domain,7,1,666893041,asymptote_to_0_from_above|curvature_convex|direction_decreasing,asymptote_to_0_from_above|curvature_convex|direction_decreasing|lower_bound_0,4,lower_bound_0,15
direction+curvature+asymptote,basis,low,persistent_within_tested_domain,8,1,1636645457,asymptote_to_0_from_above|curvature_convex|direction_decreasing,asymptote_to_0_from_above|curvature_convex|direction_decreasing|lower_bound_0,4,lower_bound_0,15
direction+curvature+asymptote,basis,low,persistent_within_tested_domain,9,1,3647037028,asymptote_to_0_from_above|curvature_convex|direction_decreasing,asymptote_to_0_from_above|curvature_convex|direction_decreasing|lower_bound_0,4,lower_bound_0,15
direction+curvature+asymptote,basis,mid,limited,0,1,3541653134,asymptote_to_0_from_above|curvature_convex|direction_decreasing,asymptote_to_0_from_above|curvature_convex|direction_decreasing|lower_bound_0,4,lower_bound_0,15
direction+curvature+asymptote,basis,mid,limited,1,1,1757788619,asymptote_to_0_from_above|curvature_convex|direction_decreasing,asymptote_to_0_from_above|curvature_convex|direction_decreasing|lower_bound_0,4,lower_bound_0,15
direction+curvature+asymptote,basis,mid,limited,2,1,562217866,asymptote_to_0_from_above|curvature_convex|direction_decreasing,asymptote_to_0_from_above|curvature_convex|direction_decreasing|lower_bound_0,4,lower_bound_0,15
direction+curvature+asymptote,basis,mid,limited,3,1,2927988307,asymptote_to_0_from_above|curvature_convex|direction_decreasing,asymptote_to_0_from_above|curvature_convex|direction_decreasing|lower_bound_0,4,lower_bound_0,15
direction+curvature+asymptote,basis,mid,limited,4,1,1044431624,asymptote_to_0_from_above|curvature_convex|direction_decreasing,asymptote_to_0_from_above|curvature_convex|direction_decreasing|lower_bound_0,4,lower_bound_0,15
direction+curvature+asymptote,basis,mid,limited,5,1,3897228543,asymptote_to_0_from_above|curvature_convex|direction_decreasing,asymptote_to_0_from_above|curvature_convex|direction_decreasing|lower_bound_0,4,lower_bound_0,15
direction+curvature+asymptote,basis,mid,limited,6,1,2144258842,asymptote_to_0_from_above|curvature_convex|direction_decreasing,asymptote_to_0_from_above|curvature_convex|direction_decreasing|lower_bound_0,4,lower_bound_0,15
direction+curvature+asymptote,basis,mid,limited,7,1,3182685954,asymptote_to_0_from_above|curvature_convex|direction_decreasing,asymptote_to_0_from_above|curvature_convex|direction_decreasing|lower_bound_0,4,lower_bound_0,15
direction+curvature+asymptote,basis,mid,limited,8,1,4203346362,asymptote_to_0_from_above|curvature_convex|direction_decreasing,asymptote_to_0_from_above|curvature_convex|direction_decreasing|lower_bound_0,4,lower_bound_0,15
direction+curvature+asymptote,basis,mid,limited,9,1,490253815,asymptote_to_0_from_above|curvature_convex|direction_decreasing,asymptote_to_0_from_above|curvature_convex|direction_decreasing|lower_bound_0,4,lower_bound_0,15
direction+curvature+asymptote,basis,mid,intermediate,0,1,38594774,asymptote_to_0_from_above|curvature_convex|direction_decreasing,asymptote_to_0_from_above|curvature_convex|direction_decreasing|lower_bound_0,4,lower_bound_0,15
direction+curvature+asymptote,basis,mid,intermediate,1,1,2472130010,asymptote_to_0_from_above|curvature_convex|direction_decreasing,asymptote_to_0_from_above|curvature_convex|direction_decreasing|lower_bound_0,4,lower_bound_0,15
direction+curvature+asymptote,basis,mid,intermediate,2,1,3966709812,asymptote_to_0_from_above|curvature_convex|direction_decreasing,asymptote_to_0_from_above|curvature_convex|direction_decreasing|lower_bound_0,4,lower_bound_0,15
direction+curvature+asymptote,basis,mid,intermediate,3,1,2741781164,asymptote_to_0_from_above|curvature_convex|direction_decreasing,asymptote_to_0_from_above|curvature_convex|direction_decreasing|lower_bound_0,4,lower_bound_0,15
direction+curvature+asymptote,basis,mid,intermediate,4,1,1444139649,asymptote_to_0_from_above|curvature_convex|direction_decreasing,asymptote_to_0_from_above|curvature_convex|direction_decreasing|lower_bound_0,4,lower_bound_0,15
direction+curvature+asymptote,basis,mid,intermediate,5,1,2730043138,asymptote_to_0_from_above|curvature_convex|direction_decreasing,asymptote_to_0_from_above|curvature_convex|direction_decreasing|lower_bound_0,4,lower_bound_0,15
direction+curvature+asymptote,basis,mid,intermediate,6,1,3980574699,asymptote_to_0_from_above|curvature_convex|direction_decreasing,asymptote_to_0_from_above|curvature_convex|direction_decreasing|lower_bound_0,4,lower_bound_0,15
direction+curvature+asymptote,basis,mid,intermediate,7,1,3660224853,asymptote_to_0_from_above|curvature_convex|direction_decreasing,asymptote_to_0_from_above|curvature_convex|direction_decreasing|lower_bound_0,4,lower_bound_0,15
direction+curvature+asymptote,basis,mid,intermediate,8,1,2578177748,asymptote_to_0_from_above|curvature_convex|direction_decreasing,asymptote_to_0_from_above|curvature_convex|direction_decreasing|lower_bound_0,4,lower_bound_0,15
direction+curvature+asymptote,basis,mid,intermediate,9,1,1005956505,asymptote_to_0_from_above|curvature_convex|direction_decreasing,asymptote_to_0_from_above|curvature_convex|direction_decreasing|lower_bound_0,4,lower_bound_0,15
direction+curvature+asymptote,basis,mid,persistent_within_tested_domain,0,1,1573790051,asymptote_to_0_from_above|curvature_convex|direction_decreasing,asymptote_to_0_from_above|curvature_convex|direction_decreasing|lower_bound_0,4,lower_bound_0,15
direction+curvature+asymptote,basis,mid,persistent_within_tested_domain,1,1,859755077,asymptote_to_0_from_above|curvature_convex|direction_decreasing,asymptote_to_0_from_above|curvature_convex|direction_decreasing|lower_bound_0,4,lower_bound_0,15
direction+curvature+asymptote,basis,mid,persistent_within_tested_domain,2,1,2409895890,asymptote_to_0_from_above|curvature_convex|direction_decreasing,asymptote_to_0_from_above|curvature_convex|direction_decreasing|lower_bound_0,4,lower_bound_0,15
direction+curvature+asymptote,basis,mid,persistent_within_tested_domain,3,1,3262432060,asymptote_to_0_from_above|curvature_convex|direction_decreasing,asymptote_to_0_from_above|curvature_convex|direction_decreasing|lower_bound_0,4,lower_bound_0,15
direction+curvature+asymptote,basis,mid,persistent_within_tested_domain,4,1,1328729579,asymptote_to_0_from_above|curvature_convex|direction_decreasing,asymptote_to_0_from_above|curvature_convex|direction_decreasing|lower_bound_0,4,lower_bound_0,15
direction+curvature+asymptote,basis,mid,persistent_within_tested_domain,5,1,513312333,asymptote_to_0_from_above|curvature_convex|direction_decreasing,asymptote_to_0_from_above|curvature_convex|direction_decreasing|lower_bound_0,4,lower_bound_0,15
direction+curvature+asymptote,basis,mid,persistent_within_tested_domain,6,1,2468640503,asymptote_to_0_from_above|curvature_convex|direction_decreasing,asymptote_to_0_from_above|curvature_convex|direction_decreasing|lower_bound_0,4,lower_bound_0,15
direction+curvature+asymptote,basis,mid,persistent_within_tested_domain,7,1,3014394951,asymptote_to_0_from_above|curvature_convex|direction_decreasing,asymptote_to_0_from_above|curvature_convex|direction_decreasing|lower_bound_0,4,lower_bound_0,15
direction+curvature+asymptote,basis,mid,persistent_within_tested_domain,8,1,1078639882,asymptote_to_0_from_above|curvature_convex|direction_decreasing,asymptote_to_0_from_above|curvature_convex|direction_decreasing|lower_bound_0,4,lower_bound_0,15
direction+curvature+asymptote,basis,mid,persistent_within_tested_domain,9,1,1999765024,asymptote_to_0_from_above|curvature_convex|direction_decreasing,asymptote_to_0_from_above|curvature_convex|direction_decreasing|lower_bound_0,4,lower_bound_0,15
direction+curvature+asymptote,basis,high,limited,0,1,4234432540,asymptote_to_0_from_above|curvature_convex|direction_decreasing,asymptote_to_0_from_above|curvature_convex|direction_decreasing|lower_bound_0,4,lower_bound_0,15
direction+curvature+asymptote,basis,high,limited,1,1,3453699372,asymptote_to_0_from_above|curvature_convex|direction_decreasing,asymptote_to_0_from_above|curvature_convex|direction_decreasing|lower_bound_0,4,lower_bound_0,15
direction+curvature+asymptote,basis,high,limited,2,1,607238078,asymptote_to_0_from_above|curvature_convex|direction_decreasing,asymptote_to_0_from_above|curvature_convex|direction_decreasing|lower_bound_0,4,lower_bound_0,15
direction+curvature+asymptote,basis,high,limited,3,1,3623989148,asymptote_to_0_from_above|curvature_convex|direction_decreasing,asymptote_to_0_from_above|curvature_convex|direction_decreasing|lower_bound_0,4,lower_bound_0,15
direction+curvature+asymptote,basis,high,limited,4,1,538981779,asymptote_to_0_from_above|curvature_convex|direction_decreasing,asymptote_to_0_from_above|curvature_convex|direction_decreasing|lower_bound_0,4,lower_bound_0,15
direction+curvature+asymptote,basis,high,limited,5,1,2290678042,asymptote_to_0_from_above|curvature_convex|direction_decreasing,asymptote_to_0_from_above|curvature_convex|direction_decreasing|lower_bound_0,4,lower_bound_0,15
direction+curvature+asymptote,basis,high,limited,6,1,2768955939,asymptote_to_0_from_above|curvature_convex|direction_decreasing,asymptote_to_0_from_above|curvature_convex|direction_decreasing|lower_bound_0,4,lower_bound_0,15
direction+curvature+asymptote,basis,high,limited,7,1,395549068,asymptote_to_0_from_above|curvature_convex|direction_decreasing,asymptote_to_0_from_above|curvature_convex|direction_decreasing|lower_bound_0,4,lower_bound_0,15
direction+curvature+asymptote,basis,high,limited,8,1,1309501745,asymptote_to_0_from_above|curvature_convex|direction_decreasing,asymptote_to_0_from_above|curvature_convex|direction_decreasing|lower_bound_0,4,lower_bound_0,15
direction+curvature+asymptote,basis,high,limited,9,1,4162328524,asymptote_to_0_from_above|curvature_convex|direction_decreasing,asymptote_to_0_from_above|curvature_convex|direction_decreasing|lower_bound_0,4,lower_bound_0,15
direction+curvature+asymptote,basis,high,intermediate,0,1,752807396,asymptote_to_0_from_above|curvature_convex|direction_decreasing,asymptote_to_0_from_above|curvature_convex|direction_decreasing|lower_bound_0,4,lower_bound_0,15
direction+curvature+asymptote,basis,high,intermediate,1,1,1793254510,asymptote_to_0_from_above|curvature_convex|direction_decreasing,asymptote_to_0_from_above|curvature_convex|direction_decreasing|lower_bound_0,4,lower_bound_0,15
direction+curvature+asymptote,basis,high,intermediate,2,1,2873971134,asymptote_to_0_from_above|curvature_convex|direction_decreasing,asymptote_to_0_from_above|curvature_convex|direction_decreasing|lower_bound_0,4,lower_bound_0,15
direction+curvature+asymptote,basis,high,intermediate,3,1,3587091190,asymptote_to_0_from_above|curvature_convex|direction_decreasing,asymptote_to_0_from_above|curvature_convex|direction_decreasing|lower_bound_0,4,lower_bound_0,15
direction+curvature+asymptote,basis,high,intermediate,4,1,3140964758,asymptote_to_0_from_above|curvature_convex|direction_decreasing,asymptote_to_0_from_above|curvature_convex|direction_decreasing|lower_bound_0,4,lower_bound_0,15
direction+curvature+asymptote,basis,high,intermediate,5,1,2188361861,asymptote_to_0_from_above|curvature_convex|direction_decreasing,asymptote_to_0_from_above|curvature_convex|direction_decreasing|lower_bound_0,4,lower_bound_0,15
direction+curvature+asymptote,basis,high,intermediate,6,1,1601956310,asymptote_to_0_from_above|curvature_convex|direction_decreasing,asymptote_to_0_from_above|curvature_convex|direction_decreasing|lower_bound_0,4,lower_bound_0,15
direction+curvature+asymptote,basis,high,intermediate,7,1,4214414663,asymptote_to_0_from_above|curvature_convex|direction_decreasing,asymptote_to_0_from_above|curvature_convex|direction_decreasing|lower_bound_0,4,lower_bound_0,15
direction+curvature+asymptote,basis,high,intermediate,8,1,2543584689,asymptote_to_0_from_above|curvature_convex|direction_decreasing,asymptote_to_0_from_above|curvature_convex|direction_decreasing|lower_bound_0,4,lower_bound_0,15
direction+curvature+asymptote,basis,high,intermediate,9,1,3735537256,asymptote_to_0_from_above|curvature_convex|direction_decreasing,asymptote_to_0_from_above|curvature_convex|direction_decreasing|lower_bound_0,4,lower_bound_0,15
direction+curvature+asymptote,basis,high,persistent_within_tested_domain,0,1,4177727502,asymptote_to_0_from_above|curvature_convex|direction_decreasing,asymptote_to_0_from_above|curvature_convex|direction_decreasing|lower_bound_0,4,lower_bound_0,15
direction+curvature+asymptote,basis,high,persistent_within_tested_domain,1,1,4231776743,asymptote_to_0_from_above|curvature_convex|direction_decreasing,asymptote_to_0_from_above|curvature_convex|direction_decreasing|lower_bound_0,4,lower_bound_0,15
direction+curvature+asymptote,basis,high,persistent_within_tested_domain,2,1,1714375052,asymptote_to_0_from_above|curvature_convex|direction_decreasing,asymptote_to_0_from_above|curvature_convex|direction_decreasing|lower_bound_0,4,lower_bound_0,15
direction+curvature+asymptote,basis,high,persistent_within_tested_domain,3,1,2301597259,asymptote_to_0_from_above|curvature_convex|direction_decreasing,asymptote_to_0_from_above|curvature_convex|direction_decreasing|lower_bound_0,4,lower_bound_0,15
direction+curvature+asymptote,basis,high,persistent_within_tested_domain,4,1,59597379,asymptote_to_0_from_above|curvature_convex|direction_decreasing,asymptote_to_0_from_above|curvature_convex|direction_decreasing|lower_bound_0,4,lower_bound_0,15
direction+curvature+asymptote,basis,high,persistent_within_tested_domain,5,1,1116263216,asymptote_to_0_from_above|curvature_convex|direction_decreasing,asymptote_to_0_from_above|curvature_convex|direction_decreasing|lower_bound_0,4,lower_bound_0,15
direction+curvature+asymptote,basis,high,persistent_within_tested_domain,6,1,1505853717,asymptote_to_0_from_above|curvature_convex|direction_decreasing,asymptote_to_0_from_above|curvature_convex|direction_decreasing|lower_bound_0,4,lower_bound_0,15
direction+curvature+asymptote,basis,high,persistent_within_tested_domain,7,1,2139462961,asymptote_to_0_from_above|curvature_convex|direction_decreasing,asymptote_to_0_from_above|curvature_convex|direction_decreasing|lower_bound_0,4,lower_bound_0,15
direction+curvature+asymptote,basis,high,persistent_within_tested_domain,8,1,3081501101,asymptote_to_0_from_above|curvature_convex|direction_decreasing,asymptote_to_0_from_above|curvature_convex|direction_decreasing|lower_bound_0,4,lower_bound_0,15
direction+curvature+asymptote,basis,high,persistent_within_tested_domain,9,1,2636972642,asymptote_to_0_from_above|curvature_convex|direction_decreasing,asymptote_to_0_from_above|curvature_convex|direction_decreasing|lower_bound_0,4,lower_bound_0,15
direction+curvature+asymptote,ode,low,limited,0,1,2618010534,asymptote_to_0_from_above|curvature_convex|direction_decreasing,asymptote_to_0_from_above|curvature_convex|direction_decreasing|lower_bound_0,4,lower_bound_0,15
direction+curvature+asymptote,ode,low,limited,1,1,2915492425,asymptote_to_0_from_above|curvature_convex|direction_decreasing,asymptote_to_0_from_above|curvature_convex|direction_decreasing|lower_bound_0,4,lower_bound_0,15
direction+curvature+asymptote,ode,low,limited,2,1,1598256562,asymptote_to_0_from_above|curvature_convex|direction_decreasing,asymptote_to_0_from_above|curvature_convex|direction_decreasing|lower_bound_0,4,lower_bound_0,15
direction+curvature+asymptote,ode,low,limited,3,1,1149865493,asymptote_to_0_from_above|curvature_convex|direction_decreasing,asymptote_to_0_from_above|curvature_convex|direction_decreasing|lower_bound_0,4,lower_bound_0,15
direction+curvature+asymptote,ode,low,limited,4,1,3104914031,asymptote_to_0_from_above|curvature_convex|direction_decreasing,asymptote_to_0_from_above|curvature_convex|direction_decreasing|lower_bound_0,4,lower_bound_0,15
direction+curvature+asymptote,ode,low,limited,5,1,349997579,asymptote_to_0_from_above|curvature_convex|direction_decreasing,asymptote_to_0_from_above|curvature_convex|direction_decreasing|lower_bound_0,4,lower_bound_0,15
direction+curvature+asymptote,ode,low,limited,6,1,1529164003,asymptote_to_0_from_above|curvature_convex|direction_decreasing,asymptote_to_0_from_above|curvature_convex|direction_decreasing|lower_bound_0,4,lower_bound_0,15
direction+curvature+asymptote,ode,low,limited,7,1,3033276645,asymptote_to_0_from_above|curvature_convex|direction_decreasing,asymptote_to_0_from_above|curvature_convex|direction_decreasing|lower_bound_0,4,lower_bound_0,15
direction+curvature+asymptote,ode,low,limited,8,1,547340517,asymptote_to_0_from_above|curvature_convex|direction_decreasing,asymptote_to_0_from_above|curvature_convex|direction_decreasing|lower_bound_0,4,lower_bound_0,15
direction+curvature+asymptote,ode,low,limited,9,1,4238848370,asymptote_to_0_from_above|curvature_convex|direction_decreasing,asymptote_to_0_from_above|curvature_convex|direction_decreasing|lower_bound_0,4,lower_bound_0,15
direction+curvature+asymptote,ode,low,intermediate,0,1,4070137117,asymptote_to_0_from_above|curvature_convex|direction_decreasing,asymptote_to_0_from_above|curvature_convex|direction_decreasing|lower_bound_0,4,lower_bound_0,15
direction+curvature+asymptote,ode,low,intermediate,1,1,1473671307,asymptote_to_0_from_above|curvature_convex|direction_decreasing,asymptote_to_0_from_above|curvature_convex|direction_decreasing|lower_bound_0,4,lower_bound_0,15
direction+curvature+asymptote,ode,low,intermediate,2,1,931421598,asymptote_to_0_from_above|curvature_convex|direction_decreasing,asymptote_to_0_from_above|curvature_convex|direction_decreasing|lower_bound_0,4,lower_bound_0,15
direction+curvature+asymptote,ode,low,intermediate,3,1,461098506,asymptote_to_0_from_above|curvature_convex|direction_decreasing,asymptote_to_0_from_above|curvature_convex|direction_decreasing|lower_bound_0,4,lower_bound_0,15
direction+curvature+asymptote,ode,low,intermediate,4,1,2306230813,asymptote_to_0_from_above|curvature_convex|direction_decreasing,asymptote_to_0_from_above|curvature_convex|direction_decreasing|lower_bound_0,4,lower_bound_0,15
direction+curvature+asymptote,ode,low,intermediate,5,1,1836790444,asymptote_to_0_from_above|curvature_convex|direction_decreasing,asymptote_to_0_from_above|curvature_convex|direction_decreasing|lower_bound_0,4,lower_bound_0,15
direction+curvature+asymptote,ode,low,intermediate,6,1,3975254917,asymptote_to_0_from_above|curvature_convex|direction_decreasing,asymptote_to_0_from_above|curvature_convex|direction_decreasing|lower_bound_0,4,lower_bound_0,15
direction+curvature+asymptote,ode,low,intermediate,7,1,2206044556,asymptote_to_0_from_above|curvature_convex|direction_decreasing,asymptote_to_0_from_above|curvature_convex|direction_decreasing|lower_bound_0,4,lower_bound_0,15
direction+curvature+asymptote,ode,low,intermediate,8,1,1202505235,asymptote_to_0_from_above|curvature_convex|direction_decreasing,asymptote_to_0_from_above|curvature_convex|direction_decreasing|lower_bound_0,4,lower_bound_0,15
direction+curvature+asymptote,ode,low,intermediate,9,1,521162736,asymptote_to_0_from_above|curvature_convex|direction_decreasing,asymptote_to_0_from_above|curvature_convex|direction_decreasing|lower_bound_0,4,lower_bound_0,15
direction+curvature+asymptote,ode,low,persistent_within_tested_domain,0,1,3370121513,asymptote_to_0_from_above|curvature_convex|direction_decreasing,asymptote_to_0_from_above|curvature_convex|direction_decreasing|lower_bound_0,4,lower_bound_0,15
direction+curvature+asymptote,ode,low,persistent_within_tested_domain,1,1,43285780,asymptote_to_0_from_above|curvature_convex|direction_decreasing,asymptote_to_0_from_above|curvature_convex|direction_decreasing|lower_bound_0,4,lower_bound_0,15
direction+curvature+asymptote,ode,low,persistent_within_tested_domain,2,1,1390378885,asymptote_to_0_from_above|curvature_convex|direction_decreasing,asymptote_to_0_from_above|curvature_convex|direction_decreasing|lower_bound_0,4,lower_bound_0,15
direction+curvature+asymptote,ode,low,persistent_within_tested_domain,3,1,2022641825,asymptote_to_0_from_above|curvature_convex|direction_decreasing,asymptote_to_0_from_above|curvature_convex|direction_decreasing|lower_bound_0,4,lower_bound_0,15
direction+curvature+asymptote,ode,low,persistent_within_tested_domain,4,1,2958142064,asymptote_to_0_from_above|curvature_convex|direction_decreasing,asymptote_to_0_from_above|curvature_convex|direction_decreasing|lower_bound_0,4,lower_bound_0,15
direction+curvature+asymptote,ode,low,persistent_within_tested_domain,5,1,4216627646,asymptote_to_0_from_above|curvature_convex|direction_decreasing,asymptote_to_0_from_above|curvature_convex|direction_decreasing|lower_bound_0,4,lower_bound_0,15
direction+curvature+asymptote,ode,low,persistent_within_tested_domain,6,1,3560929292,asymptote_to_0_from_above|curvature_convex|direction_decreasing,asymptote_to_0_from_above|curvature_convex|direction_decreasing|lower_bound_0,4,lower_bound_0,15
direction+curvature+asymptote,ode,low,persistent_within_tested_domain,7,1,572313601,asymptote_to_0_from_above|curvature_convex|direction_decreasing,asymptote_to_0_from_above|curvature_convex|direction_decreasing|lower_bound_0,4,lower_bound_0,15
direction+curvature+asymptote,ode,low,persistent_within_tested_domain,8,1,24053875,asymptote_to_0_from_above|curvature_convex|direction_decreasing,asymptote_to_0_from_above|curvature_convex|direction_decreasing|lower_bound_0,4,lower_bound_0,15
direction+curvature+asymptote,ode,low,persistent_within_tested_domain,9,1,1206288255,asymptote_to_0_from_above|curvature_convex|direction_decreasing,asymptote_to_0_from_above|curvature_convex|direction_decreasing|lower_bound_0,4,lower_bound_0,15
direction+curvature+asymptote,ode,mid,limited,0,1,3906561583,asymptote_to_0_from_above|curvature_convex|direction_decreasing,asymptote_to_0_from_above|curvature_convex|direction_decreasing|lower_bound_0,4,lower_bound_0,15
direction+curvature+asymptote,ode,mid,limited,1,1,2600220573,asymptote_to_0_from_above|curvature_convex|direction_decreasing,asymptote_to_0_from_above|curvature_convex|direction_decreasing|lower_bound_0,4,lower_bound_0,15
direction+curvature+asymptote,ode,mid,limited,2,1,642095004,asymptote_to_0_from_above|curvature_convex|direction_decreasing,asymptote_to_0_from_above|curvature_convex|direction_decreasing|lower_bound_0,4,lower_bound_0,15
direction+curvature+asymptote,ode,mid,limited,3,1,1858660068,asymptote_to_0_from_above|curvature_convex|direction_decreasing,asymptote_to_0_from_above|curvature_convex|direction_decreasing|lower_bound_0,4,lower_bound_0,15
direction+curvature+asymptote,ode,mid,limited,4,1,652299888,asymptote_to_0_from_above|curvature_convex|direction_decreasing,asymptote_to_0_from_above|curvature_convex|direction_decreasing|lower_bound_0,4,lower_bound_0,15
direction+curvature+asymptote,ode,mid,limited,5,1,3959287627,asymptote_to_0_from_above|curvature_convex|direction_decreasing,asymptote_to_0_from_above|curvature_convex|direction_decreasing|lower_bound_0,4,lower_bound_0,15
direction+curvature+asymptote,ode,mid,limited,6,1,1069806362,asymptote_to_0_from_above|curvature_convex|direction_decreasing,asymptote_to_0_from_above|curvature_convex|direction_decreasing|lower_bound_0,4,lower_bound_0,15
direction+curvature+asymptote,ode,mid,limited,7,1,2644025786,asymptote_to_0_from_above|curvature_convex|direction_decreasing,asymptote_to_0_from_above|curvature_convex|direction_decreasing|lower_bound_0,4,lower_bound_0,15
direction+curvature+asymptote,ode,mid,limited,8,1,1109361432,asymptote_to_0_from_above|curvature_convex|direction_decreasing,asymptote_to_0_from_above|curvature_convex|direction_decreasing|lower_bound_0,4,lower_bound_0,15
direction+curvature+asymptote,ode,mid,limited,9,1,686347919,asymptote_to_0_from_above|curvature_convex|direction_decreasing,asymptote_to_0_from_above|curvature_convex|direction_decreasing|lower_bound_0,4,lower_bound_0,15
direction+curvature+asymptote,ode,mid,intermediate,0,1,2299339853,asymptote_to_0_from_above|curvature_convex|direction_decreasing,asymptote_to_0_from_above|curvature_convex|direction_decreasing|lower_bound_0,4,lower_bound_0,15
direction+curvature+asymptote,ode,mid,intermediate,1,1,1472214006,asymptote_to_0_from_above|curvature_convex|direction_decreasing,asymptote_to_0_from_above|curvature_convex|direction_decreasing|lower_bound_0,4,lower_bound_0,15
direction+curvature+asymptote,ode,mid,intermediate,2,1,1482821100,asymptote_to_0_from_above|curvature_convex|direction_decreasing,asymptote_to_0_from_above|curvature_convex|direction_decreasing|lower_bound_0,4,lower_bound_0,15
direction+curvature+asymptote,ode,mid,intermediate,3,1,58140785,asymptote_to_0_from_above|curvature_convex|direction_decreasing,asymptote_to_0_from_above|curvature_convex|direction_decreasing|lower_bound_0,4,lower_bound_0,15
direction+curvature+asymptote,ode,mid,intermediate,4,1,1767151606,asymptote_to_0_from_above|curvature_convex|direction_decreasing,asymptote_to_0_from_above|curvature_convex|direction_decreasing|lower_bound_0,4,lower_bound_0,15
direction+curvature+asymptote,ode,mid,intermediate,5,1,2986906851,asymptote_to_0_from_above|curvature_convex|direction_decreasing,asymptote_to_0_from_above|curvature_convex|direction_decreasing|lower_bound_0,4,lower_bound_0,15
direction+curvature+asymptote,ode,mid,intermediate,6,1,547746063,asymptote_to_0_from_above|curvature_convex|direction_decreasing,asymptote_to_0_from_above|curvature_convex|direction_decreasing|lower_bound_0,4,lower_bound_0,15
direction+curvature+asymptote,ode,mid,intermediate,7,1,634503606,asymptote_to_0_from_above|curvature_convex|direction_decreasing,asymptote_to_0_from_above|curvature_convex|direction_decreasing|lower_bound_0,4,lower_bound_0,15
direction+curvature+asymptote,ode,mid,intermediate,8,1,977838327,asymptote_to_0_from_above|curvature_convex|direction_decreasing,asymptote_to_0_from_above|curvature_convex|direction_decreasing|lower_bound_0,4,lower_bound_0,15
direction+curvature+asymptote,ode,mid,intermediate,9,1,1307586201,asymptote_to_0_from_above|curvature_convex|direction_decreasing,asymptote_to_0_from_above|curvature_convex|direction_decreasing|lower_bound_0,4,lower_bound_0,15
direction+curvature+asymptote,ode,mid,persistent_within_tested_domain,0,1,232800596,asymptote_to_0_from_above|curvature_convex|direction_decreasing,asymptote_to_0_from_above|curvature_convex|direction_decreasing|lower_bound_0,4,lower_bound_0,15
direction+curvature+asymptote,ode,mid,persistent_within_tested_domain,1,1,1403686804,asymptote_to_0_from_above|curvature_convex|direction_decreasing,asymptote_to_0_from_above|curvature_convex|direction_decreasing|lower_bound_0,4,lower_bound_0,15
direction+curvature+asymptote,ode,mid,persistent_within_tested_domain,2,1,1716904939,asymptote_to_0_from_above|curvature_convex|direction_decreasing,asymptote_to_0_from_above|curvature_convex|direction_decreasing|lower_bound_0,4,lower_bound_0,15
direction+curvature+asymptote,ode,mid,persistent_within_tested_domain,3,1,2147675812,asymptote_to_0_from_above|curvature_convex|direction_decreasing,asymptote_to_0_from_above|curvature_convex|direction_decreasing|lower_bound_0,4,lower_bound_0,15
direction+curvature+asymptote,ode,mid,persistent_within_tested_domain,4,1,4124313441,asymptote_to_0_from_above|curvature_convex|direction_decreasing,asymptote_to_0_from_above|curvature_convex|direction_decreasing|lower_bound_0,4,lower_bound_0,15
direction+curvature+asymptote,ode,mid,persistent_within_tested_domain,5,1,2191259631,asymptote_to_0_from_above|curvature_convex|direction_decreasing,asymptote_to_0_from_above|curvature_convex|direction_decreasing|lower_bound_0,4,lower_bound_0,15
direction+curvature+asymptote,ode,mid,persistent_within_tested_domain,6,1,839737477,asymptote_to_0_from_above|curvature_convex|direction_decreasing,asymptote_to_0_from_above|curvature_convex|direction_decreasing|lower_bound_0,4,lower_bound_0,15
direction+curvature+asymptote,ode,mid,persistent_within_tested_domain,7,1,909275169,asymptote_to_0_from_above|curvature_convex|direction_decreasing,asymptote_to_0_from_above|curvature_convex|direction_decreasing|lower_bound_0,4,lower_bound_0,15
direction+curvature+asymptote,ode,mid,persistent_within_tested_domain,8,1,2773406983,asymptote_to_0_from_above|curvature_convex|direction_decreasing,asymptote_to_0_from_above|curvature_convex|direction_decreasing|lower_bound_0,4,lower_bound_0,15
direction+curvature+asymptote,ode,mid,persistent_within_tested_domain,9,1,202636015,asymptote_to_0_from_above|curvature_convex|direction_decreasing,asymptote_to_0_from_above|curvature_convex|direction_decreasing|lower_bound_0,4,lower_bound_0,15
direction+curvature+asymptote,ode,high,limited,0,1,2225712790,asymptote_to_0_from_above|curvature_convex|direction_decreasing,asymptote_to_0_from_above|curvature_convex|direction_decreasing|lower_bound_0,4,lower_bound_0,15
direction+curvature+asymptote,ode,high,limited,1,1,2849716383,asymptote_to_0_from_above|curvature_convex|direction_decreasing,asymptote_to_0_from_above|curvature_convex|direction_decreasing|lower_bound_0,4,lower_bound_0,15
direction+curvature+asymptote,ode,high,limited,2,1,2578232062,asymptote_to_0_from_above|curvature_convex|direction_decreasing,asymptote_to_0_from_above|curvature_convex|direction_decreasing|lower_bound_0,4,lower_bound_0,15
direction+curvature+asymptote,ode,high,limited,3,1,1325118885,asymptote_to_0_from_above|curvature_convex|direction_decreasing,asymptote_to_0_from_above|curvature_convex|direction_decreasing|lower_bound_0,4,lower_bound_0,15
direction+curvature+asymptote,ode,high,limited,4,1,2310300049,asymptote_to_0_from_above|curvature_convex|direction_decreasing,asymptote_to_0_from_above|curvature_convex|direction_decreasing|lower_bound_0,4,lower_bound_0,15
direction+curvature+asymptote,ode,high,limited,5,1,2362007068,asymptote_to_0_from_above|curvature_convex|direction_decreasing,asymptote_to_0_from_above|curvature_convex|direction_decreasing|lower_bound_0,4,lower_bound_0,15
direction+curvature+asymptote,ode,high,limited,6,1,3687811512,asymptote_to_0_from_above|curvature_convex|direction_decreasing,asymptote_to_0_from_above|curvature_convex|direction_decreasing|lower_bound_0,4,lower_bound_0,15
direction+curvature+asymptote,ode,high,limited,7,1,518252173,asymptote_to_0_from_above|curvature_convex|direction_decreasing,asymptote_to_0_from_above|curvature_convex|direction_decreasing|lower_bound_0,4,lower_bound_0,15
direction+curvature+asymptote,ode,high,limited,8,1,735031291,asymptote_to_0_from_above|curvature_convex|direction_decreasing,asymptote_to_0_from_above|curvature_convex|direction_decreasing|lower_bound_0,4,lower_bound_0,15
direction+curvature+asymptote,ode,high,limited,9,1,378924178,asymptote_to_0_from_above|curvature_convex|direction_decreasing,asymptote_to_0_from_above|curvature_convex|direction_decreasing|lower_bound_0,4,lower_bound_0,15
direction+curvature+asymptote,ode,high,intermediate,0,1,1407861192,asymptote_to_0_from_above|curvature_convex|direction_decreasing,asymptote_to_0_from_above|curvature_convex|direction_decreasing|lower_bound_0,4,lower_bound_0,15
direction+curvature+asymptote,ode,high,intermediate,1,1,2997501140,asymptote_to_0_from_above|curvature_convex|direction_decreasing,asymptote_to_0_from_above|curvature_convex|direction_decreasing|lower_bound_0,4,lower_bound_0,15
direction+curvature+asymptote,ode,high,intermediate,2,1,1289507601,asymptote_to_0_from_above|curvature_convex|direction_decreasing,asymptote_to_0_from_above|curvature_convex|direction_decreasing|lower_bound_0,4,lower_bound_0,15
direction+curvature+asymptote,ode,high,intermediate,3,1,1576866352,asymptote_to_0_from_above|curvature_convex|direction_decreasing,asymptote_to_0_from_above|curvature_convex|direction_decreasing|lower_bound_0,4,lower_bound_0,15
direction+curvature+asymptote,ode,high,intermediate,4,1,3957256490,asymptote_to_0_from_above|curvature_convex|direction_decreasing,asymptote_to_0_from_above|curvature_convex|direction_decreasing|lower_bound_0,4,lower_bound_0,15
direction+curvature+asymptote,ode,high,intermediate,5,1,4206762999,asymptote_to_0_from_above|curvature_convex|direction_decreasing,asymptote_to_0_from_above|curvature_convex|direction_decreasing|lower_bound_0,4,lower_bound_0,15
direction+curvature+asymptote,ode,high,intermediate,6,1,2852018317,asymptote_to_0_from_above|curvature_convex|direction_decreasing,asymptote_to_0_from_above|curvature_convex|direction_decreasing|lower_bound_0,4,lower_bound_0,15
direction+curvature+asymptote,ode,high,intermediate,7,1,682698116,asymptote_to_0_from_above|curvature_convex|direction_decreasing,asymptote_to_0_from_above|curvature_convex|direction_decreasing|lower_bound_0,4,lower_bound_0,15
direction+curvature+asymptote,ode,high,intermediate,8,1,4004254735,asymptote_to_0_from_above|curvature_convex|direction_decreasing,asymptote_to_0_from_above|curvature_convex|direction_decreasing|lower_bound_0,4,lower_bound_0,15
direction+curvature+asymptote,ode,high,intermediate,9,1,3237648699,asymptote_to_0_from_above|curvature_convex|direction_decreasing,asymptote_to_0_from_above|curvature_convex|direction_decreasing|lower_bound_0,4,lower_bound_0,15
direction+curvature+asymptote,ode,high,persistent_within_tested_domain,0,1,4132879023,asymptote_to_0_from_above|curvature_convex|direction_decreasing,asymptote_to_0_from_above|curvature_convex|direction_decreasing|lower_bound_0,4,lower_bound_0,15
direction+curvature+asymptote,ode,high,persistent_within_tested_domain,1,1,224794039,asymptote_to_0_from_above|curvature_convex|direction_decreasing,asymptote_to_0_from_above|curvature_convex|direction_decreasing|lower_bound_0,4,lower_bound_0,15
direction+curvature+asymptote,ode,high,persistent_within_tested_domain,2,1,3223436155,asymptote_to_0_from_above|curvature_convex|direction_decreasing,asymptote_to_0_from_above|curvature_convex|direction_decreasing|lower_bound_0,4,lower_bound_0,15
direction+curvature+asymptote,ode,high,persistent_within_tested_domain,3,1,1323106778,asymptote_to_0_from_above|curvature_convex|direction_decreasing,asymptote_to_0_from_above|curvature_convex|direction_decreasing|lower_bound_0,4,lower_bound_0,15
direction+curvature+asymptote,ode,high,persistent_within_tested_domain,4,1,507771626,asymptote_to_0_from_above|curvature_convex|direction_decreasing,asymptote_to_0_from_above|curvature_convex|direction_decreasing|lower_bound_0,4,lower_bound_0,15
direction+curvature+asymptote,ode,high,persistent_within_tested_domain,5,1,2053269987,asymptote_to_0_from_above|curvature_convex|direction_decreasing,asymptote_to_0_from_above|curvature_convex|direction_decreasing|lower_bound_0,4,lower_bound_0,15
direction+curvature+asymptote,ode,high,persistent_within_tested_domain,6,1,1916312465,asymptote_to_0_from_above|curvature_convex|direction_decreasing,asymptote_to_0_from_above|curvature_convex|direction_decreasing|lower_bound_0,4,lower_bound_0,15
direction+curvature+asymptote,ode,high,persistent_within_tested_domain,7,1,992415125,asymptote_to_0_from_above|curvature_convex|direction_decreasing,asymptote_to_0_from_above|curvature_convex|direction_decreasing|lower_bound_0,4,lower_bound_0,15
direction+curvature+asymptote,ode,high,persistent_within_tested_domain,8,1,2512513723,asymptote_to_0_from_above|curvature_convex|direction_decreasing,asymptote_to_0_from_above|curvature_convex|direction_decreasing|lower_bound_0,4,lower_bound_0,15
direction+curvature+asymptote,ode,high,persistent_within_tested_domain,9,1,997646649,asymptote_to_0_from_above|curvature_convex|direction_decreasing,asymptote_to_0_from_above|curvature_convex|direction_decreasing|lower_bound_0,4,lower_bound_0,15
direction+inflection+bound,spline,low,limited,0,1,3594870351,direction_decreasing|inflection_concave_to_convex|lower_bound_0,asymptote_to_0_from_above|direction_decreasing|inflection_concave_to_convex|lower_bound_0,4,asymptote_to_0_from_above,15
direction+inflection+bound,spline,low,limited,1,1,1479622607,direction_decreasing|inflection_concave_to_convex|lower_bound_0,asymptote_to_0_from_above|direction_decreasing|inflection_concave_to_convex|lower_bound_0,4,asymptote_to_0_from_above,15
direction+inflection+bound,spline,low,limited,2,1,4076365910,direction_decreasing|inflection_concave_to_convex|lower_bound_0,asymptote_to_0_from_above|direction_decreasing|inflection_concave_to_convex|lower_bound_0,4,asymptote_to_0_from_above,15
direction+inflection+bound,spline,low,limited,3,1,590307414,direction_decreasing|inflection_concave_to_convex|lower_bound_0,asymptote_to_0_from_above|direction_decreasing|inflection_concave_to_convex|lower_bound_0,4,asymptote_to_0_from_above,15
direction+inflection+bound,spline,low,limited,4,1,3507962823,direction_decreasing|inflection_concave_to_convex|lower_bound_0,asymptote_to_0_from_above|direction_decreasing|inflection_concave_to_convex|lower_bound_0,4,asymptote_to_0_from_above,15
direction+inflection+bound,spline,low,limited,5,1,3454833539,direction_decreasing|inflection_concave_to_convex|lower_bound_0,asymptote_to_0_from_above|direction_decreasing|inflection_concave_to_convex|lower_bound_0,4,asymptote_to_0_from_above,15
direction+inflection+bound,spline,low,limited,6,1,3635944941,direction_decreasing|inflection_concave_to_convex|lower_bound_0,asymptote_to_0_from_above|direction_decreasing|inflection_concave_to_convex|lower_bound_0,4,asymptote_to_0_from_above,15
direction+inflection+bound,spline,low,limited,7,1,3684790193,direction_decreasing|inflection_concave_to_convex|lower_bound_0,asymptote_to_0_from_above|direction_decreasing|inflection_concave_to_convex|lower_bound_0,4,asymptote_to_0_from_above,15
direction+inflection+bound,spline,low,limited,8,1,1198478849,direction_decreasing|inflection_concave_to_convex|lower_bound_0,asymptote_to_0_from_above|direction_decreasing|inflection_concave_to_convex|lower_bound_0,4,asymptote_to_0_from_above,15
direction+inflection+bound,spline,low,limited,9,1,3412850293,direction_decreasing|inflection_concave_to_convex|lower_bound_0,asymptote_to_0_from_above|direction_decreasing|inflection_concave_to_convex|lower_bound_0,4,asymptote_to_0_from_above,15
direction+inflection+bound,spline,low,intermediate,0,1,1032972074,direction_decreasing|inflection_concave_to_convex|lower_bound_0,asymptote_to_0_from_above|direction_decreasing|inflection_concave_to_convex|lower_bound_0,4,asymptote_to_0_from_above,15
direction+inflection+bound,spline,low,intermediate,1,1,3044003633,direction_decreasing|inflection_concave_to_convex|lower_bound_0,asymptote_to_0_from_above|direction_decreasing|inflection_concave_to_convex|lower_bound_0,4,asymptote_to_0_from_above,15
direction+inflection+bound,spline,low,intermediate,2,1,2601952411,direction_decreasing|inflection_concave_to_convex|lower_bound_0,asymptote_to_0_from_above|direction_decreasing|inflection_concave_to_convex|lower_bound_0,4,asymptote_to_0_from_above,15
direction+inflection+bound,spline,low,intermediate,3,1,818074591,direction_decreasing|inflection_concave_to_convex|lower_bound_0,asymptote_to_0_from_above|direction_decreasing|inflection_concave_to_convex|lower_bound_0,4,asymptote_to_0_from_above,15
direction+inflection+bound,spline,low,intermediate,4,1,3503872830,direction_decreasing|inflection_concave_to_convex|lower_bound_0,asymptote_to_0_from_above|direction_decreasing|inflection_concave_to_convex|lower_bound_0,4,asymptote_to_0_from_above,15
direction+inflection+bound,spline,low,intermediate,5,1,2814903575,direction_decreasing|inflection_concave_to_convex|lower_bound_0,asymptote_to_0_from_above|direction_decreasing|inflection_concave_to_convex|lower_bound_0,4,asymptote_to_0_from_above,15
direction+inflection+bound,spline,low,intermediate,6,1,1509477789,direction_decreasing|inflection_concave_to_convex|lower_bound_0,asymptote_to_0_from_above|direction_decreasing|inflection_concave_to_convex|lower_bound_0,4,asymptote_to_0_from_above,15
direction+inflection+bound,spline,low,intermediate,7,1,3785013275,direction_decreasing|inflection_concave_to_convex|lower_bound_0,asymptote_to_0_from_above|direction_decreasing|inflection_concave_to_convex|lower_bound_0,4,asymptote_to_0_from_above,15
direction+inflection+bound,spline,low,intermediate,8,1,2474203139,direction_decreasing|inflection_concave_to_convex|lower_bound_0,asymptote_to_0_from_above|direction_decreasing|inflection_concave_to_convex|lower_bound_0,4,asymptote_to_0_from_above,15
direction+inflection+bound,spline,low,intermediate,9,1,2846176421,direction_decreasing|inflection_concave_to_convex|lower_bound_0,asymptote_to_0_from_above|direction_decreasing|inflection_concave_to_convex|lower_bound_0,4,asymptote_to_0_from_above,15
direction+inflection+bound,spline,low,persistent_within_tested_domain,0,1,2154632659,direction_decreasing|inflection_concave_to_convex|lower_bound_0,asymptote_to_0_from_above|direction_decreasing|inflection_concave_to_convex|lower_bound_0,4,asymptote_to_0_from_above,15
direction+inflection+bound,spline,low,persistent_within_tested_domain,1,1,3480392110,direction_decreasing|inflection_concave_to_convex|lower_bound_0,asymptote_to_0_from_above|direction_decreasing|inflection_concave_to_convex|lower_bound_0,4,asymptote_to_0_from_above,15
direction+inflection+bound,spline,low,persistent_within_tested_domain,2,1,855843309,direction_decreasing|inflection_concave_to_convex|lower_bound_0,asymptote_to_0_from_above|direction_decreasing|inflection_concave_to_convex|lower_bound_0,4,asymptote_to_0_from_above,15
direction+inflection+bound,spline,low,persistent_within_tested_domain,3,1,569324098,direction_decreasing|inflection_concave_to_convex|lower_bound_0,asymptote_to_0_from_above|direction_decreasing|inflection_concave_to_convex|lower_bound_0,4,asymptote_to_0_from_above,15
direction+inflection+bound,spline,low,persistent_within_tested_domain,4,1,3564539424,direction_decreasing|inflection_concave_to_convex|lower_bound_0,asymptote_to_0_from_above|direction_decreasing|inflection_concave_to_convex|lower_bound_0,4,asymptote_to_0_from_above,15
direction+inflection+bound,spline,low,persistent_within_tested_domain,5,1,4142617641,direction_decreasing|inflection_concave_to_convex|lower_bound_0,asymptote_to_0_from_above|direction_decreasing|inflection_concave_to_convex|lower_bound_0,4,asymptote_to_0_from_above,15
direction+inflection+bound,spline,low,persistent_within_tested_domain,6,1,1297077017,direction_decreasing|inflection_concave_to_convex|lower_bound_0,asymptote_to_0_from_above|direction_decreasing|inflection_concave_to_convex|lower_bound_0,4,asymptote_to_0_from_above,15
direction+inflection+bound,spline,low,persistent_within_tested_domain,7,1,639868025,direction_decreasing|inflection_concave_to_convex|lower_bound_0,asymptote_to_0_from_above|direction_decreasing|inflection_concave_to_convex|lower_bound_0,4,asymptote_to_0_from_above,15
direction+inflection+bound,spline,low,persistent_within_tested_domain,8,1,949751548,direction_decreasing|inflection_concave_to_convex|lower_bound_0,asymptote_to_0_from_above|direction_decreasing|inflection_concave_to_convex|lower_bound_0,4,asymptote_to_0_from_above,15
direction+inflection+bound,spline,low,persistent_within_tested_domain,9,1,1793341053,direction_decreasing|inflection_concave_to_convex|lower_bound_0,asymptote_to_0_from_above|direction_decreasing|inflection_concave_to_convex|lower_bound_0,4,asymptote_to_0_from_above,15
direction+inflection+bound,spline,mid,limited,0,1,352657554,direction_decreasing|inflection_concave_to_convex|lower_bound_0,asymptote_to_0_from_above|direction_decreasing|inflection_concave_to_convex|lower_bound_0,4,asymptote_to_0_from_above,15
direction+inflection+bound,spline,mid,limited,1,1,682437938,direction_decreasing|inflection_concave_to_convex|lower_bound_0,asymptote_to_0_from_above|direction_decreasing|inflection_concave_to_convex|lower_bound_0,4,asymptote_to_0_from_above,15
direction+inflection+bound,spline,mid,limited,2,1,3907338767,direction_decreasing|inflection_concave_to_convex|lower_bound_0,asymptote_to_0_from_above|direction_decreasing|inflection_concave_to_convex|lower_bound_0,4,asymptote_to_0_from_above,15
direction+inflection+bound,spline,mid,limited,3,1,940661910,direction_decreasing|inflection_concave_to_convex|lower_bound_0,asymptote_to_0_from_above|direction_decreasing|inflection_concave_to_convex|lower_bound_0,4,asymptote_to_0_from_above,15
direction+inflection+bound,spline,mid,limited,4,1,3934591186,direction_decreasing|inflection_concave_to_convex|lower_bound_0,asymptote_to_0_from_above|direction_decreasing|inflection_concave_to_convex|lower_bound_0,4,asymptote_to_0_from_above,15
direction+inflection+bound,spline,mid,limited,5,1,917146831,direction_decreasing|inflection_concave_to_convex|lower_bound_0,asymptote_to_0_from_above|direction_decreasing|inflection_concave_to_convex|lower_bound_0,4,asymptote_to_0_from_above,15
direction+inflection+bound,spline,mid,limited,6,1,1148009098,direction_decreasing|inflection_concave_to_convex|lower_bound_0,asymptote_to_0_from_above|direction_decreasing|inflection_concave_to_convex|lower_bound_0,4,asymptote_to_0_from_above,15
direction+inflection+bound,spline,mid,limited,7,1,4112231803,direction_decreasing|inflection_concave_to_convex|lower_bound_0,asymptote_to_0_from_above|direction_decreasing|inflection_concave_to_convex|lower_bound_0,4,asymptote_to_0_from_above,15
direction+inflection+bound,spline,mid,limited,8,1,2655277564,direction_decreasing|inflection_concave_to_convex|lower_bound_0,asymptote_to_0_from_above|direction_decreasing|inflection_concave_to_convex|lower_bound_0,4,asymptote_to_0_from_above,15
direction+inflection+bound,spline,mid,limited,9,1,3385611398,direction_decreasing|inflection_concave_to_convex|lower_bound_0,asymptote_to_0_from_above|direction_decreasing|inflection_concave_to_convex|lower_bound_0,4,asymptote_to_0_from_above,15
direction+inflection+bound,spline,mid,intermediate,0,1,3265690068,direction_decreasing|inflection_concave_to_convex|lower_bound_0,asymptote_to_0_from_above|direction_decreasing|inflection_concave_to_convex|lower_bound_0,4,asymptote_to_0_from_above,15
direction+inflection+bound,spline,mid,intermediate,1,1,1781914552,direction_decreasing|inflection_concave_to_convex|lower_bound_0,asymptote_to_0_from_above|direction_decreasing|inflection_concave_to_convex|lower_bound_0,4,asymptote_to_0_from_above,15
direction+inflection+bound,spline,mid,intermediate,2,1,1918532678,direction_decreasing|inflection_concave_to_convex|lower_bound_0,asymptote_to_0_from_above|direction_decreasing|inflection_concave_to_convex|lower_bound_0,4,asymptote_to_0_from_above,15
direction+inflection+bound,spline,mid,intermediate,3,1,2832807558,direction_decreasing|inflection_concave_to_convex|lower_bound_0,asymptote_to_0_from_above|direction_decreasing|inflection_concave_to_convex|lower_bound_0,4,asymptote_to_0_from_above,15
direction+inflection+bound,spline,mid,intermediate,4,1,1401548072,direction_decreasing|inflection_concave_to_convex|lower_bound_0,asymptote_to_0_from_above|direction_decreasing|inflection_concave_to_convex|lower_bound_0,4,asymptote_to_0_from_above,15
direction+inflection+bound,spline,mid,intermediate,5,1,2674161275,direction_decreasing|inflection_concave_to_convex|lower_bound_0,asymptote_to_0_from_above|direction_decreasing|inflection_concave_to_convex|lower_bound_0,4,asymptote_to_0_from_above,15
direction+inflection+bound,spline,mid,intermediate,6,1,2814129269,direction_decreasing|inflection_concave_to_convex|lower_bound_0,asymptote_to_0_from_above|direction_decreasing|inflection_concave_to_convex|lower_bound_0,4,asymptote_to_0_from_above,15
direction+inflection+bound,spline,mid,intermediate,7,1,3156184534,direction_decreasing|inflection_concave_to_convex|lower_bound_0,asymptote_to_0_from_above|direction_decreasing|inflection_concave_to_convex|lower_bound_0,4,asymptote_to_0_from_above,15
direction+inflection+bound,spline,mid,intermediate,8,1,433826125,direction_decreasing|inflection_concave_to_convex|lower_bound_0,asymptote_to_0_from_above|direction_decreasing|inflection_concave_to_convex|lower_bound_0,4,asymptote_to_0_from_above,15
direction+inflection+bound,spline,mid,intermediate,9,1,1504448660,direction_decreasing|inflection_concave_to_convex|lower_bound_0,asymptote_to_0_from_above|direction_decreasing|inflection_concave_to_convex|lower_bound_0,4,asymptote_to_0_from_above,15
direction+inflection+bound,spline,mid,persistent_within_tested_domain,0,1,3972214928,direction_decreasing|inflection_concave_to_convex|lower_bound_0,asymptote_to_0_from_above|direction_decreasing|inflection_concave_to_convex|lower_bound_0,4,asymptote_to_0_from_above,15
direction+inflection+bound,spline,mid,persistent_within_tested_domain,1,1,2887621191,direction_decreasing|inflection_concave_to_convex|lower_bound_0,asymptote_to_0_from_above|direction_decreasing|inflection_concave_to_convex|lower_bound_0,4,asymptote_to_0_from_above,15
direction+inflection+bound,spline,mid,persistent_within_tested_domain,2,1,2672402730,direction_decreasing|inflection_concave_to_convex|lower_bound_0,asymptote_to_0_from_above|direction_decreasing|inflection_concave_to_convex|lower_bound_0,4,asymptote_to_0_from_above,15
direction+inflection+bound,spline,mid,persistent_within_tested_domain,3,1,2510341307,direction_decreasing|inflection_concave_to_convex|lower_bound_0,asymptote_to_0_from_above|direction_decreasing|inflection_concave_to_convex|lower_bound_0,4,asymptote_to_0_from_above,15
direction+inflection+bound,spline,mid,persistent_within_tested_domain,4,1,42329568,direction_decreasing|inflection_concave_to_convex|lower_bound_0,asymptote_to_0_from_above|direction_decreasing|inflection_concave_to_convex|lower_bound_0,4,asymptote_to_0_from_above,15
direction+inflection+bound,spline,mid,persistent_within_tested_domain,5,1,4094276514,direction_decreasing|inflection_concave_to_convex|lower_bound_0,asymptote_to_0_from_above|direction_decreasing|inflection_concave_to_convex|lower_bound_0,4,asymptote_to_0_from_above,15
direction+inflection+bound,spline,mid,persistent_within_tested_domain,6,1,1667112335,direction_decreasing|inflection_concave_to_convex|lower_bound_0,asymptote_to_0_from_above|direction_decreasing|inflection_concave_to_convex|lower_bound_0,4,asymptote_to_0_from_above,15
direction+inflection+bound,spline,mid,persistent_within_tested_domain,7,1,421400132,direction_decreasing|inflection_concave_to_convex|lower_bound_0,asymptote_to_0_from_above|direction_decreasing|inflection_concave_to_convex|lower_bound_0,4,asymptote_to_0_from_above,15
direction+inflection+bound,spline,mid,persistent_within_tested_domain,8,1,1214608465,direction_decreasing|inflection_concave_to_convex|lower_bound_0,asymptote_to_0_from_above|direction_decreasing|inflection_concave_to_convex|lower_bound_0,4,asymptote_to_0_from_above,15
direction+inflection+bound,spline,mid,persistent_within_tested_domain,9,1,1109909563,direction_decreasing|inflection_concave_to_convex|lower_bound_0,asymptote_to_0_from_above|direction_decreasing|inflection_concave_to_convex|lower_bound_0,4,asymptote_to_0_from_above,15
direction+inflection+bound,spline,high,limited,0,1,2784169288,direction_decreasing|inflection_concave_to_convex|lower_bound_0,asymptote_to_0_from_above|direction_decreasing|inflection_concave_to_convex|lower_bound_0,4,asymptote_to_0_from_above,15
direction+inflection+bound,spline,high,limited,1,1,976849646,direction_decreasing|inflection_concave_to_convex|lower_bound_0,asymptote_to_0_from_above|direction_decreasing|inflection_concave_to_convex|lower_bound_0,4,asymptote_to_0_from_above,15
direction+inflection+bound,spline,high,limited,2,1,292192935,direction_decreasing|inflection_concave_to_convex|lower_bound_0,asymptote_to_0_from_above|direction_decreasing|inflection_concave_to_convex|lower_bound_0,4,asymptote_to_0_from_above,15
direction+inflection+bound,spline,high,limited,3,1,392696247,direction_decreasing|inflection_concave_to_convex|lower_bound_0,asymptote_to_0_from_above|direction_decreasing|inflection_concave_to_convex|lower_bound_0,4,asymptote_to_0_from_above,15
direction+inflection+bound,spline,high,limited,4,1,2941782605,direction_decreasing|inflection_concave_to_convex|lower_bound_0,asymptote_to_0_from_above|direction_decreasing|inflection_concave_to_convex|lower_bound_0,4,asymptote_to_0_from_above,15
direction+inflection+bound,spline,high,limited,5,1,740882133,direction_decreasing|inflection_concave_to_convex|lower_bound_0,asymptote_to_0_from_above|direction_decreasing|inflection_concave_to_convex|lower_bound_0,4,asymptote_to_0_from_above,15
direction+inflection+bound,spline,high,limited,6,1,305912761,direction_decreasing|inflection_concave_to_convex|lower_bound_0,asymptote_to_0_from_above|direction_decreasing|inflection_concave_to_convex|lower_bound_0,4,asymptote_to_0_from_above,15
direction+inflection+bound,spline,high,limited,7,1,482800587,direction_decreasing|inflection_concave_to_convex|lower_bound_0,asymptote_to_0_from_above|direction_decreasing|inflection_concave_to_convex|lower_bound_0,4,asymptote_to_0_from_above,15
direction+inflection+bound,spline,high,limited,8,1,1809755240,direction_decreasing|inflection_concave_to_convex|lower_bound_0,asymptote_to_0_from_above|direction_decreasing|inflection_concave_to_convex|lower_bound_0,4,asymptote_to_0_from_above,15
direction+inflection+bound,spline,high,limited,9,1,3006788914,direction_decreasing|inflection_concave_to_convex|lower_bound_0,asymptote_to_0_from_above|direction_decreasing|inflection_concave_to_convex|lower_bound_0,4,asymptote_to_0_from_above,15
direction+inflection+bound,spline,high,intermediate,0,1,3394960792,direction_decreasing|inflection_concave_to_convex|lower_bound_0,asymptote_to_0_from_above|direction_decreasing|inflection_concave_to_convex|lower_bound_0,4,asymptote_to_0_from_above,15
direction+inflection+bound,spline,high,intermediate,1,1,3956761154,direction_decreasing|inflection_concave_to_convex|lower_bound_0,asymptote_to_0_from_above|direction_decreasing|inflection_concave_to_convex|lower_bound_0,4,asymptote_to_0_from_above,15
direction+inflection+bound,spline,high,intermediate,2,1,2657680141,direction_decreasing|inflection_concave_to_convex|lower_bound_0,asymptote_to_0_from_above|direction_decreasing|inflection_concave_to_convex|lower_bound_0,4,asymptote_to_0_from_above,15
direction+inflection+bound,spline,high,intermediate,3,1,214383990,direction_decreasing|inflection_concave_to_convex|lower_bound_0,asymptote_to_0_from_above|direction_decreasing|inflection_concave_to_convex|lower_bound_0,4,asymptote_to_0_from_above,15
direction+inflection+bound,spline,high,intermediate,4,1,2670796638,direction_decreasing|inflection_concave_to_convex|lower_bound_0,asymptote_to_0_from_above|direction_decreasing|inflection_concave_to_convex|lower_bound_0,4,asymptote_to_0_from_above,15
direction+inflection+bound,spline,high,intermediate,5,1,1071357867,direction_decreasing|inflection_concave_to_convex|lower_bound_0,asymptote_to_0_from_above|direction_decreasing|inflection_concave_to_convex|lower_bound_0,4,asymptote_to_0_from_above,15
direction+inflection+bound,spline,high,intermediate,6,1,2146781313,direction_decreasing|inflection_concave_to_convex|lower_bound_0,asymptote_to_0_from_above|direction_decreasing|inflection_concave_to_convex|lower_bound_0,4,asymptote_to_0_from_above,15
direction+inflection+bound,spline,high,intermediate,7,1,3949341950,direction_decreasing|inflection_concave_to_convex|lower_bound_0,asymptote_to_0_from_above|direction_decreasing|inflection_concave_to_convex|lower_bound_0,4,asymptote_to_0_from_above,15
direction+inflection+bound,spline,high,intermediate,8,1,690717053,direction_decreasing|inflection_concave_to_convex|lower_bound_0,asymptote_to_0_from_above|direction_decreasing|inflection_concave_to_convex|lower_bound_0,4,asymptote_to_0_from_above,15
direction+inflection+bound,spline,high,intermediate,9,1,3399339516,direction_decreasing|inflection_concave_to_convex|lower_bound_0,asymptote_to_0_from_above|direction_decreasing|inflection_concave_to_convex|lower_bound_0,4,asymptote_to_0_from_above,15
direction+inflection+bound,spline,high,persistent_within_tested_domain,0,1,3053808805,direction_decreasing|inflection_concave_to_convex|lower_bound_0,asymptote_to_0_from_above|direction_decreasing|inflection_concave_to_convex|lower_bound_0,4,asymptote_to_0_from_above,15
direction+inflection+bound,spline,high,persistent_within_tested_domain,1,1,4014819529,direction_decreasing|inflection_concave_to_convex|lower_bound_0,asymptote_to_0_from_above|direction_decreasing|inflection_concave_to_convex|lower_bound_0,4,asymptote_to_0_from_above,15
direction+inflection+bound,spline,high,persistent_within_tested_domain,2,1,1999649340,direction_decreasing|inflection_concave_to_convex|lower_bound_0,asymptote_to_0_from_above|direction_decreasing|inflection_concave_to_convex|lower_bound_0,4,asymptote_to_0_from_above,15
direction+inflection+bound,spline,high,persistent_within_tested_domain,3,1,2975446224,direction_decreasing|inflection_concave_to_convex|lower_bound_0,asymptote_to_0_from_above|direction_decreasing|inflection_concave_to_convex|lower_bound_0,4,asymptote_to_0_from_above,15
direction+inflection+bound,spline,high,persistent_within_tested_domain,4,1,2588532652,direction_decreasing|inflection_concave_to_convex|lower_bound_0,asymptote_to_0_from_above|direction_decreasing|inflection_concave_to_convex|lower_bound_0,4,asymptote_to_0_from_above,15
direction+inflection+bound,spline,high,persistent_within_tested_domain,5,1,3636543185,direction_decreasing|inflection_concave_to_convex|lower_bound_0,asymptote_to_0_from_above|direction_decreasing|inflection_concave_to_convex|lower_bound_0,4,asymptote_to_0_from_above,15
direction+inflection+bound,spline,high,persistent_within_tested_domain,6,1,3575304375,direction_decreasing|inflection_concave_to_convex|lower_bound_0,asymptote_to_0_from_above|direction_decreasing|inflection_concave_to_convex|lower_bound_0,4,asymptote_to_0_from_above,15
direction+inflection+bound,spline,high,persistent_within_tested_domain,7,1,3513447806,direction_decreasing|inflection_concave_to_convex|lower_bound_0,asymptote_to_0_from_above|direction_decreasing|inflection_concave_to_convex|lower_bound_0,4,asymptote_to_0_from_above,15
direction+inflection+bound,spline,high,persistent_within_tested_domain,8,1,117191153,direction_decreasing|inflection_concave_to_convex|lower_bound_0,asymptote_to_0_from_above|direction_decreasing|inflection_concave_to_convex|lower_bound_0,4,asymptote_to_0_from_above,15
direction+inflection+bound,spline,high,persistent_within_tested_domain,9,1,1898769019,direction_decreasing|inflection_concave_to_convex|lower_bound_0,asymptote_to_0_from_above|direction_decreasing|inflection_concave_to_convex|lower_bound_0,4,asymptote_to_0_from_above,15
direction+inflection+bound,basis,low,limited,0,1,13193320,direction_decreasing|inflection_concave_to_convex|lower_bound_0,asymptote_to_0_from_above|direction_decreasing|inflection_concave_to_convex|lower_bound_0,4,asymptote_to_0_from_above,15
direction+inflection+bound,basis,low,limited,1,1,1453659633,direction_decreasing|inflection_concave_to_convex|lower_bound_0,asymptote_to_0_from_above|direction_decreasing|inflection_concave_to_convex|lower_bound_0,4,asymptote_to_0_from_above,15
direction+inflection+bound,basis,low,limited,2,1,2139176554,direction_decreasing|inflection_concave_to_convex|lower_bound_0,asymptote_to_0_from_above|direction_decreasing|inflection_concave_to_convex|lower_bound_0,4,asymptote_to_0_from_above,15
direction+inflection+bound,basis,low,limited,3,1,2461090634,direction_decreasing|inflection_concave_to_convex|lower_bound_0,asymptote_to_0_from_above|direction_decreasing|inflection_concave_to_convex|lower_bound_0,4,asymptote_to_0_from_above,15
direction+inflection+bound,basis,low,limited,4,1,213617948,direction_decreasing|inflection_concave_to_convex|lower_bound_0,asymptote_to_0_from_above|direction_decreasing|inflection_concave_to_convex|lower_bound_0,4,asymptote_to_0_from_above,15
direction+inflection+bound,basis,low,limited,5,1,775939554,direction_decreasing|inflection_concave_to_convex|lower_bound_0,asymptote_to_0_from_above|direction_decreasing|inflection_concave_to_convex|lower_bound_0,4,asymptote_to_0_from_above,15
direction+inflection+bound,basis,low,limited,6,1,1513325660,direction_decreasing|inflection_concave_to_convex|lower_bound_0,asymptote_to_0_from_above|direction_decreasing|inflection_concave_to_convex|lower_bound_0,4,asymptote_to_0_from_above,15
direction+inflection+bound,basis,low,limited,7,1,3307441598,direction_decreasing|inflection_concave_to_convex|lower_bound_0,asymptote_to_0_from_above|direction_decreasing|inflection_concave_to_convex|lower_bound_0,4,asymptote_to_0_from_above,15
direction+inflection+bound,basis,low,limited,8,1,2329567665,direction_decreasing|inflection_concave_to_convex|lower_bound_0,asymptote_to_0_from_above|direction_decreasing|inflection_concave_to_convex|lower_bound_0,4,asymptote_to_0_from_above,15
direction+inflection+bound,basis,low,limited,9,1,4198266310,direction_decreasing|inflection_concave_to_convex|lower_bound_0,asymptote_to_0_from_above|direction_decreasing|inflection_concave_to_convex|lower_bound_0,4,asymptote_to_0_from_above,15
direction+inflection+bound,basis,low,intermediate,0,1,3433792337,direction_decreasing|inflection_concave_to_convex|lower_bound_0,asymptote_to_0_from_above|direction_decreasing|inflection_concave_to_convex|lower_bound_0,4,asymptote_to_0_from_above,15
direction+inflection+bound,basis,low,intermediate,1,1,1429381865,direction_decreasing|inflection_concave_to_convex|lower_bound_0,asymptote_to_0_from_above|direction_decreasing|inflection_concave_to_convex|lower_bound_0,4,asymptote_to_0_from_above,15
direction+inflection+bound,basis,low,intermediate,2,1,1435872688,direction_decreasing|inflection_concave_to_convex|lower_bound_0,asymptote_to_0_from_above|direction_decreasing|inflection_concave_to_convex|lower_bound_0,4,asymptote_to_0_from_above,15
direction+inflection+bound,basis,low,intermediate,3,1,1557738457,direction_decreasing|inflection_concave_to_convex|lower_bound_0,asymptote_to_0_from_above|direction_decreasing|inflection_concave_to_convex|lower_bound_0,4,asymptote_to_0_from_above,15
direction+inflection+bound,basis,low,intermediate,4,1,276561701,direction_decreasing|inflection_concave_to_convex|lower_bound_0,asymptote_to_0_from_above|direction_decreasing|inflection_concave_to_convex|lower_bound_0,4,asymptote_to_0_from_above,15
direction+inflection+bound,basis,low,intermediate,5,1,560886270,direction_decreasing|inflection_concave_to_convex|lower_bound_0,asymptote_to_0_from_above|direction_decreasing|inflection_concave_to_convex|lower_bound_0,4,asymptote_to_0_from_above,15
direction+inflection+bound,basis,low,intermediate,6,1,3767329953,direction_decreasing|inflection_concave_to_convex|lower_bound_0,asymptote_to_0_from_above|direction_decreasing|inflection_concave_to_convex|lower_bound_0,4,asymptote_to_0_from_above,15
direction+inflection+bound,basis,low,intermediate,7,1,3741622876,direction_decreasing|inflection_concave_to_convex|lower_bound_0,asymptote_to_0_from_above|direction_decreasing|inflection_concave_to_convex|lower_bound_0,4,asymptote_to_0_from_above,15
direction+inflection+bound,basis,low,intermediate,8,1,2382203365,direction_decreasing|inflection_concave_to_convex|lower_bound_0,asymptote_to_0_from_above|direction_decreasing|inflection_concave_to_convex|lower_bound_0,4,asymptote_to_0_from_above,15
direction+inflection+bound,basis,low,intermediate,9,1,1294720877,direction_decreasing|inflection_concave_to_convex|lower_bound_0,asymptote_to_0_from_above|direction_decreasing|inflection_concave_to_convex|lower_bound_0,4,asymptote_to_0_from_above,15
direction+inflection+bound,basis,low,persistent_within_tested_domain,0,1,2671380580,direction_decreasing|inflection_concave_to_convex|lower_bound_0,asymptote_to_0_from_above|direction_decreasing|inflection_concave_to_convex|lower_bound_0,4,asymptote_to_0_from_above,15
direction+inflection+bound,basis,low,persistent_within_tested_domain,1,1,1834533199,direction_decreasing|inflection_concave_to_convex|lower_bound_0,asymptote_to_0_from_above|direction_decreasing|inflection_concave_to_convex|lower_bound_0,4,asymptote_to_0_from_above,15
direction+inflection+bound,basis,low,persistent_within_tested_domain,2,1,1262722985,direction_decreasing|inflection_concave_to_convex|lower_bound_0,asymptote_to_0_from_above|direction_decreasing|inflection_concave_to_convex|lower_bound_0,4,asymptote_to_0_from_above,15
direction+inflection+bound,basis,low,persistent_within_tested_domain,3,1,71941832,direction_decreasing|inflection_concave_to_convex|lower_bound_0,asymptote_to_0_from_above|direction_decreasing|inflection_concave_to_convex|lower_bound_0,4,asymptote_to_0_from_above,15
direction+inflection+bound,basis,low,persistent_within_tested_domain,4,1,819866172,direction_decreasing|inflection_concave_to_convex|lower_bound_0,asymptote_to_0_from_above|direction_decreasing|inflection_concave_to_convex|lower_bound_0,4,asymptote_to_0_from_above,15
direction+inflection+bound,basis,low,persistent_within_tested_domain,5,1,4013623827,direction_decreasing|inflection_concave_to_convex|lower_bound_0,asymptote_to_0_from_above|direction_decreasing|inflection_concave_to_convex|lower_bound_0,4,asymptote_to_0_from_above,15
direction+inflection+bound,basis,low,persistent_within_tested_domain,6,1,1163832584,direction_decreasing|inflection_concave_to_convex|lower_bound_0,asymptote_to_0_from_above|direction_decreasing|inflection_concave_to_convex|lower_bound_0,4,asymptote_to_0_from_above,15
direction+inflection+bound,basis,low,persistent_within_tested_domain,7,1,87022963,direction_decreasing|inflection_concave_to_convex|lower_bound_0,asymptote_to_0_from_above|direction_decreasing|inflection_concave_to_convex|lower_bound_0,4,asymptote_to_0_from_above,15
direction+inflection+bound,basis,low,persistent_within_tested_domain,8,1,2329663849,direction_decreasing|inflection_concave_to_convex|lower_bound_0,asymptote_to_0_from_above|direction_decreasing|inflection_concave_to_convex|lower_bound_0,4,asymptote_to_0_from_above,15
direction+inflection+bound,basis,low,persistent_within_tested_domain,9,1,813430778,direction_decreasing|inflection_concave_to_convex|lower_bound_0,asymptote_to_0_from_above|direction_decreasing|inflection_concave_to_convex|lower_bound_0,4,asymptote_to_0_from_above,15
direction+inflection+bound,basis,mid,limited,0,1,1650266144,direction_decreasing|inflection_concave_to_convex|lower_bound_0,asymptote_to_0_from_above|direction_decreasing|inflection_concave_to_convex|lower_bound_0,4,asymptote_to_0_from_above,15
direction+inflection+bound,basis,mid,limited,1,1,2473706683,direction_decreasing|inflection_concave_to_convex|lower_bound_0,asymptote_to_0_from_above|direction_decreasing|inflection_concave_to_convex|lower_bound_0,4,asymptote_to_0_from_above,15
direction+inflection+bound,basis,mid,limited,2,1,2284242179,direction_decreasing|inflection_concave_to_convex|lower_bound_0,asymptote_to_0_from_above|direction_decreasing|inflection_concave_to_convex|lower_bound_0,4,asymptote_to_0_from_above,15
direction+inflection+bound,basis,mid,limited,3,1,599001630,direction_decreasing|inflection_concave_to_convex|lower_bound_0,asymptote_to_0_from_above|direction_decreasing|inflection_concave_to_convex|lower_bound_0,4,asymptote_to_0_from_above,15
direction+inflection+bound,basis,mid,limited,4,1,1604258233,direction_decreasing|inflection_concave_to_convex|lower_bound_0,asymptote_to_0_from_above|direction_decreasing|inflection_concave_to_convex|lower_bound_0,4,asymptote_to_0_from_above,15
direction+inflection+bound,basis,mid,limited,5,1,565023413,direction_decreasing|inflection_concave_to_convex|lower_bound_0,asymptote_to_0_from_above|direction_decreasing|inflection_concave_to_convex|lower_bound_0,4,asymptote_to_0_from_above,15
direction+inflection+bound,basis,mid,limited,6,1,589594898,direction_decreasing|inflection_concave_to_convex|lower_bound_0,asymptote_to_0_from_above|direction_decreasing|inflection_concave_to_convex|lower_bound_0,4,asymptote_to_0_from_above,15
direction+inflection+bound,basis,mid,limited,7,1,3218717922,direction_decreasing|inflection_concave_to_convex|lower_bound_0,asymptote_to_0_from_above|direction_decreasing|inflection_concave_to_convex|lower_bound_0,4,asymptote_to_0_from_above,15
direction+inflection+bound,basis,mid,limited,8,1,438808855,direction_decreasing|inflection_concave_to_convex|lower_bound_0,asymptote_to_0_from_above|direction_decreasing|inflection_concave_to_convex|lower_bound_0,4,asymptote_to_0_from_above,15
direction+inflection+bound,basis,mid,limited,9,1,3205154007,direction_decreasing|inflection_concave_to_convex|lower_bound_0,asymptote_to_0_from_above|direction_decreasing|inflection_concave_to_convex|lower_bound_0,4,asymptote_to_0_from_above,15
direction+inflection+bound,basis,mid,intermediate,0,1,3470151098,direction_decreasing|inflection_concave_to_convex|lower_bound_0,asymptote_to_0_from_above|direction_decreasing|inflection_concave_to_convex|lower_bound_0,4,asymptote_to_0_from_above,15
direction+inflection+bound,basis,mid,intermediate,1,1,4015172852,direction_decreasing|inflection_concave_to_convex|lower_bound_0,asymptote_to_0_from_above|direction_decreasing|inflection_concave_to_convex|lower_bound_0,4,asymptote_to_0_from_above,15
direction+inflection+bound,basis,mid,intermediate,2,1,1701553014,direction_decreasing|inflection_concave_to_convex|lower_bound_0,asymptote_to_0_from_above|direction_decreasing|inflection_concave_to_convex|lower_bound_0,4,asymptote_to_0_from_above,15
direction+inflection+bound,basis,mid,intermediate,3,1,3879289179,direction_decreasing|inflection_concave_to_convex|lower_bound_0,asymptote_to_0_from_above|direction_decreasing|inflection_concave_to_convex|lower_bound_0,4,asymptote_to_0_from_above,15
direction+inflection+bound,basis,mid,intermediate,4,1,3175300247,direction_decreasing|inflection_concave_to_convex|lower_bound_0,asymptote_to_0_from_above|direction_decreasing|inflection_concave_to_convex|lower_bound_0,4,asymptote_to_0_from_above,15
direction+inflection+bound,basis,mid,intermediate,5,1,492477399,direction_decreasing|inflection_concave_to_convex|lower_bound_0,asymptote_to_0_from_above|direction_decreasing|inflection_concave_to_convex|lower_bound_0,4,asymptote_to_0_from_above,15
direction+inflection+bound,basis,mid,intermediate,6,1,4266232534,direction_decreasing|inflection_concave_to_convex|lower_bound_0,asymptote_to_0_from_above|direction_decreasing|inflection_concave_to_convex|lower_bound_0,4,asymptote_to_0_from_above,15
direction+inflection+bound,basis,mid,intermediate,7,1,4087303767,direction_decreasing|inflection_concave_to_convex|lower_bound_0,asymptote_to_0_from_above|direction_decreasing|inflection_concave_to_convex|lower_bound_0,4,asymptote_to_0_from_above,15
direction+inflection+bound,basis,mid,intermediate,8,1,106488131,direction_decreasing|inflection_concave_to_convex|lower_bound_0,asymptote_to_0_from_above|direction_decreasing|inflection_concave_to_convex|lower_bound_0,4,asymptote_to_0_from_above,15
direction+inflection+bound,basis,mid,intermediate,9,1,4087089500,direction_decreasing|inflection_concave_to_convex|lower_bound_0,asymptote_to_0_from_above|direction_decreasing|inflection_concave_to_convex|lower_bound_0,4,asymptote_to_0_from_above,15
direction+inflection+bound,basis,mid,persistent_within_tested_domain,0,1,1403627102,direction_decreasing|inflection_concave_to_convex|lower_bound_0,asymptote_to_0_from_above|direction_decreasing|inflection_concave_to_convex|lower_bound_0,4,asymptote_to_0_from_above,15
direction+inflection+bound,basis,mid,persistent_within_tested_domain,1,1,3931310688,direction_decreasing|inflection_concave_to_convex|lower_bound_0,asymptote_to_0_from_above|direction_decreasing|inflection_concave_to_convex|lower_bound_0,4,asymptote_to_0_from_above,15
direction+inflection+bound,basis,mid,persistent_within_tested_domain,2,1,3659002263,direction_decreasing|inflection_concave_to_convex|lower_bound_0,asymptote_to_0_from_above|direction_decreasing|inflection_concave_to_convex|lower_bound_0,4,asymptote_to_0_from_above,15
direction+inflection+bound,basis,mid,persistent_within_tested_domain,3,1,147868525,direction_decreasing|inflection_concave_to_convex|lower_bound_0,asymptote_to_0_from_above|direction_decreasing|inflection_concave_to_convex|lower_bound_0,4,asymptote_to_0_from_above,15
direction+inflection+bound,basis,mid,persistent_within_tested_domain,4,1,748210477,direction_decreasing|inflection_concave_to_convex|lower_bound_0,asymptote_to_0_from_above|direction_decreasing|inflection_concave_to_convex|lower_bound_0,4,asymptote_to_0_from_above,15
direction+inflection+bound,basis,mid,persistent_within_tested_domain,5,1,2478699228,direction_decreasing|inflection_concave_to_convex|lower_bound_0,asymptote_to_0_from_above|direction_decreasing|inflection_concave_to_convex|lower_bound_0,4,asymptote_to_0_from_above,15
direction+inflection+bound,basis,mid,persistent_within_tested_domain,6,1,3119008304,direction_decreasing|inflection_concave_to_convex|lower_bound_0,asymptote_to_0_from_above|direction_decreasing|inflection_concave_to_convex|lower_bound_0,4,asymptote_to_0_from_above,15
direction+inflection+bound,basis,mid,persistent_within_tested_domain,7,1,3467135481,direction_decreasing|inflection_concave_to_convex|lower_bound_0,asymptote_to_0_from_above|direction_decreasing|inflection_concave_to_convex|lower_bound_0,4,asymptote_to_0_from_above,15
direction+inflection+bound,basis,mid,persistent_within_tested_domain,8,1,3725319154,direction_decreasing|inflection_concave_to_convex|lower_bound_0,asymptote_to_0_from_above|direction_decreasing|inflection_concave_to_convex|lower_bound_0,4,asymptote_to_0_from_above,15
direction+inflection+bound,basis,mid,persistent_within_tested_domain,9,1,3018179589,direction_decreasing|inflection_concave_to_convex|lower_bound_0,asymptote_to_0_from_above|direction_decreasing|inflection_concave_to_convex|lower_bound_0,4,asymptote_to_0_from_above,15
direction+inflection+bound,basis,high,limited,0,1,1617797559,direction_decreasing|inflection_concave_to_convex|lower_bound_0,asymptote_to_0_from_above|direction_decreasing|inflection_concave_to_convex|lower_bound_0,4,asymptote_to_0_from_above,15
direction+inflection+bound,basis,high,limited,1,1,1005708173,direction_decreasing|inflection_concave_to_convex|lower_bound_0,asymptote_to_0_from_above|direction_decreasing|inflection_concave_to_convex|lower_bound_0,4,asymptote_to_0_from_above,15
direction+inflection+bound,basis,high,limited,2,1,2065966658,direction_decreasing|inflection_concave_to_convex|lower_bound_0,asymptote_to_0_from_above|direction_decreasing|inflection_concave_to_convex|lower_bound_0,4,asymptote_to_0_from_above,15
direction+inflection+bound,basis,high,limited,3,1,3722678416,direction_decreasing|inflection_concave_to_convex|lower_bound_0,asymptote_to_0_from_above|direction_decreasing|inflection_concave_to_convex|lower_bound_0,4,asymptote_to_0_from_above,15
direction+inflection+bound,basis,high,limited,4,1,1505852234,direction_decreasing|inflection_concave_to_convex|lower_bound_0,asymptote_to_0_from_above|direction_decreasing|inflection_concave_to_convex|lower_bound_0,4,asymptote_to_0_from_above,15
direction+inflection+bound,basis,high,limited,5,1,2513667658,direction_decreasing|inflection_concave_to_convex|lower_bound_0,asymptote_to_0_from_above|direction_decreasing|inflection_concave_to_convex|lower_bound_0,4,asymptote_to_0_from_above,15
direction+inflection+bound,basis,high,limited,6,1,1336521364,direction_decreasing|inflection_concave_to_convex|lower_bound_0,asymptote_to_0_from_above|direction_decreasing|inflection_concave_to_convex|lower_bound_0,4,asymptote_to_0_from_above,15
direction+inflection+bound,basis,high,limited,7,1,1451968666,direction_decreasing|inflection_concave_to_convex|lower_bound_0,asymptote_to_0_from_above|direction_decreasing|inflection_concave_to_convex|lower_bound_0,4,asymptote_to_0_from_above,15
direction+inflection+bound,basis,high,limited,8,1,935669999,direction_decreasing|inflection_concave_to_convex|lower_bound_0,asymptote_to_0_from_above|direction_decreasing|inflection_concave_to_convex|lower_bound_0,4,asymptote_to_0_from_above,15
direction+inflection+bound,basis,high,limited,9,1,3092175422,direction_decreasing|inflection_concave_to_convex|lower_bound_0,asymptote_to_0_from_above|direction_decreasing|inflection_concave_to_convex|lower_bound_0,4,asymptote_to_0_from_above,15
direction+inflection+bound,basis,high,intermediate,0,1,733865418,direction_decreasing|inflection_concave_to_convex|lower_bound_0,asymptote_to_0_from_above|direction_decreasing|inflection_concave_to_convex|lower_bound_0,4,asymptote_to_0_from_above,15
direction+inflection+bound,basis,high,intermediate,1,1,3763236779,direction_decreasing|inflection_concave_to_convex|lower_bound_0,asymptote_to_0_from_above|direction_decreasing|inflection_concave_to_convex|lower_bound_0,4,asymptote_to_0_from_above,15
direction+inflection+bound,basis,high,intermediate,2,1,1355631882,direction_decreasing|inflection_concave_to_convex|lower_bound_0,asymptote_to_0_from_above|direction_decreasing|inflection_concave_to_convex|lower_bound_0,4,asymptote_to_0_from_above,15
direction+inflection+bound,basis,high,intermediate,3,1,1416001662,direction_decreasing|inflection_concave_to_convex|lower_bound_0,asymptote_to_0_from_above|direction_decreasing|inflection_concave_to_convex|lower_bound_0,4,asymptote_to_0_from_above,15
direction+inflection+bound,basis,high,intermediate,4,1,1693991438,direction_decreasing|inflection_concave_to_convex|lower_bound_0,asymptote_to_0_from_above|direction_decreasing|inflection_concave_to_convex|lower_bound_0,4,asymptote_to_0_from_above,15
direction+inflection+bound,basis,high,intermediate,5,1,1152944845,direction_decreasing|inflection_concave_to_convex|lower_bound_0,asymptote_to_0_from_above|direction_decreasing|inflection_concave_to_convex|lower_bound_0,4,asymptote_to_0_from_above,15
direction+inflection+bound,basis,high,intermediate,6,1,3360930097,direction_decreasing|inflection_concave_to_convex|lower_bound_0,asymptote_to_0_from_above|direction_decreasing|inflection_concave_to_convex|lower_bound_0,4,asymptote_to_0_from_above,15
direction+inflection+bound,basis,high,intermediate,7,1,1557177796,direction_decreasing|inflection_concave_to_convex|lower_bound_0,asymptote_to_0_from_above|direction_decreasing|inflection_concave_to_convex|lower_bound_0,4,asymptote_to_0_from_above,15
direction+inflection+bound,basis,high,intermediate,8,1,1496122277,direction_decreasing|inflection_concave_to_convex|lower_bound_0,asymptote_to_0_from_above|direction_decreasing|inflection_concave_to_convex|lower_bound_0,4,asymptote_to_0_from_above,15
direction+inflection+bound,basis,high,intermediate,9,1,1323874452,direction_decreasing|inflection_concave_to_convex|lower_bound_0,asymptote_to_0_from_above|direction_decreasing|inflection_concave_to_convex|lower_bound_0,4,asymptote_to_0_from_above,15
direction+inflection+bound,basis,high,persistent_within_tested_domain,0,1,2341711135,direction_decreasing|inflection_concave_to_convex|lower_bound_0,asymptote_to_0_from_above|direction_decreasing|inflection_concave_to_convex|lower_bound_0,4,asymptote_to_0_from_above,15
direction+inflection+bound,basis,high,persistent_within_tested_domain,1,1,4233897630,direction_decreasing|inflection_concave_to_convex|lower_bound_0,asymptote_to_0_from_above|direction_decreasing|inflection_concave_to_convex|lower_bound_0,4,asymptote_to_0_from_above,15
direction+inflection+bound,basis,high,persistent_within_tested_domain,2,1,3900738453,direction_decreasing|inflection_concave_to_convex|lower_bound_0,asymptote_to_0_from_above|direction_decreasing|inflection_concave_to_convex|lower_bound_0,4,asymptote_to_0_from_above,15
direction+inflection+bound,basis,high,persistent_within_tested_domain,3,1,3666245932,direction_decreasing|inflection_concave_to_convex|lower_bound_0,asymptote_to_0_from_above|direction_decreasing|inflection_concave_to_convex|lower_bound_0,4,asymptote_to_0_from_above,15
direction+inflection+bound,basis,high,persistent_within_tested_domain,4,1,2519021047,direction_decreasing|inflection_concave_to_convex|lower_bound_0,asymptote_to_0_from_above|direction_decreasing|inflection_concave_to_convex|lower_bound_0,4,asymptote_to_0_from_above,15
direction+inflection+bound,basis,high,persistent_within_tested_domain,5,1,1161460598,direction_decreasing|inflection_concave_to_convex|lower_bound_0,asymptote_to_0_from_above|direction_decreasing|inflection_concave_to_convex|lower_bound_0,4,asymptote_to_0_from_above,15
direction+inflection+bound,basis,high,persistent_within_tested_domain,6,1,2025613823,direction_decreasing|inflection_concave_to_convex|lower_bound_0,asymptote_to_0_from_above|direction_decreasing|inflection_concave_to_convex|lower_bound_0,4,asymptote_to_0_from_above,15
direction+inflection+bound,basis,high,persistent_within_tested_domain,7,1,2098194280,direction_decreasing|inflection_concave_to_convex|lower_bound_0,asymptote_to_0_from_above|direction_decreasing|inflection_concave_to_convex|lower_bound_0,4,asymptote_to_0_from_above,15
direction+inflection+bound,basis,high,persistent_within_tested_domain,8,1,1099885583,direction_decreasing|inflection_concave_to_convex|lower_bound_0,asymptote_to_0_from_above|direction_decreasing|inflection_concave_to_convex|lower_bound_0,4,asymptote_to_0_from_above,15
direction+inflection+bound,basis,high,persistent_within_tested_domain,9,1,3183478214,direction_decreasing|inflection_concave_to_convex|lower_bound_0,asymptote_to_0_from_above|direction_decreasing|inflection_concave_to_convex|lower_bound_0,4,asymptote_to_0_from_above,15
direction+inflection+bound,ode,low,limited,0,1,2610007625,direction_decreasing|inflection_concave_to_convex|lower_bound_0,asymptote_to_0_from_above|direction_decreasing|inflection_concave_to_convex|lower_bound_0,4,asymptote_to_0_from_above,15
direction+inflection+bound,ode,low,limited,1,1,2527488783,direction_decreasing|inflection_concave_to_convex|lower_bound_0,asymptote_to_0_from_above|direction_decreasing|inflection_concave_to_convex|lower_bound_0,4,asymptote_to_0_from_above,15
direction+inflection+bound,ode,low,limited,2,1,1522661185,direction_decreasing|inflection_concave_to_convex|lower_bound_0,asymptote_to_0_from_above|direction_decreasing|inflection_concave_to_convex|lower_bound_0,4,asymptote_to_0_from_above,15
direction+inflection+bound,ode,low,limited,3,1,1734584430,direction_decreasing|inflection_concave_to_convex|lower_bound_0,asymptote_to_0_from_above|direction_decreasing|inflection_concave_to_convex|lower_bound_0,4,asymptote_to_0_from_above,15
direction+inflection+bound,ode,low,limited,4,1,1540584502,direction_decreasing|inflection_concave_to_convex|lower_bound_0,asymptote_to_0_from_above|direction_decreasing|inflection_concave_to_convex|lower_bound_0,4,asymptote_to_0_from_above,15
direction+inflection+bound,ode,low,limited,5,1,2493823487,direction_decreasing|inflection_concave_to_convex|lower_bound_0,asymptote_to_0_from_above|direction_decreasing|inflection_concave_to_convex|lower_bound_0,4,asymptote_to_0_from_above,15
direction+inflection+bound,ode,low,limited,6,1,2874116646,direction_decreasing|inflection_concave_to_convex|lower_bound_0,asymptote_to_0_from_above|direction_decreasing|inflection_concave_to_convex|lower_bound_0,4,asymptote_to_0_from_above,15
direction+inflection+bound,ode,low,limited,7,1,1369728268,direction_decreasing|inflection_concave_to_convex|lower_bound_0,asymptote_to_0_from_above|direction_decreasing|inflection_concave_to_convex|lower_bound_0,4,asymptote_to_0_from_above,15
direction+inflection+bound,ode,low,limited,8,1,1270390188,direction_decreasing|inflection_concave_to_convex|lower_bound_0,asymptote_to_0_from_above|direction_decreasing|inflection_concave_to_convex|lower_bound_0,4,asymptote_to_0_from_above,15
direction+inflection+bound,ode,low,limited,9,1,505506932,direction_decreasing|inflection_concave_to_convex|lower_bound_0,asymptote_to_0_from_above|direction_decreasing|inflection_concave_to_convex|lower_bound_0,4,asymptote_to_0_from_above,15
direction+inflection+bound,ode,low,intermediate,0,1,1271017201,direction_decreasing|inflection_concave_to_convex|lower_bound_0,asymptote_to_0_from_above|direction_decreasing|inflection_concave_to_convex|lower_bound_0,4,asymptote_to_0_from_above,15
direction+inflection+bound,ode,low,intermediate,1,1,2030293461,direction_decreasing|inflection_concave_to_convex|lower_bound_0,asymptote_to_0_from_above|direction_decreasing|inflection_concave_to_convex|lower_bound_0,4,asymptote_to_0_from_above,15
direction+inflection+bound,ode,low,intermediate,2,1,1687724104,direction_decreasing|inflection_concave_to_convex|lower_bound_0,asymptote_to_0_from_above|direction_decreasing|inflection_concave_to_convex|lower_bound_0,4,asymptote_to_0_from_above,15
direction+inflection+bound,ode,low,intermediate,3,1,2978944834,direction_decreasing|inflection_concave_to_convex|lower_bound_0,asymptote_to_0_from_above|direction_decreasing|inflection_concave_to_convex|lower_bound_0,4,asymptote_to_0_from_above,15
direction+inflection+bound,ode,low,intermediate,4,1,3774599359,direction_decreasing|inflection_concave_to_convex|lower_bound_0,asymptote_to_0_from_above|direction_decreasing|inflection_concave_to_convex|lower_bound_0,4,asymptote_to_0_from_above,15
direction+inflection+bound,ode,low,intermediate,5,1,10133025,direction_decreasing|inflection_concave_to_convex|lower_bound_0,asymptote_to_0_from_above|direction_decreasing|inflection_concave_to_convex|lower_bound_0,4,asymptote_to_0_from_above,15
direction+inflection+bound,ode,low,intermediate,6,1,3013196578,direction_decreasing|inflection_concave_to_convex|lower_bound_0,asymptote_to_0_from_above|direction_decreasing|inflection_concave_to_convex|lower_bound_0,4,asymptote_to_0_from_above,15
direction+inflection+bound,ode,low,intermediate,7,1,3612111018,direction_decreasing|inflection_concave_to_convex|lower_bound_0,asymptote_to_0_from_above|direction_decreasing|inflection_concave_to_convex|lower_bound_0,4,asymptote_to_0_from_above,15
direction+inflection+bound,ode,low,intermediate,8,1,1117045617,direction_decreasing|inflection_concave_to_convex|lower_bound_0,asymptote_to_0_from_above|direction_decreasing|inflection_concave_to_convex|lower_bound_0,4,asymptote_to_0_from_above,15
direction+inflection+bound,ode,low,intermediate,9,1,347958371,direction_decreasing|inflection_concave_to_convex|lower_bound_0,asymptote_to_0_from_above|direction_decreasing|inflection_concave_to_convex|lower_bound_0,4,asymptote_to_0_from_above,15
direction+inflection+bound,ode,low,persistent_within_tested_domain,0,1,3914979649,direction_decreasing|inflection_concave_to_convex|lower_bound_0,asymptote_to_0_from_above|direction_decreasing|inflection_concave_to_convex|lower_bound_0,4,asymptote_to_0_from_above,15
direction+inflection+bound,ode,low,persistent_within_tested_domain,1,1,2914525058,direction_decreasing|inflection_concave_to_convex|lower_bound_0,asymptote_to_0_from_above|direction_decreasing|inflection_concave_to_convex|lower_bound_0,4,asymptote_to_0_from_above,15
direction+inflection+bound,ode,low,persistent_within_tested_domain,2,1,1168279375,direction_decreasing|inflection_concave_to_convex|lower_bound_0,asymptote_to_0_from_above|direction_decreasing|inflection_concave_to_convex|lower_bound_0,4,asymptote_to_0_from_above,15
direction+inflection+bound,ode,low,persistent_within_tested_domain,3,1,2022765633,direction_decreasing|inflection_concave_to_convex|lower_bound_0,asymptote_to_0_from_above|direction_decreasing|inflection_concave_to_convex|lower_bound_0,4,asymptote_to_0_from_above,15
direction+inflection+bound,ode,low,persistent_within_tested_domain,4,1,561289136,direction_decreasing|inflection_concave_to_convex|lower_bound_0,asymptote_to_0_from_above|direction_decreasing|inflection_concave_to_convex|lower_bound_0,4,asymptote_to_0_from_above,15
direction+inflection+bound,ode,low,persistent_within_tested_domain,5,1,2164981681,direction_decreasing|inflection_concave_to_convex|lower_bound_0,asymptote_to_0_from_above|direction_decreasing|inflection_concave_to_convex|lower_bound_0,4,asymptote_to_0_from_above,15
direction+inflection+bound,ode,low,persistent_within_tested_domain,6,1,3110716755,direction_decreasing|inflection_concave_to_convex|lower_bound_0,asymptote_to_0_from_above|direction_decreasing|inflection_concave_to_convex|lower_bound_0,4,asymptote_to_0_from_above,15
direction+inflection+bound,ode,low,persistent_within_tested_domain,7,1,432163913,direction_decreasing|inflection_concave_to_convex|lower_bound_0,asymptote_to_0_from_above|direction_decreasing|inflection_concave_to_convex|lower_bound_0,4,asymptote_to_0_from_above,15
direction+inflection+bound,ode,low,persistent_within_tested_domain,8,1,2984426013,direction_decreasing|inflection_concave_to_convex|lower_bound_0,asymptote_to_0_from_above|direction_decreasing|inflection_concave_to_convex|lower_bound_0,4,asymptote_to_0_from_above,15
direction+inflection+bound,ode,low,persistent_within_tested_domain,9,1,3742024946,direction_decreasing|inflection_concave_to_convex|lower_bound_0,asymptote_to_0_from_above|direction_decreasing|inflection_concave_to_convex|lower_bound_0,4,asymptote_to_0_from_above,15
direction+inflection+bound,ode,mid,limited,0,1,206486813,direction_decreasing|inflection_concave_to_convex|lower_bound_0,asymptote_to_0_from_above|direction_decreasing|inflection_concave_to_convex|lower_bound_0,4,asymptote_to_0_from_above,15
direction+inflection+bound,ode,mid,limited,1,1,385186563,direction_decreasing|inflection_concave_to_convex|lower_bound_0,asymptote_to_0_from_above|direction_decreasing|inflection_concave_to_convex|lower_bound_0,4,asymptote_to_0_from_above,15
direction+inflection+bound,ode,mid,limited,2,1,3865401141,direction_decreasing|inflection_concave_to_convex|lower_bound_0,asymptote_to_0_from_above|direction_decreasing|inflection_concave_to_convex|lower_bound_0,4,asymptote_to_0_from_above,15
direction+inflection+bound,ode,mid,limited,3,1,3602345383,direction_decreasing|inflection_concave_to_convex|lower_bound_0,asymptote_to_0_from_above|direction_decreasing|inflection_concave_to_convex|lower_bound_0,4,asymptote_to_0_from_above,15
direction+inflection+bound,ode,mid,limited,4,1,1483669473,direction_decreasing|inflection_concave_to_convex|lower_bound_0,asymptote_to_0_from_above|direction_decreasing|inflection_concave_to_convex|lower_bound_0,4,asymptote_to_0_from_above,15
direction+inflection+bound,ode,mid,limited,5,1,3385827852,direction_decreasing|inflection_concave_to_convex|lower_bound_0,asymptote_to_0_from_above|direction_decreasing|inflection_concave_to_convex|lower_bound_0,4,asymptote_to_0_from_above,15
direction+inflection+bound,ode,mid,limited,6,1,380510733,direction_decreasing|inflection_concave_to_convex|lower_bound_0,asymptote_to_0_from_above|direction_decreasing|inflection_concave_to_convex|lower_bound_0,4,asymptote_to_0_from_above,15
direction+inflection+bound,ode,mid,limited,7,1,201149041,direction_decreasing|inflection_concave_to_convex|lower_bound_0,asymptote_to_0_from_above|direction_decreasing|inflection_concave_to_convex|lower_bound_0,4,asymptote_to_0_from_above,15
direction+inflection+bound,ode,mid,limited,8,1,2168409708,direction_decreasing|inflection_concave_to_convex|lower_bound_0,asymptote_to_0_from_above|direction_decreasing|inflection_concave_to_convex|lower_bound_0,4,asymptote_to_0_from_above,15
direction+inflection+bound,ode,mid,limited,9,1,1075002875,direction_decreasing|inflection_concave_to_convex|lower_bound_0,asymptote_to_0_from_above|direction_decreasing|inflection_concave_to_convex|lower_bound_0,4,asymptote_to_0_from_above,15
direction+inflection+bound,ode,mid,intermediate,0,1,443755522,direction_decreasing|inflection_concave_to_convex|lower_bound_0,asymptote_to_0_from_above|direction_decreasing|inflection_concave_to_convex|lower_bound_0,4,asymptote_to_0_from_above,15
direction+inflection+bound,ode,mid,intermediate,1,1,2420662823,direction_decreasing|inflection_concave_to_convex|lower_bound_0,asymptote_to_0_from_above|direction_decreasing|inflection_concave_to_convex|lower_bound_0,4,asymptote_to_0_from_above,15
direction+inflection+bound,ode,mid,intermediate,2,1,3880451430,direction_decreasing|inflection_concave_to_convex|lower_bound_0,asymptote_to_0_from_above|direction_decreasing|inflection_concave_to_convex|lower_bound_0,4,asymptote_to_0_from_above,15
direction+inflection+bound,ode,mid,intermediate,3,1,3292629715,direction_decreasing|inflection_concave_to_convex|lower_bound_0,asymptote_to_0_from_above|direction_decreasing|inflection_concave_to_convex|lower_bound_0,4,asymptote_to_0_from_above,15
direction+inflection+bound,ode,mid,intermediate,4,1,2722177490,direction_decreasing|inflection_concave_to_convex|lower_bound_0,asymptote_to_0_from_above|direction_decreasing|inflection_concave_to_convex|lower_bound_0,4,asymptote_to_0_from_above,15
direction+inflection+bound,ode,mid,intermediate,5,1,3536872922,direction_decreasing|inflection_concave_to_convex|lower_bound_0,asymptote_to_0_from_above|direction_decreasing|inflection_concave_to_convex|lower_bound_0,4,asymptote_to_0_from_above,15
direction+inflection+bound,ode,mid,intermediate,6,1,3221046032,direction_decreasing|inflection_concave_to_convex|lower_bound_0,asymptote_to_0_from_above|direction_decreasing|inflection_concave_to_convex|lower_bound_0,4,asymptote_to_0_from_above,15
direction+inflection+bound,ode,mid,intermediate,7,1,523497832,direction_decreasing|inflection_concave_to_convex|lower_bound_0,asymptote_to_0_from_above|direction_decreasing|inflection_concave_to_convex|lower_bound_0,4,asymptote_to_0_from_above,15
direction+inflection+bound,ode,mid,intermediate,8,1,4167284593,direction_decreasing|inflection_concave_to_convex|lower_bound_0,asymptote_to_0_from_above|direction_decreasing|inflection_concave_to_convex|lower_bound_0,4,asymptote_to_0_from_above,15
direction+inflection+bound,ode,mid,intermediate,9,1,2152052287,direction_decreasing|inflection_concave_to_convex|lower_bound_0,asymptote_to_0_from_above|direction_decreasing|inflection_concave_to_convex|lower_bound_0,4,asymptote_to_0_from_above,15
direction+inflection+bound,ode,mid,persistent_within_tested_domain,0,1,1101665386,direction_decreasing|inflection_concave_to_convex|lower_bound_0,asymptote_to_0_from_above|direction_decreasing|inflection_concave_to_convex|lower_bound_0,4,asymptote_to_0_from_above,15
direction+inflection+bound,ode,mid,persistent_within_tested_domain,1,1,3008000911,direction_decreasing|inflection_concave_to_convex|lower_bound_0,asymptote_to_0_from_above|direction_decreasing|inflection_concave_to_convex|lower_bound_0,4,asymptote_to_0_from_above,15
direction+inflection+bound,ode,mid,persistent_within_tested_domain,2,1,3953471964,direction_decreasing|inflection_concave_to_convex|lower_bound_0,asymptote_to_0_from_above|direction_decreasing|inflection_concave_to_convex|lower_bound_0,4,asymptote_to_0_from_above,15
direction+inflection+bound,ode,mid,persistent_within_tested_domain,3,1,3776612198,direction_decreasing|inflection_concave_to_convex|lower_bound_0,asymptote_to_0_from_above|direction_decreasing|inflection_concave_to_convex|lower_bound_0,4,asymptote_to_0_from_above,15
direction+inflection+bound,ode,mid,persistent_within_tested_domain,4,1,705973034,direction_decreasing|inflection_concave_to_convex|lower_bound_0,asymptote_to_0_from_above|direction_decreasing|inflection_concave_to_convex|lower_bound_0,4,asymptote_to_0_from_above,15
direction+inflection+bound,ode,mid,persistent_within_tested_domain,5,1,3523202064,direction_decreasing|inflection_concave_to_convex|lower_bound_0,asymptote_to_0_from_above|direction_decreasing|inflection_concave_to_convex|lower_bound_0,4,asymptote_to_0_from_above,15
direction+inflection+bound,ode,mid,persistent_within_tested_domain,6,1,358369802,direction_decreasing|inflection_concave_to_convex|lower_bound_0,asymptote_to_0_from_above|direction_decreasing|inflection_concave_to_convex|lower_bound_0,4,asymptote_to_0_from_above,15
direction+inflection+bound,ode,mid,persistent_within_tested_domain,7,1,3301709614,direction_decreasing|inflection_concave_to_convex|lower_bound_0,asymptote_to_0_from_above|direction_decreasing|inflection_concave_to_convex|lower_bound_0,4,asymptote_to_0_from_above,15
direction+inflection+bound,ode,mid,persistent_within_tested_domain,8,1,3581096879,direction_decreasing|inflection_concave_to_convex|lower_bound_0,asymptote_to_0_from_above|direction_decreasing|inflection_concave_to_convex|lower_bound_0,4,asymptote_to_0_from_above,15
direction+inflection+bound,ode,mid,persistent_within_tested_domain,9,1,1368733078,direction_decreasing|inflection_concave_to_convex|lower_bound_0,asymptote_to_0_from_above|direction_decreasing|inflection_concave_to_convex|lower_bound_0,4,asymptote_to_0_from_above,15
direction+inflection+bound,ode,high,limited,0,1,2332808494,direction_decreasing|inflection_concave_to_convex|lower_bound_0,asymptote_to_0_from_above|direction_decreasing|inflection_concave_to_convex|lower_bound_0,4,asymptote_to_0_from_above,15
direction+inflection+bound,ode,high,limited,1,1,1197743428,direction_decreasing|inflection_concave_to_convex|lower_bound_0,asymptote_to_0_from_above|direction_decreasing|inflection_concave_to_convex|lower_bound_0,4,asymptote_to_0_from_above,15
direction+inflection+bound,ode,high,limited,2,1,3539626202,direction_decreasing|inflection_concave_to_convex|lower_bound_0,asymptote_to_0_from_above|direction_decreasing|inflection_concave_to_convex|lower_bound_0,4,asymptote_to_0_from_above,15
direction+inflection+bound,ode,high,limited,3,1,810073628,direction_decreasing|inflection_concave_to_convex|lower_bound_0,asymptote_to_0_from_above|direction_decreasing|inflection_concave_to_convex|lower_bound_0,4,asymptote_to_0_from_above,15
direction+inflection+bound,ode,high,limited,4,1,53345434,direction_decreasing|inflection_concave_to_convex|lower_bound_0,asymptote_to_0_from_above|direction_decreasing|inflection_concave_to_convex|lower_bound_0,4,asymptote_to_0_from_above,15
direction+inflection+bound,ode,high,limited,5,1,2570390370,direction_decreasing|inflection_concave_to_convex|lower_bound_0,asymptote_to_0_from_above|direction_decreasing|inflection_concave_to_convex|lower_bound_0,4,asymptote_to_0_from_above,15
direction+inflection+bound,ode,high,limited,6,1,2004229697,direction_decreasing|inflection_concave_to_convex|lower_bound_0,asymptote_to_0_from_above|direction_decreasing|inflection_concave_to_convex|lower_bound_0,4,asymptote_to_0_from_above,15
direction+inflection+bound,ode,high,limited,7,1,4075951037,direction_decreasing|inflection_concave_to_convex|lower_bound_0,asymptote_to_0_from_above|direction_decreasing|inflection_concave_to_convex|lower_bound_0,4,asymptote_to_0_from_above,15
direction+inflection+bound,ode,high,limited,8,1,3412723645,direction_decreasing|inflection_concave_to_convex|lower_bound_0,asymptote_to_0_from_above|direction_decreasing|inflection_concave_to_convex|lower_bound_0,4,asymptote_to_0_from_above,15
direction+inflection+bound,ode,high,limited,9,1,3571701983,direction_decreasing|inflection_concave_to_convex|lower_bound_0,asymptote_to_0_from_above|direction_decreasing|inflection_concave_to_convex|lower_bound_0,4,asymptote_to_0_from_above,15
direction+inflection+bound,ode,high,intermediate,0,1,1664897274,direction_decreasing|inflection_concave_to_convex|lower_bound_0,asymptote_to_0_from_above|direction_decreasing|inflection_concave_to_convex|lower_bound_0,4,asymptote_to_0_from_above,15
direction+inflection+bound,ode,high,intermediate,1,1,214996077,direction_decreasing|inflection_concave_to_convex|lower_bound_0,asymptote_to_0_from_above|direction_decreasing|inflection_concave_to_convex|lower_bound_0,4,asymptote_to_0_from_above,15
direction+inflection+bound,ode,high,intermediate,2,1,3829378647,direction_decreasing|inflection_concave_to_convex|lower_bound_0,asymptote_to_0_from_above|direction_decreasing|inflection_concave_to_convex|lower_bound_0,4,asymptote_to_0_from_above,15
direction+inflection+bound,ode,high,intermediate,3,1,2670923257,direction_decreasing|inflection_concave_to_convex|lower_bound_0,asymptote_to_0_from_above|direction_decreasing|inflection_concave_to_convex|lower_bound_0,4,asymptote_to_0_from_above,15
direction+inflection+bound,ode,high,intermediate,4,1,965580853,direction_decreasing|inflection_concave_to_convex|lower_bound_0,asymptote_to_0_from_above|direction_decreasing|inflection_concave_to_convex|lower_bound_0,4,asymptote_to_0_from_above,15
direction+inflection+bound,ode,high,intermediate,5,1,1784192732,direction_decreasing|inflection_concave_to_convex|lower_bound_0,asymptote_to_0_from_above|direction_decreasing|inflection_concave_to_convex|lower_bound_0,4,asymptote_to_0_from_above,15
direction+inflection+bound,ode,high,intermediate,6,1,2710370816,direction_decreasing|inflection_concave_to_convex|lower_bound_0,asymptote_to_0_from_above|direction_decreasing|inflection_concave_to_convex|lower_bound_0,4,asymptote_to_0_from_above,15
direction+inflection+bound,ode,high,intermediate,7,1,2938268829,direction_decreasing|inflection_concave_to_convex|lower_bound_0,asymptote_to_0_from_above|direction_decreasing|inflection_concave_to_convex|lower_bound_0,4,asymptote_to_0_from_above,15
direction+inflection+bound,ode,high,intermediate,8,1,2018790049,direction_decreasing|inflection_concave_to_convex|lower_bound_0,asymptote_to_0_from_above|direction_decreasing|inflection_concave_to_convex|lower_bound_0,4,asymptote_to_0_from_above,15
direction+inflection+bound,ode,high,intermediate,9,1,3885463793,direction_decreasing|inflection_concave_to_convex|lower_bound_0,asymptote_to_0_from_above|direction_decreasing|inflection_concave_to_convex|lower_bound_0,4,asymptote_to_0_from_above,15
direction+inflection+bound,ode,high,persistent_within_tested_domain,0,1,2460377400,direction_decreasing|inflection_concave_to_convex|lower_bound_0,asymptote_to_0_from_above|direction_decreasing|inflection_concave_to_convex|lower_bound_0,4,asymptote_to_0_from_above,15
direction+inflection+bound,ode,high,persistent_within_tested_domain,1,1,2181653002,direction_decreasing|inflection_concave_to_convex|lower_bound_0,asymptote_to_0_from_above|direction_decreasing|inflection_concave_to_convex|lower_bound_0,4,asymptote_to_0_from_above,15
direction+inflection+bound,ode,high,persistent_within_tested_domain,2,1,1203225894,direction_decreasing|inflection_concave_to_convex|lower_bound_0,asymptote_to_0_from_above|direction_decreasing|inflection_concave_to_convex|lower_bound_0,4,asymptote_to_0_from_above,15
direction+inflection+bound,ode,high,persistent_within_tested_domain,3,1,2673543408,direction_decreasing|inflection_concave_to_convex|lower_bound_0,asymptote_to_0_from_above|direction_decreasing|inflection_concave_to_convex|lower_bound_0,4,asymptote_to_0_from_above,15
direction+inflection+bound,ode,high,persistent_within_tested_domain,4,1,3237821930,direction_decreasing|inflection_concave_to_convex|lower_bound_0,asymptote_to_0_from_above|direction_decreasing|inflection_concave_to_convex|lower_bound_0,4,asymptote_to_0_from_above,15
direction+inflection+bound,ode,high,persistent_within_tested_domain,5,1,3070233800,direction_decreasing|inflection_concave_to_convex|lower_bound_0,asymptote_to_0_from_above|direction_decreasing|inflection_concave_to_convex|lower_bound_0,4,asymptote_to_0_from_above,15
direction+inflection+bound,ode,high,persistent_within_tested_domain,6,1,900853440,direction_decreasing|inflection_concave_to_convex|lower_bound_0,asymptote_to_0_from_above|direction_decreasing|inflection_concave_to_convex|lower_bound_0,4,asymptote_to_0_from_above,15
direction+inflection+bound,ode,high,persistent_within_tested_domain,7,1,2308404243,direction_decreasing|inflection_concave_to_convex|lower_bound_0,asymptote_to_0_from_above|direction_decreasing|inflection_concave_to_convex|lower_bound_0,4,asymptote_to_0_from_above,15
direction+inflection+bound,ode,high,persistent_within_tested_domain,8,1,778614421,direction_decreasing|inflection_concave_to_convex|lower_bound_0,asymptote_to_0_from_above|direction_decreasing|inflection_concave_to_convex|lower_bound_0,4,asymptote_to_0_from_above,15
direction+inflection+bound,ode,high,persistent_within_tested_domain,9,1,2953682445,direction_decreasing|inflection_concave_to_convex|lower_bound_0,asymptote_to_0_from_above|direction_decreasing|inflection_concave_to_convex|lower_bound_0,4,asymptote_to_0_from_above,15
direction+inflection+asymptote,spline,low,limited,0,1,483710855,asymptote_to_0_from_above|direction_decreasing|inflection_concave_to_convex,asymptote_to_0_from_above|direction_decreasing|inflection_concave_to_convex|lower_bound_0,4,lower_bound_0,15
direction+inflection+asymptote,spline,low,limited,1,1,995905766,asymptote_to_0_from_above|direction_decreasing|inflection_concave_to_convex,asymptote_to_0_from_above|direction_decreasing|inflection_concave_to_convex|lower_bound_0,4,lower_bound_0,15
direction+inflection+asymptote,spline,low,limited,2,1,539240503,asymptote_to_0_from_above|direction_decreasing|inflection_concave_to_convex,asymptote_to_0_from_above|direction_decreasing|inflection_concave_to_convex|lower_bound_0,4,lower_bound_0,15
direction+inflection+asymptote,spline,low,limited,3,1,3602572030,asymptote_to_0_from_above|direction_decreasing|inflection_concave_to_convex,asymptote_to_0_from_above|direction_decreasing|inflection_concave_to_convex|lower_bound_0,4,lower_bound_0,15
direction+inflection+asymptote,spline,low,limited,4,1,3110202112,asymptote_to_0_from_above|direction_decreasing|inflection_concave_to_convex,asymptote_to_0_from_above|direction_decreasing|inflection_concave_to_convex|lower_bound_0,4,lower_bound_0,15
direction+inflection+asymptote,spline,low,limited,5,1,4171128626,asymptote_to_0_from_above|direction_decreasing|inflection_concave_to_convex,asymptote_to_0_from_above|direction_decreasing|inflection_concave_to_convex|lower_bound_0,4,lower_bound_0,15
direction+inflection+asymptote,spline,low,limited,6,1,2498500415,asymptote_to_0_from_above|direction_decreasing|inflection_concave_to_convex,asymptote_to_0_from_above|direction_decreasing|inflection_concave_to_convex|lower_bound_0,4,lower_bound_0,15
direction+inflection+asymptote,spline,low,limited,7,1,1184936258,asymptote_to_0_from_above|direction_decreasing|inflection_concave_to_convex,asymptote_to_0_from_above|direction_decreasing|inflection_concave_to_convex|lower_bound_0,4,lower_bound_0,15
direction+inflection+asymptote,spline,low,limited,8,1,2370441592,asymptote_to_0_from_above|direction_decreasing|inflection_concave_to_convex,asymptote_to_0_from_above|direction_decreasing|inflection_concave_to_convex|lower_bound_0,4,lower_bound_0,15
direction+inflection+asymptote,spline,low,limited,9,1,2123220624,asymptote_to_0_from_above|direction_decreasing|inflection_concave_to_convex,asymptote_to_0_from_above|direction_decreasing|inflection_concave_to_convex|lower_bound_0,4,lower_bound_0,15
direction+inflection+asymptote,spline,low,intermediate,0,1,1136106563,asymptote_to_0_from_above|direction_decreasing|inflection_concave_to_convex,asymptote_to_0_from_above|direction_decreasing|inflection_concave_to_convex|lower_bound_0,4,lower_bound_0,15
direction+inflection+asymptote,spline,low,intermediate,1,1,2192605265,asymptote_to_0_from_above|direction_decreasing|inflection_concave_to_convex,asymptote_to_0_from_above|direction_decreasing|inflection_concave_to_convex|lower_bound_0,4,lower_bound_0,15
direction+inflection+asymptote,spline,low,intermediate,2,1,3679233568,asymptote_to_0_from_above|direction_decreasing|inflection_concave_to_convex,asymptote_to_0_from_above|direction_decreasing|inflection_concave_to_convex|lower_bound_0,4,lower_bound_0,15
direction+inflection+asymptote,spline,low,intermediate,3,1,3265266644,asymptote_to_0_from_above|direction_decreasing|inflection_concave_to_convex,asymptote_to_0_from_above|direction_decreasing|inflection_concave_to_convex|lower_bound_0,4,lower_bound_0,15
direction+inflection+asymptote,spline,low,intermediate,4,1,1985728725,asymptote_to_0_from_above|direction_decreasing|inflection_concave_to_convex,asymptote_to_0_from_above|direction_decreasing|inflection_concave_to_convex|lower_bound_0,4,lower_bound_0,15
direction+inflection+asymptote,spline,low,intermediate,5,1,3352356894,asymptote_to_0_from_above|direction_decreasing|inflection_concave_to_convex,asymptote_to_0_from_above|direction_decreasing|inflection_concave_to_convex|lower_bound_0,4,lower_bound_0,15
direction+inflection+asymptote,spline,low,intermediate,6,1,804507031,asymptote_to_0_from_above|direction_decreasing|inflection_concave_to_convex,asymptote_to_0_from_above|direction_decreasing|inflection_concave_to_convex|lower_bound_0,4,lower_bound_0,15
direction+inflection+asymptote,spline,low,intermediate,7,1,511094286,asymptote_to_0_from_above|direction_decreasing|inflection_concave_to_convex,asymptote_to_0_from_above|direction_decreasing|inflection_concave_to_convex|lower_bound_0,4,lower_bound_0,15
direction+inflection+asymptote,spline,low,intermediate,8,1,1354102524,asymptote_to_0_from_above|direction_decreasing|inflection_concave_to_convex,asymptote_to_0_from_above|direction_decreasing|inflection_concave_to_convex|lower_bound_0,4,lower_bound_0,15
direction+inflection+asymptote,spline,low,intermediate,9,1,1302309484,asymptote_to_0_from_above|direction_decreasing|inflection_concave_to_convex,asymptote_to_0_from_above|direction_decreasing|inflection_concave_to_convex|lower_bound_0,4,lower_bound_0,15
direction+inflection+asymptote,spline,low,persistent_within_tested_domain,0,1,3597651042,asymptote_to_0_from_above|direction_decreasing|inflection_concave_to_convex,asymptote_to_0_from_above|direction_decreasing|inflection_concave_to_convex|lower_bound_0,4,lower_bound_0,15
direction+inflection+asymptote,spline,low,persistent_within_tested_domain,1,1,3324981963,asymptote_to_0_from_above|direction_decreasing|inflection_concave_to_convex,asymptote_to_0_from_above|direction_decreasing|inflection_concave_to_convex|lower_bound_0,4,lower_bound_0,15
direction+inflection+asymptote,spline,low,persistent_within_tested_domain,2,1,3623024255,asymptote_to_0_from_above|direction_decreasing|inflection_concave_to_convex,asymptote_to_0_from_above|direction_decreasing|inflection_concave_to_convex|lower_bound_0,4,lower_bound_0,15
direction+inflection+asymptote,spline,low,persistent_within_tested_domain,3,1,2284255019,asymptote_to_0_from_above|direction_decreasing|inflection_concave_to_convex,asymptote_to_0_from_above|direction_decreasing|inflection_concave_to_convex|lower_bound_0,4,lower_bound_0,15
direction+inflection+asymptote,spline,low,persistent_within_tested_domain,4,1,462605847,asymptote_to_0_from_above|direction_decreasing|inflection_concave_to_convex,asymptote_to_0_from_above|direction_decreasing|inflection_concave_to_convex|lower_bound_0,4,lower_bound_0,15
direction+inflection+asymptote,spline,low,persistent_within_tested_domain,5,1,4046455320,asymptote_to_0_from_above|direction_decreasing|inflection_concave_to_convex,asymptote_to_0_from_above|direction_decreasing|inflection_concave_to_convex|lower_bound_0,4,lower_bound_0,15
direction+inflection+asymptote,spline,low,persistent_within_tested_domain,6,1,868444052,asymptote_to_0_from_above|direction_decreasing|inflection_concave_to_convex,asymptote_to_0_from_above|direction_decreasing|inflection_concave_to_convex|lower_bound_0,4,lower_bound_0,15
direction+inflection+asymptote,spline,low,persistent_within_tested_domain,7,1,2785174918,asymptote_to_0_from_above|direction_decreasing|inflection_concave_to_convex,asymptote_to_0_from_above|direction_decreasing|inflection_concave_to_convex|lower_bound_0,4,lower_bound_0,15
direction+inflection+asymptote,spline,low,persistent_within_tested_domain,8,1,1254722849,asymptote_to_0_from_above|direction_decreasing|inflection_concave_to_convex,asymptote_to_0_from_above|direction_decreasing|inflection_concave_to_convex|lower_bound_0,4,lower_bound_0,15
direction+inflection+asymptote,spline,low,persistent_within_tested_domain,9,1,4229155061,asymptote_to_0_from_above|direction_decreasing|inflection_concave_to_convex,asymptote_to_0_from_above|direction_decreasing|inflection_concave_to_convex|lower_bound_0,4,lower_bound_0,15
direction+inflection+asymptote,spline,mid,limited,0,1,1343482849,asymptote_to_0_from_above|direction_decreasing|inflection_concave_to_convex,asymptote_to_0_from_above|direction_decreasing|inflection_concave_to_convex|lower_bound_0,4,lower_bound_0,15
direction+inflection+asymptote,spline,mid,limited,1,1,1625986797,asymptote_to_0_from_above|direction_decreasing|inflection_concave_to_convex,asymptote_to_0_from_above|direction_decreasing|inflection_concave_to_convex|lower_bound_0,4,lower_bound_0,15
direction+inflection+asymptote,spline,mid,limited,2,1,3473774859,asymptote_to_0_from_above|direction_decreasing|inflection_concave_to_convex,asymptote_to_0_from_above|direction_decreasing|inflection_concave_to_convex|lower_bound_0,4,lower_bound_0,15
direction+inflection+asymptote,spline,mid,limited,3,1,1548806727,asymptote_to_0_from_above|direction_decreasing|inflection_concave_to_convex,asymptote_to_0_from_above|direction_decreasing|inflection_concave_to_convex|lower_bound_0,4,lower_bound_0,15
direction+inflection+asymptote,spline,mid,limited,4,1,3998276658,asymptote_to_0_from_above|direction_decreasing|inflection_concave_to_convex,asymptote_to_0_from_above|direction_decreasing|inflection_concave_to_convex|lower_bound_0,4,lower_bound_0,15
direction+inflection+asymptote,spline,mid,limited,5,1,915844281,asymptote_to_0_from_above|direction_decreasing|inflection_concave_to_convex,asymptote_to_0_from_above|direction_decreasing|inflection_concave_to_convex|lower_bound_0,4,lower_bound_0,15
direction+inflection+asymptote,spline,mid,limited,6,1,2304730532,asymptote_to_0_from_above|direction_decreasing|inflection_concave_to_convex,asymptote_to_0_from_above|direction_decreasing|inflection_concave_to_convex|lower_bound_0,4,lower_bound_0,15
direction+inflection+asymptote,spline,mid,limited,7,1,1721270092,asymptote_to_0_from_above|direction_decreasing|inflection_concave_to_convex,asymptote_to_0_from_above|direction_decreasing|inflection_concave_to_convex|lower_bound_0,4,lower_bound_0,15
direction+inflection+asymptote,spline,mid,limited,8,1,4193224372,asymptote_to_0_from_above|direction_decreasing|inflection_concave_to_convex,asymptote_to_0_from_above|direction_decreasing|inflection_concave_to_convex|lower_bound_0,4,lower_bound_0,15
direction+inflection+asymptote,spline,mid,limited,9,1,2943896399,asymptote_to_0_from_above|direction_decreasing|inflection_concave_to_convex,asymptote_to_0_from_above|direction_decreasing|inflection_concave_to_convex|lower_bound_0,4,lower_bound_0,15
direction+inflection+asymptote,spline,mid,intermediate,0,1,4072706366,asymptote_to_0_from_above|direction_decreasing|inflection_concave_to_convex,asymptote_to_0_from_above|direction_decreasing|inflection_concave_to_convex|lower_bound_0,4,lower_bound_0,15
direction+inflection+asymptote,spline,mid,intermediate,1,1,1035369743,asymptote_to_0_from_above|direction_decreasing|inflection_concave_to_convex,asymptote_to_0_from_above|direction_decreasing|inflection_concave_to_convex|lower_bound_0,4,lower_bound_0,15
direction+inflection+asymptote,spline,mid,intermediate,2,1,1449065064,asymptote_to_0_from_above|direction_decreasing|inflection_concave_to_convex,asymptote_to_0_from_above|direction_decreasing|inflection_concave_to_convex|lower_bound_0,4,lower_bound_0,15
direction+inflection+asymptote,spline,mid,intermediate,3,1,1987064800,asymptote_to_0_from_above|direction_decreasing|inflection_concave_to_convex,asymptote_to_0_from_above|direction_decreasing|inflection_concave_to_convex|lower_bound_0,4,lower_bound_0,15
direction+inflection+asymptote,spline,mid,intermediate,4,1,644118938,asymptote_to_0_from_above|direction_decreasing|inflection_concave_to_convex,asymptote_to_0_from_above|direction_decreasing|inflection_concave_to_convex|lower_bound_0,4,lower_bound_0,15
direction+inflection+asymptote,spline,mid,intermediate,5,1,1168239429,asymptote_to_0_from_above|direction_decreasing|inflection_concave_to_convex,asymptote_to_0_from_above|direction_decreasing|inflection_concave_to_convex|lower_bound_0,4,lower_bound_0,15
direction+inflection+asymptote,spline,mid,intermediate,6,1,1156786223,asymptote_to_0_from_above|direction_decreasing|inflection_concave_to_convex,asymptote_to_0_from_above|direction_decreasing|inflection_concave_to_convex|lower_bound_0,4,lower_bound_0,15
direction+inflection+asymptote,spline,mid,intermediate,7,1,4161723787,asymptote_to_0_from_above|direction_decreasing|inflection_concave_to_convex,asymptote_to_0_from_above|direction_decreasing|inflection_concave_to_convex|lower_bound_0,4,lower_bound_0,15
direction+inflection+asymptote,spline,mid,intermediate,8,1,816931679,asymptote_to_0_from_above|direction_decreasing|inflection_concave_to_convex,asymptote_to_0_from_above|direction_decreasing|inflection_concave_to_convex|lower_bound_0,4,lower_bound_0,15
direction+inflection+asymptote,spline,mid,intermediate,9,1,1295294472,asymptote_to_0_from_above|direction_decreasing|inflection_concave_to_convex,asymptote_to_0_from_above|direction_decreasing|inflection_concave_to_convex|lower_bound_0,4,lower_bound_0,15
direction+inflection+asymptote,spline,mid,persistent_within_tested_domain,0,1,3129962738,asymptote_to_0_from_above|direction_decreasing|inflection_concave_to_convex,asymptote_to_0_from_above|direction_decreasing|inflection_concave_to_convex|lower_bound_0,4,lower_bound_0,15
direction+inflection+asymptote,spline,mid,persistent_within_tested_domain,1,1,2170265953,asymptote_to_0_from_above|direction_decreasing|inflection_concave_to_convex,asymptote_to_0_from_above|direction_decreasing|inflection_concave_to_convex|lower_bound_0,4,lower_bound_0,15
direction+inflection+asymptote,spline,mid,persistent_within_tested_domain,2,1,119077638,asymptote_to_0_from_above|direction_decreasing|inflection_concave_to_convex,asymptote_to_0_from_above|direction_decreasing|inflection_concave_to_convex|lower_bound_0,4,lower_bound_0,15
direction+inflection+asymptote,spline,mid,persistent_within_tested_domain,3,1,1066099919,asymptote_to_0_from_above|direction_decreasing|inflection_concave_to_convex,asymptote_to_0_from_above|direction_decreasing|inflection_concave_to_convex|lower_bound_0,4,lower_bound_0,15
direction+inflection+asymptote,spline,mid,persistent_within_tested_domain,4,1,4223611835,asymptote_to_0_from_above|direction_decreasing|inflection_concave_to_convex,asymptote_to_0_from_above|direction_decreasing|inflection_concave_to_convex|lower_bound_0,4,lower_bound_0,15
direction+inflection+asymptote,spline,mid,persistent_within_tested_domain,5,1,2899610358,asymptote_to_0_from_above|direction_decreasing|inflection_concave_to_convex,asymptote_to_0_from_above|direction_decreasing|inflection_concave_to_convex|lower_bound_0,4,lower_bound_0,15
direction+inflection+asymptote,spline,mid,persistent_within_tested_domain,6,1,3764989237,asymptote_to_0_from_above|direction_decreasing|inflection_concave_to_convex,asymptote_to_0_from_above|direction_decreasing|inflection_concave_to_convex|lower_bound_0,4,lower_bound_0,15
direction+inflection+asymptote,spline,mid,persistent_within_tested_domain,7,1,1278101632,asymptote_to_0_from_above|direction_decreasing|inflection_concave_to_convex,asymptote_to_0_from_above|direction_decreasing|inflection_concave_to_convex|lower_bound_0,4,lower_bound_0,15
direction+inflection+asymptote,spline,mid,persistent_within_tested_domain,8,1,4095219716,asymptote_to_0_from_above|direction_decreasing|inflection_concave_to_convex,asymptote_to_0_from_above|direction_decreasing|inflection_concave_to_convex|lower_bound_0,4,lower_bound_0,15
direction+inflection+asymptote,spline,mid,persistent_within_tested_domain,9,1,1856574198,asymptote_to_0_from_above|direction_decreasing|inflection_concave_to_convex,asymptote_to_0_from_above|direction_decreasing|inflection_concave_to_convex|lower_bound_0,4,lower_bound_0,15
direction+inflection+asymptote,spline,high,limited,0,1,1956837132,asymptote_to_0_from_above|direction_decreasing|inflection_concave_to_convex,asymptote_to_0_from_above|direction_decreasing|inflection_concave_to_convex|lower_bound_0,4,lower_bound_0,15
direction+inflection+asymptote,spline,high,limited,1,1,174615282,asymptote_to_0_from_above|direction_decreasing|inflection_concave_to_convex,asymptote_to_0_from_above|direction_decreasing|inflection_concave_to_convex|lower_bound_0,4,lower_bound_0,15
direction+inflection+asymptote,spline,high,limited,2,1,251610707,asymptote_to_0_from_above|direction_decreasing|inflection_concave_to_convex,asymptote_to_0_from_above|direction_decreasing|inflection_concave_to_convex|lower_bound_0,4,lower_bound_0,15
direction+inflection+asymptote,spline,high,limited,3,1,2970265617,asymptote_to_0_from_above|direction_decreasing|inflection_concave_to_convex,asymptote_to_0_from_above|direction_decreasing|inflection_concave_to_convex|lower_bound_0,4,lower_bound_0,15
direction+inflection+asymptote,spline,high,limited,4,1,575438594,asymptote_to_0_from_above|direction_decreasing|inflection_concave_to_convex,asymptote_to_0_from_above|direction_decreasing|inflection_concave_to_convex|lower_bound_0,4,lower_bound_0,15
direction+inflection+asymptote,spline,high,limited,5,1,3175721405,asymptote_to_0_from_above|direction_decreasing|inflection_concave_to_convex,asymptote_to_0_from_above|direction_decreasing|inflection_concave_to_convex|lower_bound_0,4,lower_bound_0,15
direction+inflection+asymptote,spline,high,limited,6,1,3644014866,asymptote_to_0_from_above|direction_decreasing|inflection_concave_to_convex,asymptote_to_0_from_above|direction_decreasing|inflection_concave_to_convex|lower_bound_0,4,lower_bound_0,15
direction+inflection+asymptote,spline,high,limited,7,1,13278848,asymptote_to_0_from_above|direction_decreasing|inflection_concave_to_convex,asymptote_to_0_from_above|direction_decreasing|inflection_concave_to_convex|lower_bound_0,4,lower_bound_0,15
direction+inflection+asymptote,spline,high,limited,8,1,730051600,asymptote_to_0_from_above|direction_decreasing|inflection_concave_to_convex,asymptote_to_0_from_above|direction_decreasing|inflection_concave_to_convex|lower_bound_0,4,lower_bound_0,15
direction+inflection+asymptote,spline,high,limited,9,1,3623038997,asymptote_to_0_from_above|direction_decreasing|inflection_concave_to_convex,asymptote_to_0_from_above|direction_decreasing|inflection_concave_to_convex|lower_bound_0,4,lower_bound_0,15
direction+inflection+asymptote,spline,high,intermediate,0,1,961200995,asymptote_to_0_from_above|direction_decreasing|inflection_concave_to_convex,asymptote_to_0_from_above|direction_decreasing|inflection_concave_to_convex|lower_bound_0,4,lower_bound_0,15
direction+inflection+asymptote,spline,high,intermediate,1,1,1764489113,asymptote_to_0_from_above|direction_decreasing|inflection_concave_to_convex,asymptote_to_0_from_above|direction_decreasing|inflection_concave_to_convex|lower_bound_0,4,lower_bound_0,15
direction+inflection+asymptote,spline,high,intermediate,2,1,848883270,asymptote_to_0_from_above|direction_decreasing|inflection_concave_to_convex,asymptote_to_0_from_above|direction_decreasing|inflection_concave_to_convex|lower_bound_0,4,lower_bound_0,15
direction+inflection+asymptote,spline,high,intermediate,3,1,3783708071,asymptote_to_0_from_above|direction_decreasing|inflection_concave_to_convex,asymptote_to_0_from_above|direction_decreasing|inflection_concave_to_convex|lower_bound_0,4,lower_bound_0,15
direction+inflection+asymptote,spline,high,intermediate,4,1,790377983,asymptote_to_0_from_above|direction_decreasing|inflection_concave_to_convex,asymptote_to_0_from_above|direction_decreasing|inflection_concave_to_convex|lower_bound_0,4,lower_bound_0,15
direction+inflection+asymptote,spline,high,intermediate,5,1,1038767294,asymptote_to_0_from_above|direction_decreasing|inflection_concave_to_convex,asymptote_to_0_from_above|direction_decreasing|inflection_concave_to_convex|lower_bound_0,4,lower_bound_0,15
direction+inflection+asymptote,spline,high,intermediate,6,1,2176823282,asymptote_to_0_from_above|direction_decreasing|inflection_concave_to_convex,asymptote_to_0_from_above|direction_decreasing|inflection_concave_to_convex|lower_bound_0,4,lower_bound_0,15
direction+inflection+asymptote,spline,high,intermediate,7,1,1389492014,asymptote_to_0_from_above|direction_decreasing|inflection_concave_to_convex,asymptote_to_0_from_above|direction_decreasing|inflection_concave_to_convex|lower_bound_0,4,lower_bound_0,15
direction+inflection+asymptote,spline,high,intermediate,8,1,1820542765,asymptote_to_0_from_above|direction_decreasing|inflection_concave_to_convex,asymptote_to_0_from_above|direction_decreasing|inflection_concave_to_convex|lower_bound_0,4,lower_bound_0,15
direction+inflection+asymptote,spline,high,intermediate,9,1,513532981,asymptote_to_0_from_above|direction_decreasing|inflection_concave_to_convex,asymptote_to_0_from_above|direction_decreasing|inflection_concave_to_convex|lower_bound_0,4,lower_bound_0,15
direction+inflection+asymptote,spline,high,persistent_within_tested_domain,0,1,3749837092,asymptote_to_0_from_above|direction_decreasing|inflection_concave_to_convex,asymptote_to_0_from_above|direction_decreasing|inflection_concave_to_convex|lower_bound_0,4,lower_bound_0,15
direction+inflection+asymptote,spline,high,persistent_within_tested_domain,1,1,3100588933,asymptote_to_0_from_above|direction_decreasing|inflection_concave_to_convex,asymptote_to_0_from_above|direction_decreasing|inflection_concave_to_convex|lower_bound_0,4,lower_bound_0,15
direction+inflection+asymptote,spline,high,persistent_within_tested_domain,2,1,4233781304,asymptote_to_0_from_above|direction_decreasing|inflection_concave_to_convex,asymptote_to_0_from_above|direction_decreasing|inflection_concave_to_convex|lower_bound_0,4,lower_bound_0,15
direction+inflection+asymptote,spline,high,persistent_within_tested_domain,3,1,2773340723,asymptote_to_0_from_above|direction_decreasing|inflection_concave_to_convex,asymptote_to_0_from_above|direction_decreasing|inflection_concave_to_convex|lower_bound_0,4,lower_bound_0,15
direction+inflection+asymptote,spline,high,persistent_within_tested_domain,4,1,1600338933,asymptote_to_0_from_above|direction_decreasing|inflection_concave_to_convex,asymptote_to_0_from_above|direction_decreasing|inflection_concave_to_convex|lower_bound_0,4,lower_bound_0,15
direction+inflection+asymptote,spline,high,persistent_within_tested_domain,5,1,3321108195,asymptote_to_0_from_above|direction_decreasing|inflection_concave_to_convex,asymptote_to_0_from_above|direction_decreasing|inflection_concave_to_convex|lower_bound_0,4,lower_bound_0,15
direction+inflection+asymptote,spline,high,persistent_within_tested_domain,6,1,3175317790,asymptote_to_0_from_above|direction_decreasing|inflection_concave_to_convex,asymptote_to_0_from_above|direction_decreasing|inflection_concave_to_convex|lower_bound_0,4,lower_bound_0,15
direction+inflection+asymptote,spline,high,persistent_within_tested_domain,7,1,3490637606,asymptote_to_0_from_above|direction_decreasing|inflection_concave_to_convex,asymptote_to_0_from_above|direction_decreasing|inflection_concave_to_convex|lower_bound_0,4,lower_bound_0,15
direction+inflection+asymptote,spline,high,persistent_within_tested_domain,8,1,2930691700,asymptote_to_0_from_above|direction_decreasing|inflection_concave_to_convex,asymptote_to_0_from_above|direction_decreasing|inflection_concave_to_convex|lower_bound_0,4,lower_bound_0,15
direction+inflection+asymptote,spline,high,persistent_within_tested_domain,9,1,612786325,asymptote_to_0_from_above|direction_decreasing|inflection_concave_to_convex,asymptote_to_0_from_above|direction_decreasing|inflection_concave_to_convex|lower_bound_0,4,lower_bound_0,15
direction+inflection+asymptote,basis,low,limited,0,1,1463556260,asymptote_to_0_from_above|direction_decreasing|inflection_concave_to_convex,asymptote_to_0_from_above|direction_decreasing|inflection_concave_to_convex|lower_bound_0,4,lower_bound_0,15
direction+inflection+asymptote,basis,low,limited,1,1,799588654,asymptote_to_0_from_above|direction_decreasing|inflection_concave_to_convex,asymptote_to_0_from_above|direction_decreasing|inflection_concave_to_convex|lower_bound_0,4,lower_bound_0,15
direction+inflection+asymptote,basis,low,limited,2,1,724807691,asymptote_to_0_from_above|direction_decreasing|inflection_concave_to_convex,asymptote_to_0_from_above|direction_decreasing|inflection_concave_to_convex|lower_bound_0,4,lower_bound_0,15
direction+inflection+asymptote,basis,low,limited,3,1,2454147019,asymptote_to_0_from_above|direction_decreasing|inflection_concave_to_convex,asymptote_to_0_from_above|direction_decreasing|inflection_concave_to_convex|lower_bound_0,4,lower_bound_0,15
direction+inflection+asymptote,basis,low,limited,4,1,2892536893,asymptote_to_0_from_above|direction_decreasing|inflection_concave_to_convex,asymptote_to_0_from_above|direction_decreasing|inflection_concave_to_convex|lower_bound_0,4,lower_bound_0,15
direction+inflection+asymptote,basis,low,limited,5,1,1477264312,asymptote_to_0_from_above|direction_decreasing|inflection_concave_to_convex,asymptote_to_0_from_above|direction_decreasing|inflection_concave_to_convex|lower_bound_0,4,lower_bound_0,15
direction+inflection+asymptote,basis,low,limited,6,1,1360745419,asymptote_to_0_from_above|direction_decreasing|inflection_concave_to_convex,asymptote_to_0_from_above|direction_decreasing|inflection_concave_to_convex|lower_bound_0,4,lower_bound_0,15
direction+inflection+asymptote,basis,low,limited,7,1,2308133905,asymptote_to_0_from_above|direction_decreasing|inflection_concave_to_convex,asymptote_to_0_from_above|direction_decreasing|inflection_concave_to_convex|lower_bound_0,4,lower_bound_0,15
direction+inflection+asymptote,basis,low,limited,8,1,3467559482,asymptote_to_0_from_above|direction_decreasing|inflection_concave_to_convex,asymptote_to_0_from_above|direction_decreasing|inflection_concave_to_convex|lower_bound_0,4,lower_bound_0,15
direction+inflection+asymptote,basis,low,limited,9,1,1501532915,asymptote_to_0_from_above|direction_decreasing|inflection_concave_to_convex,asymptote_to_0_from_above|direction_decreasing|inflection_concave_to_convex|lower_bound_0,4,lower_bound_0,15
direction+inflection+asymptote,basis,low,intermediate,0,1,1491665457,asymptote_to_0_from_above|direction_decreasing|inflection_concave_to_convex,asymptote_to_0_from_above|direction_decreasing|inflection_concave_to_convex|lower_bound_0,4,lower_bound_0,15
direction+inflection+asymptote,basis,low,intermediate,1,1,3798364285,asymptote_to_0_from_above|direction_decreasing|inflection_concave_to_convex,asymptote_to_0_from_above|direction_decreasing|inflection_concave_to_convex|lower_bound_0,4,lower_bound_0,15
direction+inflection+asymptote,basis,low,intermediate,2,1,693039256,asymptote_to_0_from_above|direction_decreasing|inflection_concave_to_convex,asymptote_to_0_from_above|direction_decreasing|inflection_concave_to_convex|lower_bound_0,4,lower_bound_0,15
direction+inflection+asymptote,basis,low,intermediate,3,1,1759196774,asymptote_to_0_from_above|direction_decreasing|inflection_concave_to_convex,asymptote_to_0_from_above|direction_decreasing|inflection_concave_to_convex|lower_bound_0,4,lower_bound_0,15
direction+inflection+asymptote,basis,low,intermediate,4,1,3496257516,asymptote_to_0_from_above|direction_decreasing|inflection_concave_to_convex,asymptote_to_0_from_above|direction_decreasing|inflection_concave_to_convex|lower_bound_0,4,lower_bound_0,15
direction+inflection+asymptote,basis,low,intermediate,5,1,2066925784,asymptote_to_0_from_above|direction_decreasing|inflection_concave_to_convex,asymptote_to_0_from_above|direction_decreasing|inflection_concave_to_convex|lower_bound_0,4,lower_bound_0,15
direction+inflection+asymptote,basis,low,intermediate,6,1,2328459976,asymptote_to_0_from_above|direction_decreasing|inflection_concave_to_convex,asymptote_to_0_from_above|direction_decreasing|inflection_concave_to_convex|lower_bound_0,4,lower_bound_0,15
direction+inflection+asymptote,basis,low,intermediate,7,1,2020728232,asymptote_to_0_from_above|direction_decreasing|inflection_concave_to_convex,asymptote_to_0_from_above|direction_decreasing|inflection_concave_to_convex|lower_bound_0,4,lower_bound_0,15
direction+inflection+asymptote,basis,low,intermediate,8,1,1181387539,asymptote_to_0_from_above|direction_decreasing|inflection_concave_to_convex,asymptote_to_0_from_above|direction_decreasing|inflection_concave_to_convex|lower_bound_0,4,lower_bound_0,15
direction+inflection+asymptote,basis,low,intermediate,9,1,3827324343,asymptote_to_0_from_above|direction_decreasing|inflection_concave_to_convex,asymptote_to_0_from_above|direction_decreasing|inflection_concave_to_convex|lower_bound_0,4,lower_bound_0,15
direction+inflection+asymptote,basis,low,persistent_within_tested_domain,0,1,2410387464,asymptote_to_0_from_above|direction_decreasing|inflection_concave_to_convex,asymptote_to_0_from_above|direction_decreasing|inflection_concave_to_convex|lower_bound_0,4,lower_bound_0,15
direction+inflection+asymptote,basis,low,persistent_within_tested_domain,1,1,4154398964,asymptote_to_0_from_above|direction_decreasing|inflection_concave_to_convex,asymptote_to_0_from_above|direction_decreasing|inflection_concave_to_convex|lower_bound_0,4,lower_bound_0,15
direction+inflection+asymptote,basis,low,persistent_within_tested_domain,2,1,1620931946,asymptote_to_0_from_above|direction_decreasing|inflection_concave_to_convex,asymptote_to_0_from_above|direction_decreasing|inflection_concave_to_convex|lower_bound_0,4,lower_bound_0,15
direction+inflection+asymptote,basis,low,persistent_within_tested_domain,3,1,433292337,asymptote_to_0_from_above|direction_decreasing|inflection_concave_to_convex,asymptote_to_0_from_above|direction_decreasing|inflection_concave_to_convex|lower_bound_0,4,lower_bound_0,15
direction+inflection+asymptote,basis,low,persistent_within_tested_domain,4,1,2388849867,asymptote_to_0_from_above|direction_decreasing|inflection_concave_to_convex,asymptote_to_0_from_above|direction_decreasing|inflection_concave_to_convex|lower_bound_0,4,lower_bound_0,15
direction+inflection+asymptote,basis,low,persistent_within_tested_domain,5,1,3473138633,asymptote_to_0_from_above|direction_decreasing|inflection_concave_to_convex,asymptote_to_0_from_above|direction_decreasing|inflection_concave_to_convex|lower_bound_0,4,lower_bound_0,15
direction+inflection+asymptote,basis,low,persistent_within_tested_domain,6,1,2567891549,asymptote_to_0_from_above|direction_decreasing|inflection_concave_to_convex,asymptote_to_0_from_above|direction_decreasing|inflection_concave_to_convex|lower_bound_0,4,lower_bound_0,15
direction+inflection+asymptote,basis,low,persistent_within_tested_domain,7,1,2125582438,asymptote_to_0_from_above|direction_decreasing|inflection_concave_to_convex,asymptote_to_0_from_above|direction_decreasing|inflection_concave_to_convex|lower_bound_0,4,lower_bound_0,15
direction+inflection+asymptote,basis,low,persistent_within_tested_domain,8,1,2671197142,asymptote_to_0_from_above|direction_decreasing|inflection_concave_to_convex,asymptote_to_0_from_above|direction_decreasing|inflection_concave_to_convex|lower_bound_0,4,lower_bound_0,15
direction+inflection+asymptote,basis,low,persistent_within_tested_domain,9,1,1370730006,asymptote_to_0_from_above|direction_decreasing|inflection_concave_to_convex,asymptote_to_0_from_above|direction_decreasing|inflection_concave_to_convex|lower_bound_0,4,lower_bound_0,15
direction+inflection+asymptote,basis,mid,limited,0,1,2920826264,asymptote_to_0_from_above|direction_decreasing|inflection_concave_to_convex,asymptote_to_0_from_above|direction_decreasing|inflection_concave_to_convex|lower_bound_0,4,lower_bound_0,15
direction+inflection+asymptote,basis,mid,limited,1,1,803017128,asymptote_to_0_from_above|direction_decreasing|inflection_concave_to_convex,asymptote_to_0_from_above|direction_decreasing|inflection_concave_to_convex|lower_bound_0,4,lower_bound_0,15
direction+inflection+asymptote,basis,mid,limited,2,1,4106060012,asymptote_to_0_from_above|direction_decreasing|inflection_concave_to_convex,asymptote_to_0_from_above|direction_decreasing|inflection_concave_to_convex|lower_bound_0,4,lower_bound_0,15
direction+inflection+asymptote,basis,mid,limited,3,1,3815295288,asymptote_to_0_from_above|direction_decreasing|inflection_concave_to_convex,asymptote_to_0_from_above|direction_decreasing|inflection_concave_to_convex|lower_bound_0,4,lower_bound_0,15
direction+inflection+asymptote,basis,mid,limited,4,1,1154418645,asymptote_to_0_from_above|direction_decreasing|inflection_concave_to_convex,asymptote_to_0_from_above|direction_decreasing|inflection_concave_to_convex|lower_bound_0,4,lower_bound_0,15
direction+inflection+asymptote,basis,mid,limited,5,1,3904373113,asymptote_to_0_from_above|direction_decreasing|inflection_concave_to_convex,asymptote_to_0_from_above|direction_decreasing|inflection_concave_to_convex|lower_bound_0,4,lower_bound_0,15
direction+inflection+asymptote,basis,mid,limited,6,1,2217187933,asymptote_to_0_from_above|direction_decreasing|inflection_concave_to_convex,asymptote_to_0_from_above|direction_decreasing|inflection_concave_to_convex|lower_bound_0,4,lower_bound_0,15
direction+inflection+asymptote,basis,mid,limited,7,1,1072359347,asymptote_to_0_from_above|direction_decreasing|inflection_concave_to_convex,asymptote_to_0_from_above|direction_decreasing|inflection_concave_to_convex|lower_bound_0,4,lower_bound_0,15
direction+inflection+asymptote,basis,mid,limited,8,1,2146825942,asymptote_to_0_from_above|direction_decreasing|inflection_concave_to_convex,asymptote_to_0_from_above|direction_decreasing|inflection_concave_to_convex|lower_bound_0,4,lower_bound_0,15
direction+inflection+asymptote,basis,mid,limited,9,1,275464761,asymptote_to_0_from_above|direction_decreasing|inflection_concave_to_convex,asymptote_to_0_from_above|direction_decreasing|inflection_concave_to_convex|lower_bound_0,4,lower_bound_0,15
direction+inflection+asymptote,basis,mid,intermediate,0,1,2998680195,asymptote_to_0_from_above|direction_decreasing|inflection_concave_to_convex,asymptote_to_0_from_above|direction_decreasing|inflection_concave_to_convex|lower_bound_0,4,lower_bound_0,15
direction+inflection+asymptote,basis,mid,intermediate,1,1,1970945038,asymptote_to_0_from_above|direction_decreasing|inflection_concave_to_convex,asymptote_to_0_from_above|direction_decreasing|inflection_concave_to_convex|lower_bound_0,4,lower_bound_0,15
direction+inflection+asymptote,basis,mid,intermediate,2,1,848486581,asymptote_to_0_from_above|direction_decreasing|inflection_concave_to_convex,asymptote_to_0_from_above|direction_decreasing|inflection_concave_to_convex|lower_bound_0,4,lower_bound_0,15
direction+inflection+asymptote,basis,mid,intermediate,3,1,495740136,asymptote_to_0_from_above|direction_decreasing|inflection_concave_to_convex,asymptote_to_0_from_above|direction_decreasing|inflection_concave_to_convex|lower_bound_0,4,lower_bound_0,15
direction+inflection+asymptote,basis,mid,intermediate,4,1,1473089454,asymptote_to_0_from_above|direction_decreasing|inflection_concave_to_convex,asymptote_to_0_from_above|direction_decreasing|inflection_concave_to_convex|lower_bound_0,4,lower_bound_0,15
direction+inflection+asymptote,basis,mid,intermediate,5,1,3115357940,asymptote_to_0_from_above|direction_decreasing|inflection_concave_to_convex,asymptote_to_0_from_above|direction_decreasing|inflection_concave_to_convex|lower_bound_0,4,lower_bound_0,15
direction+inflection+asymptote,basis,mid,intermediate,6,1,4103397018,asymptote_to_0_from_above|direction_decreasing|inflection_concave_to_convex,asymptote_to_0_from_above|direction_decreasing|inflection_concave_to_convex|lower_bound_0,4,lower_bound_0,15
direction+inflection+asymptote,basis,mid,intermediate,7,1,302850825,asymptote_to_0_from_above|direction_decreasing|inflection_concave_to_convex,asymptote_to_0_from_above|direction_decreasing|inflection_concave_to_convex|lower_bound_0,4,lower_bound_0,15
direction+inflection+asymptote,basis,mid,intermediate,8,1,1849424992,asymptote_to_0_from_above|direction_decreasing|inflection_concave_to_convex,asymptote_to_0_from_above|direction_decreasing|inflection_concave_to_convex|lower_bound_0,4,lower_bound_0,15
direction+inflection+asymptote,basis,mid,intermediate,9,1,1861210684,asymptote_to_0_from_above|direction_decreasing|inflection_concave_to_convex,asymptote_to_0_from_above|direction_decreasing|inflection_concave_to_convex|lower_bound_0,4,lower_bound_0,15
direction+inflection+asymptote,basis,mid,persistent_within_tested_domain,0,1,3031616893,asymptote_to_0_from_above|direction_decreasing|inflection_concave_to_convex,asymptote_to_0_from_above|direction_decreasing|inflection_concave_to_convex|lower_bound_0,4,lower_bound_0,15
direction+inflection+asymptote,basis,mid,persistent_within_tested_domain,1,1,4195747401,asymptote_to_0_from_above|direction_decreasing|inflection_concave_to_convex,asymptote_to_0_from_above|direction_decreasing|inflection_concave_to_convex|lower_bound_0,4,lower_bound_0,15
direction+inflection+asymptote,basis,mid,persistent_within_tested_domain,2,1,1156444270,asymptote_to_0_from_above|direction_decreasing|inflection_concave_to_convex,asymptote_to_0_from_above|direction_decreasing|inflection_concave_to_convex|lower_bound_0,4,lower_bound_0,15
direction+inflection+asymptote,basis,mid,persistent_within_tested_domain,3,1,2798256553,asymptote_to_0_from_above|direction_decreasing|inflection_concave_to_convex,asymptote_to_0_from_above|direction_decreasing|inflection_concave_to_convex|lower_bound_0,4,lower_bound_0,15
direction+inflection+asymptote,basis,mid,persistent_within_tested_domain,4,1,1328952867,asymptote_to_0_from_above|direction_decreasing|inflection_concave_to_convex,asymptote_to_0_from_above|direction_decreasing|inflection_concave_to_convex|lower_bound_0,4,lower_bound_0,15
direction+inflection+asymptote,basis,mid,persistent_within_tested_domain,5,1,3152990687,asymptote_to_0_from_above|direction_decreasing|inflection_concave_to_convex,asymptote_to_0_from_above|direction_decreasing|inflection_concave_to_convex|lower_bound_0,4,lower_bound_0,15
direction+inflection+asymptote,basis,mid,persistent_within_tested_domain,6,1,162595147,asymptote_to_0_from_above|direction_decreasing|inflection_concave_to_convex,asymptote_to_0_from_above|direction_decreasing|inflection_concave_to_convex|lower_bound_0,4,lower_bound_0,15
direction+inflection+asymptote,basis,mid,persistent_within_tested_domain,7,1,2896345179,asymptote_to_0_from_above|direction_decreasing|inflection_concave_to_convex,asymptote_to_0_from_above|direction_decreasing|inflection_concave_to_convex|lower_bound_0,4,lower_bound_0,15
direction+inflection+asymptote,basis,mid,persistent_within_tested_domain,8,1,1253962260,asymptote_to_0_from_above|direction_decreasing|inflection_concave_to_convex,asymptote_to_0_from_above|direction_decreasing|inflection_concave_to_convex|lower_bound_0,4,lower_bound_0,15
direction+inflection+asymptote,basis,mid,persistent_within_tested_domain,9,1,1912915673,asymptote_to_0_from_above|direction_decreasing|inflection_concave_to_convex,asymptote_to_0_from_above|direction_decreasing|inflection_concave_to_convex|lower_bound_0,4,lower_bound_0,15
direction+inflection+asymptote,basis,high,limited,0,1,3790320039,asymptote_to_0_from_above|direction_decreasing|inflection_concave_to_convex,asymptote_to_0_from_above|direction_decreasing|inflection_concave_to_convex|lower_bound_0,4,lower_bound_0,15
direction+inflection+asymptote,basis,high,limited,1,1,519449997,asymptote_to_0_from_above|direction_decreasing|inflection_concave_to_convex,asymptote_to_0_from_above|direction_decreasing|inflection_concave_to_convex|lower_bound_0,4,lower_bound_0,15
direction+inflection+asymptote,basis,high,limited,2,1,77075223,asymptote_to_0_from_above|direction_decreasing|inflection_concave_to_convex,asymptote_to_0_from_above|direction_decreasing|inflection_concave_to_convex|lower_bound_0,4,lower_bound_0,15
direction+inflection+asymptote,basis,high,limited,3,1,1652285614,asymptote_to_0_from_above|direction_decreasing|inflection_concave_to_convex,asymptote_to_0_from_above|direction_decreasing|inflection_concave_to_convex|lower_bound_0,4,lower_bound_0,15
direction+inflection+asymptote,basis,high,limited,4,1,4165663986,asymptote_to_0_from_above|direction_decreasing|inflection_concave_to_convex,asymptote_to_0_from_above|direction_decreasing|inflection_concave_to_convex|lower_bound_0,4,lower_bound_0,15
direction+inflection+asymptote,basis,high,limited,5,1,1292570479,asymptote_to_0_from_above|direction_decreasing|inflection_concave_to_convex,asymptote_to_0_from_above|direction_decreasing|inflection_concave_to_convex|lower_bound_0,4,lower_bound_0,15
direction+inflection+asymptote,basis,high,limited,6,1,2158275529,asymptote_to_0_from_above|direction_decreasing|inflection_concave_to_convex,asymptote_to_0_from_above|direction_decreasing|inflection_concave_to_convex|lower_bound_0,4,lower_bound_0,15
direction+inflection+asymptote,basis,high,limited,7,1,1974151022,asymptote_to_0_from_above|direction_decreasing|inflection_concave_to_convex,asymptote_to_0_from_above|direction_decreasing|inflection_concave_to_convex|lower_bound_0,4,lower_bound_0,15
direction+inflection+asymptote,basis,high,limited,8,1,1300377693,asymptote_to_0_from_above|direction_decreasing|inflection_concave_to_convex,asymptote_to_0_from_above|direction_decreasing|inflection_concave_to_convex|lower_bound_0,4,lower_bound_0,15
direction+inflection+asymptote,basis,high,limited,9,1,1120387217,asymptote_to_0_from_above|direction_decreasing|inflection_concave_to_convex,asymptote_to_0_from_above|direction_decreasing|inflection_concave_to_convex|lower_bound_0,4,lower_bound_0,15
direction+inflection+asymptote,basis,high,intermediate,0,1,101442265,asymptote_to_0_from_above|direction_decreasing|inflection_concave_to_convex,asymptote_to_0_from_above|direction_decreasing|inflection_concave_to_convex|lower_bound_0,4,lower_bound_0,15
direction+inflection+asymptote,basis,high,intermediate,1,1,3812911284,asymptote_to_0_from_above|direction_decreasing|inflection_concave_to_convex,asymptote_to_0_from_above|direction_decreasing|inflection_concave_to_convex|lower_bound_0,4,lower_bound_0,15
direction+inflection+asymptote,basis,high,intermediate,2,1,4288312645,asymptote_to_0_from_above|direction_decreasing|inflection_concave_to_convex,asymptote_to_0_from_above|direction_decreasing|inflection_concave_to_convex|lower_bound_0,4,lower_bound_0,15
direction+inflection+asymptote,basis,high,intermediate,3,1,2641365200,asymptote_to_0_from_above|direction_decreasing|inflection_concave_to_convex,asymptote_to_0_from_above|direction_decreasing|inflection_concave_to_convex|lower_bound_0,4,lower_bound_0,15
direction+inflection+asymptote,basis,high,intermediate,4,1,1564038412,asymptote_to_0_from_above|direction_decreasing|inflection_concave_to_convex,asymptote_to_0_from_above|direction_decreasing|inflection_concave_to_convex|lower_bound_0,4,lower_bound_0,15
direction+inflection+asymptote,basis,high,intermediate,5,1,895983286,asymptote_to_0_from_above|direction_decreasing|inflection_concave_to_convex,asymptote_to_0_from_above|direction_decreasing|inflection_concave_to_convex|lower_bound_0,4,lower_bound_0,15
direction+inflection+asymptote,basis,high,intermediate,6,1,3081951340,asymptote_to_0_from_above|direction_decreasing|inflection_concave_to_convex,asymptote_to_0_from_above|direction_decreasing|inflection_concave_to_convex|lower_bound_0,4,lower_bound_0,15
direction+inflection+asymptote,basis,high,intermediate,7,1,3466744000,asymptote_to_0_from_above|direction_decreasing|inflection_concave_to_convex,asymptote_to_0_from_above|direction_decreasing|inflection_concave_to_convex|lower_bound_0,4,lower_bound_0,15
direction+inflection+asymptote,basis,high,intermediate,8,1,4097977769,asymptote_to_0_from_above|direction_decreasing|inflection_concave_to_convex,asymptote_to_0_from_above|direction_decreasing|inflection_concave_to_convex|lower_bound_0,4,lower_bound_0,15
direction+inflection+asymptote,basis,high,intermediate,9,1,1839348481,asymptote_to_0_from_above|direction_decreasing|inflection_concave_to_convex,asymptote_to_0_from_above|direction_decreasing|inflection_concave_to_convex|lower_bound_0,4,lower_bound_0,15
direction+inflection+asymptote,basis,high,persistent_within_tested_domain,0,1,667493101,asymptote_to_0_from_above|direction_decreasing|inflection_concave_to_convex,asymptote_to_0_from_above|direction_decreasing|inflection_concave_to_convex|lower_bound_0,4,lower_bound_0,15
direction+inflection+asymptote,basis,high,persistent_within_tested_domain,1,1,3150326719,asymptote_to_0_from_above|direction_decreasing|inflection_concave_to_convex,asymptote_to_0_from_above|direction_decreasing|inflection_concave_to_convex|lower_bound_0,4,lower_bound_0,15
direction+inflection+asymptote,basis,high,persistent_within_tested_domain,2,1,3187308506,asymptote_to_0_from_above|direction_decreasing|inflection_concave_to_convex,asymptote_to_0_from_above|direction_decreasing|inflection_concave_to_convex|lower_bound_0,4,lower_bound_0,15
direction+inflection+asymptote,basis,high,persistent_within_tested_domain,3,1,2714225358,asymptote_to_0_from_above|direction_decreasing|inflection_concave_to_convex,asymptote_to_0_from_above|direction_decreasing|inflection_concave_to_convex|lower_bound_0,4,lower_bound_0,15
direction+inflection+asymptote,basis,high,persistent_within_tested_domain,4,1,2988340713,asymptote_to_0_from_above|direction_decreasing|inflection_concave_to_convex,asymptote_to_0_from_above|direction_decreasing|inflection_concave_to_convex|lower_bound_0,4,lower_bound_0,15
direction+inflection+asymptote,basis,high,persistent_within_tested_domain,5,1,1613986463,asymptote_to_0_from_above|direction_decreasing|inflection_concave_to_convex,asymptote_to_0_from_above|direction_decreasing|inflection_concave_to_convex|lower_bound_0,4,lower_bound_0,15
direction+inflection+asymptote,basis,high,persistent_within_tested_domain,6,1,27697591,asymptote_to_0_from_above|direction_decreasing|inflection_concave_to_convex,asymptote_to_0_from_above|direction_decreasing|inflection_concave_to_convex|lower_bound_0,4,lower_bound_0,15
direction+inflection+asymptote,basis,high,persistent_within_tested_domain,7,1,3516812990,asymptote_to_0_from_above|direction_decreasing|inflection_concave_to_convex,asymptote_to_0_from_above|direction_decreasing|inflection_concave_to_convex|lower_bound_0,4,lower_bound_0,15
direction+inflection+asymptote,basis,high,persistent_within_tested_domain,8,1,4075076924,asymptote_to_0_from_above|direction_decreasing|inflection_concave_to_convex,asymptote_to_0_from_above|direction_decreasing|inflection_concave_to_convex|lower_bound_0,4,lower_bound_0,15
direction+inflection+asymptote,basis,high,persistent_within_tested_domain,9,1,1284782174,asymptote_to_0_from_above|direction_decreasing|inflection_concave_to_convex,asymptote_to_0_from_above|direction_decreasing|inflection_concave_to_convex|lower_bound_0,4,lower_bound_0,15
direction+inflection+asymptote,ode,low,limited,0,1,3937933860,asymptote_to_0_from_above|direction_decreasing|inflection_concave_to_convex,asymptote_to_0_from_above|direction_decreasing|inflection_concave_to_convex|lower_bound_0,4,lower_bound_0,15
direction+inflection+asymptote,ode,low,limited,1,1,1351542717,asymptote_to_0_from_above|direction_decreasing|inflection_concave_to_convex,asymptote_to_0_from_above|direction_decreasing|inflection_concave_to_convex|lower_bound_0,4,lower_bound_0,15
direction+inflection+asymptote,ode,low,limited,2,1,3895838773,asymptote_to_0_from_above|direction_decreasing|inflection_concave_to_convex,asymptote_to_0_from_above|direction_decreasing|inflection_concave_to_convex|lower_bound_0,4,lower_bound_0,15
direction+inflection+asymptote,ode,low,limited,3,1,2358209712,asymptote_to_0_from_above|direction_decreasing|inflection_concave_to_convex,asymptote_to_0_from_above|direction_decreasing|inflection_concave_to_convex|lower_bound_0,4,lower_bound_0,15
direction+inflection+asymptote,ode,low,limited,4,1,534371163,asymptote_to_0_from_above|direction_decreasing|inflection_concave_to_convex,asymptote_to_0_from_above|direction_decreasing|inflection_concave_to_convex|lower_bound_0,4,lower_bound_0,15
direction+inflection+asymptote,ode,low,limited,5,1,2262588757,asymptote_to_0_from_above|direction_decreasing|inflection_concave_to_convex,asymptote_to_0_from_above|direction_decreasing|inflection_concave_to_convex|lower_bound_0,4,lower_bound_0,15
direction+inflection+asymptote,ode,low,limited,6,1,498183364,asymptote_to_0_from_above|direction_decreasing|inflection_concave_to_convex,asymptote_to_0_from_above|direction_decreasing|inflection_concave_to_convex|lower_bound_0,4,lower_bound_0,15
direction+inflection+asymptote,ode,low,limited,7,1,2652706662,asymptote_to_0_from_above|direction_decreasing|inflection_concave_to_convex,asymptote_to_0_from_above|direction_decreasing|inflection_concave_to_convex|lower_bound_0,4,lower_bound_0,15
direction+inflection+asymptote,ode,low,limited,8,1,531923899,asymptote_to_0_from_above|direction_decreasing|inflection_concave_to_convex,asymptote_to_0_from_above|direction_decreasing|inflection_concave_to_convex|lower_bound_0,4,lower_bound_0,15
direction+inflection+asymptote,ode,low,limited,9,1,3090968867,asymptote_to_0_from_above|direction_decreasing|inflection_concave_to_convex,asymptote_to_0_from_above|direction_decreasing|inflection_concave_to_convex|lower_bound_0,4,lower_bound_0,15
direction+inflection+asymptote,ode,low,intermediate,0,1,517714427,asymptote_to_0_from_above|direction_decreasing|inflection_concave_to_convex,asymptote_to_0_from_above|direction_decreasing|inflection_concave_to_convex|lower_bound_0,4,lower_bound_0,15
direction+inflection+asymptote,ode,low,intermediate,1,1,1613575625,asymptote_to_0_from_above|direction_decreasing|inflection_concave_to_convex,asymptote_to_0_from_above|direction_decreasing|inflection_concave_to_convex|lower_bound_0,4,lower_bound_0,15
direction+inflection+asymptote,ode,low,intermediate,2,1,3852271886,asymptote_to_0_from_above|direction_decreasing|inflection_concave_to_convex,asymptote_to_0_from_above|direction_decreasing|inflection_concave_to_convex|lower_bound_0,4,lower_bound_0,15
direction+inflection+asymptote,ode,low,intermediate,3,1,1657653220,asymptote_to_0_from_above|direction_decreasing|inflection_concave_to_convex,asymptote_to_0_from_above|direction_decreasing|inflection_concave_to_convex|lower_bound_0,4,lower_bound_0,15
direction+inflection+asymptote,ode,low,intermediate,4,1,615774058,asymptote_to_0_from_above|direction_decreasing|inflection_concave_to_convex,asymptote_to_0_from_above|direction_decreasing|inflection_concave_to_convex|lower_bound_0,4,lower_bound_0,15
direction+inflection+asymptote,ode,low,intermediate,5,1,2523639983,asymptote_to_0_from_above|direction_decreasing|inflection_concave_to_convex,asymptote_to_0_from_above|direction_decreasing|inflection_concave_to_convex|lower_bound_0,4,lower_bound_0,15
direction+inflection+asymptote,ode,low,intermediate,6,1,2181941857,asymptote_to_0_from_above|direction_decreasing|inflection_concave_to_convex,asymptote_to_0_from_above|direction_decreasing|inflection_concave_to_convex|lower_bound_0,4,lower_bound_0,15
direction+inflection+asymptote,ode,low,intermediate,7,1,813387630,asymptote_to_0_from_above|direction_decreasing|inflection_concave_to_convex,asymptote_to_0_from_above|direction_decreasing|inflection_concave_to_convex|lower_bound_0,4,lower_bound_0,15
direction+inflection+asymptote,ode,low,intermediate,8,1,28543920,asymptote_to_0_from_above|direction_decreasing|inflection_concave_to_convex,asymptote_to_0_from_above|direction_decreasing|inflection_concave_to_convex|lower_bound_0,4,lower_bound_0,15
direction+inflection+asymptote,ode,low,intermediate,9,1,446932263,asymptote_to_0_from_above|direction_decreasing|inflection_concave_to_convex,asymptote_to_0_from_above|direction_decreasing|inflection_concave_to_convex|lower_bound_0,4,lower_bound_0,15
direction+inflection+asymptote,ode,low,persistent_within_tested_domain,0,1,974567106,asymptote_to_0_from_above|direction_decreasing|inflection_concave_to_convex,asymptote_to_0_from_above|direction_decreasing|inflection_concave_to_convex|lower_bound_0,4,lower_bound_0,15
direction+inflection+asymptote,ode,low,persistent_within_tested_domain,1,1,33920928,asymptote_to_0_from_above|direction_decreasing|inflection_concave_to_convex,asymptote_to_0_from_above|direction_decreasing|inflection_concave_to_convex|lower_bound_0,4,lower_bound_0,15
direction+inflection+asymptote,ode,low,persistent_within_tested_domain,2,1,3232299433,asymptote_to_0_from_above|direction_decreasing|inflection_concave_to_convex,asymptote_to_0_from_above|direction_decreasing|inflection_concave_to_convex|lower_bound_0,4,lower_bound_0,15
direction+inflection+asymptote,ode,low,persistent_within_tested_domain,3,1,2356366411,asymptote_to_0_from_above|direction_decreasing|inflection_concave_to_convex,asymptote_to_0_from_above|direction_decreasing|inflection_concave_to_convex|lower_bound_0,4,lower_bound_0,15
direction+inflection+asymptote,ode,low,persistent_within_tested_domain,4,1,3473562445,asymptote_to_0_from_above|direction_decreasing|inflection_concave_to_convex,asymptote_to_0_from_above|direction_decreasing|inflection_concave_to_convex|lower_bound_0,4,lower_bound_0,15
direction+inflection+asymptote,ode,low,persistent_within_tested_domain,5,1,1046411123,asymptote_to_0_from_above|direction_decreasing|inflection_concave_to_convex,asymptote_to_0_from_above|direction_decreasing|inflection_concave_to_convex|lower_bound_0,4,lower_bound_0,15
direction+inflection+asymptote,ode,low,persistent_within_tested_domain,6,1,3670831071,asymptote_to_0_from_above|direction_decreasing|inflection_concave_to_convex,asymptote_to_0_from_above|direction_decreasing|inflection_concave_to_convex|lower_bound_0,4,lower_bound_0,15
direction+inflection+asymptote,ode,low,persistent_within_tested_domain,7,1,260627629,asymptote_to_0_from_above|direction_decreasing|inflection_concave_to_convex,asymptote_to_0_from_above|direction_decreasing|inflection_concave_to_convex|lower_bound_0,4,lower_bound_0,15
direction+inflection+asymptote,ode,low,persistent_within_tested_domain,8,1,4214577973,asymptote_to_0_from_above|direction_decreasing|inflection_concave_to_convex,asymptote_to_0_from_above|direction_decreasing|inflection_concave_to_convex|lower_bound_0,4,lower_bound_0,15
direction+inflection+asymptote,ode,low,persistent_within_tested_domain,9,1,765886401,asymptote_to_0_from_above|direction_decreasing|inflection_concave_to_convex,asymptote_to_0_from_above|direction_decreasing|inflection_concave_to_convex|lower_bound_0,4,lower_bound_0,15
direction+inflection+asymptote,ode,mid,limited,0,1,716029771,asymptote_to_0_from_above|direction_decreasing|inflection_concave_to_convex,asymptote_to_0_from_above|direction_decreasing|inflection_concave_to_convex|lower_bound_0,4,lower_bound_0,15
direction+inflection+asymptote,ode,mid,limited,1,1,13871686,asymptote_to_0_from_above|direction_decreasing|inflection_concave_to_convex,asymptote_to_0_from_above|direction_decreasing|inflection_concave_to_convex|lower_bound_0,4,lower_bound_0,15
direction+inflection+asymptote,ode,mid,limited,2,1,2279190664,asymptote_to_0_from_above|direction_decreasing|inflection_concave_to_convex,asymptote_to_0_from_above|direction_decreasing|inflection_concave_to_convex|lower_bound_0,4,lower_bound_0,15
direction+inflection+asymptote,ode,mid,limited,3,1,1244391541,asymptote_to_0_from_above|direction_decreasing|inflection_concave_to_convex,asymptote_to_0_from_above|direction_decreasing|inflection_concave_to_convex|lower_bound_0,4,lower_bound_0,15
direction+inflection+asymptote,ode,mid,limited,4,1,3273273542,asymptote_to_0_from_above|direction_decreasing|inflection_concave_to_convex,asymptote_to_0_from_above|direction_decreasing|inflection_concave_to_convex|lower_bound_0,4,lower_bound_0,15
direction+inflection+asymptote,ode,mid,limited,5,1,1695156684,asymptote_to_0_from_above|direction_decreasing|inflection_concave_to_convex,asymptote_to_0_from_above|direction_decreasing|inflection_concave_to_convex|lower_bound_0,4,lower_bound_0,15
direction+inflection+asymptote,ode,mid,limited,6,1,1784210438,asymptote_to_0_from_above|direction_decreasing|inflection_concave_to_convex,asymptote_to_0_from_above|direction_decreasing|inflection_concave_to_convex|lower_bound_0,4,lower_bound_0,15
direction+inflection+asymptote,ode,mid,limited,7,1,2485254517,asymptote_to_0_from_above|direction_decreasing|inflection_concave_to_convex,asymptote_to_0_from_above|direction_decreasing|inflection_concave_to_convex|lower_bound_0,4,lower_bound_0,15
direction+inflection+asymptote,ode,mid,limited,8,1,219146026,asymptote_to_0_from_above|direction_decreasing|inflection_concave_to_convex,asymptote_to_0_from_above|direction_decreasing|inflection_concave_to_convex|lower_bound_0,4,lower_bound_0,15
direction+inflection+asymptote,ode,mid,limited,9,1,2348886764,asymptote_to_0_from_above|direction_decreasing|inflection_concave_to_convex,asymptote_to_0_from_above|direction_decreasing|inflection_concave_to_convex|lower_bound_0,4,lower_bound_0,15
direction+inflection+asymptote,ode,mid,intermediate,0,1,1014674825,asymptote_to_0_from_above|direction_decreasing|inflection_concave_to_convex,asymptote_to_0_from_above|direction_decreasing|inflection_concave_to_convex|lower_bound_0,4,lower_bound_0,15
direction+inflection+asymptote,ode,mid,intermediate,1,1,2344893665,asymptote_to_0_from_above|direction_decreasing|inflection_concave_to_convex,asymptote_to_0_from_above|direction_decreasing|inflection_concave_to_convex|lower_bound_0,4,lower_bound_0,15
direction+inflection+asymptote,ode,mid,intermediate,2,1,1243584834,asymptote_to_0_from_above|direction_decreasing|inflection_concave_to_convex,asymptote_to_0_from_above|direction_decreasing|inflection_concave_to_convex|lower_bound_0,4,lower_bound_0,15
direction+inflection+asymptote,ode,mid,intermediate,3,1,4205434991,asymptote_to_0_from_above|direction_decreasing|inflection_concave_to_convex,asymptote_to_0_from_above|direction_decreasing|inflection_concave_to_convex|lower_bound_0,4,lower_bound_0,15
direction+inflection+asymptote,ode,mid,intermediate,4,1,1761742928,asymptote_to_0_from_above|direction_decreasing|inflection_concave_to_convex,asymptote_to_0_from_above|direction_decreasing|inflection_concave_to_convex|lower_bound_0,4,lower_bound_0,15
direction+inflection+asymptote,ode,mid,intermediate,5,1,2076232117,asymptote_to_0_from_above|direction_decreasing|inflection_concave_to_convex,asymptote_to_0_from_above|direction_decreasing|inflection_concave_to_convex|lower_bound_0,4,lower_bound_0,15
direction+inflection+asymptote,ode,mid,intermediate,6,1,2862094008,asymptote_to_0_from_above|direction_decreasing|inflection_concave_to_convex,asymptote_to_0_from_above|direction_decreasing|inflection_concave_to_convex|lower_bound_0,4,lower_bound_0,15
direction+inflection+asymptote,ode,mid,intermediate,7,1,2137685421,asymptote_to_0_from_above|direction_decreasing|inflection_concave_to_convex,asymptote_to_0_from_above|direction_decreasing|inflection_concave_to_convex|lower_bound_0,4,lower_bound_0,15
direction+inflection+asymptote,ode,mid,intermediate,8,1,2037814965,asymptote_to_0_from_above|direction_decreasing|inflection_concave_to_convex,asymptote_to_0_from_above|direction_decreasing|inflection_concave_to_convex|lower_bound_0,4,lower_bound_0,15
direction+inflection+asymptote,ode,mid,intermediate,9,1,4143446612,asymptote_to_0_from_above|direction_decreasing|inflection_concave_to_convex,asymptote_to_0_from_above|direction_decreasing|inflection_concave_to_convex|lower_bound_0,4,lower_bound_0,15
direction+inflection+asymptote,ode,mid,persistent_within_tested_domain,0,1,3657342690,asymptote_to_0_from_above|direction_decreasing|inflection_concave_to_convex,asymptote_to_0_from_above|direction_decreasing|inflection_concave_to_convex|lower_bound_0,4,lower_bound_0,15
direction+inflection+asymptote,ode,mid,persistent_within_tested_domain,1,1,624291445,asymptote_to_0_from_above|direction_decreasing|inflection_concave_to_convex,asymptote_to_0_from_above|direction_decreasing|inflection_concave_to_convex|lower_bound_0,4,lower_bound_0,15
direction+inflection+asymptote,ode,mid,persistent_within_tested_domain,2,1,3376048326,asymptote_to_0_from_above|direction_decreasing|inflection_concave_to_convex,asymptote_to_0_from_above|direction_decreasing|inflection_concave_to_convex|lower_bound_0,4,lower_bound_0,15
direction+inflection+asymptote,ode,mid,persistent_within_tested_domain,3,1,3114185807,asymptote_to_0_from_above|direction_decreasing|inflection_concave_to_convex,asymptote_to_0_from_above|direction_decreasing|inflection_concave_to_convex|lower_bound_0,4,lower_bound_0,15
direction+inflection+asymptote,ode,mid,persistent_within_tested_domain,4,1,1866239988,asymptote_to_0_from_above|direction_decreasing|inflection_concave_to_convex,asymptote_to_0_from_above|direction_decreasing|inflection_concave_to_convex|lower_bound_0,4,lower_bound_0,15
direction+inflection+asymptote,ode,mid,persistent_within_tested_domain,5,1,3866412746,asymptote_to_0_from_above|direction_decreasing|inflection_concave_to_convex,asymptote_to_0_from_above|direction_decreasing|inflection_concave_to_convex|lower_bound_0,4,lower_bound_0,15
direction+inflection+asymptote,ode,mid,persistent_within_tested_domain,6,1,1317045434,asymptote_to_0_from_above|direction_decreasing|inflection_concave_to_convex,asymptote_to_0_from_above|direction_decreasing|inflection_concave_to_convex|lower_bound_0,4,lower_bound_0,15
direction+inflection+asymptote,ode,mid,persistent_within_tested_domain,7,1,4174691680,asymptote_to_0_from_above|direction_decreasing|inflection_concave_to_convex,asymptote_to_0_from_above|direction_decreasing|inflection_concave_to_convex|lower_bound_0,4,lower_bound_0,15
direction+inflection+asymptote,ode,mid,persistent_within_tested_domain,8,1,3363803799,asymptote_to_0_from_above|direction_decreasing|inflection_concave_to_convex,asymptote_to_0_from_above|direction_decreasing|inflection_concave_to_convex|lower_bound_0,4,lower_bound_0,15
direction+inflection+asymptote,ode,mid,persistent_within_tested_domain,9,1,3966277506,asymptote_to_0_from_above|direction_decreasing|inflection_concave_to_convex,asymptote_to_0_from_above|direction_decreasing|inflection_concave_to_convex|lower_bound_0,4,lower_bound_0,15
direction+inflection+asymptote,ode,high,limited,0,1,3411512790,asymptote_to_0_from_above|direction_decreasing|inflection_concave_to_convex,asymptote_to_0_from_above|direction_decreasing|inflection_concave_to_convex|lower_bound_0,4,lower_bound_0,15
direction+inflection+asymptote,ode,high,limited,1,1,20015468,asymptote_to_0_from_above|direction_decreasing|inflection_concave_to_convex,asymptote_to_0_from_above|direction_decreasing|inflection_concave_to_convex|lower_bound_0,4,lower_bound_0,15
direction+inflection+asymptote,ode,high,limited,2,1,1198295901,asymptote_to_0_from_above|direction_decreasing|inflection_concave_to_convex,asymptote_to_0_from_above|direction_decreasing|inflection_concave_to_convex|lower_bound_0,4,lower_bound_0,15
direction+inflection+asymptote,ode,high,limited,3,1,2790764815,asymptote_to_0_from_above|direction_decreasing|inflection_concave_to_convex,asymptote_to_0_from_above|direction_decreasing|inflection_concave_to_convex|lower_bound_0,4,lower_bound_0,15
direction+inflection+asymptote,ode,high,limited,4,1,4037146104,asymptote_to_0_from_above|direction_decreasing|inflection_concave_to_convex,asymptote_to_0_from_above|direction_decreasing|inflection_concave_to_convex|lower_bound_0,4,lower_bound_0,15
direction+inflection+asymptote,ode,high,limited,5,1,2219538825,asymptote_to_0_from_above|direction_decreasing|inflection_concave_to_convex,asymptote_to_0_from_above|direction_decreasing|inflection_concave_to_convex|lower_bound_0,4,lower_bound_0,15
direction+inflection+asymptote,ode,high,limited,6,1,3251640907,asymptote_to_0_from_above|direction_decreasing|inflection_concave_to_convex,asymptote_to_0_from_above|direction_decreasing|inflection_concave_to_convex|lower_bound_0,4,lower_bound_0,15
direction+inflection+asymptote,ode,high,limited,7,1,2855216056,asymptote_to_0_from_above|direction_decreasing|inflection_concave_to_convex,asymptote_to_0_from_above|direction_decreasing|inflection_concave_to_convex|lower_bound_0,4,lower_bound_0,15
direction+inflection+asymptote,ode,high,limited,8,1,551431662,asymptote_to_0_from_above|direction_decreasing|inflection_concave_to_convex,asymptote_to_0_from_above|direction_decreasing|inflection_concave_to_convex|lower_bound_0,4,lower_bound_0,15
direction+inflection+asymptote,ode,high,limited,9,1,1906507005,asymptote_to_0_from_above|direction_decreasing|inflection_concave_to_convex,asymptote_to_0_from_above|direction_decreasing|inflection_concave_to_convex|lower_bound_0,4,lower_bound_0,15
direction+inflection+asymptote,ode,high,intermediate,0,1,1265628862,asymptote_to_0_from_above|direction_decreasing|inflection_concave_to_convex,asymptote_to_0_from_above|direction_decreasing|inflection_concave_to_convex|lower_bound_0,4,lower_bound_0,15
direction+inflection+asymptote,ode,high,intermediate,1,1,3004097523,asymptote_to_0_from_above|direction_decreasing|inflection_concave_to_convex,asymptote_to_0_from_above|direction_decreasing|inflection_concave_to_convex|lower_bound_0,4,lower_bound_0,15
direction+inflection+asymptote,ode,high,intermediate,2,1,1070837581,asymptote_to_0_from_above|direction_decreasing|inflection_concave_to_convex,asymptote_to_0_from_above|direction_decreasing|inflection_concave_to_convex|lower_bound_0,4,lower_bound_0,15
direction+inflection+asymptote,ode,high,intermediate,3,1,3455206828,asymptote_to_0_from_above|direction_decreasing|inflection_concave_to_convex,asymptote_to_0_from_above|direction_decreasing|inflection_concave_to_convex|lower_bound_0,4,lower_bound_0,15
direction+inflection+asymptote,ode,high,intermediate,4,1,848426816,asymptote_to_0_from_above|direction_decreasing|inflection_concave_to_convex,asymptote_to_0_from_above|direction_decreasing|inflection_concave_to_convex|lower_bound_0,4,lower_bound_0,15
direction+inflection+asymptote,ode,high,intermediate,5,1,4146657569,asymptote_to_0_from_above|direction_decreasing|inflection_concave_to_convex,asymptote_to_0_from_above|direction_decreasing|inflection_concave_to_convex|lower_bound_0,4,lower_bound_0,15
direction+inflection+asymptote,ode,high,intermediate,6,1,2331205286,asymptote_to_0_from_above|direction_decreasing|inflection_concave_to_convex,asymptote_to_0_from_above|direction_decreasing|inflection_concave_to_convex|lower_bound_0,4,lower_bound_0,15
direction+inflection+asymptote,ode,high,intermediate,7,1,1581412482,asymptote_to_0_from_above|direction_decreasing|inflection_concave_to_convex,asymptote_to_0_from_above|direction_decreasing|inflection_concave_to_convex|lower_bound_0,4,lower_bound_0,15
direction+inflection+asymptote,ode,high,intermediate,8,1,1578062152,asymptote_to_0_from_above|direction_decreasing|inflection_concave_to_convex,asymptote_to_0_from_above|direction_decreasing|inflection_concave_to_convex|lower_bound_0,4,lower_bound_0,15
direction+inflection+asymptote,ode,high,intermediate,9,1,1585235942,asymptote_to_0_from_above|direction_decreasing|inflection_concave_to_convex,asymptote_to_0_from_above|direction_decreasing|inflection_concave_to_convex|lower_bound_0,4,lower_bound_0,15
direction+inflection+asymptote,ode,high,persistent_within_tested_domain,0,1,1326809027,asymptote_to_0_from_above|direction_decreasing|inflection_concave_to_convex,asymptote_to_0_from_above|direction_decreasing|inflection_concave_to_convex|lower_bound_0,4,lower_bound_0,15
direction+inflection+asymptote,ode,high,persistent_within_tested_domain,1,1,3546370410,asymptote_to_0_from_above|direction_decreasing|inflection_concave_to_convex,asymptote_to_0_from_above|direction_decreasing|inflection_concave_to_convex|lower_bound_0,4,lower_bound_0,15
direction+inflection+asymptote,ode,high,persistent_within_tested_domain,2,1,3995745278,asymptote_to_0_from_above|direction_decreasing|inflection_concave_to_convex,asymptote_to_0_from_above|direction_decreasing|inflection_concave_to_convex|lower_bound_0,4,lower_bound_0,15
direction+inflection+asymptote,ode,high,persistent_within_tested_domain,3,1,545844163,asymptote_to_0_from_above|direction_decreasing|inflection_concave_to_convex,asymptote_to_0_from_above|direction_decreasing|inflection_concave_to_convex|lower_bound_0,4,lower_bound_0,15
direction+inflection+asymptote,ode,high,persistent_within_tested_domain,4,1,1213857337,asymptote_to_0_from_above|direction_decreasing|inflection_concave_to_convex,asymptote_to_0_from_above|direction_decreasing|inflection_concave_to_convex|lower_bound_0,4,lower_bound_0,15
direction+inflection+asymptote,ode,high,persistent_within_tested_domain,5,1,2838906777,asymptote_to_0_from_above|direction_decreasing|inflection_concave_to_convex,asymptote_to_0_from_above|direction_decreasing|inflection_concave_to_convex|lower_bound_0,4,lower_bound_0,15
direction+inflection+asymptote,ode,high,persistent_within_tested_domain,6,1,2911651801,asymptote_to_0_from_above|direction_decreasing|inflection_concave_to_convex,asymptote_to_0_from_above|direction_decreasing|inflection_concave_to_convex|lower_bound_0,4,lower_bound_0,15
direction+inflection+asymptote,ode,high,persistent_within_tested_domain,7,1,2929968653,asymptote_to_0_from_above|direction_decreasing|inflection_concave_to_convex,asymptote_to_0_from_above|direction_decreasing|inflection_concave_to_convex|lower_bound_0,4,lower_bound_0,15
direction+inflection+asymptote,ode,high,persistent_within_tested_domain,8,1,3630443181,asymptote_to_0_from_above|direction_decreasing|inflection_concave_to_convex,asymptote_to_0_from_above|direction_decreasing|inflection_concave_to_convex|lower_bound_0,4,lower_bound_0,15
direction+inflection+asymptote,ode,high,persistent_within_tested_domain,9,1,1227327263,asymptote_to_0_from_above|direction_decreasing|inflection_concave_to_convex,asymptote_to_0_from_above|direction_decreasing|inflection_concave_to_convex|lower_bound_0,4,lower_bound_0,15
curvature+bound+asymptote,spline,low,limited,0,1,4120940266,asymptote_to_0_from_above|curvature_convex|lower_bound_0,asymptote_to_0_from_above|curvature_convex|direction_decreasing|lower_bound_0,4,direction_decreasing,15
curvature+bound+asymptote,spline,low,limited,1,1,2086622078,asymptote_to_0_from_above|curvature_convex|lower_bound_0,asymptote_to_0_from_above|curvature_convex|direction_decreasing|lower_bound_0,4,direction_decreasing,15
curvature+bound+asymptote,spline,low,limited,2,1,1706077795,asymptote_to_0_from_above|curvature_convex|lower_bound_0,asymptote_to_0_from_above|curvature_convex|direction_decreasing|lower_bound_0,4,direction_decreasing,15
curvature+bound+asymptote,spline,low,limited,3,1,2798206477,asymptote_to_0_from_above|curvature_convex|lower_bound_0,asymptote_to_0_from_above|curvature_convex|direction_decreasing|lower_bound_0,4,direction_decreasing,15
curvature+bound+asymptote,spline,low,limited,4,1,2859397788,asymptote_to_0_from_above|curvature_convex|lower_bound_0,asymptote_to_0_from_above|curvature_convex|direction_decreasing|lower_bound_0,4,direction_decreasing,15
curvature+bound+asymptote,spline,low,limited,5,1,4243526029,asymptote_to_0_from_above|curvature_convex|lower_bound_0,asymptote_to_0_from_above|curvature_convex|direction_decreasing|lower_bound_0,4,direction_decreasing,15
curvature+bound+asymptote,spline,low,limited,6,1,3530067685,asymptote_to_0_from_above|curvature_convex|lower_bound_0,asymptote_to_0_from_above|curvature_convex|direction_decreasing|lower_bound_0,4,direction_decreasing,15
curvature+bound+asymptote,spline,low,limited,7,1,2887460710,asymptote_to_0_from_above|curvature_convex|lower_bound_0,asymptote_to_0_from_above|curvature_convex|direction_decreasing|lower_bound_0,4,direction_decreasing,15
curvature+bound+asymptote,spline,low,limited,8,1,3279802798,asymptote_to_0_from_above|curvature_convex|lower_bound_0,asymptote_to_0_from_above|curvature_convex|direction_decreasing|lower_bound_0,4,direction_decreasing,15
curvature+bound+asymptote,spline,low,limited,9,1,102296723,asymptote_to_0_from_above|curvature_convex|lower_bound_0,asymptote_to_0_from_above|curvature_convex|direction_decreasing|lower_bound_0,4,direction_decreasing,15
curvature+bound+asymptote,spline,low,intermediate,0,1,2116940290,asymptote_to_0_from_above|curvature_convex|lower_bound_0,asymptote_to_0_from_above|curvature_convex|direction_decreasing|lower_bound_0,4,direction_decreasing,15
curvature+bound+asymptote,spline,low,intermediate,1,1,723776380,asymptote_to_0_from_above|curvature_convex|lower_bound_0,asymptote_to_0_from_above|curvature_convex|direction_decreasing|lower_bound_0,4,direction_decreasing,15
curvature+bound+asymptote,spline,low,intermediate,2,1,2986540223,asymptote_to_0_from_above|curvature_convex|lower_bound_0,asymptote_to_0_from_above|curvature_convex|direction_decreasing|lower_bound_0,4,direction_decreasing,15
curvature+bound+asymptote,spline,low,intermediate,3,1,2943035990,asymptote_to_0_from_above|curvature_convex|lower_bound_0,asymptote_to_0_from_above|curvature_convex|direction_decreasing|lower_bound_0,4,direction_decreasing,15
curvature+bound+asymptote,spline,low,intermediate,4,1,3530644763,asymptote_to_0_from_above|curvature_convex|lower_bound_0,asymptote_to_0_from_above|curvature_convex|direction_decreasing|lower_bound_0,4,direction_decreasing,15
curvature+bound+asymptote,spline,low,intermediate,5,1,718281448,asymptote_to_0_from_above|curvature_convex|lower_bound_0,asymptote_to_0_from_above|curvature_convex|direction_decreasing|lower_bound_0,4,direction_decreasing,15
curvature+bound+asymptote,spline,low,intermediate,6,1,925305029,asymptote_to_0_from_above|curvature_convex|lower_bound_0,asymptote_to_0_from_above|curvature_convex|direction_decreasing|lower_bound_0,4,direction_decreasing,15
curvature+bound+asymptote,spline,low,intermediate,7,1,3833141670,asymptote_to_0_from_above|curvature_convex|lower_bound_0,asymptote_to_0_from_above|curvature_convex|direction_decreasing|lower_bound_0,4,direction_decreasing,15
curvature+bound+asymptote,spline,low,intermediate,8,1,1864029445,asymptote_to_0_from_above|curvature_convex|lower_bound_0,asymptote_to_0_from_above|curvature_convex|direction_decreasing|lower_bound_0,4,direction_decreasing,15
curvature+bound+asymptote,spline,low,intermediate,9,1,1555193687,asymptote_to_0_from_above|curvature_convex|lower_bound_0,asymptote_to_0_from_above|curvature_convex|direction_decreasing|lower_bound_0,4,direction_decreasing,15
curvature+bound+asymptote,spline,low,persistent_within_tested_domain,0,1,1219001992,asymptote_to_0_from_above|curvature_convex|lower_bound_0,asymptote_to_0_from_above|curvature_convex|direction_decreasing|lower_bound_0,4,direction_decreasing,15
curvature+bound+asymptote,spline,low,persistent_within_tested_domain,1,1,2201288404,asymptote_to_0_from_above|curvature_convex|lower_bound_0,asymptote_to_0_from_above|curvature_convex|direction_decreasing|lower_bound_0,4,direction_decreasing,15
curvature+bound+asymptote,spline,low,persistent_within_tested_domain,2,1,144532960,asymptote_to_0_from_above|curvature_convex|lower_bound_0,asymptote_to_0_from_above|curvature_convex|direction_decreasing|lower_bound_0,4,direction_decreasing,15
curvature+bound+asymptote,spline,low,persistent_within_tested_domain,3,1,3585146654,asymptote_to_0_from_above|curvature_convex|lower_bound_0,asymptote_to_0_from_above|curvature_convex|direction_decreasing|lower_bound_0,4,direction_decreasing,15
curvature+bound+asymptote,spline,low,persistent_within_tested_domain,4,1,207660259,asymptote_to_0_from_above|curvature_convex|lower_bound_0,asymptote_to_0_from_above|curvature_convex|direction_decreasing|lower_bound_0,4,direction_decreasing,15
curvature+bound+asymptote,spline,low,persistent_within_tested_domain,5,1,2887155463,asymptote_to_0_from_above|curvature_convex|lower_bound_0,asymptote_to_0_from_above|curvature_convex|direction_decreasing|lower_bound_0,4,direction_decreasing,15
curvature+bound+asymptote,spline,low,persistent_within_tested_domain,6,1,1205323986,asymptote_to_0_from_above|curvature_convex|lower_bound_0,asymptote_to_0_from_above|curvature_convex|direction_decreasing|lower_bound_0,4,direction_decreasing,15
curvature+bound+asymptote,spline,low,persistent_within_tested_domain,7,1,4033216008,asymptote_to_0_from_above|curvature_convex|lower_bound_0,asymptote_to_0_from_above|curvature_convex|direction_decreasing|lower_bound_0,4,direction_decreasing,15
curvature+bound+asymptote,spline,low,persistent_within_tested_domain,8,1,2798743956,asymptote_to_0_from_above|curvature_convex|lower_bound_0,asymptote_to_0_from_above|curvature_convex|direction_decreasing|lower_bound_0,4,direction_decreasing,15
curvature+bound+asymptote,spline,low,persistent_within_tested_domain,9,1,1129753031,asymptote_to_0_from_above|curvature_convex|lower_bound_0,asymptote_to_0_from_above|curvature_convex|direction_decreasing|lower_bound_0,4,direction_decreasing,15
curvature+bound+asymptote,spline,mid,limited,0,1,1186247264,asymptote_to_0_from_above|curvature_convex|lower_bound_0,asymptote_to_0_from_above|curvature_convex|direction_decreasing|lower_bound_0,4,direction_decreasing,15
curvature+bound+asymptote,spline,mid,limited,1,1,3432175135,asymptote_to_0_from_above|curvature_convex|lower_bound_0,asymptote_to_0_from_above|curvature_convex|direction_decreasing|lower_bound_0,4,direction_decreasing,15
curvature+bound+asymptote,spline,mid,limited,2,1,1368665972,asymptote_to_0_from_above|curvature_convex|lower_bound_0,asymptote_to_0_from_above|curvature_convex|direction_decreasing|lower_bound_0,4,direction_decreasing,15
curvature+bound+asymptote,spline,mid,limited,3,1,2328420722,asymptote_to_0_from_above|curvature_convex|lower_bound_0,asymptote_to_0_from_above|curvature_convex|direction_decreasing|lower_bound_0,4,direction_decreasing,15
curvature+bound+asymptote,spline,mid,limited,4,1,1419455206,asymptote_to_0_from_above|curvature_convex|lower_bound_0,asymptote_to_0_from_above|curvature_convex|direction_decreasing|lower_bound_0,4,direction_decreasing,15
curvature+bound+asymptote,spline,mid,limited,5,1,803678750,asymptote_to_0_from_above|curvature_convex|lower_bound_0,asymptote_to_0_from_above|curvature_convex|direction_decreasing|lower_bound_0,4,direction_decreasing,15
curvature+bound+asymptote,spline,mid,limited,6,1,3348580454,asymptote_to_0_from_above|curvature_convex|lower_bound_0,asymptote_to_0_from_above|curvature_convex|direction_decreasing|lower_bound_0,4,direction_decreasing,15
curvature+bound+asymptote,spline,mid,limited,7,1,1210949797,asymptote_to_0_from_above|curvature_convex|lower_bound_0,asymptote_to_0_from_above|curvature_convex|direction_decreasing|lower_bound_0,4,direction_decreasing,15
curvature+bound+asymptote,spline,mid,limited,8,1,1354424949,asymptote_to_0_from_above|curvature_convex|lower_bound_0,asymptote_to_0_from_above|curvature_convex|direction_decreasing|lower_bound_0,4,direction_decreasing,15
curvature+bound+asymptote,spline,mid,limited,9,1,2035666972,asymptote_to_0_from_above|curvature_convex|lower_bound_0,asymptote_to_0_from_above|curvature_convex|direction_decreasing|lower_bound_0,4,direction_decreasing,15
curvature+bound+asymptote,spline,mid,intermediate,0,1,1301679166,asymptote_to_0_from_above|curvature_convex|lower_bound_0,asymptote_to_0_from_above|curvature_convex|direction_decreasing|lower_bound_0,4,direction_decreasing,15
curvature+bound+asymptote,spline,mid,intermediate,1,1,3782089867,asymptote_to_0_from_above|curvature_convex|lower_bound_0,asymptote_to_0_from_above|curvature_convex|direction_decreasing|lower_bound_0,4,direction_decreasing,15
curvature+bound+asymptote,spline,mid,intermediate,2,1,2975196952,asymptote_to_0_from_above|curvature_convex|lower_bound_0,asymptote_to_0_from_above|curvature_convex|direction_decreasing|lower_bound_0,4,direction_decreasing,15
curvature+bound+asymptote,spline,mid,intermediate,3,1,604225271,asymptote_to_0_from_above|curvature_convex|lower_bound_0,asymptote_to_0_from_above|curvature_convex|direction_decreasing|lower_bound_0,4,direction_decreasing,15
curvature+bound+asymptote,spline,mid,intermediate,4,1,1506286767,asymptote_to_0_from_above|curvature_convex|lower_bound_0,asymptote_to_0_from_above|curvature_convex|direction_decreasing|lower_bound_0,4,direction_decreasing,15
curvature+bound+asymptote,spline,mid,intermediate,5,1,1931093370,asymptote_to_0_from_above|curvature_convex|lower_bound_0,asymptote_to_0_from_above|curvature_convex|direction_decreasing|lower_bound_0,4,direction_decreasing,15
curvature+bound+asymptote,spline,mid,intermediate,6,1,3741299228,asymptote_to_0_from_above|curvature_convex|lower_bound_0,asymptote_to_0_from_above|curvature_convex|direction_decreasing|lower_bound_0,4,direction_decreasing,15
curvature+bound+asymptote,spline,mid,intermediate,7,1,2249284759,asymptote_to_0_from_above|curvature_convex|lower_bound_0,asymptote_to_0_from_above|curvature_convex|direction_decreasing|lower_bound_0,4,direction_decreasing,15
curvature+bound+asymptote,spline,mid,intermediate,8,1,657156272,asymptote_to_0_from_above|curvature_convex|lower_bound_0,asymptote_to_0_from_above|curvature_convex|direction_decreasing|lower_bound_0,4,direction_decreasing,15
curvature+bound+asymptote,spline,mid,intermediate,9,1,3214394531,asymptote_to_0_from_above|curvature_convex|lower_bound_0,asymptote_to_0_from_above|curvature_convex|direction_decreasing|lower_bound_0,4,direction_decreasing,15
curvature+bound+asymptote,spline,mid,persistent_within_tested_domain,0,1,2506244796,asymptote_to_0_from_above|curvature_convex|lower_bound_0,asymptote_to_0_from_above|curvature_convex|direction_decreasing|lower_bound_0,4,direction_decreasing,15
curvature+bound+asymptote,spline,mid,persistent_within_tested_domain,1,1,3422830405,asymptote_to_0_from_above|curvature_convex|lower_bound_0,asymptote_to_0_from_above|curvature_convex|direction_decreasing|lower_bound_0,4,direction_decreasing,15
curvature+bound+asymptote,spline,mid,persistent_within_tested_domain,2,1,982897583,asymptote_to_0_from_above|curvature_convex|lower_bound_0,asymptote_to_0_from_above|curvature_convex|direction_decreasing|lower_bound_0,4,direction_decreasing,15
curvature+bound+asymptote,spline,mid,persistent_within_tested_domain,3,1,472250489,asymptote_to_0_from_above|curvature_convex|lower_bound_0,asymptote_to_0_from_above|curvature_convex|direction_decreasing|lower_bound_0,4,direction_decreasing,15
curvature+bound+asymptote,spline,mid,persistent_within_tested_domain,4,1,1939206534,asymptote_to_0_from_above|curvature_convex|lower_bound_0,asymptote_to_0_from_above|curvature_convex|direction_decreasing|lower_bound_0,4,direction_decreasing,15
curvature+bound+asymptote,spline,mid,persistent_within_tested_domain,5,1,1797657438,asymptote_to_0_from_above|curvature_convex|lower_bound_0,asymptote_to_0_from_above|curvature_convex|direction_decreasing|lower_bound_0,4,direction_decreasing,15
curvature+bound+asymptote,spline,mid,persistent_within_tested_domain,6,1,1414936559,asymptote_to_0_from_above|curvature_convex|lower_bound_0,asymptote_to_0_from_above|curvature_convex|direction_decreasing|lower_bound_0,4,direction_decreasing,15
curvature+bound+asymptote,spline,mid,persistent_within_tested_domain,7,1,954643468,asymptote_to_0_from_above|curvature_convex|lower_bound_0,asymptote_to_0_from_above|curvature_convex|direction_decreasing|lower_bound_0,4,direction_decreasing,15
curvature+bound+asymptote,spline,mid,persistent_within_tested_domain,8,1,928914386,asymptote_to_0_from_above|curvature_convex|lower_bound_0,asymptote_to_0_from_above|curvature_convex|direction_decreasing|lower_bound_0,4,direction_decreasing,15
curvature+bound+asymptote,spline,mid,persistent_within_tested_domain,9,1,119270816,asymptote_to_0_from_above|curvature_convex|lower_bound_0,asymptote_to_0_from_above|curvature_convex|direction_decreasing|lower_bound_0,4,direction_decreasing,15
curvature+bound+asymptote,spline,high,limited,0,1,611523388,asymptote_to_0_from_above|curvature_convex|lower_bound_0,asymptote_to_0_from_above|curvature_convex|direction_decreasing|lower_bound_0,4,direction_decreasing,15
curvature+bound+asymptote,spline,high,limited,1,1,2881476324,asymptote_to_0_from_above|curvature_convex|lower_bound_0,asymptote_to_0_from_above|curvature_convex|direction_decreasing|lower_bound_0,4,direction_decreasing,15
curvature+bound+asymptote,spline,high,limited,2,1,849889815,asymptote_to_0_from_above|curvature_convex|lower_bound_0,asymptote_to_0_from_above|curvature_convex|direction_decreasing|lower_bound_0,4,direction_decreasing,15
curvature+bound+asymptote,spline,high,limited,3,1,3130017023,asymptote_to_0_from_above|curvature_convex|lower_bound_0,asymptote_to_0_from_above|curvature_convex|direction_decreasing|lower_bound_0,4,direction_decreasing,15
curvature+bound+asymptote,spline,high,limited,4,1,3247466736,asymptote_to_0_from_above|curvature_convex|lower_bound_0,asymptote_to_0_from_above|curvature_convex|direction_decreasing|lower_bound_0,4,direction_decreasing,15
curvature+bound+asymptote,spline,high,limited,5,1,1939549450,asymptote_to_0_from_above|curvature_convex|lower_bound_0,asymptote_to_0_from_above|curvature_convex|direction_decreasing|lower_bound_0,4,direction_decreasing,15
curvature+bound+asymptote,spline,high,limited,6,1,861421676,asymptote_to_0_from_above|curvature_convex|lower_bound_0,asymptote_to_0_from_above|curvature_convex|direction_decreasing|lower_bound_0,4,direction_decreasing,15
curvature+bound+asymptote,spline,high,limited,7,1,1489812213,asymptote_to_0_from_above|curvature_convex|lower_bound_0,asymptote_to_0_from_above|curvature_convex|direction_decreasing|lower_bound_0,4,direction_decreasing,15
curvature+bound+asymptote,spline,high,limited,8,1,2863052664,asymptote_to_0_from_above|curvature_convex|lower_bound_0,asymptote_to_0_from_above|curvature_convex|direction_decreasing|lower_bound_0,4,direction_decreasing,15
curvature+bound+asymptote,spline,high,limited,9,1,3519038062,asymptote_to_0_from_above|curvature_convex|lower_bound_0,asymptote_to_0_from_above|curvature_convex|direction_decreasing|lower_bound_0,4,direction_decreasing,15
curvature+bound+asymptote,spline,high,intermediate,0,1,162229777,asymptote_to_0_from_above|curvature_convex|lower_bound_0,asymptote_to_0_from_above|curvature_convex|direction_decreasing|lower_bound_0,4,direction_decreasing,15
curvature+bound+asymptote,spline,high,intermediate,1,1,3070852230,asymptote_to_0_from_above|curvature_convex|lower_bound_0,asymptote_to_0_from_above|curvature_convex|direction_decreasing|lower_bound_0,4,direction_decreasing,15
curvature+bound+asymptote,spline,high,intermediate,2,1,3420938761,asymptote_to_0_from_above|curvature_convex|lower_bound_0,asymptote_to_0_from_above|curvature_convex|direction_decreasing|lower_bound_0,4,direction_decreasing,15
curvature+bound+asymptote,spline,high,intermediate,3,1,1247540814,asymptote_to_0_from_above|curvature_convex|lower_bound_0,asymptote_to_0_from_above|curvature_convex|direction_decreasing|lower_bound_0,4,direction_decreasing,15
curvature+bound+asymptote,spline,high,intermediate,4,1,2146286172,asymptote_to_0_from_above|curvature_convex|lower_bound_0,asymptote_to_0_from_above|curvature_convex|direction_decreasing|lower_bound_0,4,direction_decreasing,15
curvature+bound+asymptote,spline,high,intermediate,5,1,3230096870,asymptote_to_0_from_above|curvature_convex|lower_bound_0,asymptote_to_0_from_above|curvature_convex|direction_decreasing|lower_bound_0,4,direction_decreasing,15
curvature+bound+asymptote,spline,high,intermediate,6,1,3597780702,asymptote_to_0_from_above|curvature_convex|lower_bound_0,asymptote_to_0_from_above|curvature_convex|direction_decreasing|lower_bound_0,4,direction_decreasing,15
curvature+bound+asymptote,spline,high,intermediate,7,1,1776725097,asymptote_to_0_from_above|curvature_convex|lower_bound_0,asymptote_to_0_from_above|curvature_convex|direction_decreasing|lower_bound_0,4,direction_decreasing,15
curvature+bound+asymptote,spline,high,intermediate,8,1,2191236468,asymptote_to_0_from_above|curvature_convex|lower_bound_0,asymptote_to_0_from_above|curvature_convex|direction_decreasing|lower_bound_0,4,direction_decreasing,15
curvature+bound+asymptote,spline,high,intermediate,9,1,409767007,asymptote_to_0_from_above|curvature_convex|lower_bound_0,asymptote_to_0_from_above|curvature_convex|direction_decreasing|lower_bound_0,4,direction_decreasing,15
curvature+bound+asymptote,spline,high,persistent_within_tested_domain,0,1,533372617,asymptote_to_0_from_above|curvature_convex|lower_bound_0,asymptote_to_0_from_above|curvature_convex|direction_decreasing|lower_bound_0,4,direction_decreasing,15
curvature+bound+asymptote,spline,high,persistent_within_tested_domain,1,1,481341515,asymptote_to_0_from_above|curvature_convex|lower_bound_0,asymptote_to_0_from_above|curvature_convex|direction_decreasing|lower_bound_0,4,direction_decreasing,15
curvature+bound+asymptote,spline,high,persistent_within_tested_domain,2,1,2526567621,asymptote_to_0_from_above|curvature_convex|lower_bound_0,asymptote_to_0_from_above|curvature_convex|direction_decreasing|lower_bound_0,4,direction_decreasing,15
curvature+bound+asymptote,spline,high,persistent_within_tested_domain,3,1,2410837561,asymptote_to_0_from_above|curvature_convex|lower_bound_0,asymptote_to_0_from_above|curvature_convex|direction_decreasing|lower_bound_0,4,direction_decreasing,15
curvature+bound+asymptote,spline,high,persistent_within_tested_domain,4,1,4101431354,asymptote_to_0_from_above|curvature_convex|lower_bound_0,asymptote_to_0_from_above|curvature_convex|direction_decreasing|lower_bound_0,4,direction_decreasing,15
curvature+bound+asymptote,spline,high,persistent_within_tested_domain,5,1,1039676268,asymptote_to_0_from_above|curvature_convex|lower_bound_0,asymptote_to_0_from_above|curvature_convex|direction_decreasing|lower_bound_0,4,direction_decreasing,15
curvature+bound+asymptote,spline,high,persistent_within_tested_domain,6,1,4059988971,asymptote_to_0_from_above|curvature_convex|lower_bound_0,asymptote_to_0_from_above|curvature_convex|direction_decreasing|lower_bound_0,4,direction_decreasing,15
curvature+bound+asymptote,spline,high,persistent_within_tested_domain,7,1,2061240585,asymptote_to_0_from_above|curvature_convex|lower_bound_0,asymptote_to_0_from_above|curvature_convex|direction_decreasing|lower_bound_0,4,direction_decreasing,15
curvature+bound+asymptote,spline,high,persistent_within_tested_domain,8,1,295866720,asymptote_to_0_from_above|curvature_convex|lower_bound_0,asymptote_to_0_from_above|curvature_convex|direction_decreasing|lower_bound_0,4,direction_decreasing,15
curvature+bound+asymptote,spline,high,persistent_within_tested_domain,9,1,1739862387,asymptote_to_0_from_above|curvature_convex|lower_bound_0,asymptote_to_0_from_above|curvature_convex|direction_decreasing|lower_bound_0,4,direction_decreasing,15
curvature+bound+asymptote,basis,low,limited,0,1,3847672439,asymptote_to_0_from_above|curvature_convex|lower_bound_0,asymptote_to_0_from_above|curvature_convex|direction_decreasing|lower_bound_0,4,direction_decreasing,15
curvature+bound+asymptote,basis,low,limited,1,1,2828968818,asymptote_to_0_from_above|curvature_convex|lower_bound_0,asymptote_to_0_from_above|curvature_convex|direction_decreasing|lower_bound_0,4,direction_decreasing,15
curvature+bound+asymptote,basis,low,limited,2,1,3421600963,asymptote_to_0_from_above|curvature_convex|lower_bound_0,asymptote_to_0_from_above|curvature_convex|direction_decreasing|lower_bound_0,4,direction_decreasing,15
curvature+bound+asymptote,basis,low,limited,3,1,2800536341,asymptote_to_0_from_above|curvature_convex|lower_bound_0,asymptote_to_0_from_above|curvature_convex|direction_decreasing|lower_bound_0,4,direction_decreasing,15
curvature+bound+asymptote,basis,low,limited,4,1,3880131866,asymptote_to_0_from_above|curvature_convex|lower_bound_0,asymptote_to_0_from_above|curvature_convex|direction_decreasing|lower_bound_0,4,direction_decreasing,15
curvature+bound+asymptote,basis,low,limited,5,1,3378749215,asymptote_to_0_from_above|curvature_convex|lower_bound_0,asymptote_to_0_from_above|curvature_convex|direction_decreasing|lower_bound_0,4,direction_decreasing,15
curvature+bound+asymptote,basis,low,limited,6,1,3937236684,asymptote_to_0_from_above|curvature_convex|lower_bound_0,asymptote_to_0_from_above|curvature_convex|direction_decreasing|lower_bound_0,4,direction_decreasing,15
curvature+bound+asymptote,basis,low,limited,7,1,1157724693,asymptote_to_0_from_above|curvature_convex|lower_bound_0,asymptote_to_0_from_above|curvature_convex|direction_decreasing|lower_bound_0,4,direction_decreasing,15
curvature+bound+asymptote,basis,low,limited,8,1,1213052582,asymptote_to_0_from_above|curvature_convex|lower_bound_0,asymptote_to_0_from_above|curvature_convex|direction_decreasing|lower_bound_0,4,direction_decreasing,15
curvature+bound+asymptote,basis,low,limited,9,1,2311800891,asymptote_to_0_from_above|curvature_convex|lower_bound_0,asymptote_to_0_from_above|curvature_convex|direction_decreasing|lower_bound_0,4,direction_decreasing,15
curvature+bound+asymptote,basis,low,intermediate,0,1,2571700387,asymptote_to_0_from_above|curvature_convex|lower_bound_0,asymptote_to_0_from_above|curvature_convex|direction_decreasing|lower_bound_0,4,direction_decreasing,15
curvature+bound+asymptote,basis,low,intermediate,1,1,1595129700,asymptote_to_0_from_above|curvature_convex|lower_bound_0,asymptote_to_0_from_above|curvature_convex|direction_decreasing|lower_bound_0,4,direction_decreasing,15
curvature+bound+asymptote,basis,low,intermediate,2,1,4111899439,asymptote_to_0_from_above|curvature_convex|lower_bound_0,asymptote_to_0_from_above|curvature_convex|direction_decreasing|lower_bound_0,4,direction_decreasing,15
curvature+bound+asymptote,basis,low,intermediate,3,1,3417808708,asymptote_to_0_from_above|curvature_convex|lower_bound_0,asymptote_to_0_from_above|curvature_convex|direction_decreasing|lower_bound_0,4,direction_decreasing,15
curvature+bound+asymptote,basis,low,intermediate,4,1,2933106449,asymptote_to_0_from_above|curvature_convex|lower_bound_0,asymptote_to_0_from_above|curvature_convex|direction_decreasing|lower_bound_0,4,direction_decreasing,15
curvature+bound+asymptote,basis,low,intermediate,5,1,406084908,asymptote_to_0_from_above|curvature_convex|lower_bound_0,asymptote_to_0_from_above|curvature_convex|direction_decreasing|lower_bound_0,4,direction_decreasing,15
curvature+bound+asymptote,basis,low,intermediate,6,1,1562255894,asymptote_to_0_from_above|curvature_convex|lower_bound_0,asymptote_to_0_from_above|curvature_convex|direction_decreasing|lower_bound_0,4,direction_decreasing,15
curvature+bound+asymptote,basis,low,intermediate,7,1,150810205,asymptote_to_0_from_above|curvature_convex|lower_bound_0,asymptote_to_0_from_above|curvature_convex|direction_decreasing|lower_bound_0,4,direction_decreasing,15
curvature+bound+asymptote,basis,low,intermediate,8,1,1178292219,asymptote_to_0_from_above|curvature_convex|lower_bound_0,asymptote_to_0_from_above|curvature_convex|direction_decreasing|lower_bound_0,4,direction_decreasing,15
curvature+bound+asymptote,basis,low,intermediate,9,1,1737279138,asymptote_to_0_from_above|curvature_convex|lower_bound_0,asymptote_to_0_from_above|curvature_convex|direction_decreasing|lower_bound_0,4,direction_decreasing,15
curvature+bound+asymptote,basis,low,persistent_within_tested_domain,0,1,1820056246,asymptote_to_0_from_above|curvature_convex|lower_bound_0,asymptote_to_0_from_above|curvature_convex|direction_decreasing|lower_bound_0,4,direction_decreasing,15
curvature+bound+asymptote,basis,low,persistent_within_tested_domain,1,1,1955019312,asymptote_to_0_from_above|curvature_convex|lower_bound_0,asymptote_to_0_from_above|curvature_convex|direction_decreasing|lower_bound_0,4,direction_decreasing,15
curvature+bound+asymptote,basis,low,persistent_within_tested_domain,2,1,4227500626,asymptote_to_0_from_above|curvature_convex|lower_bound_0,asymptote_to_0_from_above|curvature_convex|direction_decreasing|lower_bound_0,4,direction_decreasing,15
curvature+bound+asymptote,basis,low,persistent_within_tested_domain,3,1,2123514757,asymptote_to_0_from_above|curvature_convex|lower_bound_0,asymptote_to_0_from_above|curvature_convex|direction_decreasing|lower_bound_0,4,direction_decreasing,15
curvature+bound+asymptote,basis,low,persistent_within_tested_domain,4,1,468224783,asymptote_to_0_from_above|curvature_convex|lower_bound_0,asymptote_to_0_from_above|curvature_convex|direction_decreasing|lower_bound_0,4,direction_decreasing,15
curvature+bound+asymptote,basis,low,persistent_within_tested_domain,5,1,3658472587,asymptote_to_0_from_above|curvature_convex|lower_bound_0,asymptote_to_0_from_above|curvature_convex|direction_decreasing|lower_bound_0,4,direction_decreasing,15
curvature+bound+asymptote,basis,low,persistent_within_tested_domain,6,1,649767972,asymptote_to_0_from_above|curvature_convex|lower_bound_0,asymptote_to_0_from_above|curvature_convex|direction_decreasing|lower_bound_0,4,direction_decreasing,15
curvature+bound+asymptote,basis,low,persistent_within_tested_domain,7,1,3029312978,asymptote_to_0_from_above|curvature_convex|lower_bound_0,asymptote_to_0_from_above|curvature_convex|direction_decreasing|lower_bound_0,4,direction_decreasing,15
curvature+bound+asymptote,basis,low,persistent_within_tested_domain,8,1,387551348,asymptote_to_0_from_above|curvature_convex|lower_bound_0,asymptote_to_0_from_above|curvature_convex|direction_decreasing|lower_bound_0,4,direction_decreasing,15
curvature+bound+asymptote,basis,low,persistent_within_tested_domain,9,1,771809643,asymptote_to_0_from_above|curvature_convex|lower_bound_0,asymptote_to_0_from_above|curvature_convex|direction_decreasing|lower_bound_0,4,direction_decreasing,15
curvature+bound+asymptote,basis,mid,limited,0,1,314246512,asymptote_to_0_from_above|curvature_convex|lower_bound_0,asymptote_to_0_from_above|curvature_convex|direction_decreasing|lower_bound_0,4,direction_decreasing,15
curvature+bound+asymptote,basis,mid,limited,1,1,4284084045,asymptote_to_0_from_above|curvature_convex|lower_bound_0,asymptote_to_0_from_above|curvature_convex|direction_decreasing|lower_bound_0,4,direction_decreasing,15
curvature+bound+asymptote,basis,mid,limited,2,1,4110759475,asymptote_to_0_from_above|curvature_convex|lower_bound_0,asymptote_to_0_from_above|curvature_convex|direction_decreasing|lower_bound_0,4,direction_decreasing,15
curvature+bound+asymptote,basis,mid,limited,3,1,1665971288,asymptote_to_0_from_above|curvature_convex|lower_bound_0,asymptote_to_0_from_above|curvature_convex|direction_decreasing|lower_bound_0,4,direction_decreasing,15
curvature+bound+asymptote,basis,mid,limited,4,1,1290577851,asymptote_to_0_from_above|curvature_convex|lower_bound_0,asymptote_to_0_from_above|curvature_convex|direction_decreasing|lower_bound_0,4,direction_decreasing,15
curvature+bound+asymptote,basis,mid,limited,5,1,3478880765,asymptote_to_0_from_above|curvature_convex|lower_bound_0,asymptote_to_0_from_above|curvature_convex|direction_decreasing|lower_bound_0,4,direction_decreasing,15
curvature+bound+asymptote,basis,mid,limited,6,1,2216616657,asymptote_to_0_from_above|curvature_convex|lower_bound_0,asymptote_to_0_from_above|curvature_convex|direction_decreasing|lower_bound_0,4,direction_decreasing,15
curvature+bound+asymptote,basis,mid,limited,7,1,2812546516,asymptote_to_0_from_above|curvature_convex|lower_bound_0,asymptote_to_0_from_above|curvature_convex|direction_decreasing|lower_bound_0,4,direction_decreasing,15
curvature+bound+asymptote,basis,mid,limited,8,1,4103613446,asymptote_to_0_from_above|curvature_convex|lower_bound_0,asymptote_to_0_from_above|curvature_convex|direction_decreasing|lower_bound_0,4,direction_decreasing,15
curvature+bound+asymptote,basis,mid,limited,9,1,1886726377,asymptote_to_0_from_above|curvature_convex|lower_bound_0,asymptote_to_0_from_above|curvature_convex|direction_decreasing|lower_bound_0,4,direction_decreasing,15
curvature+bound+asymptote,basis,mid,intermediate,0,1,2824431525,asymptote_to_0_from_above|curvature_convex|lower_bound_0,asymptote_to_0_from_above|curvature_convex|direction_decreasing|lower_bound_0,4,direction_decreasing,15
curvature+bound+asymptote,basis,mid,intermediate,1,1,2187906182,asymptote_to_0_from_above|curvature_convex|lower_bound_0,asymptote_to_0_from_above|curvature_convex|direction_decreasing|lower_bound_0,4,direction_decreasing,15
curvature+bound+asymptote,basis,mid,intermediate,2,1,565308751,asymptote_to_0_from_above|curvature_convex|lower_bound_0,asymptote_to_0_from_above|curvature_convex|direction_decreasing|lower_bound_0,4,direction_decreasing,15
curvature+bound+asymptote,basis,mid,intermediate,3,1,3751262988,asymptote_to_0_from_above|curvature_convex|lower_bound_0,asymptote_to_0_from_above|curvature_convex|direction_decreasing|lower_bound_0,4,direction_decreasing,15
curvature+bound+asymptote,basis,mid,intermediate,4,1,1859362168,asymptote_to_0_from_above|curvature_convex|lower_bound_0,asymptote_to_0_from_above|curvature_convex|direction_decreasing|lower_bound_0,4,direction_decreasing,15
curvature+bound+asymptote,basis,mid,intermediate,5,1,2724428489,asymptote_to_0_from_above|curvature_convex|lower_bound_0,asymptote_to_0_from_above|curvature_convex|direction_decreasing|lower_bound_0,4,direction_decreasing,15
curvature+bound+asymptote,basis,mid,intermediate,6,1,1167023546,asymptote_to_0_from_above|curvature_convex|lower_bound_0,asymptote_to_0_from_above|curvature_convex|direction_decreasing|lower_bound_0,4,direction_decreasing,15
curvature+bound+asymptote,basis,mid,intermediate,7,1,3614648334,asymptote_to_0_from_above|curvature_convex|lower_bound_0,asymptote_to_0_from_above|curvature_convex|direction_decreasing|lower_bound_0,4,direction_decreasing,15
curvature+bound+asymptote,basis,mid,intermediate,8,1,3901410833,asymptote_to_0_from_above|curvature_convex|lower_bound_0,asymptote_to_0_from_above|curvature_convex|direction_decreasing|lower_bound_0,4,direction_decreasing,15
curvature+bound+asymptote,basis,mid,intermediate,9,1,3215450375,asymptote_to_0_from_above|curvature_convex|lower_bound_0,asymptote_to_0_from_above|curvature_convex|direction_decreasing|lower_bound_0,4,direction_decreasing,15
curvature+bound+asymptote,basis,mid,persistent_within_tested_domain,0,1,2614803344,asymptote_to_0_from_above|curvature_convex|lower_bound_0,asymptote_to_0_from_above|curvature_convex|direction_decreasing|lower_bound_0,4,direction_decreasing,15
curvature+bound+asymptote,basis,mid,persistent_within_tested_domain,1,1,2388498573,asymptote_to_0_from_above|curvature_convex|lower_bound_0,asymptote_to_0_from_above|curvature_convex|direction_decreasing|lower_bound_0,4,direction_decreasing,15
curvature+bound+asymptote,basis,mid,persistent_within_tested_domain,2,1,1598517631,asymptote_to_0_from_above|curvature_convex|lower_bound_0,asymptote_to_0_from_above|curvature_convex|direction_decreasing|lower_bound_0,4,direction_decreasing,15
curvature+bound+asymptote,basis,mid,persistent_within_tested_domain,3,1,746418603,asymptote_to_0_from_above|curvature_convex|lower_bound_0,asymptote_to_0_from_above|curvature_convex|direction_decreasing|lower_bound_0,4,direction_decreasing,15
curvature+bound+asymptote,basis,mid,persistent_within_tested_domain,4,1,2249146884,asymptote_to_0_from_above|curvature_convex|lower_bound_0,asymptote_to_0_from_above|curvature_convex|direction_decreasing|lower_bound_0,4,direction_decreasing,15
curvature+bound+asymptote,basis,mid,persistent_within_tested_domain,5,1,689039987,asymptote_to_0_from_above|curvature_convex|lower_bound_0,asymptote_to_0_from_above|curvature_convex|direction_decreasing|lower_bound_0,4,direction_decreasing,15
curvature+bound+asymptote,basis,mid,persistent_within_tested_domain,6,1,2387113254,asymptote_to_0_from_above|curvature_convex|lower_bound_0,asymptote_to_0_from_above|curvature_convex|direction_decreasing|lower_bound_0,4,direction_decreasing,15
curvature+bound+asymptote,basis,mid,persistent_within_tested_domain,7,1,2439119274,asymptote_to_0_from_above|curvature_convex|lower_bound_0,asymptote_to_0_from_above|curvature_convex|direction_decreasing|lower_bound_0,4,direction_decreasing,15
curvature+bound+asymptote,basis,mid,persistent_within_tested_domain,8,1,3669584063,asymptote_to_0_from_above|curvature_convex|lower_bound_0,asymptote_to_0_from_above|curvature_convex|direction_decreasing|lower_bound_0,4,direction_decreasing,15
curvature+bound+asymptote,basis,mid,persistent_within_tested_domain,9,1,1435675467,asymptote_to_0_from_above|curvature_convex|lower_bound_0,asymptote_to_0_from_above|curvature_convex|direction_decreasing|lower_bound_0,4,direction_decreasing,15
curvature+bound+asymptote,basis,high,limited,0,1,3992143046,asymptote_to_0_from_above|curvature_convex|lower_bound_0,asymptote_to_0_from_above|curvature_convex|direction_decreasing|lower_bound_0,4,direction_decreasing,15
curvature+bound+asymptote,basis,high,limited,1,1,2150344580,asymptote_to_0_from_above|curvature_convex|lower_bound_0,asymptote_to_0_from_above|curvature_convex|direction_decreasing|lower_bound_0,4,direction_decreasing,15
curvature+bound+asymptote,basis,high,limited,2,1,2304863808,asymptote_to_0_from_above|curvature_convex|lower_bound_0,asymptote_to_0_from_above|curvature_convex|direction_decreasing|lower_bound_0,4,direction_decreasing,15
curvature+bound+asymptote,basis,high,limited,3,1,1482682876,asymptote_to_0_from_above|curvature_convex|lower_bound_0,asymptote_to_0_from_above|curvature_convex|direction_decreasing|lower_bound_0,4,direction_decreasing,15
curvature+bound+asymptote,basis,high,limited,4,1,3763743876,asymptote_to_0_from_above|curvature_convex|lower_bound_0,asymptote_to_0_from_above|curvature_convex|direction_decreasing|lower_bound_0,4,direction_decreasing,15
curvature+bound+asymptote,basis,high,limited,5,1,4116074333,asymptote_to_0_from_above|curvature_convex|lower_bound_0,asymptote_to_0_from_above|curvature_convex|direction_decreasing|lower_bound_0,4,direction_decreasing,15
curvature+bound+asymptote,basis,high,limited,6,1,788672402,asymptote_to_0_from_above|curvature_convex|lower_bound_0,asymptote_to_0_from_above|curvature_convex|direction_decreasing|lower_bound_0,4,direction_decreasing,15
curvature+bound+asymptote,basis,high,limited,7,1,3863173984,asymptote_to_0_from_above|curvature_convex|lower_bound_0,asymptote_to_0_from_above|curvature_convex|direction_decreasing|lower_bound_0,4,direction_decreasing,15
curvature+bound+asymptote,basis,high,limited,8,1,3436074171,asymptote_to_0_from_above|curvature_convex|lower_bound_0,asymptote_to_0_from_above|curvature_convex|direction_decreasing|lower_bound_0,4,direction_decreasing,15
curvature+bound+asymptote,basis,high,limited,9,1,2439527694,asymptote_to_0_from_above|curvature_convex|lower_bound_0,asymptote_to_0_from_above|curvature_convex|direction_decreasing|lower_bound_0,4,direction_decreasing,15
curvature+bound+asymptote,basis,high,intermediate,0,1,1375312986,asymptote_to_0_from_above|curvature_convex|lower_bound_0,asymptote_to_0_from_above|curvature_convex|direction_decreasing|lower_bound_0,4,direction_decreasing,15
curvature+bound+asymptote,basis,high,intermediate,1,1,3734299629,asymptote_to_0_from_above|curvature_convex|lower_bound_0,asymptote_to_0_from_above|curvature_convex|direction_decreasing|lower_bound_0,4,direction_decreasing,15
curvature+bound+asymptote,basis,high,intermediate,2,1,680574877,asymptote_to_0_from_above|curvature_convex|lower_bound_0,asymptote_to_0_from_above|curvature_convex|direction_decreasing|lower_bound_0,4,direction_decreasing,15
curvature+bound+asymptote,basis,high,intermediate,3,1,2187390965,asymptote_to_0_from_above|curvature_convex|lower_bound_0,asymptote_to_0_from_above|curvature_convex|direction_decreasing|lower_bound_0,4,direction_decreasing,15
curvature+bound+asymptote,basis,high,intermediate,4,1,3058905501,asymptote_to_0_from_above|curvature_convex|lower_bound_0,asymptote_to_0_from_above|curvature_convex|direction_decreasing|lower_bound_0,4,direction_decreasing,15
curvature+bound+asymptote,basis,high,intermediate,5,1,3706248941,asymptote_to_0_from_above|curvature_convex|lower_bound_0,asymptote_to_0_from_above|curvature_convex|direction_decreasing|lower_bound_0,4,direction_decreasing,15
curvature+bound+asymptote,basis,high,intermediate,6,1,1893503998,asymptote_to_0_from_above|curvature_convex|lower_bound_0,asymptote_to_0_from_above|curvature_convex|direction_decreasing|lower_bound_0,4,direction_decreasing,15
curvature+bound+asymptote,basis,high,intermediate,7,1,2162639322,asymptote_to_0_from_above|curvature_convex|lower_bound_0,asymptote_to_0_from_above|curvature_convex|direction_decreasing|lower_bound_0,4,direction_decreasing,15
curvature+bound+asymptote,basis,high,intermediate,8,1,3177813672,asymptote_to_0_from_above|curvature_convex|lower_bound_0,asymptote_to_0_from_above|curvature_convex|direction_decreasing|lower_bound_0,4,direction_decreasing,15
curvature+bound+asymptote,basis,high,intermediate,9,1,1617823880,asymptote_to_0_from_above|curvature_convex|lower_bound_0,asymptote_to_0_from_above|curvature_convex|direction_decreasing|lower_bound_0,4,direction_decreasing,15
curvature+bound+asymptote,basis,high,persistent_within_tested_domain,0,1,3461024032,asymptote_to_0_from_above|curvature_convex|lower_bound_0,asymptote_to_0_from_above|curvature_convex|direction_decreasing|lower_bound_0,4,direction_decreasing,15
curvature+bound+asymptote,basis,high,persistent_within_tested_domain,1,1,3251878630,asymptote_to_0_from_above|curvature_convex|lower_bound_0,asymptote_to_0_from_above|curvature_convex|direction_decreasing|lower_bound_0,4,direction_decreasing,15
curvature+bound+asymptote,basis,high,persistent_within_tested_domain,2,1,588464751,asymptote_to_0_from_above|curvature_convex|lower_bound_0,asymptote_to_0_from_above|curvature_convex|direction_decreasing|lower_bound_0,4,direction_decreasing,15
curvature+bound+asymptote,basis,high,persistent_within_tested_domain,3,1,3126518046,asymptote_to_0_from_above|curvature_convex|lower_bound_0,asymptote_to_0_from_above|curvature_convex|direction_decreasing|lower_bound_0,4,direction_decreasing,15
curvature+bound+asymptote,basis,high,persistent_within_tested_domain,4,1,2410902132,asymptote_to_0_from_above|curvature_convex|lower_bound_0,asymptote_to_0_from_above|curvature_convex|direction_decreasing|lower_bound_0,4,direction_decreasing,15
curvature+bound+asymptote,basis,high,persistent_within_tested_domain,5,1,2525609151,asymptote_to_0_from_above|curvature_convex|lower_bound_0,asymptote_to_0_from_above|curvature_convex|direction_decreasing|lower_bound_0,4,direction_decreasing,15
curvature+bound+asymptote,basis,high,persistent_within_tested_domain,6,1,292419602,asymptote_to_0_from_above|curvature_convex|lower_bound_0,asymptote_to_0_from_above|curvature_convex|direction_decreasing|lower_bound_0,4,direction_decreasing,15
curvature+bound+asymptote,basis,high,persistent_within_tested_domain,7,1,3361288703,asymptote_to_0_from_above|curvature_convex|lower_bound_0,asymptote_to_0_from_above|curvature_convex|direction_decreasing|lower_bound_0,4,direction_decreasing,15
curvature+bound+asymptote,basis,high,persistent_within_tested_domain,8,1,2911259727,asymptote_to_0_from_above|curvature_convex|lower_bound_0,asymptote_to_0_from_above|curvature_convex|direction_decreasing|lower_bound_0,4,direction_decreasing,15
curvature+bound+asymptote,basis,high,persistent_within_tested_domain,9,1,1115560835,asymptote_to_0_from_above|curvature_convex|lower_bound_0,asymptote_to_0_from_above|curvature_convex|direction_decreasing|lower_bound_0,4,direction_decreasing,15
curvature+bound+asymptote,ode,low,limited,0,1,3079246731,asymptote_to_0_from_above|curvature_convex|lower_bound_0,asymptote_to_0_from_above|curvature_convex|direction_decreasing|lower_bound_0,4,direction_decreasing,15
curvature+bound+asymptote,ode,low,limited,1,1,2640528912,asymptote_to_0_from_above|curvature_convex|lower_bound_0,asymptote_to_0_from_above|curvature_convex|direction_decreasing|lower_bound_0,4,direction_decreasing,15
curvature+bound+asymptote,ode,low,limited,2,1,1083266152,asymptote_to_0_from_above|curvature_convex|lower_bound_0,asymptote_to_0_from_above|curvature_convex|direction_decreasing|lower_bound_0,4,direction_decreasing,15
curvature+bound+asymptote,ode,low,limited,3,1,2865839633,asymptote_to_0_from_above|curvature_convex|lower_bound_0,asymptote_to_0_from_above|curvature_convex|direction_decreasing|lower_bound_0,4,direction_decreasing,15
curvature+bound+asymptote,ode,low,limited,4,1,1199605916,asymptote_to_0_from_above|curvature_convex|lower_bound_0,asymptote_to_0_from_above|curvature_convex|direction_decreasing|lower_bound_0,4,direction_decreasing,15
curvature+bound+asymptote,ode,low,limited,5,1,4114599692,asymptote_to_0_from_above|curvature_convex|lower_bound_0,asymptote_to_0_from_above|curvature_convex|direction_decreasing|lower_bound_0,4,direction_decreasing,15
curvature+bound+asymptote,ode,low,limited,6,1,570629009,asymptote_to_0_from_above|curvature_convex|lower_bound_0,asymptote_to_0_from_above|curvature_convex|direction_decreasing|lower_bound_0,4,direction_decreasing,15
curvature+bound+asymptote,ode,low,limited,7,1,1666098989,asymptote_to_0_from_above|curvature_convex|lower_bound_0,asymptote_to_0_from_above|curvature_convex|direction_decreasing|lower_bound_0,4,direction_decreasing,15
curvature+bound+asymptote,ode,low,limited,8,1,2190708461,asymptote_to_0_from_above|curvature_convex|lower_bound_0,asymptote_to_0_from_above|curvature_convex|direction_decreasing|lower_bound_0,4,direction_decreasing,15
curvature+bound+asymptote,ode,low,limited,9,1,980244247,asymptote_to_0_from_above|curvature_convex|lower_bound_0,asymptote_to_0_from_above|curvature_convex|direction_decreasing|lower_bound_0,4,direction_decreasing,15
curvature+bound+asymptote,ode,low,intermediate,0,1,3356144741,asymptote_to_0_from_above|curvature_convex|lower_bound_0,asymptote_to_0_from_above|curvature_convex|direction_decreasing|lower_bound_0,4,direction_decreasing,15
curvature+bound+asymptote,ode,low,intermediate,1,1,208365471,asymptote_to_0_from_above|curvature_convex|lower_bound_0,asymptote_to_0_from_above|curvature_convex|direction_decreasing|lower_bound_0,4,direction_decreasing,15
curvature+bound+asymptote,ode,low,intermediate,2,1,1527532849,asymptote_to_0_from_above|curvature_convex|lower_bound_0,asymptote_to_0_from_above|curvature_convex|direction_decreasing|lower_bound_0,4,direction_decreasing,15
curvature+bound+asymptote,ode,low,intermediate,3,1,1544821026,asymptote_to_0_from_above|curvature_convex|lower_bound_0,asymptote_to_0_from_above|curvature_convex|direction_decreasing|lower_bound_0,4,direction_decreasing,15
curvature+bound+asymptote,ode,low,intermediate,4,1,3892583587,asymptote_to_0_from_above|curvature_convex|lower_bound_0,asymptote_to_0_from_above|curvature_convex|direction_decreasing|lower_bound_0,4,direction_decreasing,15
curvature+bound+asymptote,ode,low,intermediate,5,1,2208946025,asymptote_to_0_from_above|curvature_convex|lower_bound_0,asymptote_to_0_from_above|curvature_convex|direction_decreasing|lower_bound_0,4,direction_decreasing,15
curvature+bound+asymptote,ode,low,intermediate,6,1,856024179,asymptote_to_0_from_above|curvature_convex|lower_bound_0,asymptote_to_0_from_above|curvature_convex|direction_decreasing|lower_bound_0,4,direction_decreasing,15
curvature+bound+asymptote,ode,low,intermediate,7,1,3529797311,asymptote_to_0_from_above|curvature_convex|lower_bound_0,asymptote_to_0_from_above|curvature_convex|direction_decreasing|lower_bound_0,4,direction_decreasing,15
curvature+bound+asymptote,ode,low,intermediate,8,1,3049083555,asymptote_to_0_from_above|curvature_convex|lower_bound_0,asymptote_to_0_from_above|curvature_convex|direction_decreasing|lower_bound_0,4,direction_decreasing,15
curvature+bound+asymptote,ode,low,intermediate,9,1,2577450378,asymptote_to_0_from_above|curvature_convex|lower_bound_0,asymptote_to_0_from_above|curvature_convex|direction_decreasing|lower_bound_0,4,direction_decreasing,15
curvature+bound+asymptote,ode,low,persistent_within_tested_domain,0,1,2624107226,asymptote_to_0_from_above|curvature_convex|lower_bound_0,asymptote_to_0_from_above|curvature_convex|direction_decreasing|lower_bound_0,4,direction_decreasing,15
curvature+bound+asymptote,ode,low,persistent_within_tested_domain,1,1,2496734435,asymptote_to_0_from_above|curvature_convex|lower_bound_0,asymptote_to_0_from_above|curvature_convex|direction_decreasing|lower_bound_0,4,direction_decreasing,15
curvature+bound+asymptote,ode,low,persistent_within_tested_domain,2,1,4125742636,asymptote_to_0_from_above|curvature_convex|lower_bound_0,asymptote_to_0_from_above|curvature_convex|direction_decreasing|lower_bound_0,4,direction_decreasing,15
curvature+bound+asymptote,ode,low,persistent_within_tested_domain,3,1,2395655199,asymptote_to_0_from_above|curvature_convex|lower_bound_0,asymptote_to_0_from_above|curvature_convex|direction_decreasing|lower_bound_0,4,direction_decreasing,15
curvature+bound+asymptote,ode,low,persistent_within_tested_domain,4,1,908587593,asymptote_to_0_from_above|curvature_convex|lower_bound_0,asymptote_to_0_from_above|curvature_convex|direction_decreasing|lower_bound_0,4,direction_decreasing,15
curvature+bound+asymptote,ode,low,persistent_within_tested_domain,5,1,1886135551,asymptote_to_0_from_above|curvature_convex|lower_bound_0,asymptote_to_0_from_above|curvature_convex|direction_decreasing|lower_bound_0,4,direction_decreasing,15
curvature+bound+asymptote,ode,low,persistent_within_tested_domain,6,1,2279055010,asymptote_to_0_from_above|curvature_convex|lower_bound_0,asymptote_to_0_from_above|curvature_convex|direction_decreasing|lower_bound_0,4,direction_decreasing,15
curvature+bound+asymptote,ode,low,persistent_within_tested_domain,7,1,3340379898,asymptote_to_0_from_above|curvature_convex|lower_bound_0,asymptote_to_0_from_above|curvature_convex|direction_decreasing|lower_bound_0,4,direction_decreasing,15
curvature+bound+asymptote,ode,low,persistent_within_tested_domain,8,1,1171195037,asymptote_to_0_from_above|curvature_convex|lower_bound_0,asymptote_to_0_from_above|curvature_convex|direction_decreasing|lower_bound_0,4,direction_decreasing,15
curvature+bound+asymptote,ode,low,persistent_within_tested_domain,9,1,710633775,asymptote_to_0_from_above|curvature_convex|lower_bound_0,asymptote_to_0_from_above|curvature_convex|direction_decreasing|lower_bound_0,4,direction_decreasing,15
curvature+bound+asymptote,ode,mid,limited,0,1,675633405,asymptote_to_0_from_above|curvature_convex|lower_bound_0,asymptote_to_0_from_above|curvature_convex|direction_decreasing|lower_bound_0,4,direction_decreasing,15
curvature+bound+asymptote,ode,mid,limited,1,1,886284475,asymptote_to_0_from_above|curvature_convex|lower_bound_0,asymptote_to_0_from_above|curvature_convex|direction_decreasing|lower_bound_0,4,direction_decreasing,15
curvature+bound+asymptote,ode,mid,limited,2,1,312379048,asymptote_to_0_from_above|curvature_convex|lower_bound_0,asymptote_to_0_from_above|curvature_convex|direction_decreasing|lower_bound_0,4,direction_decreasing,15
curvature+bound+asymptote,ode,mid,limited,3,1,2586694860,asymptote_to_0_from_above|curvature_convex|lower_bound_0,asymptote_to_0_from_above|curvature_convex|direction_decreasing|lower_bound_0,4,direction_decreasing,15
curvature+bound+asymptote,ode,mid,limited,4,1,3529479998,asymptote_to_0_from_above|curvature_convex|lower_bound_0,asymptote_to_0_from_above|curvature_convex|direction_decreasing|lower_bound_0,4,direction_decreasing,15
curvature+bound+asymptote,ode,mid,limited,5,1,4230960743,asymptote_to_0_from_above|curvature_convex|lower_bound_0,asymptote_to_0_from_above|curvature_convex|direction_decreasing|lower_bound_0,4,direction_decreasing,15
curvature+bound+asymptote,ode,mid,limited,6,1,883379424,asymptote_to_0_from_above|curvature_convex|lower_bound_0,asymptote_to_0_from_above|curvature_convex|direction_decreasing|lower_bound_0,4,direction_decreasing,15
curvature+bound+asymptote,ode,mid,limited,7,1,762692774,asymptote_to_0_from_above|curvature_convex|lower_bound_0,asymptote_to_0_from_above|curvature_convex|direction_decreasing|lower_bound_0,4,direction_decreasing,15
curvature+bound+asymptote,ode,mid,limited,8,1,3608495147,asymptote_to_0_from_above|curvature_convex|lower_bound_0,asymptote_to_0_from_above|curvature_convex|direction_decreasing|lower_bound_0,4,direction_decreasing,15
curvature+bound+asymptote,ode,mid,limited,9,1,1302216014,asymptote_to_0_from_above|curvature_convex|lower_bound_0,asymptote_to_0_from_above|curvature_convex|direction_decreasing|lower_bound_0,4,direction_decreasing,15
curvature+bound+asymptote,ode,mid,intermediate,0,1,2809976212,asymptote_to_0_from_above|curvature_convex|lower_bound_0,asymptote_to_0_from_above|curvature_convex|direction_decreasing|lower_bound_0,4,direction_decreasing,15
curvature+bound+asymptote,ode,mid,intermediate,1,1,2700395527,asymptote_to_0_from_above|curvature_convex|lower_bound_0,asymptote_to_0_from_above|curvature_convex|direction_decreasing|lower_bound_0,4,direction_decreasing,15
curvature+bound+asymptote,ode,mid,intermediate,2,1,484450494,asymptote_to_0_from_above|curvature_convex|lower_bound_0,asymptote_to_0_from_above|curvature_convex|direction_decreasing|lower_bound_0,4,direction_decreasing,15
curvature+bound+asymptote,ode,mid,intermediate,3,1,2497219342,asymptote_to_0_from_above|curvature_convex|lower_bound_0,asymptote_to_0_from_above|curvature_convex|direction_decreasing|lower_bound_0,4,direction_decreasing,15
curvature+bound+asymptote,ode,mid,intermediate,4,1,162272332,asymptote_to_0_from_above|curvature_convex|lower_bound_0,asymptote_to_0_from_above|curvature_convex|direction_decreasing|lower_bound_0,4,direction_decreasing,15
curvature+bound+asymptote,ode,mid,intermediate,5,1,1272407337,asymptote_to_0_from_above|curvature_convex|lower_bound_0,asymptote_to_0_from_above|curvature_convex|direction_decreasing|lower_bound_0,4,direction_decreasing,15
curvature+bound+asymptote,ode,mid,intermediate,6,1,130893964,asymptote_to_0_from_above|curvature_convex|lower_bound_0,asymptote_to_0_from_above|curvature_convex|direction_decreasing|lower_bound_0,4,direction_decreasing,15
curvature+bound+asymptote,ode,mid,intermediate,7,1,1808097797,asymptote_to_0_from_above|curvature_convex|lower_bound_0,asymptote_to_0_from_above|curvature_convex|direction_decreasing|lower_bound_0,4,direction_decreasing,15
curvature+bound+asymptote,ode,mid,intermediate,8,1,2397517350,asymptote_to_0_from_above|curvature_convex|lower_bound_0,asymptote_to_0_from_above|curvature_convex|direction_decreasing|lower_bound_0,4,direction_decreasing,15
curvature+bound+asymptote,ode,mid,intermediate,9,1,11173550,asymptote_to_0_from_above|curvature_convex|lower_bound_0,asymptote_to_0_from_above|curvature_convex|direction_decreasing|lower_bound_0,4,direction_decreasing,15
curvature+bound+asymptote,ode,mid,persistent_within_tested_domain,0,1,2754078830,asymptote_to_0_from_above|curvature_convex|lower_bound_0,asymptote_to_0_from_above|curvature_convex|direction_decreasing|lower_bound_0,4,direction_decreasing,15
curvature+bound+asymptote,ode,mid,persistent_within_tested_domain,1,1,3698128819,asymptote_to_0_from_above|curvature_convex|lower_bound_0,asymptote_to_0_from_above|curvature_convex|direction_decreasing|lower_bound_0,4,direction_decreasing,15
curvature+bound+asymptote,ode,mid,persistent_within_tested_domain,2,1,3615359328,asymptote_to_0_from_above|curvature_convex|lower_bound_0,asymptote_to_0_from_above|curvature_convex|direction_decreasing|lower_bound_0,4,direction_decreasing,15
curvature+bound+asymptote,ode,mid,persistent_within_tested_domain,3,1,3231781025,asymptote_to_0_from_above|curvature_convex|lower_bound_0,asymptote_to_0_from_above|curvature_convex|direction_decreasing|lower_bound_0,4,direction_decreasing,15
curvature+bound+asymptote,ode,mid,persistent_within_tested_domain,4,1,2961505360,asymptote_to_0_from_above|curvature_convex|lower_bound_0,asymptote_to_0_from_above|curvature_convex|direction_decreasing|lower_bound_0,4,direction_decreasing,15
curvature+bound+asymptote,ode,mid,persistent_within_tested_domain,5,1,3538215323,asymptote_to_0_from_above|curvature_convex|lower_bound_0,asymptote_to_0_from_above|curvature_convex|direction_decreasing|lower_bound_0,4,direction_decreasing,15
curvature+bound+asymptote,ode,mid,persistent_within_tested_domain,6,1,1603166680,asymptote_to_0_from_above|curvature_convex|lower_bound_0,asymptote_to_0_from_above|curvature_convex|direction_decreasing|lower_bound_0,4,direction_decreasing,15
curvature+bound+asymptote,ode,mid,persistent_within_tested_domain,7,1,1941010986,asymptote_to_0_from_above|curvature_convex|lower_bound_0,asymptote_to_0_from_above|curvature_convex|direction_decreasing|lower_bound_0,4,direction_decreasing,15
curvature+bound+asymptote,ode,mid,persistent_within_tested_domain,8,1,3010360312,asymptote_to_0_from_above|curvature_convex|lower_bound_0,asymptote_to_0_from_above|curvature_convex|direction_decreasing|lower_bound_0,4,direction_decreasing,15
curvature+bound+asymptote,ode,mid,persistent_within_tested_domain,9,1,3353143193,asymptote_to_0_from_above|curvature_convex|lower_bound_0,asymptote_to_0_from_above|curvature_convex|direction_decreasing|lower_bound_0,4,direction_decreasing,15
curvature+bound+asymptote,ode,high,limited,0,1,4198156425,asymptote_to_0_from_above|curvature_convex|lower_bound_0,asymptote_to_0_from_above|curvature_convex|direction_decreasing|lower_bound_0,4,direction_decreasing,15
curvature+bound+asymptote,ode,high,limited,1,1,135899769,asymptote_to_0_from_above|curvature_convex|lower_bound_0,asymptote_to_0_from_above|curvature_convex|direction_decreasing|lower_bound_0,4,direction_decreasing,15
curvature+bound+asymptote,ode,high,limited,2,1,2761466865,asymptote_to_0_from_above|curvature_convex|lower_bound_0,asymptote_to_0_from_above|curvature_convex|direction_decreasing|lower_bound_0,4,direction_decreasing,15
curvature+bound+asymptote,ode,high,limited,3,1,972602638,asymptote_to_0_from_above|curvature_convex|lower_bound_0,asymptote_to_0_from_above|curvature_convex|direction_decreasing|lower_bound_0,4,direction_decreasing,15
curvature+bound+asymptote,ode,high,limited,4,1,2844093973,asymptote_to_0_from_above|curvature_convex|lower_bound_0,asymptote_to_0_from_above|curvature_convex|direction_decreasing|lower_bound_0,4,direction_decreasing,15
curvature+bound+asymptote,ode,high,limited,5,1,239926978,asymptote_to_0_from_above|curvature_convex|lower_bound_0,asymptote_to_0_from_above|curvature_convex|direction_decreasing|lower_bound_0,4,direction_decreasing,15
curvature+bound+asymptote,ode,high,limited,6,1,160852207,asymptote_to_0_from_above|curvature_convex|lower_bound_0,asymptote_to_0_from_above|curvature_convex|direction_decreasing|lower_bound_0,4,direction_decreasing,15
curvature+bound+asymptote,ode,high,limited,7,1,819575989,asymptote_to_0_from_above|curvature_convex|lower_bound_0,asymptote_to_0_from_above|curvature_convex|direction_decreasing|lower_bound_0,4,direction_decreasing,15
curvature+bound+asymptote,ode,high,limited,8,1,523901896,asymptote_to_0_from_above|curvature_convex|lower_bound_0,asymptote_to_0_from_above|curvature_convex|direction_decreasing|lower_bound_0,4,direction_decreasing,15
curvature+bound+asymptote,ode,high,limited,9,1,3902798548,asymptote_to_0_from_above|curvature_convex|lower_bound_0,asymptote_to_0_from_above|curvature_convex|direction_decreasing|lower_bound_0,4,direction_decreasing,15
curvature+bound+asymptote,ode,high,intermediate,0,1,3067438741,asymptote_to_0_from_above|curvature_convex|lower_bound_0,asymptote_to_0_from_above|curvature_convex|direction_decreasing|lower_bound_0,4,direction_decreasing,15
curvature+bound+asymptote,ode,high,intermediate,1,1,3518232650,asymptote_to_0_from_above|curvature_convex|lower_bound_0,asymptote_to_0_from_above|curvature_convex|direction_decreasing|lower_bound_0,4,direction_decreasing,15
curvature+bound+asymptote,ode,high,intermediate,2,1,3899716544,asymptote_to_0_from_above|curvature_convex|lower_bound_0,asymptote_to_0_from_above|curvature_convex|direction_decreasing|lower_bound_0,4,direction_decreasing,15
curvature+bound+asymptote,ode,high,intermediate,3,1,3558790580,asymptote_to_0_from_above|curvature_convex|lower_bound_0,asymptote_to_0_from_above|curvature_convex|direction_decreasing|lower_bound_0,4,direction_decreasing,15
curvature+bound+asymptote,ode,high,intermediate,4,1,841019525,asymptote_to_0_from_above|curvature_convex|lower_bound_0,asymptote_to_0_from_above|curvature_convex|direction_decreasing|lower_bound_0,4,direction_decreasing,15
curvature+bound+asymptote,ode,high,intermediate,5,1,1586329896,asymptote_to_0_from_above|curvature_convex|lower_bound_0,asymptote_to_0_from_above|curvature_convex|direction_decreasing|lower_bound_0,4,direction_decreasing,15
curvature+bound+asymptote,ode,high,intermediate,6,1,1338029816,asymptote_to_0_from_above|curvature_convex|lower_bound_0,asymptote_to_0_from_above|curvature_convex|direction_decreasing|lower_bound_0,4,direction_decreasing,15
curvature+bound+asymptote,ode,high,intermediate,7,1,2269634245,asymptote_to_0_from_above|curvature_convex|lower_bound_0,asymptote_to_0_from_above|curvature_convex|direction_decreasing|lower_bound_0,4,direction_decreasing,15
curvature+bound+asymptote,ode,high,intermediate,8,1,4183902527,asymptote_to_0_from_above|curvature_convex|lower_bound_0,asymptote_to_0_from_above|curvature_convex|direction_decreasing|lower_bound_0,4,direction_decreasing,15
curvature+bound+asymptote,ode,high,intermediate,9,1,1292138173,asymptote_to_0_from_above|curvature_convex|lower_bound_0,asymptote_to_0_from_above|curvature_convex|direction_decreasing|lower_bound_0,4,direction_decreasing,15
curvature+bound+asymptote,ode,high,persistent_within_tested_domain,0,1,947895591,asymptote_to_0_from_above|curvature_convex|lower_bound_0,asymptote_to_0_from_above|curvature_convex|direction_decreasing|lower_bound_0,4,direction_decreasing,15
curvature+bound+asymptote,ode,high,persistent_within_tested_domain,1,1,237607196,asymptote_to_0_from_above|curvature_convex|lower_bound_0,asymptote_to_0_from_above|curvature_convex|direction_decreasing|lower_bound_0,4,direction_decreasing,15
curvature+bound+asymptote,ode,high,persistent_within_tested_domain,2,1,3499714350,asymptote_to_0_from_above|curvature_convex|lower_bound_0,asymptote_to_0_from_above|curvature_convex|direction_decreasing|lower_bound_0,4,direction_decreasing,15
curvature+bound+asymptote,ode,high,persistent_within_tested_domain,3,1,1253516916,asymptote_to_0_from_above|curvature_convex|lower_bound_0,asymptote_to_0_from_above|curvature_convex|direction_decreasing|lower_bound_0,4,direction_decreasing,15
curvature+bound+asymptote,ode,high,persistent_within_tested_domain,4,1,2965195419,asymptote_to_0_from_above|curvature_convex|lower_bound_0,asymptote_to_0_from_above|curvature_convex|direction_decreasing|lower_bound_0,4,direction_decreasing,15
curvature+bound+asymptote,ode,high,persistent_within_tested_domain,5,1,1371529217,asymptote_to_0_from_above|curvature_convex|lower_bound_0,asymptote_to_0_from_above|curvature_convex|direction_decreasing|lower_bound_0,4,direction_decreasing,15
curvature+bound+asymptote,ode,high,persistent_within_tested_domain,6,1,2996650089,asymptote_to_0_from_above|curvature_convex|lower_bound_0,asymptote_to_0_from_above|curvature_convex|direction_decreasing|lower_bound_0,4,direction_decreasing,15
curvature+bound+asymptote,ode,high,persistent_within_tested_domain,7,1,2106525505,asymptote_to_0_from_above|curvature_convex|lower_bound_0,asymptote_to_0_from_above|curvature_convex|direction_decreasing|lower_bound_0,4,direction_decreasing,15
curvature+bound+asymptote,ode,high,persistent_within_tested_domain,8,1,3717283312,asymptote_to_0_from_above|curvature_convex|lower_bound_0,asymptote_to_0_from_above|curvature_convex|direction_decreasing|lower_bound_0,4,direction_decreasing,15
curvature+bound+asymptote,ode,high,persistent_within_tested_domain,9,1,3383333913,asymptote_to_0_from_above|curvature_convex|lower_bound_0,asymptote_to_0_from_above|curvature_convex|direction_decreasing|lower_bound_0,4,direction_decreasing,15
inflection+bound+asymptote,spline,low,limited,0,1,1552125509,asymptote_to_0_from_above|inflection_concave_to_convex|lower_bound_0,asymptote_to_0_from_above|direction_decreasing|inflection_concave_to_convex|lower_bound_0,4,direction_decreasing,15
inflection+bound+asymptote,spline,low,limited,1,1,1900572410,asymptote_to_0_from_above|inflection_concave_to_convex|lower_bound_0,asymptote_to_0_from_above|direction_decreasing|inflection_concave_to_convex|lower_bound_0,4,direction_decreasing,15
inflection+bound+asymptote,spline,low,limited,2,1,1746352946,asymptote_to_0_from_above|inflection_concave_to_convex|lower_bound_0,asymptote_to_0_from_above|direction_decreasing|inflection_concave_to_convex|lower_bound_0,4,direction_decreasing,15
inflection+bound+asymptote,spline,low,limited,3,1,2221421035,asymptote_to_0_from_above|inflection_concave_to_convex|lower_bound_0,asymptote_to_0_from_above|direction_decreasing|inflection_concave_to_convex|lower_bound_0,4,direction_decreasing,15
inflection+bound+asymptote,spline,low,limited,4,1,3520929554,asymptote_to_0_from_above|inflection_concave_to_convex|lower_bound_0,asymptote_to_0_from_above|direction_decreasing|inflection_concave_to_convex|lower_bound_0,4,direction_decreasing,15
inflection+bound+asymptote,spline,low,limited,5,1,1771154962,asymptote_to_0_from_above|inflection_concave_to_convex|lower_bound_0,asymptote_to_0_from_above|direction_decreasing|inflection_concave_to_convex|lower_bound_0,4,direction_decreasing,15
inflection+bound+asymptote,spline,low,limited,6,1,1263459610,asymptote_to_0_from_above|inflection_concave_to_convex|lower_bound_0,asymptote_to_0_from_above|direction_decreasing|inflection_concave_to_convex|lower_bound_0,4,direction_decreasing,15
inflection+bound+asymptote,spline,low,limited,7,1,1277976596,asymptote_to_0_from_above|inflection_concave_to_convex|lower_bound_0,asymptote_to_0_from_above|direction_decreasing|inflection_concave_to_convex|lower_bound_0,4,direction_decreasing,15
inflection+bound+asymptote,spline,low,limited,8,1,1391965332,asymptote_to_0_from_above|inflection_concave_to_convex|lower_bound_0,asymptote_to_0_from_above|direction_decreasing|inflection_concave_to_convex|lower_bound_0,4,direction_decreasing,15
inflection+bound+asymptote,spline,low,limited,9,1,1069300492,asymptote_to_0_from_above|inflection_concave_to_convex|lower_bound_0,asymptote_to_0_from_above|direction_decreasing|inflection_concave_to_convex|lower_bound_0,4,direction_decreasing,15
inflection+bound+asymptote,spline,low,intermediate,0,1,1661284,asymptote_to_0_from_above|inflection_concave_to_convex|lower_bound_0,asymptote_to_0_from_above|direction_decreasing|inflection_concave_to_convex|lower_bound_0,4,direction_decreasing,15
inflection+bound+asymptote,spline,low,intermediate,1,1,2322261903,asymptote_to_0_from_above|inflection_concave_to_convex|lower_bound_0,asymptote_to_0_from_above|direction_decreasing|inflection_concave_to_convex|lower_bound_0,4,direction_decreasing,15
inflection+bound+asymptote,spline,low,intermediate,2,1,4291480929,asymptote_to_0_from_above|inflection_concave_to_convex|lower_bound_0,asymptote_to_0_from_above|direction_decreasing|inflection_concave_to_convex|lower_bound_0,4,direction_decreasing,15
inflection+bound+asymptote,spline,low,intermediate,3,1,3658157283,asymptote_to_0_from_above|inflection_concave_to_convex|lower_bound_0,asymptote_to_0_from_above|direction_decreasing|inflection_concave_to_convex|lower_bound_0,4,direction_decreasing,15
inflection+bound+asymptote,spline,low,intermediate,4,1,4134063946,asymptote_to_0_from_above|inflection_concave_to_convex|lower_bound_0,asymptote_to_0_from_above|direction_decreasing|inflection_concave_to_convex|lower_bound_0,4,direction_decreasing,15
inflection+bound+asymptote,spline,low,intermediate,5,1,138697814,asymptote_to_0_from_above|inflection_concave_to_convex|lower_bound_0,asymptote_to_0_from_above|direction_decreasing|inflection_concave_to_convex|lower_bound_0,4,direction_decreasing,15
inflection+bound+asymptote,spline,low,intermediate,6,1,1773259296,asymptote_to_0_from_above|inflection_concave_to_convex|lower_bound_0,asymptote_to_0_from_above|direction_decreasing|inflection_concave_to_convex|lower_bound_0,4,direction_decreasing,15
inflection+bound+asymptote,spline,low,intermediate,7,1,3999453800,asymptote_to_0_from_above|inflection_concave_to_convex|lower_bound_0,asymptote_to_0_from_above|direction_decreasing|inflection_concave_to_convex|lower_bound_0,4,direction_decreasing,15
inflection+bound+asymptote,spline,low,intermediate,8,1,2882838018,asymptote_to_0_from_above|inflection_concave_to_convex|lower_bound_0,asymptote_to_0_from_above|direction_decreasing|inflection_concave_to_convex|lower_bound_0,4,direction_decreasing,15
inflection+bound+asymptote,spline,low,intermediate,9,1,2599678339,asymptote_to_0_from_above|inflection_concave_to_convex|lower_bound_0,asymptote_to_0_from_above|direction_decreasing|inflection_concave_to_convex|lower_bound_0,4,direction_decreasing,15
inflection+bound+asymptote,spline,low,persistent_within_tested_domain,0,1,447040895,asymptote_to_0_from_above|inflection_concave_to_convex|lower_bound_0,asymptote_to_0_from_above|direction_decreasing|inflection_concave_to_convex|lower_bound_0,4,direction_decreasing,15
inflection+bound+asymptote,spline,low,persistent_within_tested_domain,1,1,2463330027,asymptote_to_0_from_above|inflection_concave_to_convex|lower_bound_0,asymptote_to_0_from_above|direction_decreasing|inflection_concave_to_convex|lower_bound_0,4,direction_decreasing,15
inflection+bound+asymptote,spline,low,persistent_within_tested_domain,2,1,1241024805,asymptote_to_0_from_above|inflection_concave_to_convex|lower_bound_0,asymptote_to_0_from_above|direction_decreasing|inflection_concave_to_convex|lower_bound_0,4,direction_decreasing,15
inflection+bound+asymptote,spline,low,persistent_within_tested_domain,3,1,2433365166,asymptote_to_0_from_above|inflection_concave_to_convex|lower_bound_0,asymptote_to_0_from_above|direction_decreasing|inflection_concave_to_convex|lower_bound_0,4,direction_decreasing,15
inflection+bound+asymptote,spline,low,persistent_within_tested_domain,4,1,4278384630,asymptote_to_0_from_above|inflection_concave_to_convex|lower_bound_0,asymptote_to_0_from_above|direction_decreasing|inflection_concave_to_convex|lower_bound_0,4,direction_decreasing,15
inflection+bound+asymptote,spline,low,persistent_within_tested_domain,5,1,4070206611,asymptote_to_0_from_above|inflection_concave_to_convex|lower_bound_0,asymptote_to_0_from_above|direction_decreasing|inflection_concave_to_convex|lower_bound_0,4,direction_decreasing,15
inflection+bound+asymptote,spline,low,persistent_within_tested_domain,6,1,1929825881,asymptote_to_0_from_above|inflection_concave_to_convex|lower_bound_0,asymptote_to_0_from_above|direction_decreasing|inflection_concave_to_convex|lower_bound_0,4,direction_decreasing,15
inflection+bound+asymptote,spline,low,persistent_within_tested_domain,7,1,3600806544,asymptote_to_0_from_above|inflection_concave_to_convex|lower_bound_0,asymptote_to_0_from_above|direction_decreasing|inflection_concave_to_convex|lower_bound_0,4,direction_decreasing,15
inflection+bound+asymptote,spline,low,persistent_within_tested_domain,8,1,1644339462,asymptote_to_0_from_above|inflection_concave_to_convex|lower_bound_0,asymptote_to_0_from_above|direction_decreasing|inflection_concave_to_convex|lower_bound_0,4,direction_decreasing,15
inflection+bound+asymptote,spline,low,persistent_within_tested_domain,9,1,4210905309,asymptote_to_0_from_above|inflection_concave_to_convex|lower_bound_0,asymptote_to_0_from_above|direction_decreasing|inflection_concave_to_convex|lower_bound_0,4,direction_decreasing,15
inflection+bound+asymptote,spline,mid,limited,0,1,3575265220,asymptote_to_0_from_above|inflection_concave_to_convex|lower_bound_0,asymptote_to_0_from_above|direction_decreasing|inflection_concave_to_convex|lower_bound_0,4,direction_decreasing,15
inflection+bound+asymptote,spline,mid,limited,1,1,4155135617,asymptote_to_0_from_above|inflection_concave_to_convex|lower_bound_0,asymptote_to_0_from_above|direction_decreasing|inflection_concave_to_convex|lower_bound_0,4,direction_decreasing,15
inflection+bound+asymptote,spline,mid,limited,2,1,378610028,asymptote_to_0_from_above|inflection_concave_to_convex|lower_bound_0,asymptote_to_0_from_above|direction_decreasing|inflection_concave_to_convex|lower_bound_0,4,direction_decreasing,15
inflection+bound+asymptote,spline,mid,limited,3,1,4191807362,asymptote_to_0_from_above|inflection_concave_to_convex|lower_bound_0,asymptote_to_0_from_above|direction_decreasing|inflection_concave_to_convex|lower_bound_0,4,direction_decreasing,15
inflection+bound+asymptote,spline,mid,limited,4,1,74071152,asymptote_to_0_from_above|inflection_concave_to_convex|lower_bound_0,asymptote_to_0_from_above|direction_decreasing|inflection_concave_to_convex|lower_bound_0,4,direction_decreasing,15
inflection+bound+asymptote,spline,mid,limited,5,1,3302900832,asymptote_to_0_from_above|inflection_concave_to_convex|lower_bound_0,asymptote_to_0_from_above|direction_decreasing|inflection_concave_to_convex|lower_bound_0,4,direction_decreasing,15
inflection+bound+asymptote,spline,mid,limited,6,1,3214436386,asymptote_to_0_from_above|inflection_concave_to_convex|lower_bound_0,asymptote_to_0_from_above|direction_decreasing|inflection_concave_to_convex|lower_bound_0,4,direction_decreasing,15
inflection+bound+asymptote,spline,mid,limited,7,1,3106351315,asymptote_to_0_from_above|inflection_concave_to_convex|lower_bound_0,asymptote_to_0_from_above|direction_decreasing|inflection_concave_to_convex|lower_bound_0,4,direction_decreasing,15
inflection+bound+asymptote,spline,mid,limited,8,1,1412543122,asymptote_to_0_from_above|inflection_concave_to_convex|lower_bound_0,asymptote_to_0_from_above|direction_decreasing|inflection_concave_to_convex|lower_bound_0,4,direction_decreasing,15
inflection+bound+asymptote,spline,mid,limited,9,1,2505722716,asymptote_to_0_from_above|inflection_concave_to_convex|lower_bound_0,asymptote_to_0_from_above|direction_decreasing|inflection_concave_to_convex|lower_bound_0,4,direction_decreasing,15
inflection+bound+asymptote,spline,mid,intermediate,0,1,2737098883,asymptote_to_0_from_above|inflection_concave_to_convex|lower_bound_0,asymptote_to_0_from_above|direction_decreasing|inflection_concave_to_convex|lower_bound_0,4,direction_decreasing,15
inflection+bound+asymptote,spline,mid,intermediate,1,1,2634540326,asymptote_to_0_from_above|inflection_concave_to_convex|lower_bound_0,asymptote_to_0_from_above|direction_decreasing|inflection_concave_to_convex|lower_bound_0,4,direction_decreasing,15
inflection+bound+asymptote,spline,mid,intermediate,2,1,3087938976,asymptote_to_0_from_above|inflection_concave_to_convex|lower_bound_0,asymptote_to_0_from_above|direction_decreasing|inflection_concave_to_convex|lower_bound_0,4,direction_decreasing,15
inflection+bound+asymptote,spline,mid,intermediate,3,1,2176941345,asymptote_to_0_from_above|inflection_concave_to_convex|lower_bound_0,asymptote_to_0_from_above|direction_decreasing|inflection_concave_to_convex|lower_bound_0,4,direction_decreasing,15
inflection+bound+asymptote,spline,mid,intermediate,4,1,3755546157,asymptote_to_0_from_above|inflection_concave_to_convex|lower_bound_0,asymptote_to_0_from_above|direction_decreasing|inflection_concave_to_convex|lower_bound_0,4,direction_decreasing,15
inflection+bound+asymptote,spline,mid,intermediate,5,1,35516929,asymptote_to_0_from_above|inflection_concave_to_convex|lower_bound_0,asymptote_to_0_from_above|direction_decreasing|inflection_concave_to_convex|lower_bound_0,4,direction_decreasing,15
inflection+bound+asymptote,spline,mid,intermediate,6,1,3930573165,asymptote_to_0_from_above|inflection_concave_to_convex|lower_bound_0,asymptote_to_0_from_above|direction_decreasing|inflection_concave_to_convex|lower_bound_0,4,direction_decreasing,15
inflection+bound+asymptote,spline,mid,intermediate,7,1,520384720,asymptote_to_0_from_above|inflection_concave_to_convex|lower_bound_0,asymptote_to_0_from_above|direction_decreasing|inflection_concave_to_convex|lower_bound_0,4,direction_decreasing,15
inflection+bound+asymptote,spline,mid,intermediate,8,1,2939319148,asymptote_to_0_from_above|inflection_concave_to_convex|lower_bound_0,asymptote_to_0_from_above|direction_decreasing|inflection_concave_to_convex|lower_bound_0,4,direction_decreasing,15
inflection+bound+asymptote,spline,mid,intermediate,9,1,1712841567,asymptote_to_0_from_above|inflection_concave_to_convex|lower_bound_0,asymptote_to_0_from_above|direction_decreasing|inflection_concave_to_convex|lower_bound_0,4,direction_decreasing,15
inflection+bound+asymptote,spline,mid,persistent_within_tested_domain,0,1,2003627866,asymptote_to_0_from_above|inflection_concave_to_convex|lower_bound_0,asymptote_to_0_from_above|direction_decreasing|inflection_concave_to_convex|lower_bound_0,4,direction_decreasing,15
inflection+bound+asymptote,spline,mid,persistent_within_tested_domain,1,1,1720743746,asymptote_to_0_from_above|inflection_concave_to_convex|lower_bound_0,asymptote_to_0_from_above|direction_decreasing|inflection_concave_to_convex|lower_bound_0,4,direction_decreasing,15
inflection+bound+asymptote,spline,mid,persistent_within_tested_domain,2,1,4293578373,asymptote_to_0_from_above|inflection_concave_to_convex|lower_bound_0,asymptote_to_0_from_above|direction_decreasing|inflection_concave_to_convex|lower_bound_0,4,direction_decreasing,15
inflection+bound+asymptote,spline,mid,persistent_within_tested_domain,3,1,3858856406,asymptote_to_0_from_above|inflection_concave_to_convex|lower_bound_0,asymptote_to_0_from_above|direction_decreasing|inflection_concave_to_convex|lower_bound_0,4,direction_decreasing,15
inflection+bound+asymptote,spline,mid,persistent_within_tested_domain,4,1,2870134384,asymptote_to_0_from_above|inflection_concave_to_convex|lower_bound_0,asymptote_to_0_from_above|direction_decreasing|inflection_concave_to_convex|lower_bound_0,4,direction_decreasing,15
inflection+bound+asymptote,spline,mid,persistent_within_tested_domain,5,1,529910863,asymptote_to_0_from_above|inflection_concave_to_convex|lower_bound_0,asymptote_to_0_from_above|direction_decreasing|inflection_concave_to_convex|lower_bound_0,4,direction_decreasing,15
inflection+bound+asymptote,spline,mid,persistent_within_tested_domain,6,1,1331416169,asymptote_to_0_from_above|inflection_concave_to_convex|lower_bound_0,asymptote_to_0_from_above|direction_decreasing|inflection_concave_to_convex|lower_bound_0,4,direction_decreasing,15
inflection+bound+asymptote,spline,mid,persistent_within_tested_domain,7,1,1282281298,asymptote_to_0_from_above|inflection_concave_to_convex|lower_bound_0,asymptote_to_0_from_above|direction_decreasing|inflection_concave_to_convex|lower_bound_0,4,direction_decreasing,15
inflection+bound+asymptote,spline,mid,persistent_within_tested_domain,8,1,716723026,asymptote_to_0_from_above|inflection_concave_to_convex|lower_bound_0,asymptote_to_0_from_above|direction_decreasing|inflection_concave_to_convex|lower_bound_0,4,direction_decreasing,15
inflection+bound+asymptote,spline,mid,persistent_within_tested_domain,9,1,2968641356,asymptote_to_0_from_above|inflection_concave_to_convex|lower_bound_0,asymptote_to_0_from_above|direction_decreasing|inflection_concave_to_convex|lower_bound_0,4,direction_decreasing,15
inflection+bound+asymptote,spline,high,limited,0,1,1937225234,asymptote_to_0_from_above|inflection_concave_to_convex|lower_bound_0,asymptote_to_0_from_above|direction_decreasing|inflection_concave_to_convex|lower_bound_0,4,direction_decreasing,15
inflection+bound+asymptote,spline,high,limited,1,1,4155599037,asymptote_to_0_from_above|inflection_concave_to_convex|lower_bound_0,asymptote_to_0_from_above|direction_decreasing|inflection_concave_to_convex|lower_bound_0,4,direction_decreasing,15
inflection+bound+asymptote,spline,high,limited,2,1,3759856085,asymptote_to_0_from_above|inflection_concave_to_convex|lower_bound_0,asymptote_to_0_from_above|direction_decreasing|inflection_concave_to_convex|lower_bound_0,4,direction_decreasing,15
inflection+bound+asymptote,spline,high,limited,3,1,1074280010,asymptote_to_0_from_above|inflection_concave_to_convex|lower_bound_0,asymptote_to_0_from_above|direction_decreasing|inflection_concave_to_convex|lower_bound_0,4,direction_decreasing,15
inflection+bound+asymptote,spline,high,limited,4,1,2144951677,asymptote_to_0_from_above|inflection_concave_to_convex|lower_bound_0,asymptote_to_0_from_above|direction_decreasing|inflection_concave_to_convex|lower_bound_0,4,direction_decreasing,15
inflection+bound+asymptote,spline,high,limited,5,1,465078162,asymptote_to_0_from_above|inflection_concave_to_convex|lower_bound_0,asymptote_to_0_from_above|direction_decreasing|inflection_concave_to_convex|lower_bound_0,4,direction_decreasing,15
inflection+bound+asymptote,spline,high,limited,6,1,3830925816,asymptote_to_0_from_above|inflection_concave_to_convex|lower_bound_0,asymptote_to_0_from_above|direction_decreasing|inflection_concave_to_convex|lower_bound_0,4,direction_decreasing,15
inflection+bound+asymptote,spline,high,limited,7,1,1557549513,asymptote_to_0_from_above|inflection_concave_to_convex|lower_bound_0,asymptote_to_0_from_above|direction_decreasing|inflection_concave_to_convex|lower_bound_0,4,direction_decreasing,15
inflection+bound+asymptote,spline,high,limited,8,1,744662979,asymptote_to_0_from_above|inflection_concave_to_convex|lower_bound_0,asymptote_to_0_from_above|direction_decreasing|inflection_concave_to_convex|lower_bound_0,4,direction_decreasing,15
inflection+bound+asymptote,spline,high,limited,9,1,3948764143,asymptote_to_0_from_above|inflection_concave_to_convex|lower_bound_0,asymptote_to_0_from_above|direction_decreasing|inflection_concave_to_convex|lower_bound_0,4,direction_decreasing,15
inflection+bound+asymptote,spline,high,intermediate,0,1,4157515569,asymptote_to_0_from_above|inflection_concave_to_convex|lower_bound_0,asymptote_to_0_from_above|direction_decreasing|inflection_concave_to_convex|lower_bound_0,4,direction_decreasing,15
inflection+bound+asymptote,spline,high,intermediate,1,1,3840123722,asymptote_to_0_from_above|inflection_concave_to_convex|lower_bound_0,asymptote_to_0_from_above|direction_decreasing|inflection_concave_to_convex|lower_bound_0,4,direction_decreasing,15
inflection+bound+asymptote,spline,high,intermediate,2,1,1644299967,asymptote_to_0_from_above|inflection_concave_to_convex|lower_bound_0,asymptote_to_0_from_above|direction_decreasing|inflection_concave_to_convex|lower_bound_0,4,direction_decreasing,15
inflection+bound+asymptote,spline,high,intermediate,3,1,2566010491,asymptote_to_0_from_above|inflection_concave_to_convex|lower_bound_0,asymptote_to_0_from_above|direction_decreasing|inflection_concave_to_convex|lower_bound_0,4,direction_decreasing,15
inflection+bound+asymptote,spline,high,intermediate,4,1,657941474,asymptote_to_0_from_above|inflection_concave_to_convex|lower_bound_0,asymptote_to_0_from_above|direction_decreasing|inflection_concave_to_convex|lower_bound_0,4,direction_decreasing,15
inflection+bound+asymptote,spline,high,intermediate,5,1,2997865961,asymptote_to_0_from_above|inflection_concave_to_convex|lower_bound_0,asymptote_to_0_from_above|direction_decreasing|inflection_concave_to_convex|lower_bound_0,4,direction_decreasing,15
inflection+bound+asymptote,spline,high,intermediate,6,1,3130872773,asymptote_to_0_from_above|inflection_concave_to_convex|lower_bound_0,asymptote_to_0_from_above|direction_decreasing|inflection_concave_to_convex|lower_bound_0,4,direction_decreasing,15
inflection+bound+asymptote,spline,high,intermediate,7,1,1601699105,asymptote_to_0_from_above|inflection_concave_to_convex|lower_bound_0,asymptote_to_0_from_above|direction_decreasing|inflection_concave_to_convex|lower_bound_0,4,direction_decreasing,15
inflection+bound+asymptote,spline,high,intermediate,8,1,1778436126,asymptote_to_0_from_above|inflection_concave_to_convex|lower_bound_0,asymptote_to_0_from_above|direction_decreasing|inflection_concave_to_convex|lower_bound_0,4,direction_decreasing,15
inflection+bound+asymptote,spline,high,intermediate,9,1,1999669816,asymptote_to_0_from_above|inflection_concave_to_convex|lower_bound_0,asymptote_to_0_from_above|direction_decreasing|inflection_concave_to_convex|lower_bound_0,4,direction_decreasing,15
inflection+bound+asymptote,spline,high,persistent_within_tested_domain,0,1,1335467804,asymptote_to_0_from_above|inflection_concave_to_convex|lower_bound_0,asymptote_to_0_from_above|direction_decreasing|inflection_concave_to_convex|lower_bound_0,4,direction_decreasing,15
inflection+bound+asymptote,spline,high,persistent_within_tested_domain,1,1,1600448988,asymptote_to_0_from_above|inflection_concave_to_convex|lower_bound_0,asymptote_to_0_from_above|direction_decreasing|inflection_concave_to_convex|lower_bound_0,4,direction_decreasing,15
inflection+bound+asymptote,spline,high,persistent_within_tested_domain,2,1,1545066418,asymptote_to_0_from_above|inflection_concave_to_convex|lower_bound_0,asymptote_to_0_from_above|direction_decreasing|inflection_concave_to_convex|lower_bound_0,4,direction_decreasing,15
inflection+bound+asymptote,spline,high,persistent_within_tested_domain,3,1,3141387857,asymptote_to_0_from_above|inflection_concave_to_convex|lower_bound_0,asymptote_to_0_from_above|direction_decreasing|inflection_concave_to_convex|lower_bound_0,4,direction_decreasing,15
inflection+bound+asymptote,spline,high,persistent_within_tested_domain,4,1,2103750790,asymptote_to_0_from_above|inflection_concave_to_convex|lower_bound_0,asymptote_to_0_from_above|direction_decreasing|inflection_concave_to_convex|lower_bound_0,4,direction_decreasing,15
inflection+bound+asymptote,spline,high,persistent_within_tested_domain,5,1,681658480,asymptote_to_0_from_above|inflection_concave_to_convex|lower_bound_0,asymptote_to_0_from_above|direction_decreasing|inflection_concave_to_convex|lower_bound_0,4,direction_decreasing,15
inflection+bound+asymptote,spline,high,persistent_within_tested_domain,6,1,4109614111,asymptote_to_0_from_above|inflection_concave_to_convex|lower_bound_0,asymptote_to_0_from_above|direction_decreasing|inflection_concave_to_convex|lower_bound_0,4,direction_decreasing,15
inflection+bound+asymptote,spline,high,persistent_within_tested_domain,7,1,776475362,asymptote_to_0_from_above|inflection_concave_to_convex|lower_bound_0,asymptote_to_0_from_above|direction_decreasing|inflection_concave_to_convex|lower_bound_0,4,direction_decreasing,15
inflection+bound+asymptote,spline,high,persistent_within_tested_domain,8,1,1293755190,asymptote_to_0_from_above|inflection_concave_to_convex|lower_bound_0,asymptote_to_0_from_above|direction_decreasing|inflection_concave_to_convex|lower_bound_0,4,direction_decreasing,15
inflection+bound+asymptote,spline,high,persistent_within_tested_domain,9,1,468724780,asymptote_to_0_from_above|inflection_concave_to_convex|lower_bound_0,asymptote_to_0_from_above|direction_decreasing|inflection_concave_to_convex|lower_bound_0,4,direction_decreasing,15
inflection+bound+asymptote,basis,low,limited,0,1,358214053,asymptote_to_0_from_above|inflection_concave_to_convex|lower_bound_0,asymptote_to_0_from_above|direction_decreasing|inflection_concave_to_convex|lower_bound_0,4,direction_decreasing,15
inflection+bound+asymptote,basis,low,limited,1,1,1748350140,asymptote_to_0_from_above|inflection_concave_to_convex|lower_bound_0,asymptote_to_0_from_above|direction_decreasing|inflection_concave_to_convex|lower_bound_0,4,direction_decreasing,15
inflection+bound+asymptote,basis,low,limited,2,1,2350925009,asymptote_to_0_from_above|inflection_concave_to_convex|lower_bound_0,asymptote_to_0_from_above|direction_decreasing|inflection_concave_to_convex|lower_bound_0,4,direction_decreasing,15
inflection+bound+asymptote,basis,low,limited,3,1,655755657,asymptote_to_0_from_above|inflection_concave_to_convex|lower_bound_0,asymptote_to_0_from_above|direction_decreasing|inflection_concave_to_convex|lower_bound_0,4,direction_decreasing,15
inflection+bound+asymptote,basis,low,limited,4,1,2293302299,asymptote_to_0_from_above|inflection_concave_to_convex|lower_bound_0,asymptote_to_0_from_above|direction_decreasing|inflection_concave_to_convex|lower_bound_0,4,direction_decreasing,15
inflection+bound+asymptote,basis,low,limited,5,1,1769177773,asymptote_to_0_from_above|inflection_concave_to_convex|lower_bound_0,asymptote_to_0_from_above|direction_decreasing|inflection_concave_to_convex|lower_bound_0,4,direction_decreasing,15
inflection+bound+asymptote,basis,low,limited,6,1,659493572,asymptote_to_0_from_above|inflection_concave_to_convex|lower_bound_0,asymptote_to_0_from_above|direction_decreasing|inflection_concave_to_convex|lower_bound_0,4,direction_decreasing,15
inflection+bound+asymptote,basis,low,limited,7,1,473259085,asymptote_to_0_from_above|inflection_concave_to_convex|lower_bound_0,asymptote_to_0_from_above|direction_decreasing|inflection_concave_to_convex|lower_bound_0,4,direction_decreasing,15
inflection+bound+asymptote,basis,low,limited,8,1,545572708,asymptote_to_0_from_above|inflection_concave_to_convex|lower_bound_0,asymptote_to_0_from_above|direction_decreasing|inflection_concave_to_convex|lower_bound_0,4,direction_decreasing,15
inflection+bound+asymptote,basis,low,limited,9,1,4257822794,asymptote_to_0_from_above|inflection_concave_to_convex|lower_bound_0,asymptote_to_0_from_above|direction_decreasing|inflection_concave_to_convex|lower_bound_0,4,direction_decreasing,15
inflection+bound+asymptote,basis,low,intermediate,0,1,1783145899,asymptote_to_0_from_above|inflection_concave_to_convex|lower_bound_0,asymptote_to_0_from_above|direction_decreasing|inflection_concave_to_convex|lower_bound_0,4,direction_decreasing,15
inflection+bound+asymptote,basis,low,intermediate,1,1,2054910253,asymptote_to_0_from_above|inflection_concave_to_convex|lower_bound_0,asymptote_to_0_from_above|direction_decreasing|inflection_concave_to_convex|lower_bound_0,4,direction_decreasing,15
inflection+bound+asymptote,basis,low,intermediate,2,1,782766473,asymptote_to_0_from_above|inflection_concave_to_convex|lower_bound_0,asymptote_to_0_from_above|direction_decreasing|inflection_concave_to_convex|lower_bound_0,4,direction_decreasing,15
inflection+bound+asymptote,basis,low,intermediate,3,1,4213790280,asymptote_to_0_from_above|inflection_concave_to_convex|lower_bound_0,asymptote_to_0_from_above|direction_decreasing|inflection_concave_to_convex|lower_bound_0,4,direction_decreasing,15
inflection+bound+asymptote,basis,low,intermediate,4,1,201947046,asymptote_to_0_from_above|inflection_concave_to_convex|lower_bound_0,asymptote_to_0_from_above|direction_decreasing|inflection_concave_to_convex|lower_bound_0,4,direction_decreasing,15
inflection+bound+asymptote,basis,low,intermediate,5,1,1121610290,asymptote_to_0_from_above|inflection_concave_to_convex|lower_bound_0,asymptote_to_0_from_above|direction_decreasing|inflection_concave_to_convex|lower_bound_0,4,direction_decreasing,15
inflection+bound+asymptote,basis,low,intermediate,6,1,4148101569,asymptote_to_0_from_above|inflection_concave_to_convex|lower_bound_0,asymptote_to_0_from_above|direction_decreasing|inflection_concave_to_convex|lower_bound_0,4,direction_decreasing,15
inflection+bound+asymptote,basis,low,intermediate,7,1,3647572776,asymptote_to_0_from_above|inflection_concave_to_convex|lower_bound_0,asymptote_to_0_from_above|direction_decreasing|inflection_concave_to_convex|lower_bound_0,4,direction_decreasing,15
inflection+bound+asymptote,basis,low,intermediate,8,1,143711391,asymptote_to_0_from_above|inflection_concave_to_convex|lower_bound_0,asymptote_to_0_from_above|direction_decreasing|inflection_concave_to_convex|lower_bound_0,4,direction_decreasing,15
inflection+bound+asymptote,basis,low,intermediate,9,1,422562930,asymptote_to_0_from_above|inflection_concave_to_convex|lower_bound_0,asymptote_to_0_from_above|direction_decreasing|inflection_concave_to_convex|lower_bound_0,4,direction_decreasing,15
inflection+bound+asymptote,basis,low,persistent_within_tested_domain,0,1,3964564211,asymptote_to_0_from_above|inflection_concave_to_convex|lower_bound_0,asymptote_to_0_from_above|direction_decreasing|inflection_concave_to_convex|lower_bound_0,4,direction_decreasing,15
inflection+bound+asymptote,basis,low,persistent_within_tested_domain,1,1,2488570350,asymptote_to_0_from_above|inflection_concave_to_convex|lower_bound_0,asymptote_to_0_from_above|direction_decreasing|inflection_concave_to_convex|lower_bound_0,4,direction_decreasing,15
inflection+bound+asymptote,basis,low,persistent_within_tested_domain,2,1,3560138461,asymptote_to_0_from_above|inflection_concave_to_convex|lower_bound_0,asymptote_to_0_from_above|direction_decreasing|inflection_concave_to_convex|lower_bound_0,4,direction_decreasing,15
inflection+bound+asymptote,basis,low,persistent_within_tested_domain,3,1,198388660,asymptote_to_0_from_above|inflection_concave_to_convex|lower_bound_0,asymptote_to_0_from_above|direction_decreasing|inflection_concave_to_convex|lower_bound_0,4,direction_decreasing,15
inflection+bound+asymptote,basis,low,persistent_within_tested_domain,4,1,2885108744,asymptote_to_0_from_above|inflection_concave_to_convex|lower_bound_0,asymptote_to_0_from_above|direction_decreasing|inflection_concave_to_convex|lower_bound_0,4,direction_decreasing,15
inflection+bound+asymptote,basis,low,persistent_within_tested_domain,5,1,2427346023,asymptote_to_0_from_above|inflection_concave_to_convex|lower_bound_0,asymptote_to_0_from_above|direction_decreasing|inflection_concave_to_convex|lower_bound_0,4,direction_decreasing,15
inflection+bound+asymptote,basis,low,persistent_within_tested_domain,6,1,2578413667,asymptote_to_0_from_above|inflection_concave_to_convex|lower_bound_0,asymptote_to_0_from_above|direction_decreasing|inflection_concave_to_convex|lower_bound_0,4,direction_decreasing,15
inflection+bound+asymptote,basis,low,persistent_within_tested_domain,7,1,940423946,asymptote_to_0_from_above|inflection_concave_to_convex|lower_bound_0,asymptote_to_0_from_above|direction_decreasing|inflection_concave_to_convex|lower_bound_0,4,direction_decreasing,15
inflection+bound+asymptote,basis,low,persistent_within_tested_domain,8,1,3674291621,asymptote_to_0_from_above|inflection_concave_to_convex|lower_bound_0,asymptote_to_0_from_above|direction_decreasing|inflection_concave_to_convex|lower_bound_0,4,direction_decreasing,15
inflection+bound+asymptote,basis,low,persistent_within_tested_domain,9,1,1362515716,asymptote_to_0_from_above|inflection_concave_to_convex|lower_bound_0,asymptote_to_0_from_above|direction_decreasing|inflection_concave_to_convex|lower_bound_0,4,direction_decreasing,15
inflection+bound+asymptote,basis,mid,limited,0,1,3562053064,asymptote_to_0_from_above|inflection_concave_to_convex|lower_bound_0,asymptote_to_0_from_above|direction_decreasing|inflection_concave_to_convex|lower_bound_0,4,direction_decreasing,15
inflection+bound+asymptote,basis,mid,limited,1,1,3158656636,asymptote_to_0_from_above|inflection_concave_to_convex|lower_bound_0,asymptote_to_0_from_above|direction_decreasing|inflection_concave_to_convex|lower_bound_0,4,direction_decreasing,15
inflection+bound+asymptote,basis,mid,limited,2,1,288610218,asymptote_to_0_from_above|inflection_concave_to_convex|lower_bound_0,asymptote_to_0_from_above|direction_decreasing|inflection_concave_to_convex|lower_bound_0,4,direction_decreasing,15
inflection+bound+asymptote,basis,mid,limited,3,1,3238173658,asymptote_to_0_from_above|inflection_concave_to_convex|lower_bound_0,asymptote_to_0_from_above|direction_decreasing|inflection_concave_to_convex|lower_bound_0,4,direction_decreasing,15
inflection+bound+asymptote,basis,mid,limited,4,1,1089699910,asymptote_to_0_from_above|inflection_concave_to_convex|lower_bound_0,asymptote_to_0_from_above|direction_decreasing|inflection_concave_to_convex|lower_bound_0,4,direction_decreasing,15
inflection+bound+asymptote,basis,mid,limited,5,1,296469992,asymptote_to_0_from_above|inflection_concave_to_convex|lower_bound_0,asymptote_to_0_from_above|direction_decreasing|inflection_concave_to_convex|lower_bound_0,4,direction_decreasing,15
inflection+bound+asymptote,basis,mid,limited,6,1,3765973156,asymptote_to_0_from_above|inflection_concave_to_convex|lower_bound_0,asymptote_to_0_from_above|direction_decreasing|inflection_concave_to_convex|lower_bound_0,4,direction_decreasing,15
inflection+bound+asymptote,basis,mid,limited,7,1,4080877494,asymptote_to_0_from_above|inflection_concave_to_convex|lower_bound_0,asymptote_to_0_from_above|direction_decreasing|inflection_concave_to_convex|lower_bound_0,4,direction_decreasing,15
inflection+bound+asymptote,basis,mid,limited,8,1,415461800,asymptote_to_0_from_above|inflection_concave_to_convex|lower_bound_0,asymptote_to_0_from_above|direction_decreasing|inflection_concave_to_convex|lower_bound_0,4,direction_decreasing,15
inflection+bound+asymptote,basis,mid,limited,9,1,403555209,asymptote_to_0_from_above|inflection_concave_to_convex|lower_bound_0,asymptote_to_0_from_above|direction_decreasing|inflection_concave_to_convex|lower_bound_0,4,direction_decreasing,15
inflection+bound+asymptote,basis,mid,intermediate,0,1,422339989,asymptote_to_0_from_above|inflection_concave_to_convex|lower_bound_0,asymptote_to_0_from_above|direction_decreasing|inflection_concave_to_convex|lower_bound_0,4,direction_decreasing,15
inflection+bound+asymptote,basis,mid,intermediate,1,1,3254195963,asymptote_to_0_from_above|inflection_concave_to_convex|lower_bound_0,asymptote_to_0_from_above|direction_decreasing|inflection_concave_to_convex|lower_bound_0,4,direction_decreasing,15
inflection+bound+asymptote,basis,mid,intermediate,2,1,3079338172,asymptote_to_0_from_above|inflection_concave_to_convex|lower_bound_0,asymptote_to_0_from_above|direction_decreasing|inflection_concave_to_convex|lower_bound_0,4,direction_decreasing,15
inflection+bound+asymptote,basis,mid,intermediate,3,1,430738457,asymptote_to_0_from_above|inflection_concave_to_convex|lower_bound_0,asymptote_to_0_from_above|direction_decreasing|inflection_concave_to_convex|lower_bound_0,4,direction_decreasing,15
inflection+bound+asymptote,basis,mid,intermediate,4,1,3726699722,asymptote_to_0_from_above|inflection_concave_to_convex|lower_bound_0,asymptote_to_0_from_above|direction_decreasing|inflection_concave_to_convex|lower_bound_0,4,direction_decreasing,15
inflection+bound+asymptote,basis,mid,intermediate,5,1,1162036477,asymptote_to_0_from_above|inflection_concave_to_convex|lower_bound_0,asymptote_to_0_from_above|direction_decreasing|inflection_concave_to_convex|lower_bound_0,4,direction_decreasing,15
inflection+bound+asymptote,basis,mid,intermediate,6,1,3189442212,asymptote_to_0_from_above|inflection_concave_to_convex|lower_bound_0,asymptote_to_0_from_above|direction_decreasing|inflection_concave_to_convex|lower_bound_0,4,direction_decreasing,15
inflection+bound+asymptote,basis,mid,intermediate,7,1,776120557,asymptote_to_0_from_above|inflection_concave_to_convex|lower_bound_0,asymptote_to_0_from_above|direction_decreasing|inflection_concave_to_convex|lower_bound_0,4,direction_decreasing,15
inflection+bound+asymptote,basis,mid,intermediate,8,1,1751620488,asymptote_to_0_from_above|inflection_concave_to_convex|lower_bound_0,asymptote_to_0_from_above|direction_decreasing|inflection_concave_to_convex|lower_bound_0,4,direction_decreasing,15
inflection+bound+asymptote,basis,mid,intermediate,9,1,1823506221,asymptote_to_0_from_above|inflection_concave_to_convex|lower_bound_0,asymptote_to_0_from_above|direction_decreasing|inflection_concave_to_convex|lower_bound_0,4,direction_decreasing,15
inflection+bound+asymptote,basis,mid,persistent_within_tested_domain,0,1,2655354866,asymptote_to_0_from_above|inflection_concave_to_convex|lower_bound_0,asymptote_to_0_from_above|direction_decreasing|inflection_concave_to_convex|lower_bound_0,4,direction_decreasing,15
inflection+bound+asymptote,basis,mid,persistent_within_tested_domain,1,1,2971286248,asymptote_to_0_from_above|inflection_concave_to_convex|lower_bound_0,asymptote_to_0_from_above|direction_decreasing|inflection_concave_to_convex|lower_bound_0,4,direction_decreasing,15
inflection+bound+asymptote,basis,mid,persistent_within_tested_domain,2,1,2432673698,asymptote_to_0_from_above|inflection_concave_to_convex|lower_bound_0,asymptote_to_0_from_above|direction_decreasing|inflection_concave_to_convex|lower_bound_0,4,direction_decreasing,15
inflection+bound+asymptote,basis,mid,persistent_within_tested_domain,3,1,455627209,asymptote_to_0_from_above|inflection_concave_to_convex|lower_bound_0,asymptote_to_0_from_above|direction_decreasing|inflection_concave_to_convex|lower_bound_0,4,direction_decreasing,15
inflection+bound+asymptote,basis,mid,persistent_within_tested_domain,4,1,852739070,asymptote_to_0_from_above|inflection_concave_to_convex|lower_bound_0,asymptote_to_0_from_above|direction_decreasing|inflection_concave_to_convex|lower_bound_0,4,direction_decreasing,15
inflection+bound+asymptote,basis,mid,persistent_within_tested_domain,5,1,394772918,asymptote_to_0_from_above|inflection_concave_to_convex|lower_bound_0,asymptote_to_0_from_above|direction_decreasing|inflection_concave_to_convex|lower_bound_0,4,direction_decreasing,15
inflection+bound+asymptote,basis,mid,persistent_within_tested_domain,6,1,2538848110,asymptote_to_0_from_above|inflection_concave_to_convex|lower_bound_0,asymptote_to_0_from_above|direction_decreasing|inflection_concave_to_convex|lower_bound_0,4,direction_decreasing,15
inflection+bound+asymptote,basis,mid,persistent_within_tested_domain,7,1,3570577467,asymptote_to_0_from_above|inflection_concave_to_convex|lower_bound_0,asymptote_to_0_from_above|direction_decreasing|inflection_concave_to_convex|lower_bound_0,4,direction_decreasing,15
inflection+bound+asymptote,basis,mid,persistent_within_tested_domain,8,1,1123877988,asymptote_to_0_from_above|inflection_concave_to_convex|lower_bound_0,asymptote_to_0_from_above|direction_decreasing|inflection_concave_to_convex|lower_bound_0,4,direction_decreasing,15
inflection+bound+asymptote,basis,mid,persistent_within_tested_domain,9,1,3668734069,asymptote_to_0_from_above|inflection_concave_to_convex|lower_bound_0,asymptote_to_0_from_above|direction_decreasing|inflection_concave_to_convex|lower_bound_0,4,direction_decreasing,15
inflection+bound+asymptote,basis,high,limited,0,1,3508680615,asymptote_to_0_from_above|inflection_concave_to_convex|lower_bound_0,asymptote_to_0_from_above|direction_decreasing|inflection_concave_to_convex|lower_bound_0,4,direction_decreasing,15
inflection+bound+asymptote,basis,high,limited,1,1,4159733457,asymptote_to_0_from_above|inflection_concave_to_convex|lower_bound_0,asymptote_to_0_from_above|direction_decreasing|inflection_concave_to_convex|lower_bound_0,4,direction_decreasing,15
inflection+bound+asymptote,basis,high,limited,2,1,2249034463,asymptote_to_0_from_above|inflection_concave_to_convex|lower_bound_0,asymptote_to_0_from_above|direction_decreasing|inflection_concave_to_convex|lower_bound_0,4,direction_decreasing,15
inflection+bound+asymptote,basis,high,limited,3,1,1525392655,asymptote_to_0_from_above|inflection_concave_to_convex|lower_bound_0,asymptote_to_0_from_above|direction_decreasing|inflection_concave_to_convex|lower_bound_0,4,direction_decreasing,15
inflection+bound+asymptote,basis,high,limited,4,1,3936796854,asymptote_to_0_from_above|inflection_concave_to_convex|lower_bound_0,asymptote_to_0_from_above|direction_decreasing|inflection_concave_to_convex|lower_bound_0,4,direction_decreasing,15
inflection+bound+asymptote,basis,high,limited,5,1,432544539,asymptote_to_0_from_above|inflection_concave_to_convex|lower_bound_0,asymptote_to_0_from_above|direction_decreasing|inflection_concave_to_convex|lower_bound_0,4,direction_decreasing,15
inflection+bound+asymptote,basis,high,limited,6,1,4039820381,asymptote_to_0_from_above|inflection_concave_to_convex|lower_bound_0,asymptote_to_0_from_above|direction_decreasing|inflection_concave_to_convex|lower_bound_0,4,direction_decreasing,15
inflection+bound+asymptote,basis,high,limited,7,1,1531857673,asymptote_to_0_from_above|inflection_concave_to_convex|lower_bound_0,asymptote_to_0_from_above|direction_decreasing|inflection_concave_to_convex|lower_bound_0,4,direction_decreasing,15
inflection+bound+asymptote,basis,high,limited,8,1,3932768048,asymptote_to_0_from_above|inflection_concave_to_convex|lower_bound_0,asymptote_to_0_from_above|direction_decreasing|inflection_concave_to_convex|lower_bound_0,4,direction_decreasing,15
inflection+bound+asymptote,basis,high,limited,9,1,3217388465,asymptote_to_0_from_above|inflection_concave_to_convex|lower_bound_0,asymptote_to_0_from_above|direction_decreasing|inflection_concave_to_convex|lower_bound_0,4,direction_decreasing,15
inflection+bound+asymptote,basis,high,intermediate,0,1,1012419857,asymptote_to_0_from_above|inflection_concave_to_convex|lower_bound_0,asymptote_to_0_from_above|direction_decreasing|inflection_concave_to_convex|lower_bound_0,4,direction_decreasing,15
inflection+bound+asymptote,basis,high,intermediate,1,1,2439112583,asymptote_to_0_from_above|inflection_concave_to_convex|lower_bound_0,asymptote_to_0_from_above|direction_decreasing|inflection_concave_to_convex|lower_bound_0,4,direction_decreasing,15
inflection+bound+asymptote,basis,high,intermediate,2,1,2205227694,asymptote_to_0_from_above|inflection_concave_to_convex|lower_bound_0,asymptote_to_0_from_above|direction_decreasing|inflection_concave_to_convex|lower_bound_0,4,direction_decreasing,15
inflection+bound+asymptote,basis,high,intermediate,3,1,1742028536,asymptote_to_0_from_above|inflection_concave_to_convex|lower_bound_0,asymptote_to_0_from_above|direction_decreasing|inflection_concave_to_convex|lower_bound_0,4,direction_decreasing,15
inflection+bound+asymptote,basis,high,intermediate,4,1,766640688,asymptote_to_0_from_above|inflection_concave_to_convex|lower_bound_0,asymptote_to_0_from_above|direction_decreasing|inflection_concave_to_convex|lower_bound_0,4,direction_decreasing,15
inflection+bound+asymptote,basis,high,intermediate,5,1,3546069503,asymptote_to_0_from_above|inflection_concave_to_convex|lower_bound_0,asymptote_to_0_from_above|direction_decreasing|inflection_concave_to_convex|lower_bound_0,4,direction_decreasing,15
inflection+bound+asymptote,basis,high,intermediate,6,1,2768072519,asymptote_to_0_from_above|inflection_concave_to_convex|lower_bound_0,asymptote_to_0_from_above|direction_decreasing|inflection_concave_to_convex|lower_bound_0,4,direction_decreasing,15
inflection+bound+asymptote,basis,high,intermediate,7,1,3925863128,asymptote_to_0_from_above|inflection_concave_to_convex|lower_bound_0,asymptote_to_0_from_above|direction_decreasing|inflection_concave_to_convex|lower_bound_0,4,direction_decreasing,15
inflection+bound+asymptote,basis,high,intermediate,8,1,3482586463,asymptote_to_0_from_above|inflection_concave_to_convex|lower_bound_0,asymptote_to_0_from_above|direction_decreasing|inflection_concave_to_convex|lower_bound_0,4,direction_decreasing,15
inflection+bound+asymptote,basis,high,intermediate,9,1,2251082968,asymptote_to_0_from_above|inflection_concave_to_convex|lower_bound_0,asymptote_to_0_from_above|direction_decreasing|inflection_concave_to_convex|lower_bound_0,4,direction_decreasing,15
inflection+bound+asymptote,basis,high,persistent_within_tested_domain,0,1,1123223973,asymptote_to_0_from_above|inflection_concave_to_convex|lower_bound_0,asymptote_to_0_from_above|direction_decreasing|inflection_concave_to_convex|lower_bound_0,4,direction_decreasing,15
inflection+bound+asymptote,basis,high,persistent_within_tested_domain,1,1,4192924865,asymptote_to_0_from_above|inflection_concave_to_convex|lower_bound_0,asymptote_to_0_from_above|direction_decreasing|inflection_concave_to_convex|lower_bound_0,4,direction_decreasing,15
inflection+bound+asymptote,basis,high,persistent_within_tested_domain,2,1,1697952954,asymptote_to_0_from_above|inflection_concave_to_convex|lower_bound_0,asymptote_to_0_from_above|direction_decreasing|inflection_concave_to_convex|lower_bound_0,4,direction_decreasing,15
inflection+bound+asymptote,basis,high,persistent_within_tested_domain,3,1,1979569029,asymptote_to_0_from_above|inflection_concave_to_convex|lower_bound_0,asymptote_to_0_from_above|direction_decreasing|inflection_concave_to_convex|lower_bound_0,4,direction_decreasing,15
inflection+bound+asymptote,basis,high,persistent_within_tested_domain,4,1,977628128,asymptote_to_0_from_above|inflection_concave_to_convex|lower_bound_0,asymptote_to_0_from_above|direction_decreasing|inflection_concave_to_convex|lower_bound_0,4,direction_decreasing,15
inflection+bound+asymptote,basis,high,persistent_within_tested_domain,5,1,1109061194,asymptote_to_0_from_above|inflection_concave_to_convex|lower_bound_0,asymptote_to_0_from_above|direction_decreasing|inflection_concave_to_convex|lower_bound_0,4,direction_decreasing,15
inflection+bound+asymptote,basis,high,persistent_within_tested_domain,6,1,2529030738,asymptote_to_0_from_above|inflection_concave_to_convex|lower_bound_0,asymptote_to_0_from_above|direction_decreasing|inflection_concave_to_convex|lower_bound_0,4,direction_decreasing,15
inflection+bound+asymptote,basis,high,persistent_within_tested_domain,7,1,2298050134,asymptote_to_0_from_above|inflection_concave_to_convex|lower_bound_0,asymptote_to_0_from_above|direction_decreasing|inflection_concave_to_convex|lower_bound_0,4,direction_decreasing,15
inflection+bound+asymptote,basis,high,persistent_within_tested_domain,8,1,3741505226,asymptote_to_0_from_above|inflection_concave_to_convex|lower_bound_0,asymptote_to_0_from_above|direction_decreasing|inflection_concave_to_convex|lower_bound_0,4,direction_decreasing,15
inflection+bound+asymptote,basis,high,persistent_within_tested_domain,9,1,185532989,asymptote_to_0_from_above|inflection_concave_to_convex|lower_bound_0,asymptote_to_0_from_above|direction_decreasing|inflection_concave_to_convex|lower_bound_0,4,direction_decreasing,15
inflection+bound+asymptote,ode,low,limited,0,1,3017243618,asymptote_to_0_from_above|inflection_concave_to_convex|lower_bound_0,asymptote_to_0_from_above|direction_decreasing|inflection_concave_to_convex|lower_bound_0,4,direction_decreasing,15
inflection+bound+asymptote,ode,low,limited,1,1,3732316630,asymptote_to_0_from_above|inflection_concave_to_convex|lower_bound_0,asymptote_to_0_from_above|direction_decreasing|inflection_concave_to_convex|lower_bound_0,4,direction_decreasing,15
inflection+bound+asymptote,ode,low,limited,2,1,1904603992,asymptote_to_0_from_above|inflection_concave_to_convex|lower_bound_0,asymptote_to_0_from_above|direction_decreasing|inflection_concave_to_convex|lower_bound_0,4,direction_decreasing,15
inflection+bound+asymptote,ode,low,limited,3,1,1797969777,asymptote_to_0_from_above|inflection_concave_to_convex|lower_bound_0,asymptote_to_0_from_above|direction_decreasing|inflection_concave_to_convex|lower_bound_0,4,direction_decreasing,15
inflection+bound+asymptote,ode,low,limited,4,1,4195139781,asymptote_to_0_from_above|inflection_concave_to_convex|lower_bound_0,asymptote_to_0_from_above|direction_decreasing|inflection_concave_to_convex|lower_bound_0,4,direction_decreasing,15
inflection+bound+asymptote,ode,low,limited,5,1,3485339301,asymptote_to_0_from_above|inflection_concave_to_convex|lower_bound_0,asymptote_to_0_from_above|direction_decreasing|inflection_concave_to_convex|lower_bound_0,4,direction_decreasing,15
inflection+bound+asymptote,ode,low,limited,6,1,3726219137,asymptote_to_0_from_above|inflection_concave_to_convex|lower_bound_0,asymptote_to_0_from_above|direction_decreasing|inflection_concave_to_convex|lower_bound_0,4,direction_decreasing,15
inflection+bound+asymptote,ode,low,limited,7,1,1172219337,asymptote_to_0_from_above|inflection_concave_to_convex|lower_bound_0,asymptote_to_0_from_above|direction_decreasing|inflection_concave_to_convex|lower_bound_0,4,direction_decreasing,15
inflection+bound+asymptote,ode,low,limited,8,1,2381323864,asymptote_to_0_from_above|inflection_concave_to_convex|lower_bound_0,asymptote_to_0_from_above|direction_decreasing|inflection_concave_to_convex|lower_bound_0,4,direction_decreasing,15
inflection+bound+asymptote,ode,low,limited,9,1,2599496578,asymptote_to_0_from_above|inflection_concave_to_convex|lower_bound_0,asymptote_to_0_from_above|direction_decreasing|inflection_concave_to_convex|lower_bound_0,4,direction_decreasing,15
inflection+bound+asymptote,ode,low,intermediate,0,1,4057901801,asymptote_to_0_from_above|inflection_concave_to_convex|lower_bound_0,asymptote_to_0_from_above|direction_decreasing|inflection_concave_to_convex|lower_bound_0,4,direction_decreasing,15
inflection+bound+asymptote,ode,low,intermediate,1,1,1040932813,asymptote_to_0_from_above|inflection_concave_to_convex|lower_bound_0,asymptote_to_0_from_above|direction_decreasing|inflection_concave_to_convex|lower_bound_0,4,direction_decreasing,15
inflection+bound+asymptote,ode,low,intermediate,2,1,1959982305,asymptote_to_0_from_above|inflection_concave_to_convex|lower_bound_0,asymptote_to_0_from_above|direction_decreasing|inflection_concave_to_convex|lower_bound_0,4,direction_decreasing,15
inflection+bound+asymptote,ode,low,intermediate,3,1,2474936812,asymptote_to_0_from_above|inflection_concave_to_convex|lower_bound_0,asymptote_to_0_from_above|direction_decreasing|inflection_concave_to_convex|lower_bound_0,4,direction_decreasing,15
inflection+bound+asymptote,ode,low,intermediate,4,1,4200547983,asymptote_to_0_from_above|inflection_concave_to_convex|lower_bound_0,asymptote_to_0_from_above|direction_decreasing|inflection_concave_to_convex|lower_bound_0,4,direction_decreasing,15
inflection+bound+asymptote,ode,low,intermediate,5,1,947018733,asymptote_to_0_from_above|inflection_concave_to_convex|lower_bound_0,asymptote_to_0_from_above|direction_decreasing|inflection_concave_to_convex|lower_bound_0,4,direction_decreasing,15
inflection+bound+asymptote,ode,low,intermediate,6,1,2839195820,asymptote_to_0_from_above|inflection_concave_to_convex|lower_bound_0,asymptote_to_0_from_above|direction_decreasing|inflection_concave_to_convex|lower_bound_0,4,direction_decreasing,15
inflection+bound+asymptote,ode,low,intermediate,7,1,324134197,asymptote_to_0_from_above|inflection_concave_to_convex|lower_bound_0,asymptote_to_0_from_above|direction_decreasing|inflection_concave_to_convex|lower_bound_0,4,direction_decreasing,15
inflection+bound+asymptote,ode,low,intermediate,8,1,633043246,asymptote_to_0_from_above|inflection_concave_to_convex|lower_bound_0,asymptote_to_0_from_above|direction_decreasing|inflection_concave_to_convex|lower_bound_0,4,direction_decreasing,15
inflection+bound+asymptote,ode,low,intermediate,9,1,2781205736,asymptote_to_0_from_above|inflection_concave_to_convex|lower_bound_0,asymptote_to_0_from_above|direction_decreasing|inflection_concave_to_convex|lower_bound_0,4,direction_decreasing,15
inflection+bound+asymptote,ode,low,persistent_within_tested_domain,0,1,1212940719,asymptote_to_0_from_above|inflection_concave_to_convex|lower_bound_0,asymptote_to_0_from_above|direction_decreasing|inflection_concave_to_convex|lower_bound_0,4,direction_decreasing,15
inflection+bound+asymptote,ode,low,persistent_within_tested_domain,1,1,3989651602,asymptote_to_0_from_above|inflection_concave_to_convex|lower_bound_0,asymptote_to_0_from_above|direction_decreasing|inflection_concave_to_convex|lower_bound_0,4,direction_decreasing,15
inflection+bound+asymptote,ode,low,persistent_within_tested_domain,2,1,2764792650,asymptote_to_0_from_above|inflection_concave_to_convex|lower_bound_0,asymptote_to_0_from_above|direction_decreasing|inflection_concave_to_convex|lower_bound_0,4,direction_decreasing,15
inflection+bound+asymptote,ode,low,persistent_within_tested_domain,3,1,4012275023,asymptote_to_0_from_above|inflection_concave_to_convex|lower_bound_0,asymptote_to_0_from_above|direction_decreasing|inflection_concave_to_convex|lower_bound_0,4,direction_decreasing,15
inflection+bound+asymptote,ode,low,persistent_within_tested_domain,4,1,310740756,asymptote_to_0_from_above|inflection_concave_to_convex|lower_bound_0,asymptote_to_0_from_above|direction_decreasing|inflection_concave_to_convex|lower_bound_0,4,direction_decreasing,15
inflection+bound+asymptote,ode,low,persistent_within_tested_domain,5,1,2678660517,asymptote_to_0_from_above|inflection_concave_to_convex|lower_bound_0,asymptote_to_0_from_above|direction_decreasing|inflection_concave_to_convex|lower_bound_0,4,direction_decreasing,15
inflection+bound+asymptote,ode,low,persistent_within_tested_domain,6,1,3804563587,asymptote_to_0_from_above|inflection_concave_to_convex|lower_bound_0,asymptote_to_0_from_above|direction_decreasing|inflection_concave_to_convex|lower_bound_0,4,direction_decreasing,15
inflection+bound+asymptote,ode,low,persistent_within_tested_domain,7,1,707567881,asymptote_to_0_from_above|inflection_concave_to_convex|lower_bound_0,asymptote_to_0_from_above|direction_decreasing|inflection_concave_to_convex|lower_bound_0,4,direction_decreasing,15
inflection+bound+asymptote,ode,low,persistent_within_tested_domain,8,1,177346308,asymptote_to_0_from_above|inflection_concave_to_convex|lower_bound_0,asymptote_to_0_from_above|direction_decreasing|inflection_concave_to_convex|lower_bound_0,4,direction_decreasing,15
inflection+bound+asymptote,ode,low,persistent_within_tested_domain,9,1,208990861,asymptote_to_0_from_above|inflection_concave_to_convex|lower_bound_0,asymptote_to_0_from_above|direction_decreasing|inflection_concave_to_convex|lower_bound_0,4,direction_decreasing,15
inflection+bound+asymptote,ode,mid,limited,0,1,4015017084,asymptote_to_0_from_above|inflection_concave_to_convex|lower_bound_0,asymptote_to_0_from_above|direction_decreasing|inflection_concave_to_convex|lower_bound_0,4,direction_decreasing,15
inflection+bound+asymptote,ode,mid,limited,1,1,213173914,asymptote_to_0_from_above|inflection_concave_to_convex|lower_bound_0,asymptote_to_0_from_above|direction_decreasing|inflection_concave_to_convex|lower_bound_0,4,direction_decreasing,15
inflection+bound+asymptote,ode,mid,limited,2,1,1528417226,asymptote_to_0_from_above|inflection_concave_to_convex|lower_bound_0,asymptote_to_0_from_above|direction_decreasing|inflection_concave_to_convex|lower_bound_0,4,direction_decreasing,15
inflection+bound+asymptote,ode,mid,limited,3,1,3265029838,asymptote_to_0_from_above|inflection_concave_to_convex|lower_bound_0,asymptote_to_0_from_above|direction_decreasing|inflection_concave_to_convex|lower_bound_0,4,direction_decreasing,15
inflection+bound+asymptote,ode,mid,limited,4,1,1358498298,asymptote_to_0_from_above|inflection_concave_to_convex|lower_bound_0,asymptote_to_0_from_above|direction_decreasing|inflection_concave_to_convex|lower_bound_0,4,direction_decreasing,15
inflection+bound+asymptote,ode,mid,limited,5,1,50678176,asymptote_to_0_from_above|inflection_concave_to_convex|lower_bound_0,asymptote_to_0_from_above|direction_decreasing|inflection_concave_to_convex|lower_bound_0,4,direction_decreasing,15
inflection+bound+asymptote,ode,mid,limited,6,1,1817907537,asymptote_to_0_from_above|inflection_concave_to_convex|lower_bound_0,asymptote_to_0_from_above|direction_decreasing|inflection_concave_to_convex|lower_bound_0,4,direction_decreasing,15
inflection+bound+asymptote,ode,mid,limited,7,1,2397376416,asymptote_to_0_from_above|inflection_concave_to_convex|lower_bound_0,asymptote_to_0_from_above|direction_decreasing|inflection_concave_to_convex|lower_bound_0,4,direction_decreasing,15
inflection+bound+asymptote,ode,mid,limited,8,1,3079767730,asymptote_to_0_from_above|inflection_concave_to_convex|lower_bound_0,asymptote_to_0_from_above|direction_decreasing|inflection_concave_to_convex|lower_bound_0,4,direction_decreasing,15
inflection+bound+asymptote,ode,mid,limited,9,1,4174148569,asymptote_to_0_from_above|inflection_concave_to_convex|lower_bound_0,asymptote_to_0_from_above|direction_decreasing|inflection_concave_to_convex|lower_bound_0,4,direction_decreasing,15
inflection+bound+asymptote,ode,mid,intermediate,0,1,2953636292,asymptote_to_0_from_above|inflection_concave_to_convex|lower_bound_0,asymptote_to_0_from_above|direction_decreasing|inflection_concave_to_convex|lower_bound_0,4,direction_decreasing,15
inflection+bound+asymptote,ode,mid,intermediate,1,1,1675268086,asymptote_to_0_from_above|inflection_concave_to_convex|lower_bound_0,asymptote_to_0_from_above|direction_decreasing|inflection_concave_to_convex|lower_bound_0,4,direction_decreasing,15
inflection+bound+asymptote,ode,mid,intermediate,2,1,3431113253,asymptote_to_0_from_above|inflection_concave_to_convex|lower_bound_0,asymptote_to_0_from_above|direction_decreasing|inflection_concave_to_convex|lower_bound_0,4,direction_decreasing,15
inflection+bound+asymptote,ode,mid,intermediate,3,1,2142509725,asymptote_to_0_from_above|inflection_concave_to_convex|lower_bound_0,asymptote_to_0_from_above|direction_decreasing|inflection_concave_to_convex|lower_bound_0,4,direction_decreasing,15
inflection+bound+asymptote,ode,mid,intermediate,4,1,1810960446,asymptote_to_0_from_above|inflection_concave_to_convex|lower_bound_0,asymptote_to_0_from_above|direction_decreasing|inflection_concave_to_convex|lower_bound_0,4,direction_decreasing,15
inflection+bound+asymptote,ode,mid,intermediate,5,1,2130500560,asymptote_to_0_from_above|inflection_concave_to_convex|lower_bound_0,asymptote_to_0_from_above|direction_decreasing|inflection_concave_to_convex|lower_bound_0,4,direction_decreasing,15
inflection+bound+asymptote,ode,mid,intermediate,6,1,698787492,asymptote_to_0_from_above|inflection_concave_to_convex|lower_bound_0,asymptote_to_0_from_above|direction_decreasing|inflection_concave_to_convex|lower_bound_0,4,direction_decreasing,15
inflection+bound+asymptote,ode,mid,intermediate,7,1,151920745,asymptote_to_0_from_above|inflection_concave_to_convex|lower_bound_0,asymptote_to_0_from_above|direction_decreasing|inflection_concave_to_convex|lower_bound_0,4,direction_decreasing,15
inflection+bound+asymptote,ode,mid,intermediate,8,1,4171950502,asymptote_to_0_from_above|inflection_concave_to_convex|lower_bound_0,asymptote_to_0_from_above|direction_decreasing|inflection_concave_to_convex|lower_bound_0,4,direction_decreasing,15
inflection+bound+asymptote,ode,mid,intermediate,9,1,1114737277,asymptote_to_0_from_above|inflection_concave_to_convex|lower_bound_0,asymptote_to_0_from_above|direction_decreasing|inflection_concave_to_convex|lower_bound_0,4,direction_decreasing,15
inflection+bound+asymptote,ode,mid,persistent_within_tested_domain,0,1,1107834228,asymptote_to_0_from_above|inflection_concave_to_convex|lower_bound_0,asymptote_to_0_from_above|direction_decreasing|inflection_concave_to_convex|lower_bound_0,4,direction_decreasing,15
inflection+bound+asymptote,ode,mid,persistent_within_tested_domain,1,1,3095639098,asymptote_to_0_from_above|inflection_concave_to_convex|lower_bound_0,asymptote_to_0_from_above|direction_decreasing|inflection_concave_to_convex|lower_bound_0,4,direction_decreasing,15
inflection+bound+asymptote,ode,mid,persistent_within_tested_domain,2,1,2691686898,asymptote_to_0_from_above|inflection_concave_to_convex|lower_bound_0,asymptote_to_0_from_above|direction_decreasing|inflection_concave_to_convex|lower_bound_0,4,direction_decreasing,15
inflection+bound+asymptote,ode,mid,persistent_within_tested_domain,3,1,1640319873,asymptote_to_0_from_above|inflection_concave_to_convex|lower_bound_0,asymptote_to_0_from_above|direction_decreasing|inflection_concave_to_convex|lower_bound_0,4,direction_decreasing,15
inflection+bound+asymptote,ode,mid,persistent_within_tested_domain,4,1,839807865,asymptote_to_0_from_above|inflection_concave_to_convex|lower_bound_0,asymptote_to_0_from_above|direction_decreasing|inflection_concave_to_convex|lower_bound_0,4,direction_decreasing,15
inflection+bound+asymptote,ode,mid,persistent_within_tested_domain,5,1,1309945016,asymptote_to_0_from_above|inflection_concave_to_convex|lower_bound_0,asymptote_to_0_from_above|direction_decreasing|inflection_concave_to_convex|lower_bound_0,4,direction_decreasing,15
inflection+bound+asymptote,ode,mid,persistent_within_tested_domain,6,1,2623587999,asymptote_to_0_from_above|inflection_concave_to_convex|lower_bound_0,asymptote_to_0_from_above|direction_decreasing|inflection_concave_to_convex|lower_bound_0,4,direction_decreasing,15
inflection+bound+asymptote,ode,mid,persistent_within_tested_domain,7,1,1722123206,asymptote_to_0_from_above|inflection_concave_to_convex|lower_bound_0,asymptote_to_0_from_above|direction_decreasing|inflection_concave_to_convex|lower_bound_0,4,direction_decreasing,15
inflection+bound+asymptote,ode,mid,persistent_within_tested_domain,8,1,3622537205,asymptote_to_0_from_above|inflection_concave_to_convex|lower_bound_0,asymptote_to_0_from_above|direction_decreasing|inflection_concave_to_convex|lower_bound_0,4,direction_decreasing,15
inflection+bound+asymptote,ode,mid,persistent_within_tested_domain,9,1,3439731546,asymptote_to_0_from_above|inflection_concave_to_convex|lower_bound_0,asymptote_to_0_from_above|direction_decreasing|inflection_concave_to_convex|lower_bound_0,4,direction_decreasing,15
inflection+bound+asymptote,ode,high,limited,0,1,2490953635,asymptote_to_0_from_above|inflection_concave_to_convex|lower_bound_0,asymptote_to_0_from_above|direction_decreasing|inflection_concave_to_convex|lower_bound_0,4,direction_decreasing,15
inflection+bound+asymptote,ode,high,limited,1,1,1552005007,asymptote_to_0_from_above|inflection_concave_to_convex|lower_bound_0,asymptote_to_0_from_above|direction_decreasing|inflection_concave_to_convex|lower_bound_0,4,direction_decreasing,15
inflection+bound+asymptote,ode,high,limited,2,1,3591132885,asymptote_to_0_from_above|inflection_concave_to_convex|lower_bound_0,asymptote_to_0_from_above|direction_decreasing|inflection_concave_to_convex|lower_bound_0,4,direction_decreasing,15
inflection+bound+asymptote,ode,high,limited,3,1,3065889774,asymptote_to_0_from_above|inflection_concave_to_convex|lower_bound_0,asymptote_to_0_from_above|direction_decreasing|inflection_concave_to_convex|lower_bound_0,4,direction_decreasing,15
inflection+bound+asymptote,ode,high,limited,4,1,1064104685,asymptote_to_0_from_above|inflection_concave_to_convex|lower_bound_0,asymptote_to_0_from_above|direction_decreasing|inflection_concave_to_convex|lower_bound_0,4,direction_decreasing,15
inflection+bound+asymptote,ode,high,limited,5,1,1104791551,asymptote_to_0_from_above|inflection_concave_to_convex|lower_bound_0,asymptote_to_0_from_above|direction_decreasing|inflection_concave_to_convex|lower_bound_0,4,direction_decreasing,15
inflection+bound+asymptote,ode,high,limited,6,1,1210658085,asymptote_to_0_from_above|inflection_concave_to_convex|lower_bound_0,asymptote_to_0_from_above|direction_decreasing|inflection_concave_to_convex|lower_bound_0,4,direction_decreasing,15
inflection+bound+asymptote,ode,high,limited,7,1,114548572,asymptote_to_0_from_above|inflection_concave_to_convex|lower_bound_0,asymptote_to_0_from_above|direction_decreasing|inflection_concave_to_convex|lower_bound_0,4,direction_decreasing,15
inflection+bound+asymptote,ode,high,limited,8,1,973968086,asymptote_to_0_from_above|inflection_concave_to_convex|lower_bound_0,asymptote_to_0_from_above|direction_decreasing|inflection_concave_to_convex|lower_bound_0,4,direction_decreasing,15
inflection+bound+asymptote,ode,high,limited,9,1,2554215819,asymptote_to_0_from_above|inflection_concave_to_convex|lower_bound_0,asymptote_to_0_from_above|direction_decreasing|inflection_concave_to_convex|lower_bound_0,4,direction_decreasing,15
inflection+bound+asymptote,ode,high,intermediate,0,1,419412381,asymptote_to_0_from_above|inflection_concave_to_convex|lower_bound_0,asymptote_to_0_from_above|direction_decreasing|inflection_concave_to_convex|lower_bound_0,4,direction_decreasing,15
inflection+bound+asymptote,ode,high,intermediate,1,1,805247089,asymptote_to_0_from_above|inflection_concave_to_convex|lower_bound_0,asymptote_to_0_from_above|direction_decreasing|inflection_concave_to_convex|lower_bound_0,4,direction_decreasing,15
inflection+bound+asymptote,ode,high,intermediate,2,1,19215603,asymptote_to_0_from_above|inflection_concave_to_convex|lower_bound_0,asymptote_to_0_from_above|direction_decreasing|inflection_concave_to_convex|lower_bound_0,4,direction_decreasing,15
inflection+bound+asymptote,ode,high,intermediate,3,1,164306498,asymptote_to_0_from_above|inflection_concave_to_convex|lower_bound_0,asymptote_to_0_from_above|direction_decreasing|inflection_concave_to_convex|lower_bound_0,4,direction_decreasing,15
inflection+bound+asymptote,ode,high,intermediate,4,1,2187944546,asymptote_to_0_from_above|inflection_concave_to_convex|lower_bound_0,asymptote_to_0_from_above|direction_decreasing|inflection_concave_to_convex|lower_bound_0,4,direction_decreasing,15
inflection+bound+asymptote,ode,high,intermediate,5,1,1480850729,asymptote_to_0_from_above|inflection_concave_to_convex|lower_bound_0,asymptote_to_0_from_above|direction_decreasing|inflection_concave_to_convex|lower_bound_0,4,direction_decreasing,15
inflection+bound+asymptote,ode,high,intermediate,6,1,3451234698,asymptote_to_0_from_above|inflection_concave_to_convex|lower_bound_0,asymptote_to_0_from_above|direction_decreasing|inflection_concave_to_convex|lower_bound_0,4,direction_decreasing,15
inflection+bound+asymptote,ode,high,intermediate,7,1,1552385000,asymptote_to_0_from_above|inflection_concave_to_convex|lower_bound_0,asymptote_to_0_from_above|direction_decreasing|inflection_concave_to_convex|lower_bound_0,4,direction_decreasing,15
inflection+bound+asymptote,ode,high,intermediate,8,1,2817922338,asymptote_to_0_from_above|inflection_concave_to_convex|lower_bound_0,asymptote_to_0_from_above|direction_decreasing|inflection_concave_to_convex|lower_bound_0,4,direction_decreasing,15
inflection+bound+asymptote,ode,high,intermediate,9,1,1159218131,asymptote_to_0_from_above|inflection_concave_to_convex|lower_bound_0,asymptote_to_0_from_above|direction_decreasing|inflection_concave_to_convex|lower_bound_0,4,direction_decreasing,15
inflection+bound+asymptote,ode,high,persistent_within_tested_domain,0,1,1358444957,asymptote_to_0_from_above|inflection_concave_to_convex|lower_bound_0,asymptote_to_0_from_above|direction_decreasing|inflection_concave_to_convex|lower_bound_0,4,direction_decreasing,15
inflection+bound+asymptote,ode,high,persistent_within_tested_domain,1,1,1157822249,asymptote_to_0_from_above|inflection_concave_to_convex|lower_bound_0,asymptote_to_0_from_above|direction_decreasing|inflection_concave_to_convex|lower_bound_0,4,direction_decreasing,15
inflection+bound+asymptote,ode,high,persistent_within_tested_domain,2,1,2443205498,asymptote_to_0_from_above|inflection_concave_to_convex|lower_bound_0,asymptote_to_0_from_above|direction_decreasing|inflection_concave_to_convex|lower_bound_0,4,direction_decreasing,15
inflection+bound+asymptote,ode,high,persistent_within_tested_domain,3,1,3827610350,asymptote_to_0_from_above|inflection_concave_to_convex|lower_bound_0,asymptote_to_0_from_above|direction_decreasing|inflection_concave_to_convex|lower_bound_0,4,direction_decreasing,15
inflection+bound+asymptote,ode,high,persistent_within_tested_domain,4,1,427321023,asymptote_to_0_from_above|inflection_concave_to_convex|lower_bound_0,asymptote_to_0_from_above|direction_decreasing|inflection_concave_to_convex|lower_bound_0,4,direction_decreasing,15
inflection+bound+asymptote,ode,high,persistent_within_tested_domain,5,1,4184566727,asymptote_to_0_from_above|inflection_concave_to_convex|lower_bound_0,asymptote_to_0_from_above|direction_decreasing|inflection_concave_to_convex|lower_bound_0,4,direction_decreasing,15
inflection+bound+asymptote,ode,high,persistent_within_tested_domain,6,1,2732740449,asymptote_to_0_from_above|inflection_concave_to_convex|lower_bound_0,asymptote_to_0_from_above|direction_decreasing|inflection_concave_to_convex|lower_bound_0,4,direction_decreasing,15
inflection+bound+asymptote,ode,high,persistent_within_tested_domain,7,1,165969682,asymptote_to_0_from_above|inflection_concave_to_convex|lower_bound_0,asymptote_to_0_from_above|direction_decreasing|inflection_concave_to_convex|lower_bound_0,4,direction_decreasing,15
inflection+bound+asymptote,ode,high,persistent_within_tested_domain,8,1,109028067,asymptote_to_0_from_above|inflection_concave_to_convex|lower_bound_0,asymptote_to_0_from_above|direction_decreasing|inflection_concave_to_convex|lower_bound_0,4,direction_decreasing,15
inflection+bound+asymptote,ode,high,persistent_within_tested_domain,9,1,3613027682,asymptote_to_0_from_above|inflection_concave_to_convex|lower_bound_0,asymptote_to_0_from_above|direction_decreasing|inflection_concave_to_convex|lower_bound_0,4,direction_decreasing,15
turning+bound+asymptote,spline,low,limited,0,1,929904189,asymptote_to_0_from_above|lower_bound_0|turning_maximum,asymptote_to_0_from_above|inflection_concave_to_convex|lower_bound_0|turning_maximum,4,inflection_concave_to_convex,15
turning+bound+asymptote,spline,low,limited,1,1,3224854728,asymptote_to_0_from_above|lower_bound_0|turning_maximum,asymptote_to_0_from_above|inflection_concave_to_convex|lower_bound_0|turning_maximum,4,inflection_concave_to_convex,15
turning+bound+asymptote,spline,low,limited,2,1,831804107,asymptote_to_0_from_above|lower_bound_0|turning_maximum,asymptote_to_0_from_above|inflection_concave_to_convex|lower_bound_0|turning_maximum,4,inflection_concave_to_convex,15
turning+bound+asymptote,spline,low,limited,3,1,2672310459,asymptote_to_0_from_above|lower_bound_0|turning_maximum,asymptote_to_0_from_above|inflection_concave_to_convex|lower_bound_0|turning_maximum,4,inflection_concave_to_convex,15
turning+bound+asymptote,spline,low,limited,4,1,955048003,asymptote_to_0_from_above|lower_bound_0|turning_maximum,asymptote_to_0_from_above|inflection_concave_to_convex|lower_bound_0|turning_maximum,4,inflection_concave_to_convex,15
turning+bound+asymptote,spline,low,limited,5,1,3228837434,asymptote_to_0_from_above|lower_bound_0|turning_maximum,asymptote_to_0_from_above|inflection_concave_to_convex|lower_bound_0|turning_maximum,4,inflection_concave_to_convex,15
turning+bound+asymptote,spline,low,limited,6,1,466296323,asymptote_to_0_from_above|lower_bound_0|turning_maximum,asymptote_to_0_from_above|inflection_concave_to_convex|lower_bound_0|turning_maximum,4,inflection_concave_to_convex,15
turning+bound+asymptote,spline,low,limited,7,1,3374945885,asymptote_to_0_from_above|lower_bound_0|turning_maximum,asymptote_to_0_from_above|inflection_concave_to_convex|lower_bound_0|turning_maximum,4,inflection_concave_to_convex,15
turning+bound+asymptote,spline,low,limited,8,1,462175933,asymptote_to_0_from_above|lower_bound_0|turning_maximum,asymptote_to_0_from_above|inflection_concave_to_convex|lower_bound_0|turning_maximum,4,inflection_concave_to_convex,15
turning+bound+asymptote,spline,low,limited,9,1,765626861,asymptote_to_0_from_above|lower_bound_0|turning_maximum,asymptote_to_0_from_above|inflection_concave_to_convex|lower_bound_0|turning_maximum,4,inflection_concave_to_convex,15
turning+bound+asymptote,spline,low,intermediate,0,1,535579880,asymptote_to_0_from_above|lower_bound_0|turning_maximum,asymptote_to_0_from_above|inflection_concave_to_convex|lower_bound_0|turning_maximum,4,inflection_concave_to_convex,15
turning+bound+asymptote,spline,low,intermediate,1,1,1848904411,asymptote_to_0_from_above|lower_bound_0|turning_maximum,asymptote_to_0_from_above|inflection_concave_to_convex|lower_bound_0|turning_maximum,4,inflection_concave_to_convex,15
turning+bound+asymptote,spline,low,intermediate,2,1,2800669857,asymptote_to_0_from_above|lower_bound_0|turning_maximum,asymptote_to_0_from_above|inflection_concave_to_convex|lower_bound_0|turning_maximum,4,inflection_concave_to_convex,15
turning+bound+asymptote,spline,low,intermediate,3,1,356640049,asymptote_to_0_from_above|lower_bound_0|turning_maximum,asymptote_to_0_from_above|inflection_concave_to_convex|lower_bound_0|turning_maximum,4,inflection_concave_to_convex,15
turning+bound+asymptote,spline,low,intermediate,4,1,2604640977,asymptote_to_0_from_above|lower_bound_0|turning_maximum,asymptote_to_0_from_above|inflection_concave_to_convex|lower_bound_0|turning_maximum,4,inflection_concave_to_convex,15
turning+bound+asymptote,spline,low,intermediate,5,1,3413561126,asymptote_to_0_from_above|lower_bound_0|turning_maximum,asymptote_to_0_from_above|inflection_concave_to_convex|lower_bound_0|turning_maximum,4,inflection_concave_to_convex,15
turning+bound+asymptote,spline,low,intermediate,6,1,2305046987,asymptote_to_0_from_above|lower_bound_0|turning_maximum,asymptote_to_0_from_above|inflection_concave_to_convex|lower_bound_0|turning_maximum,4,inflection_concave_to_convex,15
turning+bound+asymptote,spline,low,intermediate,7,1,461703040,asymptote_to_0_from_above|lower_bound_0|turning_maximum,asymptote_to_0_from_above|inflection_concave_to_convex|lower_bound_0|turning_maximum,4,inflection_concave_to_convex,15
turning+bound+asymptote,spline,low,intermediate,8,1,1719176529,asymptote_to_0_from_above|lower_bound_0|turning_maximum,asymptote_to_0_from_above|inflection_concave_to_convex|lower_bound_0|turning_maximum,4,inflection_concave_to_convex,15
turning+bound+asymptote,spline,low,intermediate,9,1,3420566803,asymptote_to_0_from_above|lower_bound_0|turning_maximum,asymptote_to_0_from_above|inflection_concave_to_convex|lower_bound_0|turning_maximum,4,inflection_concave_to_convex,15
turning+bound+asymptote,spline,low,persistent_within_tested_domain,0,1,927595669,asymptote_to_0_from_above|lower_bound_0|turning_maximum,asymptote_to_0_from_above|inflection_concave_to_convex|lower_bound_0|turning_maximum,4,inflection_concave_to_convex,15
turning+bound+asymptote,spline,low,persistent_within_tested_domain,1,1,2961992623,asymptote_to_0_from_above|lower_bound_0|turning_maximum,asymptote_to_0_from_above|inflection_concave_to_convex|lower_bound_0|turning_maximum,4,inflection_concave_to_convex,15
turning+bound+asymptote,spline,low,persistent_within_tested_domain,2,1,2336388082,asymptote_to_0_from_above|lower_bound_0|turning_maximum,asymptote_to_0_from_above|inflection_concave_to_convex|lower_bound_0|turning_maximum,4,inflection_concave_to_convex,15
turning+bound+asymptote,spline,low,persistent_within_tested_domain,3,1,2393981566,asymptote_to_0_from_above|lower_bound_0|turning_maximum,asymptote_to_0_from_above|inflection_concave_to_convex|lower_bound_0|turning_maximum,4,inflection_concave_to_convex,15
turning+bound+asymptote,spline,low,persistent_within_tested_domain,4,1,464567468,asymptote_to_0_from_above|lower_bound_0|turning_maximum,asymptote_to_0_from_above|inflection_concave_to_convex|lower_bound_0|turning_maximum,4,inflection_concave_to_convex,15
turning+bound+asymptote,spline,low,persistent_within_tested_domain,5,1,494154306,asymptote_to_0_from_above|lower_bound_0|turning_maximum,asymptote_to_0_from_above|inflection_concave_to_convex|lower_bound_0|turning_maximum,4,inflection_concave_to_convex,15
turning+bound+asymptote,spline,low,persistent_within_tested_domain,6,1,3749793815,asymptote_to_0_from_above|lower_bound_0|turning_maximum,asymptote_to_0_from_above|inflection_concave_to_convex|lower_bound_0|turning_maximum,4,inflection_concave_to_convex,15
turning+bound+asymptote,spline,low,persistent_within_tested_domain,7,1,3464932357,asymptote_to_0_from_above|lower_bound_0|turning_maximum,asymptote_to_0_from_above|inflection_concave_to_convex|lower_bound_0|turning_maximum,4,inflection_concave_to_convex,15
turning+bound+asymptote,spline,low,persistent_within_tested_domain,8,1,4117920222,asymptote_to_0_from_above|lower_bound_0|turning_maximum,asymptote_to_0_from_above|inflection_concave_to_convex|lower_bound_0|turning_maximum,4,inflection_concave_to_convex,15
turning+bound+asymptote,spline,low,persistent_within_tested_domain,9,1,2263321754,asymptote_to_0_from_above|lower_bound_0|turning_maximum,asymptote_to_0_from_above|inflection_concave_to_convex|lower_bound_0|turning_maximum,4,inflection_concave_to_convex,15
turning+bound+asymptote,spline,mid,limited,0,1,2219315536,asymptote_to_0_from_above|lower_bound_0|turning_maximum,asymptote_to_0_from_above|inflection_concave_to_convex|lower_bound_0|turning_maximum,4,inflection_concave_to_convex,15
turning+bound+asymptote,spline,mid,limited,1,1,2728998031,asymptote_to_0_from_above|lower_bound_0|turning_maximum,asymptote_to_0_from_above|inflection_concave_to_convex|lower_bound_0|turning_maximum,4,inflection_concave_to_convex,15
turning+bound+asymptote,spline,mid,limited,2,1,2483664369,asymptote_to_0_from_above|lower_bound_0|turning_maximum,asymptote_to_0_from_above|inflection_concave_to_convex|lower_bound_0|turning_maximum,4,inflection_concave_to_convex,15
turning+bound+asymptote,spline,mid,limited,3,1,822030837,asymptote_to_0_from_above|lower_bound_0|turning_maximum,asymptote_to_0_from_above|inflection_concave_to_convex|lower_bound_0|turning_maximum,4,inflection_concave_to_convex,15
turning+bound+asymptote,spline,mid,limited,4,1,4042023039,asymptote_to_0_from_above|lower_bound_0|turning_maximum,asymptote_to_0_from_above|inflection_concave_to_convex|lower_bound_0|turning_maximum,4,inflection_concave_to_convex,15
turning+bound+asymptote,spline,mid,limited,5,1,1721043501,asymptote_to_0_from_above|lower_bound_0|turning_maximum,asymptote_to_0_from_above|inflection_concave_to_convex|lower_bound_0|turning_maximum,4,inflection_concave_to_convex,15
turning+bound+asymptote,spline,mid,limited,6,1,1801921268,asymptote_to_0_from_above|lower_bound_0|turning_maximum,asymptote_to_0_from_above|inflection_concave_to_convex|lower_bound_0|turning_maximum,4,inflection_concave_to_convex,15
turning+bound+asymptote,spline,mid,limited,7,1,290501039,asymptote_to_0_from_above|lower_bound_0|turning_maximum,asymptote_to_0_from_above|inflection_concave_to_convex|lower_bound_0|turning_maximum,4,inflection_concave_to_convex,15
turning+bound+asymptote,spline,mid,limited,8,1,1160605706,asymptote_to_0_from_above|lower_bound_0|turning_maximum,asymptote_to_0_from_above|inflection_concave_to_convex|lower_bound_0|turning_maximum,4,inflection_concave_to_convex,15
turning+bound+asymptote,spline,mid,limited,9,1,3062327394,asymptote_to_0_from_above|lower_bound_0|turning_maximum,asymptote_to_0_from_above|inflection_concave_to_convex|lower_bound_0|turning_maximum,4,inflection_concave_to_convex,15
turning+bound+asymptote,spline,mid,intermediate,0,1,2249593592,asymptote_to_0_from_above|lower_bound_0|turning_maximum,asymptote_to_0_from_above|inflection_concave_to_convex|lower_bound_0|turning_maximum,4,inflection_concave_to_convex,15
turning+bound+asymptote,spline,mid,intermediate,1,1,3546378035,asymptote_to_0_from_above|lower_bound_0|turning_maximum,asymptote_to_0_from_above|inflection_concave_to_convex|lower_bound_0|turning_maximum,4,inflection_concave_to_convex,15
turning+bound+asymptote,spline,mid,intermediate,2,1,1513565008,asymptote_to_0_from_above|lower_bound_0|turning_maximum,asymptote_to_0_from_above|inflection_concave_to_convex|lower_bound_0|turning_maximum,4,inflection_concave_to_convex,15
turning+bound+asymptote,spline,mid,intermediate,3,1,1139620428,asymptote_to_0_from_above|lower_bound_0|turning_maximum,asymptote_to_0_from_above|inflection_concave_to_convex|lower_bound_0|turning_maximum,4,inflection_concave_to_convex,15
turning+bound+asymptote,spline,mid,intermediate,4,1,960830076,asymptote_to_0_from_above|lower_bound_0|turning_maximum,asymptote_to_0_from_above|inflection_concave_to_convex|lower_bound_0|turning_maximum,4,inflection_concave_to_convex,15
turning+bound+asymptote,spline,mid,intermediate,5,1,1813403924,asymptote_to_0_from_above|lower_bound_0|turning_maximum,asymptote_to_0_from_above|inflection_concave_to_convex|lower_bound_0|turning_maximum,4,inflection_concave_to_convex,15
turning+bound+asymptote,spline,mid,intermediate,6,1,988030968,asymptote_to_0_from_above|lower_bound_0|turning_maximum,asymptote_to_0_from_above|inflection_concave_to_convex|lower_bound_0|turning_maximum,4,inflection_concave_to_convex,15
turning+bound+asymptote,spline,mid,intermediate,7,1,3086569077,asymptote_to_0_from_above|lower_bound_0|turning_maximum,asymptote_to_0_from_above|inflection_concave_to_convex|lower_bound_0|turning_maximum,4,inflection_concave_to_convex,15
turning+bound+asymptote,spline,mid,intermediate,8,1,2383858937,asymptote_to_0_from_above|lower_bound_0|turning_maximum,asymptote_to_0_from_above|inflection_concave_to_convex|lower_bound_0|turning_maximum,4,inflection_concave_to_convex,15
turning+bound+asymptote,spline,mid,intermediate,9,1,327921003,asymptote_to_0_from_above|lower_bound_0|turning_maximum,asymptote_to_0_from_above|inflection_concave_to_convex|lower_bound_0|turning_maximum,4,inflection_concave_to_convex,15
turning+bound+asymptote,spline,mid,persistent_within_tested_domain,0,1,423399735,asymptote_to_0_from_above|lower_bound_0|turning_maximum,asymptote_to_0_from_above|inflection_concave_to_convex|lower_bound_0|turning_maximum,4,inflection_concave_to_convex,15
turning+bound+asymptote,spline,mid,persistent_within_tested_domain,1,1,70610586,asymptote_to_0_from_above|lower_bound_0|turning_maximum,asymptote_to_0_from_above|inflection_concave_to_convex|lower_bound_0|turning_maximum,4,inflection_concave_to_convex,15
turning+bound+asymptote,spline,mid,persistent_within_tested_domain,2,1,114993333,asymptote_to_0_from_above|lower_bound_0|turning_maximum,asymptote_to_0_from_above|inflection_concave_to_convex|lower_bound_0|turning_maximum,4,inflection_concave_to_convex,15
turning+bound+asymptote,spline,mid,persistent_within_tested_domain,3,1,1611056692,asymptote_to_0_from_above|lower_bound_0|turning_maximum,asymptote_to_0_from_above|inflection_concave_to_convex|lower_bound_0|turning_maximum,4,inflection_concave_to_convex,15
turning+bound+asymptote,spline,mid,persistent_within_tested_domain,4,1,2800281795,asymptote_to_0_from_above|lower_bound_0|turning_maximum,asymptote_to_0_from_above|inflection_concave_to_convex|lower_bound_0|turning_maximum,4,inflection_concave_to_convex,15
turning+bound+asymptote,spline,mid,persistent_within_tested_domain,5,1,1120926270,asymptote_to_0_from_above|lower_bound_0|turning_maximum,asymptote_to_0_from_above|inflection_concave_to_convex|lower_bound_0|turning_maximum,4,inflection_concave_to_convex,15
turning+bound+asymptote,spline,mid,persistent_within_tested_domain,6,1,632500520,asymptote_to_0_from_above|lower_bound_0|turning_maximum,asymptote_to_0_from_above|inflection_concave_to_convex|lower_bound_0|turning_maximum,4,inflection_concave_to_convex,15
turning+bound+asymptote,spline,mid,persistent_within_tested_domain,7,1,3295971566,asymptote_to_0_from_above|lower_bound_0|turning_maximum,asymptote_to_0_from_above|inflection_concave_to_convex|lower_bound_0|turning_maximum,4,inflection_concave_to_convex,15
turning+bound+asymptote,spline,mid,persistent_within_tested_domain,8,1,1639502293,asymptote_to_0_from_above|lower_bound_0|turning_maximum,asymptote_to_0_from_above|inflection_concave_to_convex|lower_bound_0|turning_maximum,4,inflection_concave_to_convex,15
turning+bound+asymptote,spline,mid,persistent_within_tested_domain,9,1,779619922,asymptote_to_0_from_above|lower_bound_0|turning_maximum,asymptote_to_0_from_above|inflection_concave_to_convex|lower_bound_0|turning_maximum,4,inflection_concave_to_convex,15
turning+bound+asymptote,spline,high,limited,0,1,1426052085,asymptote_to_0_from_above|lower_bound_0|turning_maximum,asymptote_to_0_from_above|inflection_concave_to_convex|lower_bound_0|turning_maximum,4,inflection_concave_to_convex,15
turning+bound+asymptote,spline,high,limited,1,1,4251660666,asymptote_to_0_from_above|lower_bound_0|turning_maximum,asymptote_to_0_from_above|inflection_concave_to_convex|lower_bound_0|turning_maximum,4,inflection_concave_to_convex,15
turning+bound+asymptote,spline,high,limited,2,1,108914011,asymptote_to_0_from_above|lower_bound_0|turning_maximum,asymptote_to_0_from_above|inflection_concave_to_convex|lower_bound_0|turning_maximum,4,inflection_concave_to_convex,15
turning+bound+asymptote,spline,high,limited,3,1,3065449061,asymptote_to_0_from_above|lower_bound_0|turning_maximum,asymptote_to_0_from_above|inflection_concave_to_convex|lower_bound_0|turning_maximum,4,inflection_concave_to_convex,15
turning+bound+asymptote,spline,high,limited,4,1,3668177002,asymptote_to_0_from_above|lower_bound_0|turning_maximum,asymptote_to_0_from_above|inflection_concave_to_convex|lower_bound_0|turning_maximum,4,inflection_concave_to_convex,15
turning+bound+asymptote,spline,high,limited,5,1,1007841340,asymptote_to_0_from_above|lower_bound_0|turning_maximum,asymptote_to_0_from_above|inflection_concave_to_convex|lower_bound_0|turning_maximum,4,inflection_concave_to_convex,15
turning+bound+asymptote,spline,high,limited,6,1,1962248888,asymptote_to_0_from_above|lower_bound_0|turning_maximum,asymptote_to_0_from_above|inflection_concave_to_convex|lower_bound_0|turning_maximum,4,inflection_concave_to_convex,15
turning+bound+asymptote,spline,high,limited,7,1,3602111015,asymptote_to_0_from_above|lower_bound_0|turning_maximum,asymptote_to_0_from_above|inflection_concave_to_convex|lower_bound_0|turning_maximum,4,inflection_concave_to_convex,15
turning+bound+asymptote,spline,high,limited,8,1,3598930508,asymptote_to_0_from_above|lower_bound_0|turning_maximum,asymptote_to_0_from_above|inflection_concave_to_convex|lower_bound_0|turning_maximum,4,inflection_concave_to_convex,15
turning+bound+asymptote,spline,high,limited,9,1,1318024311,asymptote_to_0_from_above|lower_bound_0|turning_maximum,asymptote_to_0_from_above|inflection_concave_to_convex|lower_bound_0|turning_maximum,4,inflection_concave_to_convex,15
turning+bound+asymptote,spline,high,intermediate,0,1,2540091007,asymptote_to_0_from_above|lower_bound_0|turning_maximum,asymptote_to_0_from_above|inflection_concave_to_convex|lower_bound_0|turning_maximum,4,inflection_concave_to_convex,15
turning+bound+asymptote,spline,high,intermediate,1,1,190436124,asymptote_to_0_from_above|lower_bound_0|turning_maximum,asymptote_to_0_from_above|inflection_concave_to_convex|lower_bound_0|turning_maximum,4,inflection_concave_to_convex,15
turning+bound+asymptote,spline,high,intermediate,2,1,1506204054,asymptote_to_0_from_above|lower_bound_0|turning_maximum,asymptote_to_0_from_above|inflection_concave_to_convex|lower_bound_0|turning_maximum,4,inflection_concave_to_convex,15
turning+bound+asymptote,spline,high,intermediate,3,1,3038799877,asymptote_to_0_from_above|lower_bound_0|turning_maximum,asymptote_to_0_from_above|inflection_concave_to_convex|lower_bound_0|turning_maximum,4,inflection_concave_to_convex,15
turning+bound+asymptote,spline,high,intermediate,4,1,608053742,asymptote_to_0_from_above|lower_bound_0|turning_maximum,asymptote_to_0_from_above|inflection_concave_to_convex|lower_bound_0|turning_maximum,4,inflection_concave_to_convex,15
turning+bound+asymptote,spline,high,intermediate,5,1,783960435,asymptote_to_0_from_above|lower_bound_0|turning_maximum,asymptote_to_0_from_above|inflection_concave_to_convex|lower_bound_0|turning_maximum,4,inflection_concave_to_convex,15
turning+bound+asymptote,spline,high,intermediate,6,1,809452388,asymptote_to_0_from_above|lower_bound_0|turning_maximum,asymptote_to_0_from_above|inflection_concave_to_convex|lower_bound_0|turning_maximum,4,inflection_concave_to_convex,15
turning+bound+asymptote,spline,high,intermediate,7,1,4220010850,asymptote_to_0_from_above|lower_bound_0|turning_maximum,asymptote_to_0_from_above|inflection_concave_to_convex|lower_bound_0|turning_maximum,4,inflection_concave_to_convex,15
turning+bound+asymptote,spline,high,intermediate,8,1,3523791178,asymptote_to_0_from_above|lower_bound_0|turning_maximum,asymptote_to_0_from_above|inflection_concave_to_convex|lower_bound_0|turning_maximum,4,inflection_concave_to_convex,15
turning+bound+asymptote,spline,high,intermediate,9,1,1125047300,asymptote_to_0_from_above|lower_bound_0|turning_maximum,asymptote_to_0_from_above|inflection_concave_to_convex|lower_bound_0|turning_maximum,4,inflection_concave_to_convex,15
turning+bound+asymptote,spline,high,persistent_within_tested_domain,0,1,3514540364,asymptote_to_0_from_above|lower_bound_0|turning_maximum,asymptote_to_0_from_above|inflection_concave_to_convex|lower_bound_0|turning_maximum,4,inflection_concave_to_convex,15
turning+bound+asymptote,spline,high,persistent_within_tested_domain,1,1,2699148386,asymptote_to_0_from_above|lower_bound_0|turning_maximum,asymptote_to_0_from_above|inflection_concave_to_convex|lower_bound_0|turning_maximum,4,inflection_concave_to_convex,15
turning+bound+asymptote,spline,high,persistent_within_tested_domain,2,1,2458855160,asymptote_to_0_from_above|lower_bound_0|turning_maximum,asymptote_to_0_from_above|inflection_concave_to_convex|lower_bound_0|turning_maximum,4,inflection_concave_to_convex,15
turning+bound+asymptote,spline,high,persistent_within_tested_domain,3,1,563635384,asymptote_to_0_from_above|lower_bound_0|turning_maximum,asymptote_to_0_from_above|inflection_concave_to_convex|lower_bound_0|turning_maximum,4,inflection_concave_to_convex,15
turning+bound+asymptote,spline,high,persistent_within_tested_domain,4,1,2858759333,asymptote_to_0_from_above|lower_bound_0|turning_maximum,asymptote_to_0_from_above|inflection_concave_to_convex|lower_bound_0|turning_maximum,4,inflection_concave_to_convex,15
turning+bound+asymptote,spline,high,persistent_within_tested_domain,5,1,4064997739,asymptote_to_0_from_above|lower_bound_0|turning_maximum,asymptote_to_0_from_above|inflection_concave_to_convex|lower_bound_0|turning_maximum,4,inflection_concave_to_convex,15
turning+bound+asymptote,spline,high,persistent_within_tested_domain,6,1,1919136790,asymptote_to_0_from_above|lower_bound_0|turning_maximum,asymptote_to_0_from_above|inflection_concave_to_convex|lower_bound_0|turning_maximum,4,inflection_concave_to_convex,15
turning+bound+asymptote,spline,high,persistent_within_tested_domain,7,1,3751060526,asymptote_to_0_from_above|lower_bound_0|turning_maximum,asymptote_to_0_from_above|inflection_concave_to_convex|lower_bound_0|turning_maximum,4,inflection_concave_to_convex,15
turning+bound+asymptote,spline,high,persistent_within_tested_domain,8,1,95230504,asymptote_to_0_from_above|lower_bound_0|turning_maximum,asymptote_to_0_from_above|inflection_concave_to_convex|lower_bound_0|turning_maximum,4,inflection_concave_to_convex,15
turning+bound+asymptote,spline,high,persistent_within_tested_domain,9,1,158174892,asymptote_to_0_from_above|lower_bound_0|turning_maximum,asymptote_to_0_from_above|inflection_concave_to_convex|lower_bound_0|turning_maximum,4,inflection_concave_to_convex,15
turning+bound+asymptote,basis,low,limited,0,1,3625852950,asymptote_to_0_from_above|lower_bound_0|turning_maximum,asymptote_to_0_from_above|inflection_concave_to_convex|lower_bound_0|turning_maximum,4,inflection_concave_to_convex,15
turning+bound+asymptote,basis,low,limited,1,1,4009751563,asymptote_to_0_from_above|lower_bound_0|turning_maximum,asymptote_to_0_from_above|inflection_concave_to_convex|lower_bound_0|turning_maximum,4,inflection_concave_to_convex,15
turning+bound+asymptote,basis,low,limited,2,1,1466546175,asymptote_to_0_from_above|lower_bound_0|turning_maximum,asymptote_to_0_from_above|inflection_concave_to_convex|lower_bound_0|turning_maximum,4,inflection_concave_to_convex,15
turning+bound+asymptote,basis,low,limited,3,1,1608839824,asymptote_to_0_from_above|lower_bound_0|turning_maximum,asymptote_to_0_from_above|inflection_concave_to_convex|lower_bound_0|turning_maximum,4,inflection_concave_to_convex,15
turning+bound+asymptote,basis,low,limited,4,1,2155106325,asymptote_to_0_from_above|lower_bound_0|turning_maximum,asymptote_to_0_from_above|inflection_concave_to_convex|lower_bound_0|turning_maximum,4,inflection_concave_to_convex,15
turning+bound+asymptote,basis,low,limited,5,1,446801002,asymptote_to_0_from_above|lower_bound_0|turning_maximum,asymptote_to_0_from_above|inflection_concave_to_convex|lower_bound_0|turning_maximum,4,inflection_concave_to_convex,15
turning+bound+asymptote,basis,low,limited,6,1,1326093121,asymptote_to_0_from_above|lower_bound_0|turning_maximum,asymptote_to_0_from_above|inflection_concave_to_convex|lower_bound_0|turning_maximum,4,inflection_concave_to_convex,15
turning+bound+asymptote,basis,low,limited,7,1,3839615369,asymptote_to_0_from_above|lower_bound_0|turning_maximum,asymptote_to_0_from_above|inflection_concave_to_convex|lower_bound_0|turning_maximum,4,inflection_concave_to_convex,15
turning+bound+asymptote,basis,low,limited,8,1,3253114298,asymptote_to_0_from_above|lower_bound_0|turning_maximum,asymptote_to_0_from_above|inflection_concave_to_convex|lower_bound_0|turning_maximum,4,inflection_concave_to_convex,15
turning+bound+asymptote,basis,low,limited,9,1,454671429,asymptote_to_0_from_above|lower_bound_0|turning_maximum,asymptote_to_0_from_above|inflection_concave_to_convex|lower_bound_0|turning_maximum,4,inflection_concave_to_convex,15
turning+bound+asymptote,basis,low,intermediate,0,1,2046900078,asymptote_to_0_from_above|lower_bound_0|turning_maximum,asymptote_to_0_from_above|inflection_concave_to_convex|lower_bound_0|turning_maximum,4,inflection_concave_to_convex,15
turning+bound+asymptote,basis,low,intermediate,1,1,3634062896,asymptote_to_0_from_above|lower_bound_0|turning_maximum,asymptote_to_0_from_above|inflection_concave_to_convex|lower_bound_0|turning_maximum,4,inflection_concave_to_convex,15
turning+bound+asymptote,basis,low,intermediate,2,1,170134866,asymptote_to_0_from_above|lower_bound_0|turning_maximum,asymptote_to_0_from_above|inflection_concave_to_convex|lower_bound_0|turning_maximum,4,inflection_concave_to_convex,15
turning+bound+asymptote,basis,low,intermediate,3,1,3541726502,asymptote_to_0_from_above|lower_bound_0|turning_maximum,asymptote_to_0_from_above|inflection_concave_to_convex|lower_bound_0|turning_maximum,4,inflection_concave_to_convex,15
turning+bound+asymptote,basis,low,intermediate,4,1,573852056,asymptote_to_0_from_above|lower_bound_0|turning_maximum,asymptote_to_0_from_above|inflection_concave_to_convex|lower_bound_0|turning_maximum,4,inflection_concave_to_convex,15
turning+bound+asymptote,basis,low,intermediate,5,1,2034520105,asymptote_to_0_from_above|lower_bound_0|turning_maximum,asymptote_to_0_from_above|inflection_concave_to_convex|lower_bound_0|turning_maximum,4,inflection_concave_to_convex,15
turning+bound+asymptote,basis,low,intermediate,6,1,2320035340,asymptote_to_0_from_above|lower_bound_0|turning_maximum,asymptote_to_0_from_above|inflection_concave_to_convex|lower_bound_0|turning_maximum,4,inflection_concave_to_convex,15
turning+bound+asymptote,basis,low,intermediate,7,1,1547004694,asymptote_to_0_from_above|lower_bound_0|turning_maximum,asymptote_to_0_from_above|inflection_concave_to_convex|lower_bound_0|turning_maximum,4,inflection_concave_to_convex,15
turning+bound+asymptote,basis,low,intermediate,8,1,3799047129,asymptote_to_0_from_above|lower_bound_0|turning_maximum,asymptote_to_0_from_above|inflection_concave_to_convex|lower_bound_0|turning_maximum,4,inflection_concave_to_convex,15
turning+bound+asymptote,basis,low,intermediate,9,1,3925658306,asymptote_to_0_from_above|lower_bound_0|turning_maximum,asymptote_to_0_from_above|inflection_concave_to_convex|lower_bound_0|turning_maximum,4,inflection_concave_to_convex,15
turning+bound+asymptote,basis,low,persistent_within_tested_domain,0,1,2719651041,asymptote_to_0_from_above|lower_bound_0|turning_maximum,asymptote_to_0_from_above|inflection_concave_to_convex|lower_bound_0|turning_maximum,4,inflection_concave_to_convex,15
turning+bound+asymptote,basis,low,persistent_within_tested_domain,1,1,834605161,asymptote_to_0_from_above|lower_bound_0|turning_maximum,asymptote_to_0_from_above|inflection_concave_to_convex|lower_bound_0|turning_maximum,4,inflection_concave_to_convex,15
turning+bound+asymptote,basis,low,persistent_within_tested_domain,2,1,2329116364,asymptote_to_0_from_above|lower_bound_0|turning_maximum,asymptote_to_0_from_above|inflection_concave_to_convex|lower_bound_0|turning_maximum,4,inflection_concave_to_convex,15
turning+bound+asymptote,basis,low,persistent_within_tested_domain,3,1,878617606,asymptote_to_0_from_above|lower_bound_0|turning_maximum,asymptote_to_0_from_above|inflection_concave_to_convex|lower_bound_0|turning_maximum,4,inflection_concave_to_convex,15
turning+bound+asymptote,basis,low,persistent_within_tested_domain,4,1,1422107582,asymptote_to_0_from_above|lower_bound_0|turning_maximum,asymptote_to_0_from_above|inflection_concave_to_convex|lower_bound_0|turning_maximum,4,inflection_concave_to_convex,15
turning+bound+asymptote,basis,low,persistent_within_tested_domain,5,1,1626245731,asymptote_to_0_from_above|lower_bound_0|turning_maximum,asymptote_to_0_from_above|inflection_concave_to_convex|lower_bound_0|turning_maximum,4,inflection_concave_to_convex,15
turning+bound+asymptote,basis,low,persistent_within_tested_domain,6,1,876162592,asymptote_to_0_from_above|lower_bound_0|turning_maximum,asymptote_to_0_from_above|inflection_concave_to_convex|lower_bound_0|turning_maximum,4,inflection_concave_to_convex,15
turning+bound+asymptote,basis,low,persistent_within_tested_domain,7,1,1703359449,asymptote_to_0_from_above|lower_bound_0|turning_maximum,asymptote_to_0_from_above|inflection_concave_to_convex|lower_bound_0|turning_maximum,4,inflection_concave_to_convex,15
turning+bound+asymptote,basis,low,persistent_within_tested_domain,8,1,2399532163,asymptote_to_0_from_above|lower_bound_0|turning_maximum,asymptote_to_0_from_above|inflection_concave_to_convex|lower_bound_0|turning_maximum,4,inflection_concave_to_convex,15
turning+bound+asymptote,basis,low,persistent_within_tested_domain,9,1,2219365716,asymptote_to_0_from_above|lower_bound_0|turning_maximum,asymptote_to_0_from_above|inflection_concave_to_convex|lower_bound_0|turning_maximum,4,inflection_concave_to_convex,15
turning+bound+asymptote,basis,mid,limited,0,1,2900744811,asymptote_to_0_from_above|lower_bound_0|turning_maximum,asymptote_to_0_from_above|inflection_concave_to_convex|lower_bound_0|turning_maximum,4,inflection_concave_to_convex,15
turning+bound+asymptote,basis,mid,limited,1,1,2079240862,asymptote_to_0_from_above|lower_bound_0|turning_maximum,asymptote_to_0_from_above|inflection_concave_to_convex|lower_bound_0|turning_maximum,4,inflection_concave_to_convex,15
turning+bound+asymptote,basis,mid,limited,2,1,623187346,asymptote_to_0_from_above|lower_bound_0|turning_maximum,asymptote_to_0_from_above|inflection_concave_to_convex|lower_bound_0|turning_maximum,4,inflection_concave_to_convex,15
turning+bound+asymptote,basis,mid,limited,3,1,1257262561,asymptote_to_0_from_above|lower_bound_0|turning_maximum,asymptote_to_0_from_above|inflection_concave_to_convex|lower_bound_0|turning_maximum,4,inflection_concave_to_convex,15
turning+bound+asymptote,basis,mid,limited,4,1,648271423,asymptote_to_0_from_above|lower_bound_0|turning_maximum,asymptote_to_0_from_above|inflection_concave_to_convex|lower_bound_0|turning_maximum,4,inflection_concave_to_convex,15
turning+bound+asymptote,basis,mid,limited,5,1,326912050,asymptote_to_0_from_above|lower_bound_0|turning_maximum,asymptote_to_0_from_above|inflection_concave_to_convex|lower_bound_0|turning_maximum,4,inflection_concave_to_convex,15
turning+bound+asymptote,basis,mid,limited,6,1,324188960,asymptote_to_0_from_above|lower_bound_0|turning_maximum,asymptote_to_0_from_above|inflection_concave_to_convex|lower_bound_0|turning_maximum,4,inflection_concave_to_convex,15
turning+bound+asymptote,basis,mid,limited,7,1,2103547595,asymptote_to_0_from_above|lower_bound_0|turning_maximum,asymptote_to_0_from_above|inflection_concave_to_convex|lower_bound_0|turning_maximum,4,inflection_concave_to_convex,15
turning+bound+asymptote,basis,mid,limited,8,1,2156032833,asymptote_to_0_from_above|lower_bound_0|turning_maximum,asymptote_to_0_from_above|inflection_concave_to_convex|lower_bound_0|turning_maximum,4,inflection_concave_to_convex,15
turning+bound+asymptote,basis,mid,limited,9,1,633597022,asymptote_to_0_from_above|lower_bound_0|turning_maximum,asymptote_to_0_from_above|inflection_concave_to_convex|lower_bound_0|turning_maximum,4,inflection_concave_to_convex,15
turning+bound+asymptote,basis,mid,intermediate,0,1,3362209946,asymptote_to_0_from_above|lower_bound_0|turning_maximum,asymptote_to_0_from_above|inflection_concave_to_convex|lower_bound_0|turning_maximum,4,inflection_concave_to_convex,15
turning+bound+asymptote,basis,mid,intermediate,1,1,3707588282,asymptote_to_0_from_above|lower_bound_0|turning_maximum,asymptote_to_0_from_above|inflection_concave_to_convex|lower_bound_0|turning_maximum,4,inflection_concave_to_convex,15
turning+bound+asymptote,basis,mid,intermediate,2,1,3288180046,asymptote_to_0_from_above|lower_bound_0|turning_maximum,asymptote_to_0_from_above|inflection_concave_to_convex|lower_bound_0|turning_maximum,4,inflection_concave_to_convex,15
turning+bound+asymptote,basis,mid,intermediate,3,1,2473491558,asymptote_to_0_from_above|lower_bound_0|turning_maximum,asymptote_to_0_from_above|inflection_concave_to_convex|lower_bound_0|turning_maximum,4,inflection_concave_to_convex,15
turning+bound+asymptote,basis,mid,intermediate,4,1,593027152,asymptote_to_0_from_above|lower_bound_0|turning_maximum,asymptote_to_0_from_above|inflection_concave_to_convex|lower_bound_0|turning_maximum,4,inflection_concave_to_convex,15
turning+bound+asymptote,basis,mid,intermediate,5,1,3059517429,asymptote_to_0_from_above|lower_bound_0|turning_maximum,asymptote_to_0_from_above|inflection_concave_to_convex|lower_bound_0|turning_maximum,4,inflection_concave_to_convex,15
turning+bound+asymptote,basis,mid,intermediate,6,1,1370128570,asymptote_to_0_from_above|lower_bound_0|turning_maximum,asymptote_to_0_from_above|inflection_concave_to_convex|lower_bound_0|turning_maximum,4,inflection_concave_to_convex,15
turning+bound+asymptote,basis,mid,intermediate,7,1,2987685470,asymptote_to_0_from_above|lower_bound_0|turning_maximum,asymptote_to_0_from_above|inflection_concave_to_convex|lower_bound_0|turning_maximum,4,inflection_concave_to_convex,15
turning+bound+asymptote,basis,mid,intermediate,8,1,3841868238,asymptote_to_0_from_above|lower_bound_0|turning_maximum,asymptote_to_0_from_above|inflection_concave_to_convex|lower_bound_0|turning_maximum,4,inflection_concave_to_convex,15
turning+bound+asymptote,basis,mid,intermediate,9,1,1515640174,asymptote_to_0_from_above|lower_bound_0|turning_maximum,asymptote_to_0_from_above|inflection_concave_to_convex|lower_bound_0|turning_maximum,4,inflection_concave_to_convex,15
turning+bound+asymptote,basis,mid,persistent_within_tested_domain,0,1,2482554026,asymptote_to_0_from_above|lower_bound_0|turning_maximum,asymptote_to_0_from_above|inflection_concave_to_convex|lower_bound_0|turning_maximum,4,inflection_concave_to_convex,15
turning+bound+asymptote,basis,mid,persistent_within_tested_domain,1,1,511688375,asymptote_to_0_from_above|lower_bound_0|turning_maximum,asymptote_to_0_from_above|inflection_concave_to_convex|lower_bound_0|turning_maximum,4,inflection_concave_to_convex,15
turning+bound+asymptote,basis,mid,persistent_within_tested_domain,2,1,1804872281,asymptote_to_0_from_above|lower_bound_0|turning_maximum,asymptote_to_0_from_above|inflection_concave_to_convex|lower_bound_0|turning_maximum,4,inflection_concave_to_convex,15
turning+bound+asymptote,basis,mid,persistent_within_tested_domain,3,1,15785761,asymptote_to_0_from_above|lower_bound_0|turning_maximum,asymptote_to_0_from_above|inflection_concave_to_convex|lower_bound_0|turning_maximum,4,inflection_concave_to_convex,15
turning+bound+asymptote,basis,mid,persistent_within_tested_domain,4,1,1587319310,asymptote_to_0_from_above|lower_bound_0|turning_maximum,asymptote_to_0_from_above|inflection_concave_to_convex|lower_bound_0|turning_maximum,4,inflection_concave_to_convex,15
turning+bound+asymptote,basis,mid,persistent_within_tested_domain,5,1,4017335822,asymptote_to_0_from_above|lower_bound_0|turning_maximum,asymptote_to_0_from_above|inflection_concave_to_convex|lower_bound_0|turning_maximum,4,inflection_concave_to_convex,15
turning+bound+asymptote,basis,mid,persistent_within_tested_domain,6,1,474240685,asymptote_to_0_from_above|lower_bound_0|turning_maximum,asymptote_to_0_from_above|inflection_concave_to_convex|lower_bound_0|turning_maximum,4,inflection_concave_to_convex,15
turning+bound+asymptote,basis,mid,persistent_within_tested_domain,7,1,1749227070,asymptote_to_0_from_above|lower_bound_0|turning_maximum,asymptote_to_0_from_above|inflection_concave_to_convex|lower_bound_0|turning_maximum,4,inflection_concave_to_convex,15
turning+bound+asymptote,basis,mid,persistent_within_tested_domain,8,1,1071347018,asymptote_to_0_from_above|lower_bound_0|turning_maximum,asymptote_to_0_from_above|inflection_concave_to_convex|lower_bound_0|turning_maximum,4,inflection_concave_to_convex,15
turning+bound+asymptote,basis,mid,persistent_within_tested_domain,9,1,4099917535,asymptote_to_0_from_above|lower_bound_0|turning_maximum,asymptote_to_0_from_above|inflection_concave_to_convex|lower_bound_0|turning_maximum,4,inflection_concave_to_convex,15
turning+bound+asymptote,basis,high,limited,0,1,3999343833,asymptote_to_0_from_above|lower_bound_0|turning_maximum,asymptote_to_0_from_above|inflection_concave_to_convex|lower_bound_0|turning_maximum,4,inflection_concave_to_convex,15
turning+bound+asymptote,basis,high,limited,1,1,3937290185,asymptote_to_0_from_above|lower_bound_0|turning_maximum,asymptote_to_0_from_above|inflection_concave_to_convex|lower_bound_0|turning_maximum,4,inflection_concave_to_convex,15
turning+bound+asymptote,basis,high,limited,2,1,209821602,asymptote_to_0_from_above|lower_bound_0|turning_maximum,asymptote_to_0_from_above|inflection_concave_to_convex|lower_bound_0|turning_maximum,4,inflection_concave_to_convex,15
turning+bound+asymptote,basis,high,limited,3,1,3040966654,asymptote_to_0_from_above|lower_bound_0|turning_maximum,asymptote_to_0_from_above|inflection_concave_to_convex|lower_bound_0|turning_maximum,4,inflection_concave_to_convex,15
turning+bound+asymptote,basis,high,limited,4,1,2241304138,asymptote_to_0_from_above|lower_bound_0|turning_maximum,asymptote_to_0_from_above|inflection_concave_to_convex|lower_bound_0|turning_maximum,4,inflection_concave_to_convex,15
turning+bound+asymptote,basis,high,limited,5,1,1248946227,asymptote_to_0_from_above|lower_bound_0|turning_maximum,asymptote_to_0_from_above|inflection_concave_to_convex|lower_bound_0|turning_maximum,4,inflection_concave_to_convex,15
turning+bound+asymptote,basis,high,limited,6,1,3764388581,asymptote_to_0_from_above|lower_bound_0|turning_maximum,asymptote_to_0_from_above|inflection_concave_to_convex|lower_bound_0|turning_maximum,4,inflection_concave_to_convex,15
turning+bound+asymptote,basis,high,limited,7,1,1368617278,asymptote_to_0_from_above|lower_bound_0|turning_maximum,asymptote_to_0_from_above|inflection_concave_to_convex|lower_bound_0|turning_maximum,4,inflection_concave_to_convex,15
turning+bound+asymptote,basis,high,limited,8,1,713768222,asymptote_to_0_from_above|lower_bound_0|turning_maximum,asymptote_to_0_from_above|inflection_concave_to_convex|lower_bound_0|turning_maximum,4,inflection_concave_to_convex,15
turning+bound+asymptote,basis,high,limited,9,1,3941188737,asymptote_to_0_from_above|lower_bound_0|turning_maximum,asymptote_to_0_from_above|inflection_concave_to_convex|lower_bound_0|turning_maximum,4,inflection_concave_to_convex,15
turning+bound+asymptote,basis,high,intermediate,0,1,1504799061,asymptote_to_0_from_above|lower_bound_0|turning_maximum,asymptote_to_0_from_above|inflection_concave_to_convex|lower_bound_0|turning_maximum,4,inflection_concave_to_convex,15
turning+bound+asymptote,basis,high,intermediate,1,1,1141674911,asymptote_to_0_from_above|lower_bound_0|turning_maximum,asymptote_to_0_from_above|inflection_concave_to_convex|lower_bound_0|turning_maximum,4,inflection_concave_to_convex,15
turning+bound+asymptote,basis,high,intermediate,2,1,321538183,asymptote_to_0_from_above|lower_bound_0|turning_maximum,asymptote_to_0_from_above|inflection_concave_to_convex|lower_bound_0|turning_maximum,4,inflection_concave_to_convex,15
turning+bound+asymptote,basis,high,intermediate,3,1,2048849147,asymptote_to_0_from_above|lower_bound_0|turning_maximum,asymptote_to_0_from_above|inflection_concave_to_convex|lower_bound_0|turning_maximum,4,inflection_concave_to_convex,15
turning+bound+asymptote,basis,high,intermediate,4,1,752518845,asymptote_to_0_from_above|lower_bound_0|turning_maximum,asymptote_to_0_from_above|inflection_concave_to_convex|lower_bound_0|turning_maximum,4,inflection_concave_to_convex,15
turning+bound+asymptote,basis,high,intermediate,5,1,3793902548,asymptote_to_0_from_above|lower_bound_0|turning_maximum,asymptote_to_0_from_above|inflection_concave_to_convex|lower_bound_0|turning_maximum,4,inflection_concave_to_convex,15
turning+bound+asymptote,basis,high,intermediate,6,1,3147359591,asymptote_to_0_from_above|lower_bound_0|turning_maximum,asymptote_to_0_from_above|inflection_concave_to_convex|lower_bound_0|turning_maximum,4,inflection_concave_to_convex,15
turning+bound+asymptote,basis,high,intermediate,7,1,2719078328,asymptote_to_0_from_above|lower_bound_0|turning_maximum,asymptote_to_0_from_above|inflection_concave_to_convex|lower_bound_0|turning_maximum,4,inflection_concave_to_convex,15
turning+bound+asymptote,basis,high,intermediate,8,1,3770901517,asymptote_to_0_from_above|lower_bound_0|turning_maximum,asymptote_to_0_from_above|inflection_concave_to_convex|lower_bound_0|turning_maximum,4,inflection_concave_to_convex,15
turning+bound+asymptote,basis,high,intermediate,9,1,3266768969,asymptote_to_0_from_above|lower_bound_0|turning_maximum,asymptote_to_0_from_above|inflection_concave_to_convex|lower_bound_0|turning_maximum,4,inflection_concave_to_convex,15
turning+bound+asymptote,basis,high,persistent_within_tested_domain,0,1,2007087753,asymptote_to_0_from_above|lower_bound_0|turning_maximum,asymptote_to_0_from_above|inflection_concave_to_convex|lower_bound_0|turning_maximum,4,inflection_concave_to_convex,15
turning+bound+asymptote,basis,high,persistent_within_tested_domain,1,1,3811078166,asymptote_to_0_from_above|lower_bound_0|turning_maximum,asymptote_to_0_from_above|inflection_concave_to_convex|lower_bound_0|turning_maximum,4,inflection_concave_to_convex,15
turning+bound+asymptote,basis,high,persistent_within_tested_domain,2,1,2545717431,asymptote_to_0_from_above|lower_bound_0|turning_maximum,asymptote_to_0_from_above|inflection_concave_to_convex|lower_bound_0|turning_maximum,4,inflection_concave_to_convex,15
turning+bound+asymptote,basis,high,persistent_within_tested_domain,3,1,3565756722,asymptote_to_0_from_above|lower_bound_0|turning_maximum,asymptote_to_0_from_above|inflection_concave_to_convex|lower_bound_0|turning_maximum,4,inflection_concave_to_convex,15
turning+bound+asymptote,basis,high,persistent_within_tested_domain,4,1,1829198989,asymptote_to_0_from_above|lower_bound_0|turning_maximum,asymptote_to_0_from_above|inflection_concave_to_convex|lower_bound_0|turning_maximum,4,inflection_concave_to_convex,15
turning+bound+asymptote,basis,high,persistent_within_tested_domain,5,1,2371348957,asymptote_to_0_from_above|lower_bound_0|turning_maximum,asymptote_to_0_from_above|inflection_concave_to_convex|lower_bound_0|turning_maximum,4,inflection_concave_to_convex,15
turning+bound+asymptote,basis,high,persistent_within_tested_domain,6,1,4030583806,asymptote_to_0_from_above|lower_bound_0|turning_maximum,asymptote_to_0_from_above|inflection_concave_to_convex|lower_bound_0|turning_maximum,4,inflection_concave_to_convex,15
turning+bound+asymptote,basis,high,persistent_within_tested_domain,7,1,4149576176,asymptote_to_0_from_above|lower_bound_0|turning_maximum,asymptote_to_0_from_above|inflection_concave_to_convex|lower_bound_0|turning_maximum,4,inflection_concave_to_convex,15
turning+bound+asymptote,basis,high,persistent_within_tested_domain,8,1,3057227604,asymptote_to_0_from_above|lower_bound_0|turning_maximum,asymptote_to_0_from_above|inflection_concave_to_convex|lower_bound_0|turning_maximum,4,inflection_concave_to_convex,15
turning+bound+asymptote,basis,high,persistent_within_tested_domain,9,1,3288751669,asymptote_to_0_from_above|lower_bound_0|turning_maximum,asymptote_to_0_from_above|inflection_concave_to_convex|lower_bound_0|turning_maximum,4,inflection_concave_to_convex,15
turning+bound+asymptote,ode,low,limited,0,1,2565711844,asymptote_to_0_from_above|lower_bound_0|turning_maximum,asymptote_to_0_from_above|inflection_concave_to_convex|lower_bound_0|turning_maximum,4,inflection_concave_to_convex,15
turning+bound+asymptote,ode,low,limited,1,1,2793397091,asymptote_to_0_from_above|lower_bound_0|turning_maximum,asymptote_to_0_from_above|inflection_concave_to_convex|lower_bound_0|turning_maximum,4,inflection_concave_to_convex,15
turning+bound+asymptote,ode,low,limited,2,1,1459432882,asymptote_to_0_from_above|lower_bound_0|turning_maximum,asymptote_to_0_from_above|inflection_concave_to_convex|lower_bound_0|turning_maximum,4,inflection_concave_to_convex,15
turning+bound+asymptote,ode,low,limited,3,1,2104102295,asymptote_to_0_from_above|lower_bound_0|turning_maximum,asymptote_to_0_from_above|inflection_concave_to_convex|lower_bound_0|turning_maximum,4,inflection_concave_to_convex,15
turning+bound+asymptote,ode,low,limited,4,1,4232515654,asymptote_to_0_from_above|lower_bound_0|turning_maximum,asymptote_to_0_from_above|inflection_concave_to_convex|lower_bound_0|turning_maximum,4,inflection_concave_to_convex,15
turning+bound+asymptote,ode,low,limited,5,1,3519372535,asymptote_to_0_from_above|lower_bound_0|turning_maximum,asymptote_to_0_from_above|inflection_concave_to_convex|lower_bound_0|turning_maximum,4,inflection_concave_to_convex,15
turning+bound+asymptote,ode,low,limited,6,1,2513562405,asymptote_to_0_from_above|lower_bound_0|turning_maximum,asymptote_to_0_from_above|inflection_concave_to_convex|lower_bound_0|turning_maximum,4,inflection_concave_to_convex,15
turning+bound+asymptote,ode,low,limited,7,1,4832371,asymptote_to_0_from_above|lower_bound_0|turning_maximum,asymptote_to_0_from_above|inflection_concave_to_convex|lower_bound_0|turning_maximum,4,inflection_concave_to_convex,15
turning+bound+asymptote,ode,low,limited,8,1,1433013324,asymptote_to_0_from_above|lower_bound_0|turning_maximum,asymptote_to_0_from_above|inflection_concave_to_convex|lower_bound_0|turning_maximum,4,inflection_concave_to_convex,15
turning+bound+asymptote,ode,low,limited,9,1,161135653,asymptote_to_0_from_above|lower_bound_0|turning_maximum,asymptote_to_0_from_above|inflection_concave_to_convex|lower_bound_0|turning_maximum,4,inflection_concave_to_convex,15
turning+bound+asymptote,ode,low,intermediate,0,1,1385128952,asymptote_to_0_from_above|lower_bound_0|turning_maximum,asymptote_to_0_from_above|inflection_concave_to_convex|lower_bound_0|turning_maximum,4,inflection_concave_to_convex,15
turning+bound+asymptote,ode,low,intermediate,1,1,4070142761,asymptote_to_0_from_above|lower_bound_0|turning_maximum,asymptote_to_0_from_above|inflection_concave_to_convex|lower_bound_0|turning_maximum,4,inflection_concave_to_convex,15
turning+bound+asymptote,ode,low,intermediate,2,1,4148067562,asymptote_to_0_from_above|lower_bound_0|turning_maximum,asymptote_to_0_from_above|inflection_concave_to_convex|lower_bound_0|turning_maximum,4,inflection_concave_to_convex,15
turning+bound+asymptote,ode,low,intermediate,3,1,1966538295,asymptote_to_0_from_above|lower_bound_0|turning_maximum,asymptote_to_0_from_above|inflection_concave_to_convex|lower_bound_0|turning_maximum,4,inflection_concave_to_convex,15
turning+bound+asymptote,ode,low,intermediate,4,1,760566373,asymptote_to_0_from_above|lower_bound_0|turning_maximum,asymptote_to_0_from_above|inflection_concave_to_convex|lower_bound_0|turning_maximum,4,inflection_concave_to_convex,15
turning+bound+asymptote,ode,low,intermediate,5,1,1127336709,asymptote_to_0_from_above|lower_bound_0|turning_maximum,asymptote_to_0_from_above|inflection_concave_to_convex|lower_bound_0|turning_maximum,4,inflection_concave_to_convex,15
turning+bound+asymptote,ode,low,intermediate,6,1,2807392006,asymptote_to_0_from_above|lower_bound_0|turning_maximum,asymptote_to_0_from_above|inflection_concave_to_convex|lower_bound_0|turning_maximum,4,inflection_concave_to_convex,15
turning+bound+asymptote,ode,low,intermediate,7,1,2677425223,asymptote_to_0_from_above|lower_bound_0|turning_maximum,asymptote_to_0_from_above|inflection_concave_to_convex|lower_bound_0|turning_maximum,4,inflection_concave_to_convex,15
turning+bound+asymptote,ode,low,intermediate,8,1,2867138500,asymptote_to_0_from_above|lower_bound_0|turning_maximum,asymptote_to_0_from_above|inflection_concave_to_convex|lower_bound_0|turning_maximum,4,inflection_concave_to_convex,15
turning+bound+asymptote,ode,low,intermediate,9,1,254524246,asymptote_to_0_from_above|lower_bound_0|turning_maximum,asymptote_to_0_from_above|inflection_concave_to_convex|lower_bound_0|turning_maximum,4,inflection_concave_to_convex,15
turning+bound+asymptote,ode,low,persistent_within_tested_domain,0,1,1399641642,asymptote_to_0_from_above|lower_bound_0|turning_maximum,asymptote_to_0_from_above|inflection_concave_to_convex|lower_bound_0|turning_maximum,4,inflection_concave_to_convex,15
turning+bound+asymptote,ode,low,persistent_within_tested_domain,1,1,2766233331,asymptote_to_0_from_above|lower_bound_0|turning_maximum,asymptote_to_0_from_above|inflection_concave_to_convex|lower_bound_0|turning_maximum,4,inflection_concave_to_convex,15
turning+bound+asymptote,ode,low,persistent_within_tested_domain,2,1,3167857455,asymptote_to_0_from_above|lower_bound_0|turning_maximum,asymptote_to_0_from_above|inflection_concave_to_convex|lower_bound_0|turning_maximum,4,inflection_concave_to_convex,15
turning+bound+asymptote,ode,low,persistent_within_tested_domain,3,1,1665442677,asymptote_to_0_from_above|lower_bound_0|turning_maximum,asymptote_to_0_from_above|inflection_concave_to_convex|lower_bound_0|turning_maximum,4,inflection_concave_to_convex,15
turning+bound+asymptote,ode,low,persistent_within_tested_domain,4,1,368576285,asymptote_to_0_from_above|lower_bound_0|turning_maximum,asymptote_to_0_from_above|inflection_concave_to_convex|lower_bound_0|turning_maximum,4,inflection_concave_to_convex,15
turning+bound+asymptote,ode,low,persistent_within_tested_domain,5,1,2222465409,asymptote_to_0_from_above|lower_bound_0|turning_maximum,asymptote_to_0_from_above|inflection_concave_to_convex|lower_bound_0|turning_maximum,4,inflection_concave_to_convex,15
turning+bound+asymptote,ode,low,persistent_within_tested_domain,6,1,2285330327,asymptote_to_0_from_above|lower_bound_0|turning_maximum,asymptote_to_0_from_above|inflection_concave_to_convex|lower_bound_0|turning_maximum,4,inflection_concave_to_convex,15
turning+bound+asymptote,ode,low,persistent_within_tested_domain,7,1,954666831,asymptote_to_0_from_above|lower_bound_0|turning_maximum,asymptote_to_0_from_above|inflection_concave_to_convex|lower_bound_0|turning_maximum,4,inflection_concave_to_convex,15
turning+bound+asymptote,ode,low,persistent_within_tested_domain,8,1,407381622,asymptote_to_0_from_above|lower_bound_0|turning_maximum,asymptote_to_0_from_above|inflection_concave_to_convex|lower_bound_0|turning_maximum,4,inflection_concave_to_convex,15
turning+bound+asymptote,ode,low,persistent_within_tested_domain,9,1,3176979412,asymptote_to_0_from_above|lower_bound_0|turning_maximum,asymptote_to_0_from_above|inflection_concave_to_convex|lower_bound_0|turning_maximum,4,inflection_concave_to_convex,15
turning+bound+asymptote,ode,mid,limited,0,1,3395488130,asymptote_to_0_from_above|lower_bound_0|turning_maximum,asymptote_to_0_from_above|inflection_concave_to_convex|lower_bound_0|turning_maximum,4,inflection_concave_to_convex,15
turning+bound+asymptote,ode,mid,limited,1,1,3909338435,asymptote_to_0_from_above|lower_bound_0|turning_maximum,asymptote_to_0_from_above|inflection_concave_to_convex|lower_bound_0|turning_maximum,4,inflection_concave_to_convex,15
turning+bound+asymptote,ode,mid,limited,2,1,2419290860,asymptote_to_0_from_above|lower_bound_0|turning_maximum,asymptote_to_0_from_above|inflection_concave_to_convex|lower_bound_0|turning_maximum,4,inflection_concave_to_convex,15
turning+bound+asymptote,ode,mid,limited,3,1,3559807938,asymptote_to_0_from_above|lower_bound_0|turning_maximum,asymptote_to_0_from_above|inflection_concave_to_convex|lower_bound_0|turning_maximum,4,inflection_concave_to_convex,15
turning+bound+asymptote,ode,mid,limited,4,1,1046564040,asymptote_to_0_from_above|lower_bound_0|turning_maximum,asymptote_to_0_from_above|inflection_concave_to_convex|lower_bound_0|turning_maximum,4,inflection_concave_to_convex,15
turning+bound+asymptote,ode,mid,limited,5,1,1269026815,asymptote_to_0_from_above|lower_bound_0|turning_maximum,asymptote_to_0_from_above|inflection_concave_to_convex|lower_bound_0|turning_maximum,4,inflection_concave_to_convex,15
turning+bound+asymptote,ode,mid,limited,6,1,4111085517,asymptote_to_0_from_above|lower_bound_0|turning_maximum,asymptote_to_0_from_above|inflection_concave_to_convex|lower_bound_0|turning_maximum,4,inflection_concave_to_convex,15
turning+bound+asymptote,ode,mid,limited,7,1,1834983862,asymptote_to_0_from_above|lower_bound_0|turning_maximum,asymptote_to_0_from_above|inflection_concave_to_convex|lower_bound_0|turning_maximum,4,inflection_concave_to_convex,15
turning+bound+asymptote,ode,mid,limited,8,1,1608556341,asymptote_to_0_from_above|lower_bound_0|turning_maximum,asymptote_to_0_from_above|inflection_concave_to_convex|lower_bound_0|turning_maximum,4,inflection_concave_to_convex,15
turning+bound+asymptote,ode,mid,limited,9,1,1736812762,asymptote_to_0_from_above|lower_bound_0|turning_maximum,asymptote_to_0_from_above|inflection_concave_to_convex|lower_bound_0|turning_maximum,4,inflection_concave_to_convex,15
turning+bound+asymptote,ode,mid,intermediate,0,1,213263891,asymptote_to_0_from_above|lower_bound_0|turning_maximum,asymptote_to_0_from_above|inflection_concave_to_convex|lower_bound_0|turning_maximum,4,inflection_concave_to_convex,15
turning+bound+asymptote,ode,mid,intermediate,1,1,1019599515,asymptote_to_0_from_above|lower_bound_0|turning_maximum,asymptote_to_0_from_above|inflection_concave_to_convex|lower_bound_0|turning_maximum,4,inflection_concave_to_convex,15
turning+bound+asymptote,ode,mid,intermediate,2,1,1549618804,asymptote_to_0_from_above|lower_bound_0|turning_maximum,asymptote_to_0_from_above|inflection_concave_to_convex|lower_bound_0|turning_maximum,4,inflection_concave_to_convex,15
turning+bound+asymptote,ode,mid,intermediate,3,1,3726107298,asymptote_to_0_from_above|lower_bound_0|turning_maximum,asymptote_to_0_from_above|inflection_concave_to_convex|lower_bound_0|turning_maximum,4,inflection_concave_to_convex,15
turning+bound+asymptote,ode,mid,intermediate,4,1,1316164312,asymptote_to_0_from_above|lower_bound_0|turning_maximum,asymptote_to_0_from_above|inflection_concave_to_convex|lower_bound_0|turning_maximum,4,inflection_concave_to_convex,15
turning+bound+asymptote,ode,mid,intermediate,5,1,1813658256,asymptote_to_0_from_above|lower_bound_0|turning_maximum,asymptote_to_0_from_above|inflection_concave_to_convex|lower_bound_0|turning_maximum,4,inflection_concave_to_convex,15
turning+bound+asymptote,ode,mid,intermediate,6,1,3318074644,asymptote_to_0_from_above|lower_bound_0|turning_maximum,asymptote_to_0_from_above|inflection_concave_to_convex|lower_bound_0|turning_maximum,4,inflection_concave_to_convex,15
turning+bound+asymptote,ode,mid,intermediate,7,1,1691981248,asymptote_to_0_from_above|lower_bound_0|turning_maximum,asymptote_to_0_from_above|inflection_concave_to_convex|lower_bound_0|turning_maximum,4,inflection_concave_to_convex,15
turning+bound+asymptote,ode,mid,intermediate,8,1,2172473244,asymptote_to_0_from_above|lower_bound_0|turning_maximum,asymptote_to_0_from_above|inflection_concave_to_convex|lower_bound_0|turning_maximum,4,inflection_concave_to_convex,15
turning+bound+asymptote,ode,mid,intermediate,9,1,3306236469,asymptote_to_0_from_above|lower_bound_0|turning_maximum,asymptote_to_0_from_above|inflection_concave_to_convex|lower_bound_0|turning_maximum,4,inflection_concave_to_convex,15
turning+bound+asymptote,ode,mid,persistent_within_tested_domain,0,1,2515101134,asymptote_to_0_from_above|lower_bound_0|turning_maximum,asymptote_to_0_from_above|inflection_concave_to_convex|lower_bound_0|turning_maximum,4,inflection_concave_to_convex,15
turning+bound+asymptote,ode,mid,persistent_within_tested_domain,1,1,4137131359,asymptote_to_0_from_above|lower_bound_0|turning_maximum,asymptote_to_0_from_above|inflection_concave_to_convex|lower_bound_0|turning_maximum,4,inflection_concave_to_convex,15
turning+bound+asymptote,ode,mid,persistent_within_tested_domain,2,1,394267989,asymptote_to_0_from_above|lower_bound_0|turning_maximum,asymptote_to_0_from_above|inflection_concave_to_convex|lower_bound_0|turning_maximum,4,inflection_concave_to_convex,15
turning+bound+asymptote,ode,mid,persistent_within_tested_domain,3,1,613825763,asymptote_to_0_from_above|lower_bound_0|turning_maximum,asymptote_to_0_from_above|inflection_concave_to_convex|lower_bound_0|turning_maximum,4,inflection_concave_to_convex,15
turning+bound+asymptote,ode,mid,persistent_within_tested_domain,4,1,1931624650,asymptote_to_0_from_above|lower_bound_0|turning_maximum,asymptote_to_0_from_above|inflection_concave_to_convex|lower_bound_0|turning_maximum,4,inflection_concave_to_convex,15
turning+bound+asymptote,ode,mid,persistent_within_tested_domain,5,1,3846109681,asymptote_to_0_from_above|lower_bound_0|turning_maximum,asymptote_to_0_from_above|inflection_concave_to_convex|lower_bound_0|turning_maximum,4,inflection_concave_to_convex,15
turning+bound+asymptote,ode,mid,persistent_within_tested_domain,6,1,3123579027,asymptote_to_0_from_above|lower_bound_0|turning_maximum,asymptote_to_0_from_above|inflection_concave_to_convex|lower_bound_0|turning_maximum,4,inflection_concave_to_convex,15
turning+bound+asymptote,ode,mid,persistent_within_tested_domain,7,1,2339534360,asymptote_to_0_from_above|lower_bound_0|turning_maximum,asymptote_to_0_from_above|inflection_concave_to_convex|lower_bound_0|turning_maximum,4,inflection_concave_to_convex,15
turning+bound+asymptote,ode,mid,persistent_within_tested_domain,8,1,3964808558,asymptote_to_0_from_above|lower_bound_0|turning_maximum,asymptote_to_0_from_above|inflection_concave_to_convex|lower_bound_0|turning_maximum,4,inflection_concave_to_convex,15
turning+bound+asymptote,ode,mid,persistent_within_tested_domain,9,1,89104707,asymptote_to_0_from_above|lower_bound_0|turning_maximum,asymptote_to_0_from_above|inflection_concave_to_convex|lower_bound_0|turning_maximum,4,inflection_concave_to_convex,15
turning+bound+asymptote,ode,high,limited,0,1,3774550694,asymptote_to_0_from_above|lower_bound_0|turning_maximum,asymptote_to_0_from_above|inflection_concave_to_convex|lower_bound_0|turning_maximum,4,inflection_concave_to_convex,15
turning+bound+asymptote,ode,high,limited,1,1,1570586459,asymptote_to_0_from_above|lower_bound_0|turning_maximum,asymptote_to_0_from_above|inflection_concave_to_convex|lower_bound_0|turning_maximum,4,inflection_concave_to_convex,15
turning+bound+asymptote,ode,high,limited,2,1,1707245758,asymptote_to_0_from_above|lower_bound_0|turning_maximum,asymptote_to_0_from_above|inflection_concave_to_convex|lower_bound_0|turning_maximum,4,inflection_concave_to_convex,15
turning+bound+asymptote,ode,high,limited,3,1,793972363,asymptote_to_0_from_above|lower_bound_0|turning_maximum,asymptote_to_0_from_above|inflection_concave_to_convex|lower_bound_0|turning_maximum,4,inflection_concave_to_convex,15
turning+bound+asymptote,ode,high,limited,4,1,3225439484,asymptote_to_0_from_above|lower_bound_0|turning_maximum,asymptote_to_0_from_above|inflection_concave_to_convex|lower_bound_0|turning_maximum,4,inflection_concave_to_convex,15
turning+bound+asymptote,ode,high,limited,5,1,2708626064,asymptote_to_0_from_above|lower_bound_0|turning_maximum,asymptote_to_0_from_above|inflection_concave_to_convex|lower_bound_0|turning_maximum,4,inflection_concave_to_convex,15
turning+bound+asymptote,ode,high,limited,6,1,2099733789,asymptote_to_0_from_above|lower_bound_0|turning_maximum,asymptote_to_0_from_above|inflection_concave_to_convex|lower_bound_0|turning_maximum,4,inflection_concave_to_convex,15
turning+bound+asymptote,ode,high,limited,7,1,3719993230,asymptote_to_0_from_above|lower_bound_0|turning_maximum,asymptote_to_0_from_above|inflection_concave_to_convex|lower_bound_0|turning_maximum,4,inflection_concave_to_convex,15
turning+bound+asymptote,ode,high,limited,8,1,2854653891,asymptote_to_0_from_above|lower_bound_0|turning_maximum,asymptote_to_0_from_above|inflection_concave_to_convex|lower_bound_0|turning_maximum,4,inflection_concave_to_convex,15
turning+bound+asymptote,ode,high,limited,9,1,1767687614,asymptote_to_0_from_above|lower_bound_0|turning_maximum,asymptote_to_0_from_above|inflection_concave_to_convex|lower_bound_0|turning_maximum,4,inflection_concave_to_convex,15
turning+bound+asymptote,ode,high,intermediate,0,1,3610828361,asymptote_to_0_from_above|lower_bound_0|turning_maximum,asymptote_to_0_from_above|inflection_concave_to_convex|lower_bound_0|turning_maximum,4,inflection_concave_to_convex,15
turning+bound+asymptote,ode,high,intermediate,1,1,1069546110,asymptote_to_0_from_above|lower_bound_0|turning_maximum,asymptote_to_0_from_above|inflection_concave_to_convex|lower_bound_0|turning_maximum,4,inflection_concave_to_convex,15
turning+bound+asymptote,ode,high,intermediate,2,1,1060490241,asymptote_to_0_from_above|lower_bound_0|turning_maximum,asymptote_to_0_from_above|inflection_concave_to_convex|lower_bound_0|turning_maximum,4,inflection_concave_to_convex,15
turning+bound+asymptote,ode,high,intermediate,3,1,3091171189,asymptote_to_0_from_above|lower_bound_0|turning_maximum,asymptote_to_0_from_above|inflection_concave_to_convex|lower_bound_0|turning_maximum,4,inflection_concave_to_convex,15
turning+bound+asymptote,ode,high,intermediate,4,1,1956722189,asymptote_to_0_from_above|lower_bound_0|turning_maximum,asymptote_to_0_from_above|inflection_concave_to_convex|lower_bound_0|turning_maximum,4,inflection_concave_to_convex,15
turning+bound+asymptote,ode,high,intermediate,5,1,516531064,asymptote_to_0_from_above|lower_bound_0|turning_maximum,asymptote_to_0_from_above|inflection_concave_to_convex|lower_bound_0|turning_maximum,4,inflection_concave_to_convex,15
turning+bound+asymptote,ode,high,intermediate,6,1,4044176218,asymptote_to_0_from_above|lower_bound_0|turning_maximum,asymptote_to_0_from_above|inflection_concave_to_convex|lower_bound_0|turning_maximum,4,inflection_concave_to_convex,15
turning+bound+asymptote,ode,high,intermediate,7,1,3170788293,asymptote_to_0_from_above|lower_bound_0|turning_maximum,asymptote_to_0_from_above|inflection_concave_to_convex|lower_bound_0|turning_maximum,4,inflection_concave_to_convex,15
turning+bound+asymptote,ode,high,intermediate,8,1,2206015244,asymptote_to_0_from_above|lower_bound_0|turning_maximum,asymptote_to_0_from_above|inflection_concave_to_convex|lower_bound_0|turning_maximum,4,inflection_concave_to_convex,15
turning+bound+asymptote,ode,high,intermediate,9,1,1746960322,asymptote_to_0_from_above|lower_bound_0|turning_maximum,asymptote_to_0_from_above|inflection_concave_to_convex|lower_bound_0|turning_maximum,4,inflection_concave_to_convex,15
turning+bound+asymptote,ode,high,persistent_within_tested_domain,0,1,2216547843,asymptote_to_0_from_above|lower_bound_0|turning_maximum,asymptote_to_0_from_above|inflection_concave_to_convex|lower_bound_0|turning_maximum,4,inflection_concave_to_convex,15
turning+bound+asymptote,ode,high,persistent_within_tested_domain,1,1,2597034164,asymptote_to_0_from_above|lower_bound_0|turning_maximum,asymptote_to_0_from_above|inflection_concave_to_convex|lower_bound_0|turning_maximum,4,inflection_concave_to_convex,15
turning+bound+asymptote,ode,high,persistent_within_tested_domain,2,1,434620097,asymptote_to_0_from_above|lower_bound_0|turning_maximum,asymptote_to_0_from_above|inflection_concave_to_convex|lower_bound_0|turning_maximum,4,inflection_concave_to_convex,15
turning+bound+asymptote,ode,high,persistent_within_tested_domain,3,1,4192172749,asymptote_to_0_from_above|lower_bound_0|turning_maximum,asymptote_to_0_from_above|inflection_concave_to_convex|lower_bound_0|turning_maximum,4,inflection_concave_to_convex,15
turning+bound+asymptote,ode,high,persistent_within_tested_domain,4,1,3884732241,asymptote_to_0_from_above|lower_bound_0|turning_maximum,asymptote_to_0_from_above|inflection_concave_to_convex|lower_bound_0|turning_maximum,4,inflection_concave_to_convex,15
turning+bound+asymptote,ode,high,persistent_within_tested_domain,5,1,495199169,asymptote_to_0_from_above|lower_bound_0|turning_maximum,asymptote_to_0_from_above|inflection_concave_to_convex|lower_bound_0|turning_maximum,4,inflection_concave_to_convex,15
turning+bound+asymptote,ode,high,persistent_within_tested_domain,6,1,1035927083,asymptote_to_0_from_above|lower_bound_0|turning_maximum,asymptote_to_0_from_above|inflection_concave_to_convex|lower_bound_0|turning_maximum,4,inflection_concave_to_convex,15
turning+bound+asymptote,ode,high,persistent_within_tested_domain,7,1,153834356,asymptote_to_0_from_above|lower_bound_0|turning_maximum,asymptote_to_0_from_above|inflection_concave_to_convex|lower_bound_0|turning_maximum,4,inflection_concave_to_convex,15
turning+bound+asymptote,ode,high,persistent_within_tested_domain,8,1,2451523258,asymptote_to_0_from_above|lower_bound_0|turning_maximum,asymptote_to_0_from_above|inflection_concave_to_convex|lower_bound_0|turning_maximum,4,inflection_concave_to_convex,15
turning+bound+asymptote,ode,high,persistent_within_tested_domain,9,1,1531897579,asymptote_to_0_from_above|lower_bound_0|turning_maximum,asymptote_to_0_from_above|inflection_concave_to_convex|lower_bound_0|turning_maximum,4,inflection_concave_to_convex,15
regime+bound+asymptote,spline,low,limited,0,1,2705270888,asymptote_to_0_from_above|lower_bound_0|regime_postchange,asymptote_to_0_from_above|curvature_convex|direction_decreasing|lower_bound_0|regime_postchange,5,curvature_convex|direction_decreasing,31
regime+bound+asymptote,spline,low,limited,1,1,1957678404,asymptote_to_0_from_above|lower_bound_0|regime_postchange,asymptote_to_0_from_above|curvature_convex|direction_decreasing|lower_bound_0|regime_postchange,5,curvature_convex|direction_decreasing,31
regime+bound+asymptote,spline,low,limited,2,1,3277605528,asymptote_to_0_from_above|lower_bound_0|regime_postchange,asymptote_to_0_from_above|curvature_convex|direction_decreasing|lower_bound_0|regime_postchange,5,curvature_convex|direction_decreasing,31
regime+bound+asymptote,spline,low,limited,3,1,130185935,asymptote_to_0_from_above|lower_bound_0|regime_postchange,asymptote_to_0_from_above|curvature_convex|direction_decreasing|lower_bound_0|regime_postchange,5,curvature_convex|direction_decreasing,31
regime+bound+asymptote,spline,low,limited,4,1,3314196314,asymptote_to_0_from_above|lower_bound_0|regime_postchange,asymptote_to_0_from_above|curvature_convex|direction_decreasing|lower_bound_0|regime_postchange,5,curvature_convex|direction_decreasing,31
regime+bound+asymptote,spline,low,limited,5,1,2078326593,asymptote_to_0_from_above|lower_bound_0|regime_postchange,asymptote_to_0_from_above|curvature_convex|direction_decreasing|lower_bound_0|regime_postchange,5,curvature_convex|direction_decreasing,31
regime+bound+asymptote,spline,low,limited,6,1,3708192819,asymptote_to_0_from_above|lower_bound_0|regime_postchange,asymptote_to_0_from_above|curvature_convex|direction_decreasing|lower_bound_0|regime_postchange,5,curvature_convex|direction_decreasing,31
regime+bound+asymptote,spline,low,limited,7,1,4270678814,asymptote_to_0_from_above|lower_bound_0|regime_postchange,asymptote_to_0_from_above|curvature_convex|direction_decreasing|lower_bound_0|regime_postchange,5,curvature_convex|direction_decreasing,31
regime+bound+asymptote,spline,low,limited,8,1,1450507882,asymptote_to_0_from_above|lower_bound_0|regime_postchange,asymptote_to_0_from_above|curvature_convex|direction_decreasing|lower_bound_0|regime_postchange,5,curvature_convex|direction_decreasing,31
regime+bound+asymptote,spline,low,limited,9,1,3810016865,asymptote_to_0_from_above|lower_bound_0|regime_postchange,asymptote_to_0_from_above|curvature_convex|direction_decreasing|lower_bound_0|regime_postchange,5,curvature_convex|direction_decreasing,31
regime+bound+asymptote,spline,low,intermediate,0,1,344101009,asymptote_to_0_from_above|lower_bound_0|regime_postchange,asymptote_to_0_from_above|curvature_convex|direction_decreasing|lower_bound_0|regime_postchange,5,curvature_convex|direction_decreasing,31
regime+bound+asymptote,spline,low,intermediate,1,1,3398237516,asymptote_to_0_from_above|lower_bound_0|regime_postchange,asymptote_to_0_from_above|curvature_convex|direction_decreasing|lower_bound_0|regime_postchange,5,curvature_convex|direction_decreasing,31
regime+bound+asymptote,spline,low,intermediate,2,1,531717774,asymptote_to_0_from_above|lower_bound_0|regime_postchange,asymptote_to_0_from_above|curvature_convex|direction_decreasing|lower_bound_0|regime_postchange,5,curvature_convex|direction_decreasing,31
regime+bound+asymptote,spline,low,intermediate,3,1,2127325515,asymptote_to_0_from_above|lower_bound_0|regime_postchange,asymptote_to_0_from_above|curvature_convex|direction_decreasing|lower_bound_0|regime_postchange,5,curvature_convex|direction_decreasing,31
regime+bound+asymptote,spline,low,intermediate,4,1,1260949490,asymptote_to_0_from_above|lower_bound_0|regime_postchange,asymptote_to_0_from_above|curvature_convex|direction_decreasing|lower_bound_0|regime_postchange,5,curvature_convex|direction_decreasing,31
regime+bound+asymptote,spline,low,intermediate,5,1,2414816138,asymptote_to_0_from_above|lower_bound_0|regime_postchange,asymptote_to_0_from_above|curvature_convex|direction_decreasing|lower_bound_0|regime_postchange,5,curvature_convex|direction_decreasing,31
regime+bound+asymptote,spline,low,intermediate,6,1,2211794385,asymptote_to_0_from_above|lower_bound_0|regime_postchange,asymptote_to_0_from_above|curvature_convex|direction_decreasing|lower_bound_0|regime_postchange,5,curvature_convex|direction_decreasing,31
regime+bound+asymptote,spline,low,intermediate,7,1,2965804428,asymptote_to_0_from_above|lower_bound_0|regime_postchange,asymptote_to_0_from_above|curvature_convex|direction_decreasing|lower_bound_0|regime_postchange,5,curvature_convex|direction_decreasing,31
regime+bound+asymptote,spline,low,intermediate,8,1,1677825669,asymptote_to_0_from_above|lower_bound_0|regime_postchange,asymptote_to_0_from_above|curvature_convex|direction_decreasing|lower_bound_0|regime_postchange,5,curvature_convex|direction_decreasing,31
regime+bound+asymptote,spline,low,intermediate,9,1,555778321,asymptote_to_0_from_above|lower_bound_0|regime_postchange,asymptote_to_0_from_above|curvature_convex|direction_decreasing|lower_bound_0|regime_postchange,5,curvature_convex|direction_decreasing,31
regime+bound+asymptote,spline,low,persistent_within_tested_domain,0,1,190469447,asymptote_to_0_from_above|lower_bound_0|regime_postchange,asymptote_to_0_from_above|curvature_convex|direction_decreasing|lower_bound_0|regime_postchange,5,curvature_convex|direction_decreasing,31
regime+bound+asymptote,spline,low,persistent_within_tested_domain,1,1,3821515866,asymptote_to_0_from_above|lower_bound_0|regime_postchange,asymptote_to_0_from_above|curvature_convex|direction_decreasing|lower_bound_0|regime_postchange,5,curvature_convex|direction_decreasing,31
regime+bound+asymptote,spline,low,persistent_within_tested_domain,2,1,644008785,asymptote_to_0_from_above|lower_bound_0|regime_postchange,asymptote_to_0_from_above|curvature_convex|direction_decreasing|lower_bound_0|regime_postchange,5,curvature_convex|direction_decreasing,31
regime+bound+asymptote,spline,low,persistent_within_tested_domain,3,1,1515864185,asymptote_to_0_from_above|lower_bound_0|regime_postchange,asymptote_to_0_from_above|curvature_convex|direction_decreasing|lower_bound_0|regime_postchange,5,curvature_convex|direction_decreasing,31
regime+bound+asymptote,spline,low,persistent_within_tested_domain,4,1,1628474830,asymptote_to_0_from_above|lower_bound_0|regime_postchange,asymptote_to_0_from_above|curvature_convex|direction_decreasing|lower_bound_0|regime_postchange,5,curvature_convex|direction_decreasing,31
regime+bound+asymptote,spline,low,persistent_within_tested_domain,5,1,2687322190,asymptote_to_0_from_above|lower_bound_0|regime_postchange,asymptote_to_0_from_above|curvature_convex|direction_decreasing|lower_bound_0|regime_postchange,5,curvature_convex|direction_decreasing,31
regime+bound+asymptote,spline,low,persistent_within_tested_domain,6,1,221442320,asymptote_to_0_from_above|lower_bound_0|regime_postchange,asymptote_to_0_from_above|curvature_convex|direction_decreasing|lower_bound_0|regime_postchange,5,curvature_convex|direction_decreasing,31
regime+bound+asymptote,spline,low,persistent_within_tested_domain,7,1,2416604849,asymptote_to_0_from_above|lower_bound_0|regime_postchange,asymptote_to_0_from_above|curvature_convex|direction_decreasing|lower_bound_0|regime_postchange,5,curvature_convex|direction_decreasing,31
regime+bound+asymptote,spline,low,persistent_within_tested_domain,8,1,1009443526,asymptote_to_0_from_above|lower_bound_0|regime_postchange,asymptote_to_0_from_above|curvature_convex|direction_decreasing|lower_bound_0|regime_postchange,5,curvature_convex|direction_decreasing,31
regime+bound+asymptote,spline,low,persistent_within_tested_domain,9,1,4117504454,asymptote_to_0_from_above|lower_bound_0|regime_postchange,asymptote_to_0_from_above|curvature_convex|direction_decreasing|lower_bound_0|regime_postchange,5,curvature_convex|direction_decreasing,31
regime+bound+asymptote,spline,mid,limited,0,1,3404006241,asymptote_to_0_from_above|lower_bound_0|regime_postchange,asymptote_to_0_from_above|curvature_convex|direction_decreasing|lower_bound_0|regime_postchange,5,curvature_convex|direction_decreasing,31
regime+bound+asymptote,spline,mid,limited,1,1,1044176677,asymptote_to_0_from_above|lower_bound_0|regime_postchange,asymptote_to_0_from_above|curvature_convex|direction_decreasing|lower_bound_0|regime_postchange,5,curvature_convex|direction_decreasing,31
regime+bound+asymptote,spline,mid,limited,2,1,439828485,asymptote_to_0_from_above|lower_bound_0|regime_postchange,asymptote_to_0_from_above|curvature_convex|direction_decreasing|lower_bound_0|regime_postchange,5,curvature_convex|direction_decreasing,31
regime+bound+asymptote,spline,mid,limited,3,1,2663966125,asymptote_to_0_from_above|lower_bound_0|regime_postchange,asymptote_to_0_from_above|curvature_convex|direction_decreasing|lower_bound_0|regime_postchange,5,curvature_convex|direction_decreasing,31
regime+bound+asymptote,spline,mid,limited,4,1,474011145,asymptote_to_0_from_above|lower_bound_0|regime_postchange,asymptote_to_0_from_above|curvature_convex|direction_decreasing|lower_bound_0|regime_postchange,5,curvature_convex|direction_decreasing,31
regime+bound+asymptote,spline,mid,limited,5,1,2616104996,asymptote_to_0_from_above|lower_bound_0|regime_postchange,asymptote_to_0_from_above|curvature_convex|direction_decreasing|lower_bound_0|regime_postchange,5,curvature_convex|direction_decreasing,31
regime+bound+asymptote,spline,mid,limited,6,1,3726849108,asymptote_to_0_from_above|lower_bound_0|regime_postchange,asymptote_to_0_from_above|curvature_convex|direction_decreasing|lower_bound_0|regime_postchange,5,curvature_convex|direction_decreasing,31
regime+bound+asymptote,spline,mid,limited,7,1,1009192956,asymptote_to_0_from_above|lower_bound_0|regime_postchange,asymptote_to_0_from_above|curvature_convex|direction_decreasing|lower_bound_0|regime_postchange,5,curvature_convex|direction_decreasing,31
regime+bound+asymptote,spline,mid,limited,8,1,3640142672,asymptote_to_0_from_above|lower_bound_0|regime_postchange,asymptote_to_0_from_above|curvature_convex|direction_decreasing|lower_bound_0|regime_postchange,5,curvature_convex|direction_decreasing,31
regime+bound+asymptote,spline,mid,limited,9,1,4248928473,asymptote_to_0_from_above|lower_bound_0|regime_postchange,asymptote_to_0_from_above|curvature_convex|direction_decreasing|lower_bound_0|regime_postchange,5,curvature_convex|direction_decreasing,31
regime+bound+asymptote,spline,mid,intermediate,0,1,391753676,asymptote_to_0_from_above|lower_bound_0|regime_postchange,asymptote_to_0_from_above|curvature_convex|direction_decreasing|lower_bound_0|regime_postchange,5,curvature_convex|direction_decreasing,31
regime+bound+asymptote,spline,mid,intermediate,1,1,1886909104,asymptote_to_0_from_above|lower_bound_0|regime_postchange,asymptote_to_0_from_above|curvature_convex|direction_decreasing|lower_bound_0|regime_postchange,5,curvature_convex|direction_decreasing,31
regime+bound+asymptote,spline,mid,intermediate,2,1,3670526662,asymptote_to_0_from_above|lower_bound_0|regime_postchange,asymptote_to_0_from_above|curvature_convex|direction_decreasing|lower_bound_0|regime_postchange,5,curvature_convex|direction_decreasing,31
regime+bound+asymptote,spline,mid,intermediate,3,1,4035639549,asymptote_to_0_from_above|lower_bound_0|regime_postchange,asymptote_to_0_from_above|curvature_convex|direction_decreasing|lower_bound_0|regime_postchange,5,curvature_convex|direction_decreasing,31
regime+bound+asymptote,spline,mid,intermediate,4,1,4003082612,asymptote_to_0_from_above|lower_bound_0|regime_postchange,asymptote_to_0_from_above|curvature_convex|direction_decreasing|lower_bound_0|regime_postchange,5,curvature_convex|direction_decreasing,31
regime+bound+asymptote,spline,mid,intermediate,5,1,1153852804,asymptote_to_0_from_above|lower_bound_0|regime_postchange,asymptote_to_0_from_above|curvature_convex|direction_decreasing|lower_bound_0|regime_postchange,5,curvature_convex|direction_decreasing,31
regime+bound+asymptote,spline,mid,intermediate,6,1,1817049259,asymptote_to_0_from_above|lower_bound_0|regime_postchange,asymptote_to_0_from_above|curvature_convex|direction_decreasing|lower_bound_0|regime_postchange,5,curvature_convex|direction_decreasing,31
regime+bound+asymptote,spline,mid,intermediate,7,1,3713579887,asymptote_to_0_from_above|lower_bound_0|regime_postchange,asymptote_to_0_from_above|curvature_convex|direction_decreasing|lower_bound_0|regime_postchange,5,curvature_convex|direction_decreasing,31
regime+bound+asymptote,spline,mid,intermediate,8,1,2191504986,asymptote_to_0_from_above|lower_bound_0|regime_postchange,asymptote_to_0_from_above|curvature_convex|direction_decreasing|lower_bound_0|regime_postchange,5,curvature_convex|direction_decreasing,31
regime+bound+asymptote,spline,mid,intermediate,9,1,2380488536,asymptote_to_0_from_above|lower_bound_0|regime_postchange,asymptote_to_0_from_above|curvature_convex|direction_decreasing|lower_bound_0|regime_postchange,5,curvature_convex|direction_decreasing,31
regime+bound+asymptote,spline,mid,persistent_within_tested_domain,0,1,1240557051,asymptote_to_0_from_above|lower_bound_0|regime_postchange,asymptote_to_0_from_above|curvature_convex|direction_decreasing|lower_bound_0|regime_postchange,5,curvature_convex|direction_decreasing,31
regime+bound+asymptote,spline,mid,persistent_within_tested_domain,1,1,641888457,asymptote_to_0_from_above|lower_bound_0|regime_postchange,asymptote_to_0_from_above|curvature_convex|direction_decreasing|lower_bound_0|regime_postchange,5,curvature_convex|direction_decreasing,31
regime+bound+asymptote,spline,mid,persistent_within_tested_domain,2,1,2825035746,asymptote_to_0_from_above|lower_bound_0|regime_postchange,asymptote_to_0_from_above|curvature_convex|direction_decreasing|lower_bound_0|regime_postchange,5,curvature_convex|direction_decreasing,31
regime+bound+asymptote,spline,mid,persistent_within_tested_domain,3,1,756197286,asymptote_to_0_from_above|lower_bound_0|regime_postchange,asymptote_to_0_from_above|curvature_convex|direction_decreasing|lower_bound_0|regime_postchange,5,curvature_convex|direction_decreasing,31
regime+bound+asymptote,spline,mid,persistent_within_tested_domain,4,1,2009291240,asymptote_to_0_from_above|lower_bound_0|regime_postchange,asymptote_to_0_from_above|curvature_convex|direction_decreasing|lower_bound_0|regime_postchange,5,curvature_convex|direction_decreasing,31
regime+bound+asymptote,spline,mid,persistent_within_tested_domain,5,1,1820589355,asymptote_to_0_from_above|lower_bound_0|regime_postchange,asymptote_to_0_from_above|curvature_convex|direction_decreasing|lower_bound_0|regime_postchange,5,curvature_convex|direction_decreasing,31
regime+bound+asymptote,spline,mid,persistent_within_tested_domain,6,1,3086299189,asymptote_to_0_from_above|lower_bound_0|regime_postchange,asymptote_to_0_from_above|curvature_convex|direction_decreasing|lower_bound_0|regime_postchange,5,curvature_convex|direction_decreasing,31
regime+bound+asymptote,spline,mid,persistent_within_tested_domain,7,1,2180163524,asymptote_to_0_from_above|lower_bound_0|regime_postchange,asymptote_to_0_from_above|curvature_convex|direction_decreasing|lower_bound_0|regime_postchange,5,curvature_convex|direction_decreasing,31
regime+bound+asymptote,spline,mid,persistent_within_tested_domain,8,1,2148800457,asymptote_to_0_from_above|lower_bound_0|regime_postchange,asymptote_to_0_from_above|curvature_convex|direction_decreasing|lower_bound_0|regime_postchange,5,curvature_convex|direction_decreasing,31
regime+bound+asymptote,spline,mid,persistent_within_tested_domain,9,1,1901101582,asymptote_to_0_from_above|lower_bound_0|regime_postchange,asymptote_to_0_from_above|curvature_convex|direction_decreasing|lower_bound_0|regime_postchange,5,curvature_convex|direction_decreasing,31
regime+bound+asymptote,spline,high,limited,0,1,3248275961,asymptote_to_0_from_above|lower_bound_0|regime_postchange,asymptote_to_0_from_above|curvature_convex|direction_decreasing|lower_bound_0|regime_postchange,5,curvature_convex|direction_decreasing,31
regime+bound+asymptote,spline,high,limited,1,1,3518316739,asymptote_to_0_from_above|lower_bound_0|regime_postchange,asymptote_to_0_from_above|curvature_convex|direction_decreasing|lower_bound_0|regime_postchange,5,curvature_convex|direction_decreasing,31
regime+bound+asymptote,spline,high,limited,2,1,2877595004,asymptote_to_0_from_above|lower_bound_0|regime_postchange,asymptote_to_0_from_above|curvature_convex|direction_decreasing|lower_bound_0|regime_postchange,5,curvature_convex|direction_decreasing,31
regime+bound+asymptote,spline,high,limited,3,1,1282421233,asymptote_to_0_from_above|lower_bound_0|regime_postchange,asymptote_to_0_from_above|curvature_convex|direction_decreasing|lower_bound_0|regime_postchange,5,curvature_convex|direction_decreasing,31
regime+bound+asymptote,spline,high,limited,4,1,3878879140,asymptote_to_0_from_above|lower_bound_0|regime_postchange,asymptote_to_0_from_above|curvature_convex|direction_decreasing|lower_bound_0|regime_postchange,5,curvature_convex|direction_decreasing,31
regime+bound+asymptote,spline,high,limited,5,1,3653083170,asymptote_to_0_from_above|lower_bound_0|regime_postchange,asymptote_to_0_from_above|curvature_convex|direction_decreasing|lower_bound_0|regime_postchange,5,curvature_convex|direction_decreasing,31
regime+bound+asymptote,spline,high,limited,6,1,1877155107,asymptote_to_0_from_above|lower_bound_0|regime_postchange,asymptote_to_0_from_above|curvature_convex|direction_decreasing|lower_bound_0|regime_postchange,5,curvature_convex|direction_decreasing,31
regime+bound+asymptote,spline,high,limited,7,1,3290685924,asymptote_to_0_from_above|lower_bound_0|regime_postchange,asymptote_to_0_from_above|curvature_convex|direction_decreasing|lower_bound_0|regime_postchange,5,curvature_convex|direction_decreasing,31
regime+bound+asymptote,spline,high,limited,8,1,1431596600,asymptote_to_0_from_above|lower_bound_0|regime_postchange,asymptote_to_0_from_above|curvature_convex|direction_decreasing|lower_bound_0|regime_postchange,5,curvature_convex|direction_decreasing,31
regime+bound+asymptote,spline,high,limited,9,1,3116376768,asymptote_to_0_from_above|lower_bound_0|regime_postchange,asymptote_to_0_from_above|curvature_convex|direction_decreasing|lower_bound_0|regime_postchange,5,curvature_convex|direction_decreasing,31
regime+bound+asymptote,spline,high,intermediate,0,1,2288676213,asymptote_to_0_from_above|lower_bound_0|regime_postchange,asymptote_to_0_from_above|curvature_convex|direction_decreasing|lower_bound_0|regime_postchange,5,curvature_convex|direction_decreasing,31
regime+bound+asymptote,spline,high,intermediate,1,1,3190473914,asymptote_to_0_from_above|lower_bound_0|regime_postchange,asymptote_to_0_from_above|curvature_convex|direction_decreasing|lower_bound_0|regime_postchange,5,curvature_convex|direction_decreasing,31
regime+bound+asymptote,spline,high,intermediate,2,1,784342144,asymptote_to_0_from_above|lower_bound_0|regime_postchange,asymptote_to_0_from_above|curvature_convex|direction_decreasing|lower_bound_0|regime_postchange,5,curvature_convex|direction_decreasing,31
regime+bound+asymptote,spline,high,intermediate,3,1,2382566263,asymptote_to_0_from_above|lower_bound_0|regime_postchange,asymptote_to_0_from_above|curvature_convex|direction_decreasing|lower_bound_0|regime_postchange,5,curvature_convex|direction_decreasing,31
regime+bound+asymptote,spline,high,intermediate,4,1,1868827678,asymptote_to_0_from_above|lower_bound_0|regime_postchange,asymptote_to_0_from_above|curvature_convex|direction_decreasing|lower_bound_0|regime_postchange,5,curvature_convex|direction_decreasing,31
regime+bound+asymptote,spline,high,intermediate,5,1,3465537302,asymptote_to_0_from_above|lower_bound_0|regime_postchange,asymptote_to_0_from_above|curvature_convex|direction_decreasing|lower_bound_0|regime_postchange,5,curvature_convex|direction_decreasing,31
regime+bound+asymptote,spline,high,intermediate,6,1,840433024,asymptote_to_0_from_above|lower_bound_0|regime_postchange,asymptote_to_0_from_above|curvature_convex|direction_decreasing|lower_bound_0|regime_postchange,5,curvature_convex|direction_decreasing,31
regime+bound+asymptote,spline,high,intermediate,7,1,3203318992,asymptote_to_0_from_above|lower_bound_0|regime_postchange,asymptote_to_0_from_above|curvature_convex|direction_decreasing|lower_bound_0|regime_postchange,5,curvature_convex|direction_decreasing,31
regime+bound+asymptote,spline,high,intermediate,8,1,2250897942,asymptote_to_0_from_above|lower_bound_0|regime_postchange,asymptote_to_0_from_above|curvature_convex|direction_decreasing|lower_bound_0|regime_postchange,5,curvature_convex|direction_decreasing,31
regime+bound+asymptote,spline,high,intermediate,9,1,4078816766,asymptote_to_0_from_above|lower_bound_0|regime_postchange,asymptote_to_0_from_above|curvature_convex|direction_decreasing|lower_bound_0|regime_postchange,5,curvature_convex|direction_decreasing,31
regime+bound+asymptote,spline,high,persistent_within_tested_domain,0,1,2838538614,asymptote_to_0_from_above|lower_bound_0|regime_postchange,asymptote_to_0_from_above|curvature_convex|direction_decreasing|lower_bound_0|regime_postchange,5,curvature_convex|direction_decreasing,31
regime+bound+asymptote,spline,high,persistent_within_tested_domain,1,1,3858009911,asymptote_to_0_from_above|lower_bound_0|regime_postchange,asymptote_to_0_from_above|curvature_convex|direction_decreasing|lower_bound_0|regime_postchange,5,curvature_convex|direction_decreasing,31
regime+bound+asymptote,spline,high,persistent_within_tested_domain,2,1,514389930,asymptote_to_0_from_above|lower_bound_0|regime_postchange,asymptote_to_0_from_above|curvature_convex|direction_decreasing|lower_bound_0|regime_postchange,5,curvature_convex|direction_decreasing,31
regime+bound+asymptote,spline,high,persistent_within_tested_domain,3,1,2996083728,asymptote_to_0_from_above|lower_bound_0|regime_postchange,asymptote_to_0_from_above|curvature_convex|direction_decreasing|lower_bound_0|regime_postchange,5,curvature_convex|direction_decreasing,31
regime+bound+asymptote,spline,high,persistent_within_tested_domain,4,1,2973933608,asymptote_to_0_from_above|lower_bound_0|regime_postchange,asymptote_to_0_from_above|curvature_convex|direction_decreasing|lower_bound_0|regime_postchange,5,curvature_convex|direction_decreasing,31
regime+bound+asymptote,spline,high,persistent_within_tested_domain,5,1,2341797743,asymptote_to_0_from_above|lower_bound_0|regime_postchange,asymptote_to_0_from_above|curvature_convex|direction_decreasing|lower_bound_0|regime_postchange,5,curvature_convex|direction_decreasing,31
regime+bound+asymptote,spline,high,persistent_within_tested_domain,6,1,2242009133,asymptote_to_0_from_above|lower_bound_0|regime_postchange,asymptote_to_0_from_above|curvature_convex|direction_decreasing|lower_bound_0|regime_postchange,5,curvature_convex|direction_decreasing,31
regime+bound+asymptote,spline,high,persistent_within_tested_domain,7,1,942861674,asymptote_to_0_from_above|lower_bound_0|regime_postchange,asymptote_to_0_from_above|curvature_convex|direction_decreasing|lower_bound_0|regime_postchange,5,curvature_convex|direction_decreasing,31
regime+bound+asymptote,spline,high,persistent_within_tested_domain,8,1,416775484,asymptote_to_0_from_above|lower_bound_0|regime_postchange,asymptote_to_0_from_above|curvature_convex|direction_decreasing|lower_bound_0|regime_postchange,5,curvature_convex|direction_decreasing,31
regime+bound+asymptote,spline,high,persistent_within_tested_domain,9,1,1939584726,asymptote_to_0_from_above|lower_bound_0|regime_postchange,asymptote_to_0_from_above|curvature_convex|direction_decreasing|lower_bound_0|regime_postchange,5,curvature_convex|direction_decreasing,31
regime+bound+asymptote,basis,low,limited,0,1,3774386330,asymptote_to_0_from_above|lower_bound_0|regime_postchange,asymptote_to_0_from_above|curvature_convex|direction_decreasing|lower_bound_0|regime_postchange,5,curvature_convex|direction_decreasing,31
regime+bound+asymptote,basis,low,limited,1,1,1270052909,asymptote_to_0_from_above|lower_bound_0|regime_postchange,asymptote_to_0_from_above|curvature_convex|direction_decreasing|lower_bound_0|regime_postchange,5,curvature_convex|direction_decreasing,31
regime+bound+asymptote,basis,low,limited,2,1,1233309461,asymptote_to_0_from_above|lower_bound_0|regime_postchange,asymptote_to_0_from_above|curvature_convex|direction_decreasing|lower_bound_0|regime_postchange,5,curvature_convex|direction_decreasing,31
regime+bound+asymptote,basis,low,limited,3,1,374373111,asymptote_to_0_from_above|lower_bound_0|regime_postchange,asymptote_to_0_from_above|curvature_convex|direction_decreasing|lower_bound_0|regime_postchange,5,curvature_convex|direction_decreasing,31
regime+bound+asymptote,basis,low,limited,4,1,3114113695,asymptote_to_0_from_above|lower_bound_0|regime_postchange,asymptote_to_0_from_above|curvature_convex|direction_decreasing|lower_bound_0|regime_postchange,5,curvature_convex|direction_decreasing,31
regime+bound+asymptote,basis,low,limited,5,1,4217898873,asymptote_to_0_from_above|lower_bound_0|regime_postchange,asymptote_to_0_from_above|curvature_convex|direction_decreasing|lower_bound_0|regime_postchange,5,curvature_convex|direction_decreasing,31
regime+bound+asymptote,basis,low,limited,6,1,780599690,asymptote_to_0_from_above|lower_bound_0|regime_postchange,asymptote_to_0_from_above|curvature_convex|direction_decreasing|lower_bound_0|regime_postchange,5,curvature_convex|direction_decreasing,31
regime+bound+asymptote,basis,low,limited,7,1,1434527179,asymptote_to_0_from_above|lower_bound_0|regime_postchange,asymptote_to_0_from_above|curvature_convex|direction_decreasing|lower_bound_0|regime_postchange,5,curvature_convex|direction_decreasing,31
regime+bound+asymptote,basis,low,limited,8,1,1698227512,asymptote_to_0_from_above|lower_bound_0|regime_postchange,asymptote_to_0_from_above|curvature_convex|direction_decreasing|lower_bound_0|regime_postchange,5,curvature_convex|direction_decreasing,31
regime+bound+asymptote,basis,low,limited,9,1,3190846043,asymptote_to_0_from_above|lower_bound_0|regime_postchange,asymptote_to_0_from_above|curvature_convex|direction_decreasing|lower_bound_0|regime_postchange,5,curvature_convex|direction_decreasing,31
regime+bound+asymptote,basis,low,intermediate,0,1,140166008,asymptote_to_0_from_above|lower_bound_0|regime_postchange,asymptote_to_0_from_above|curvature_convex|direction_decreasing|lower_bound_0|regime_postchange,5,curvature_convex|direction_decreasing,31
regime+bound+asymptote,basis,low,intermediate,1,1,3588711516,asymptote_to_0_from_above|lower_bound_0|regime_postchange,asymptote_to_0_from_above|curvature_convex|direction_decreasing|lower_bound_0|regime_postchange,5,curvature_convex|direction_decreasing,31
regime+bound+asymptote,basis,low,intermediate,2,1,1070705157,asymptote_to_0_from_above|lower_bound_0|regime_postchange,asymptote_to_0_from_above|curvature_convex|direction_decreasing|lower_bound_0|regime_postchange,5,curvature_convex|direction_decreasing,31
regime+bound+asymptote,basis,low,intermediate,3,1,1262547186,asymptote_to_0_from_above|lower_bound_0|regime_postchange,asymptote_to_0_from_above|curvature_convex|direction_decreasing|lower_bound_0|regime_postchange,5,curvature_convex|direction_decreasing,31
regime+bound+asymptote,basis,low,intermediate,4,1,2844894236,asymptote_to_0_from_above|lower_bound_0|regime_postchange,asymptote_to_0_from_above|curvature_convex|direction_decreasing|lower_bound_0|regime_postchange,5,curvature_convex|direction_decreasing,31
regime+bound+asymptote,basis,low,intermediate,5,1,1415360716,asymptote_to_0_from_above|lower_bound_0|regime_postchange,asymptote_to_0_from_above|curvature_convex|direction_decreasing|lower_bound_0|regime_postchange,5,curvature_convex|direction_decreasing,31
regime+bound+asymptote,basis,low,intermediate,6,1,1399278987,asymptote_to_0_from_above|lower_bound_0|regime_postchange,asymptote_to_0_from_above|curvature_convex|direction_decreasing|lower_bound_0|regime_postchange,5,curvature_convex|direction_decreasing,31
regime+bound+asymptote,basis,low,intermediate,7,1,4126048586,asymptote_to_0_from_above|lower_bound_0|regime_postchange,asymptote_to_0_from_above|curvature_convex|direction_decreasing|lower_bound_0|regime_postchange,5,curvature_convex|direction_decreasing,31
regime+bound+asymptote,basis,low,intermediate,8,1,1713462595,asymptote_to_0_from_above|lower_bound_0|regime_postchange,asymptote_to_0_from_above|curvature_convex|direction_decreasing|lower_bound_0|regime_postchange,5,curvature_convex|direction_decreasing,31
regime+bound+asymptote,basis,low,intermediate,9,1,4279477192,asymptote_to_0_from_above|lower_bound_0|regime_postchange,asymptote_to_0_from_above|curvature_convex|direction_decreasing|lower_bound_0|regime_postchange,5,curvature_convex|direction_decreasing,31
regime+bound+asymptote,basis,low,persistent_within_tested_domain,0,1,1605217533,asymptote_to_0_from_above|lower_bound_0|regime_postchange,asymptote_to_0_from_above|curvature_convex|direction_decreasing|lower_bound_0|regime_postchange,5,curvature_convex|direction_decreasing,31
regime+bound+asymptote,basis,low,persistent_within_tested_domain,1,1,1984816838,asymptote_to_0_from_above|lower_bound_0|regime_postchange,asymptote_to_0_from_above|curvature_convex|direction_decreasing|lower_bound_0|regime_postchange,5,curvature_convex|direction_decreasing,31
regime+bound+asymptote,basis,low,persistent_within_tested_domain,2,1,1385267988,asymptote_to_0_from_above|lower_bound_0|regime_postchange,asymptote_to_0_from_above|curvature_convex|direction_decreasing|lower_bound_0|regime_postchange,5,curvature_convex|direction_decreasing,31
regime+bound+asymptote,basis,low,persistent_within_tested_domain,3,1,1820289871,asymptote_to_0_from_above|lower_bound_0|regime_postchange,asymptote_to_0_from_above|curvature_convex|direction_decreasing|lower_bound_0|regime_postchange,5,curvature_convex|direction_decreasing,31
regime+bound+asymptote,basis,low,persistent_within_tested_domain,4,1,3566827367,asymptote_to_0_from_above|lower_bound_0|regime_postchange,asymptote_to_0_from_above|curvature_convex|direction_decreasing|lower_bound_0|regime_postchange,5,curvature_convex|direction_decreasing,31
regime+bound+asymptote,basis,low,persistent_within_tested_domain,5,1,4224300607,asymptote_to_0_from_above|lower_bound_0|regime_postchange,asymptote_to_0_from_above|curvature_convex|direction_decreasing|lower_bound_0|regime_postchange,5,curvature_convex|direction_decreasing,31
regime+bound+asymptote,basis,low,persistent_within_tested_domain,6,1,3477348751,asymptote_to_0_from_above|lower_bound_0|regime_postchange,asymptote_to_0_from_above|curvature_convex|direction_decreasing|lower_bound_0|regime_postchange,5,curvature_convex|direction_decreasing,31
regime+bound+asymptote,basis,low,persistent_within_tested_domain,7,1,1787693594,asymptote_to_0_from_above|lower_bound_0|regime_postchange,asymptote_to_0_from_above|curvature_convex|direction_decreasing|lower_bound_0|regime_postchange,5,curvature_convex|direction_decreasing,31
regime+bound+asymptote,basis,low,persistent_within_tested_domain,8,1,2954718714,asymptote_to_0_from_above|lower_bound_0|regime_postchange,asymptote_to_0_from_above|curvature_convex|direction_decreasing|lower_bound_0|regime_postchange,5,curvature_convex|direction_decreasing,31
regime+bound+asymptote,basis,low,persistent_within_tested_domain,9,1,2139275293,asymptote_to_0_from_above|lower_bound_0|regime_postchange,asymptote_to_0_from_above|curvature_convex|direction_decreasing|lower_bound_0|regime_postchange,5,curvature_convex|direction_decreasing,31
regime+bound+asymptote,basis,mid,limited,0,1,3584920353,asymptote_to_0_from_above|lower_bound_0|regime_postchange,asymptote_to_0_from_above|curvature_convex|direction_decreasing|lower_bound_0|regime_postchange,5,curvature_convex|direction_decreasing,31
regime+bound+asymptote,basis,mid,limited,1,1,2274354228,asymptote_to_0_from_above|lower_bound_0|regime_postchange,asymptote_to_0_from_above|curvature_convex|direction_decreasing|lower_bound_0|regime_postchange,5,curvature_convex|direction_decreasing,31
regime+bound+asymptote,basis,mid,limited,2,1,1952230427,asymptote_to_0_from_above|lower_bound_0|regime_postchange,asymptote_to_0_from_above|curvature_convex|direction_decreasing|lower_bound_0|regime_postchange,5,curvature_convex|direction_decreasing,31
regime+bound+asymptote,basis,mid,limited,3,1,2307912211,asymptote_to_0_from_above|lower_bound_0|regime_postchange,asymptote_to_0_from_above|curvature_convex|direction_decreasing|lower_bound_0|regime_postchange,5,curvature_convex|direction_decreasing,31
regime+bound+asymptote,basis,mid,limited,4,1,488323837,asymptote_to_0_from_above|lower_bound_0|regime_postchange,asymptote_to_0_from_above|curvature_convex|direction_decreasing|lower_bound_0|regime_postchange,5,curvature_convex|direction_decreasing,31
regime+bound+asymptote,basis,mid,limited,5,1,4094567131,asymptote_to_0_from_above|lower_bound_0|regime_postchange,asymptote_to_0_from_above|curvature_convex|direction_decreasing|lower_bound_0|regime_postchange,5,curvature_convex|direction_decreasing,31
regime+bound+asymptote,basis,mid,limited,6,1,3932565512,asymptote_to_0_from_above|lower_bound_0|regime_postchange,asymptote_to_0_from_above|curvature_convex|direction_decreasing|lower_bound_0|regime_postchange,5,curvature_convex|direction_decreasing,31
regime+bound+asymptote,basis,mid,limited,7,1,3135174455,asymptote_to_0_from_above|lower_bound_0|regime_postchange,asymptote_to_0_from_above|curvature_convex|direction_decreasing|lower_bound_0|regime_postchange,5,curvature_convex|direction_decreasing,31
regime+bound+asymptote,basis,mid,limited,8,1,4176119643,asymptote_to_0_from_above|lower_bound_0|regime_postchange,asymptote_to_0_from_above|curvature_convex|direction_decreasing|lower_bound_0|regime_postchange,5,curvature_convex|direction_decreasing,31
regime+bound+asymptote,basis,mid,limited,9,1,1459442020,asymptote_to_0_from_above|lower_bound_0|regime_postchange,asymptote_to_0_from_above|curvature_convex|direction_decreasing|lower_bound_0|regime_postchange,5,curvature_convex|direction_decreasing,31
regime+bound+asymptote,basis,mid,intermediate,0,1,2654621976,asymptote_to_0_from_above|lower_bound_0|regime_postchange,asymptote_to_0_from_above|curvature_convex|direction_decreasing|lower_bound_0|regime_postchange,5,curvature_convex|direction_decreasing,31
regime+bound+asymptote,basis,mid,intermediate,1,1,3214515397,asymptote_to_0_from_above|lower_bound_0|regime_postchange,asymptote_to_0_from_above|curvature_convex|direction_decreasing|lower_bound_0|regime_postchange,5,curvature_convex|direction_decreasing,31
regime+bound+asymptote,basis,mid,intermediate,2,1,1055128206,asymptote_to_0_from_above|lower_bound_0|regime_postchange,asymptote_to_0_from_above|curvature_convex|direction_decreasing|lower_bound_0|regime_postchange,5,curvature_convex|direction_decreasing,31
regime+bound+asymptote,basis,mid,intermediate,3,1,3497842959,asymptote_to_0_from_above|lower_bound_0|regime_postchange,asymptote_to_0_from_above|curvature_convex|direction_decreasing|lower_bound_0|regime_postchange,5,curvature_convex|direction_decreasing,31
regime+bound+asymptote,basis,mid,intermediate,4,1,3750001679,asymptote_to_0_from_above|lower_bound_0|regime_postchange,asymptote_to_0_from_above|curvature_convex|direction_decreasing|lower_bound_0|regime_postchange,5,curvature_convex|direction_decreasing,31
regime+bound+asymptote,basis,mid,intermediate,5,1,1167142225,asymptote_to_0_from_above|lower_bound_0|regime_postchange,asymptote_to_0_from_above|curvature_convex|direction_decreasing|lower_bound_0|regime_postchange,5,curvature_convex|direction_decreasing,31
regime+bound+asymptote,basis,mid,intermediate,6,1,4170685142,asymptote_to_0_from_above|lower_bound_0|regime_postchange,asymptote_to_0_from_above|curvature_convex|direction_decreasing|lower_bound_0|regime_postchange,5,curvature_convex|direction_decreasing,31
regime+bound+asymptote,basis,mid,intermediate,7,1,3265528063,asymptote_to_0_from_above|lower_bound_0|regime_postchange,asymptote_to_0_from_above|curvature_convex|direction_decreasing|lower_bound_0|regime_postchange,5,curvature_convex|direction_decreasing,31
regime+bound+asymptote,basis,mid,intermediate,8,1,1794494264,asymptote_to_0_from_above|lower_bound_0|regime_postchange,asymptote_to_0_from_above|curvature_convex|direction_decreasing|lower_bound_0|regime_postchange,5,curvature_convex|direction_decreasing,31
regime+bound+asymptote,basis,mid,intermediate,9,1,1698744883,asymptote_to_0_from_above|lower_bound_0|regime_postchange,asymptote_to_0_from_above|curvature_convex|direction_decreasing|lower_bound_0|regime_postchange,5,curvature_convex|direction_decreasing,31
regime+bound+asymptote,basis,mid,persistent_within_tested_domain,0,1,1712255016,asymptote_to_0_from_above|lower_bound_0|regime_postchange,asymptote_to_0_from_above|curvature_convex|direction_decreasing|lower_bound_0|regime_postchange,5,curvature_convex|direction_decreasing,31
regime+bound+asymptote,basis,mid,persistent_within_tested_domain,1,1,951334322,asymptote_to_0_from_above|lower_bound_0|regime_postchange,asymptote_to_0_from_above|curvature_convex|direction_decreasing|lower_bound_0|regime_postchange,5,curvature_convex|direction_decreasing,31
regime+bound+asymptote,basis,mid,persistent_within_tested_domain,2,1,1771012532,asymptote_to_0_from_above|lower_bound_0|regime_postchange,asymptote_to_0_from_above|curvature_convex|direction_decreasing|lower_bound_0|regime_postchange,5,curvature_convex|direction_decreasing,31
regime+bound+asymptote,basis,mid,persistent_within_tested_domain,3,1,1471371854,asymptote_to_0_from_above|lower_bound_0|regime_postchange,asymptote_to_0_from_above|curvature_convex|direction_decreasing|lower_bound_0|regime_postchange,5,curvature_convex|direction_decreasing,31
regime+bound+asymptote,basis,mid,persistent_within_tested_domain,4,1,2969078947,asymptote_to_0_from_above|lower_bound_0|regime_postchange,asymptote_to_0_from_above|curvature_convex|direction_decreasing|lower_bound_0|regime_postchange,5,curvature_convex|direction_decreasing,31
regime+bound+asymptote,basis,mid,persistent_within_tested_domain,5,1,1012323618,asymptote_to_0_from_above|lower_bound_0|regime_postchange,asymptote_to_0_from_above|curvature_convex|direction_decreasing|lower_bound_0|regime_postchange,5,curvature_convex|direction_decreasing,31
regime+bound+asymptote,basis,mid,persistent_within_tested_domain,6,1,4215101150,asymptote_to_0_from_above|lower_bound_0|regime_postchange,asymptote_to_0_from_above|curvature_convex|direction_decreasing|lower_bound_0|regime_postchange,5,curvature_convex|direction_decreasing,31
regime+bound+asymptote,basis,mid,persistent_within_tested_domain,7,1,1629889480,asymptote_to_0_from_above|lower_bound_0|regime_postchange,asymptote_to_0_from_above|curvature_convex|direction_decreasing|lower_bound_0|regime_postchange,5,curvature_convex|direction_decreasing,31
regime+bound+asymptote,basis,mid,persistent_within_tested_domain,8,1,2341130962,asymptote_to_0_from_above|lower_bound_0|regime_postchange,asymptote_to_0_from_above|curvature_convex|direction_decreasing|lower_bound_0|regime_postchange,5,curvature_convex|direction_decreasing,31
regime+bound+asymptote,basis,mid,persistent_within_tested_domain,9,1,205037533,asymptote_to_0_from_above|lower_bound_0|regime_postchange,asymptote_to_0_from_above|curvature_convex|direction_decreasing|lower_bound_0|regime_postchange,5,curvature_convex|direction_decreasing,31
regime+bound+asymptote,basis,high,limited,0,1,3736676260,asymptote_to_0_from_above|lower_bound_0|regime_postchange,asymptote_to_0_from_above|curvature_convex|direction_decreasing|lower_bound_0|regime_postchange,5,curvature_convex|direction_decreasing,31
regime+bound+asymptote,basis,high,limited,1,1,3550527766,asymptote_to_0_from_above|lower_bound_0|regime_postchange,asymptote_to_0_from_above|curvature_convex|direction_decreasing|lower_bound_0|regime_postchange,5,curvature_convex|direction_decreasing,31
regime+bound+asymptote,basis,high,limited,2,1,46395608,asymptote_to_0_from_above|lower_bound_0|regime_postchange,asymptote_to_0_from_above|curvature_convex|direction_decreasing|lower_bound_0|regime_postchange,5,curvature_convex|direction_decreasing,31
regime+bound+asymptote,basis,high,limited,3,1,1219790726,asymptote_to_0_from_above|lower_bound_0|regime_postchange,asymptote_to_0_from_above|curvature_convex|direction_decreasing|lower_bound_0|regime_postchange,5,curvature_convex|direction_decreasing,31
regime+bound+asymptote,basis,high,limited,4,1,551844521,asymptote_to_0_from_above|lower_bound_0|regime_postchange,asymptote_to_0_from_above|curvature_convex|direction_decreasing|lower_bound_0|regime_postchange,5,curvature_convex|direction_decreasing,31
regime+bound+asymptote,basis,high,limited,5,1,1970249673,asymptote_to_0_from_above|lower_bound_0|regime_postchange,asymptote_to_0_from_above|curvature_convex|direction_decreasing|lower_bound_0|regime_postchange,5,curvature_convex|direction_decreasing,31
regime+bound+asymptote,basis,high,limited,6,1,1217718163,asymptote_to_0_from_above|lower_bound_0|regime_postchange,asymptote_to_0_from_above|curvature_convex|direction_decreasing|lower_bound_0|regime_postchange,5,curvature_convex|direction_decreasing,31
regime+bound+asymptote,basis,high,limited,7,1,2643268164,asymptote_to_0_from_above|lower_bound_0|regime_postchange,asymptote_to_0_from_above|curvature_convex|direction_decreasing|lower_bound_0|regime_postchange,5,curvature_convex|direction_decreasing,31
regime+bound+asymptote,basis,high,limited,8,1,2982654608,asymptote_to_0_from_above|lower_bound_0|regime_postchange,asymptote_to_0_from_above|curvature_convex|direction_decreasing|lower_bound_0|regime_postchange,5,curvature_convex|direction_decreasing,31
regime+bound+asymptote,basis,high,limited,9,1,3647186046,asymptote_to_0_from_above|lower_bound_0|regime_postchange,asymptote_to_0_from_above|curvature_convex|direction_decreasing|lower_bound_0|regime_postchange,5,curvature_convex|direction_decreasing,31
regime+bound+asymptote,basis,high,intermediate,0,1,1493213101,asymptote_to_0_from_above|lower_bound_0|regime_postchange,asymptote_to_0_from_above|curvature_convex|direction_decreasing|lower_bound_0|regime_postchange,5,curvature_convex|direction_decreasing,31
regime+bound+asymptote,basis,high,intermediate,1,1,2582808169,asymptote_to_0_from_above|lower_bound_0|regime_postchange,asymptote_to_0_from_above|curvature_convex|direction_decreasing|lower_bound_0|regime_postchange,5,curvature_convex|direction_decreasing,31
regime+bound+asymptote,basis,high,intermediate,2,1,2085243879,asymptote_to_0_from_above|lower_bound_0|regime_postchange,asymptote_to_0_from_above|curvature_convex|direction_decreasing|lower_bound_0|regime_postchange,5,curvature_convex|direction_decreasing,31
regime+bound+asymptote,basis,high,intermediate,3,1,3821332321,asymptote_to_0_from_above|lower_bound_0|regime_postchange,asymptote_to_0_from_above|curvature_convex|direction_decreasing|lower_bound_0|regime_postchange,5,curvature_convex|direction_decreasing,31
regime+bound+asymptote,basis,high,intermediate,4,1,3628000602,asymptote_to_0_from_above|lower_bound_0|regime_postchange,asymptote_to_0_from_above|curvature_convex|direction_decreasing|lower_bound_0|regime_postchange,5,curvature_convex|direction_decreasing,31
regime+bound+asymptote,basis,high,intermediate,5,1,2548470778,asymptote_to_0_from_above|lower_bound_0|regime_postchange,asymptote_to_0_from_above|curvature_convex|direction_decreasing|lower_bound_0|regime_postchange,5,curvature_convex|direction_decreasing,31
regime+bound+asymptote,basis,high,intermediate,6,1,1812716217,asymptote_to_0_from_above|lower_bound_0|regime_postchange,asymptote_to_0_from_above|curvature_convex|direction_decreasing|lower_bound_0|regime_postchange,5,curvature_convex|direction_decreasing,31
regime+bound+asymptote,basis,high,intermediate,7,1,887373147,asymptote_to_0_from_above|lower_bound_0|regime_postchange,asymptote_to_0_from_above|curvature_convex|direction_decreasing|lower_bound_0|regime_postchange,5,curvature_convex|direction_decreasing,31
regime+bound+asymptote,basis,high,intermediate,8,1,2337335495,asymptote_to_0_from_above|lower_bound_0|regime_postchange,asymptote_to_0_from_above|curvature_convex|direction_decreasing|lower_bound_0|regime_postchange,5,curvature_convex|direction_decreasing,31
regime+bound+asymptote,basis,high,intermediate,9,1,3898605008,asymptote_to_0_from_above|lower_bound_0|regime_postchange,asymptote_to_0_from_above|curvature_convex|direction_decreasing|lower_bound_0|regime_postchange,5,curvature_convex|direction_decreasing,31
regime+bound+asymptote,basis,high,persistent_within_tested_domain,0,1,1637301729,asymptote_to_0_from_above|lower_bound_0|regime_postchange,asymptote_to_0_from_above|curvature_convex|direction_decreasing|lower_bound_0|regime_postchange,5,curvature_convex|direction_decreasing,31
regime+bound+asymptote,basis,high,persistent_within_tested_domain,1,1,2766600320,asymptote_to_0_from_above|lower_bound_0|regime_postchange,asymptote_to_0_from_above|curvature_convex|direction_decreasing|lower_bound_0|regime_postchange,5,curvature_convex|direction_decreasing,31
regime+bound+asymptote,basis,high,persistent_within_tested_domain,2,1,738608986,asymptote_to_0_from_above|lower_bound_0|regime_postchange,asymptote_to_0_from_above|curvature_convex|direction_decreasing|lower_bound_0|regime_postchange,5,curvature_convex|direction_decreasing,31
regime+bound+asymptote,basis,high,persistent_within_tested_domain,3,1,1732990122,asymptote_to_0_from_above|lower_bound_0|regime_postchange,asymptote_to_0_from_above|curvature_convex|direction_decreasing|lower_bound_0|regime_postchange,5,curvature_convex|direction_decreasing,31
regime+bound+asymptote,basis,high,persistent_within_tested_domain,4,1,3069871698,asymptote_to_0_from_above|lower_bound_0|regime_postchange,asymptote_to_0_from_above|curvature_convex|direction_decreasing|lower_bound_0|regime_postchange,5,curvature_convex|direction_decreasing,31
regime+bound+asymptote,basis,high,persistent_within_tested_domain,5,1,2767855975,asymptote_to_0_from_above|lower_bound_0|regime_postchange,asymptote_to_0_from_above|curvature_convex|direction_decreasing|lower_bound_0|regime_postchange,5,curvature_convex|direction_decreasing,31
regime+bound+asymptote,basis,high,persistent_within_tested_domain,6,1,96419714,asymptote_to_0_from_above|lower_bound_0|regime_postchange,asymptote_to_0_from_above|curvature_convex|direction_decreasing|lower_bound_0|regime_postchange,5,curvature_convex|direction_decreasing,31
regime+bound+asymptote,basis,high,persistent_within_tested_domain,7,1,3373817636,asymptote_to_0_from_above|lower_bound_0|regime_postchange,asymptote_to_0_from_above|curvature_convex|direction_decreasing|lower_bound_0|regime_postchange,5,curvature_convex|direction_decreasing,31
regime+bound+asymptote,basis,high,persistent_within_tested_domain,8,1,3375390330,asymptote_to_0_from_above|lower_bound_0|regime_postchange,asymptote_to_0_from_above|curvature_convex|direction_decreasing|lower_bound_0|regime_postchange,5,curvature_convex|direction_decreasing,31
regime+bound+asymptote,basis,high,persistent_within_tested_domain,9,1,1040694545,asymptote_to_0_from_above|lower_bound_0|regime_postchange,asymptote_to_0_from_above|curvature_convex|direction_decreasing|lower_bound_0|regime_postchange,5,curvature_convex|direction_decreasing,31
regime+bound+asymptote,ode,low,limited,0,1,3125018706,asymptote_to_0_from_above|lower_bound_0|regime_postchange,asymptote_to_0_from_above|curvature_convex|direction_decreasing|lower_bound_0|regime_postchange,5,curvature_convex|direction_decreasing,31
regime+bound+asymptote,ode,low,limited,1,1,4028092072,asymptote_to_0_from_above|lower_bound_0|regime_postchange,asymptote_to_0_from_above|curvature_convex|direction_decreasing|lower_bound_0|regime_postchange,5,curvature_convex|direction_decreasing,31
regime+bound+asymptote,ode,low,limited,2,1,2062402379,asymptote_to_0_from_above|lower_bound_0|regime_postchange,asymptote_to_0_from_above|curvature_convex|direction_decreasing|lower_bound_0|regime_postchange,5,curvature_convex|direction_decreasing,31
regime+bound+asymptote,ode,low,limited,3,1,1471562649,asymptote_to_0_from_above|lower_bound_0|regime_postchange,asymptote_to_0_from_above|curvature_convex|direction_decreasing|lower_bound_0|regime_postchange,5,curvature_convex|direction_decreasing,31
regime+bound+asymptote,ode,low,limited,4,1,1080742573,asymptote_to_0_from_above|lower_bound_0|regime_postchange,asymptote_to_0_from_above|curvature_convex|direction_decreasing|lower_bound_0|regime_postchange,5,curvature_convex|direction_decreasing,31
regime+bound+asymptote,ode,low,limited,5,1,539091460,asymptote_to_0_from_above|lower_bound_0|regime_postchange,asymptote_to_0_from_above|curvature_convex|direction_decreasing|lower_bound_0|regime_postchange,5,curvature_convex|direction_decreasing,31
regime+bound+asymptote,ode,low,limited,6,1,2958435550,asymptote_to_0_from_above|lower_bound_0|regime_postchange,asymptote_to_0_from_above|curvature_convex|direction_decreasing|lower_bound_0|regime_postchange,5,curvature_convex|direction_decreasing,31
regime+bound+asymptote,ode,low,limited,7,1,3010034758,asymptote_to_0_from_above|lower_bound_0|regime_postchange,asymptote_to_0_from_above|curvature_convex|direction_decreasing|lower_bound_0|regime_postchange,5,curvature_convex|direction_decreasing,31
regime+bound+asymptote,ode,low,limited,8,1,2588546153,asymptote_to_0_from_above|lower_bound_0|regime_postchange,asymptote_to_0_from_above|curvature_convex|direction_decreasing|lower_bound_0|regime_postchange,5,curvature_convex|direction_decreasing,31
regime+bound+asymptote,ode,low,limited,9,1,3046795769,asymptote_to_0_from_above|lower_bound_0|regime_postchange,asymptote_to_0_from_above|curvature_convex|direction_decreasing|lower_bound_0|regime_postchange,5,curvature_convex|direction_decreasing,31
regime+bound+asymptote,ode,low,intermediate,0,1,1920041790,asymptote_to_0_from_above|lower_bound_0|regime_postchange,asymptote_to_0_from_above|curvature_convex|direction_decreasing|lower_bound_0|regime_postchange,5,curvature_convex|direction_decreasing,31
regime+bound+asymptote,ode,low,intermediate,1,1,3716707,asymptote_to_0_from_above|lower_bound_0|regime_postchange,asymptote_to_0_from_above|curvature_convex|direction_decreasing|lower_bound_0|regime_postchange,5,curvature_convex|direction_decreasing,31
regime+bound+asymptote,ode,low,intermediate,2,1,2137484948,asymptote_to_0_from_above|lower_bound_0|regime_postchange,asymptote_to_0_from_above|curvature_convex|direction_decreasing|lower_bound_0|regime_postchange,5,curvature_convex|direction_decreasing,31
regime+bound+asymptote,ode,low,intermediate,3,1,3429693328,asymptote_to_0_from_above|lower_bound_0|regime_postchange,asymptote_to_0_from_above|curvature_convex|direction_decreasing|lower_bound_0|regime_postchange,5,curvature_convex|direction_decreasing,31
regime+bound+asymptote,ode,low,intermediate,4,1,2616513938,asymptote_to_0_from_above|lower_bound_0|regime_postchange,asymptote_to_0_from_above|curvature_convex|direction_decreasing|lower_bound_0|regime_postchange,5,curvature_convex|direction_decreasing,31
regime+bound+asymptote,ode,low,intermediate,5,1,3960767568,asymptote_to_0_from_above|lower_bound_0|regime_postchange,asymptote_to_0_from_above|curvature_convex|direction_decreasing|lower_bound_0|regime_postchange,5,curvature_convex|direction_decreasing,31
regime+bound+asymptote,ode,low,intermediate,6,1,1250591440,asymptote_to_0_from_above|lower_bound_0|regime_postchange,asymptote_to_0_from_above|curvature_convex|direction_decreasing|lower_bound_0|regime_postchange,5,curvature_convex|direction_decreasing,31
regime+bound+asymptote,ode,low,intermediate,7,1,768892823,asymptote_to_0_from_above|lower_bound_0|regime_postchange,asymptote_to_0_from_above|curvature_convex|direction_decreasing|lower_bound_0|regime_postchange,5,curvature_convex|direction_decreasing,31
regime+bound+asymptote,ode,low,intermediate,8,1,293822819,asymptote_to_0_from_above|lower_bound_0|regime_postchange,asymptote_to_0_from_above|curvature_convex|direction_decreasing|lower_bound_0|regime_postchange,5,curvature_convex|direction_decreasing,31
regime+bound+asymptote,ode,low,intermediate,9,1,37475330,asymptote_to_0_from_above|lower_bound_0|regime_postchange,asymptote_to_0_from_above|curvature_convex|direction_decreasing|lower_bound_0|regime_postchange,5,curvature_convex|direction_decreasing,31
regime+bound+asymptote,ode,low,persistent_within_tested_domain,0,1,1901375920,asymptote_to_0_from_above|lower_bound_0|regime_postchange,asymptote_to_0_from_above|curvature_convex|direction_decreasing|lower_bound_0|regime_postchange,5,curvature_convex|direction_decreasing,31
regime+bound+asymptote,ode,low,persistent_within_tested_domain,1,1,285746186,asymptote_to_0_from_above|lower_bound_0|regime_postchange,asymptote_to_0_from_above|curvature_convex|direction_decreasing|lower_bound_0|regime_postchange,5,curvature_convex|direction_decreasing,31
regime+bound+asymptote,ode,low,persistent_within_tested_domain,2,1,1973104332,asymptote_to_0_from_above|lower_bound_0|regime_postchange,asymptote_to_0_from_above|curvature_convex|direction_decreasing|lower_bound_0|regime_postchange,5,curvature_convex|direction_decreasing,31
regime+bound+asymptote,ode,low,persistent_within_tested_domain,3,1,4061106984,asymptote_to_0_from_above|lower_bound_0|regime_postchange,asymptote_to_0_from_above|curvature_convex|direction_decreasing|lower_bound_0|regime_postchange,5,curvature_convex|direction_decreasing,31
regime+bound+asymptote,ode,low,persistent_within_tested_domain,4,1,590221529,asymptote_to_0_from_above|lower_bound_0|regime_postchange,asymptote_to_0_from_above|curvature_convex|direction_decreasing|lower_bound_0|regime_postchange,5,curvature_convex|direction_decreasing,31
regime+bound+asymptote,ode,low,persistent_within_tested_domain,5,1,202945420,asymptote_to_0_from_above|lower_bound_0|regime_postchange,asymptote_to_0_from_above|curvature_convex|direction_decreasing|lower_bound_0|regime_postchange,5,curvature_convex|direction_decreasing,31
regime+bound+asymptote,ode,low,persistent_within_tested_domain,6,1,3735460914,asymptote_to_0_from_above|lower_bound_0|regime_postchange,asymptote_to_0_from_above|curvature_convex|direction_decreasing|lower_bound_0|regime_postchange,5,curvature_convex|direction_decreasing,31
regime+bound+asymptote,ode,low,persistent_within_tested_domain,7,1,2605233540,asymptote_to_0_from_above|lower_bound_0|regime_postchange,asymptote_to_0_from_above|curvature_convex|direction_decreasing|lower_bound_0|regime_postchange,5,curvature_convex|direction_decreasing,31
regime+bound+asymptote,ode,low,persistent_within_tested_domain,8,1,831577589,asymptote_to_0_from_above|lower_bound_0|regime_postchange,asymptote_to_0_from_above|curvature_convex|direction_decreasing|lower_bound_0|regime_postchange,5,curvature_convex|direction_decreasing,31
regime+bound+asymptote,ode,low,persistent_within_tested_domain,9,1,2395753102,asymptote_to_0_from_above|lower_bound_0|regime_postchange,asymptote_to_0_from_above|curvature_convex|direction_decreasing|lower_bound_0|regime_postchange,5,curvature_convex|direction_decreasing,31
regime+bound+asymptote,ode,mid,limited,0,1,2593509187,asymptote_to_0_from_above|lower_bound_0|regime_postchange,asymptote_to_0_from_above|curvature_convex|direction_decreasing|lower_bound_0|regime_postchange,5,curvature_convex|direction_decreasing,31
regime+bound+asymptote,ode,mid,limited,1,1,692995571,asymptote_to_0_from_above|lower_bound_0|regime_postchange,asymptote_to_0_from_above|curvature_convex|direction_decreasing|lower_bound_0|regime_postchange,5,curvature_convex|direction_decreasing,31
regime+bound+asymptote,ode,mid,limited,2,1,3306701035,asymptote_to_0_from_above|lower_bound_0|regime_postchange,asymptote_to_0_from_above|curvature_convex|direction_decreasing|lower_bound_0|regime_postchange,5,curvature_convex|direction_decreasing,31
regime+bound+asymptote,ode,mid,limited,3,1,187694134,asymptote_to_0_from_above|lower_bound_0|regime_postchange,asymptote_to_0_from_above|curvature_convex|direction_decreasing|lower_bound_0|regime_postchange,5,curvature_convex|direction_decreasing,31
regime+bound+asymptote,ode,mid,limited,4,1,2049163120,asymptote_to_0_from_above|lower_bound_0|regime_postchange,asymptote_to_0_from_above|curvature_convex|direction_decreasing|lower_bound_0|regime_postchange,5,curvature_convex|direction_decreasing,31
regime+bound+asymptote,ode,mid,limited,5,1,3587107698,asymptote_to_0_from_above|lower_bound_0|regime_postchange,asymptote_to_0_from_above|curvature_convex|direction_decreasing|lower_bound_0|regime_postchange,5,curvature_convex|direction_decreasing,31
regime+bound+asymptote,ode,mid,limited,6,1,1395018851,asymptote_to_0_from_above|lower_bound_0|regime_postchange,asymptote_to_0_from_above|curvature_convex|direction_decreasing|lower_bound_0|regime_postchange,5,curvature_convex|direction_decreasing,31
regime+bound+asymptote,ode,mid,limited,7,1,4036783529,asymptote_to_0_from_above|lower_bound_0|regime_postchange,asymptote_to_0_from_above|curvature_convex|direction_decreasing|lower_bound_0|regime_postchange,5,curvature_convex|direction_decreasing,31
regime+bound+asymptote,ode,mid,limited,8,1,2307278512,asymptote_to_0_from_above|lower_bound_0|regime_postchange,asymptote_to_0_from_above|curvature_convex|direction_decreasing|lower_bound_0|regime_postchange,5,curvature_convex|direction_decreasing,31
regime+bound+asymptote,ode,mid,limited,9,1,1078148096,asymptote_to_0_from_above|lower_bound_0|regime_postchange,asymptote_to_0_from_above|curvature_convex|direction_decreasing|lower_bound_0|regime_postchange,5,curvature_convex|direction_decreasing,31
regime+bound+asymptote,ode,mid,intermediate,0,1,4212946498,asymptote_to_0_from_above|lower_bound_0|regime_postchange,asymptote_to_0_from_above|curvature_convex|direction_decreasing|lower_bound_0|regime_postchange,5,curvature_convex|direction_decreasing,31
regime+bound+asymptote,ode,mid,intermediate,1,1,1523032105,asymptote_to_0_from_above|lower_bound_0|regime_postchange,asymptote_to_0_from_above|curvature_convex|direction_decreasing|lower_bound_0|regime_postchange,5,curvature_convex|direction_decreasing,31
regime+bound+asymptote,ode,mid,intermediate,2,1,189487382,asymptote_to_0_from_above|lower_bound_0|regime_postchange,asymptote_to_0_from_above|curvature_convex|direction_decreasing|lower_bound_0|regime_postchange,5,curvature_convex|direction_decreasing,31
regime+bound+asymptote,ode,mid,intermediate,3,1,2525848462,asymptote_to_0_from_above|lower_bound_0|regime_postchange,asymptote_to_0_from_above|curvature_convex|direction_decreasing|lower_bound_0|regime_postchange,5,curvature_convex|direction_decreasing,31
regime+bound+asymptote,ode,mid,intermediate,4,1,415694886,asymptote_to_0_from_above|lower_bound_0|regime_postchange,asymptote_to_0_from_above|curvature_convex|direction_decreasing|lower_bound_0|regime_postchange,5,curvature_convex|direction_decreasing,31
regime+bound+asymptote,ode,mid,intermediate,5,1,3086551063,asymptote_to_0_from_above|lower_bound_0|regime_postchange,asymptote_to_0_from_above|curvature_convex|direction_decreasing|lower_bound_0|regime_postchange,5,curvature_convex|direction_decreasing,31
regime+bound+asymptote,ode,mid,intermediate,6,1,4055589037,asymptote_to_0_from_above|lower_bound_0|regime_postchange,asymptote_to_0_from_above|curvature_convex|direction_decreasing|lower_bound_0|regime_postchange,5,curvature_convex|direction_decreasing,31
regime+bound+asymptote,ode,mid,intermediate,7,1,1180633068,asymptote_to_0_from_above|lower_bound_0|regime_postchange,asymptote_to_0_from_above|curvature_convex|direction_decreasing|lower_bound_0|regime_postchange,5,curvature_convex|direction_decreasing,31
regime+bound+asymptote,ode,mid,intermediate,8,1,3130154117,asymptote_to_0_from_above|lower_bound_0|regime_postchange,asymptote_to_0_from_above|curvature_convex|direction_decreasing|lower_bound_0|regime_postchange,5,curvature_convex|direction_decreasing,31
regime+bound+asymptote,ode,mid,intermediate,9,1,1008501768,asymptote_to_0_from_above|lower_bound_0|regime_postchange,asymptote_to_0_from_above|curvature_convex|direction_decreasing|lower_bound_0|regime_postchange,5,curvature_convex|direction_decreasing,31
regime+bound+asymptote,ode,mid,persistent_within_tested_domain,0,1,3829674167,asymptote_to_0_from_above|lower_bound_0|regime_postchange,asymptote_to_0_from_above|curvature_convex|direction_decreasing|lower_bound_0|regime_postchange,5,curvature_convex|direction_decreasing,31
regime+bound+asymptote,ode,mid,persistent_within_tested_domain,1,1,2229441700,asymptote_to_0_from_above|lower_bound_0|regime_postchange,asymptote_to_0_from_above|curvature_convex|direction_decreasing|lower_bound_0|regime_postchange,5,curvature_convex|direction_decreasing,31
regime+bound+asymptote,ode,mid,persistent_within_tested_domain,2,1,1141900028,asymptote_to_0_from_above|lower_bound_0|regime_postchange,asymptote_to_0_from_above|curvature_convex|direction_decreasing|lower_bound_0|regime_postchange,5,curvature_convex|direction_decreasing,31
regime+bound+asymptote,ode,mid,persistent_within_tested_domain,3,1,3536544301,asymptote_to_0_from_above|lower_bound_0|regime_postchange,asymptote_to_0_from_above|curvature_convex|direction_decreasing|lower_bound_0|regime_postchange,5,curvature_convex|direction_decreasing,31
regime+bound+asymptote,ode,mid,persistent_within_tested_domain,4,1,2669872725,asymptote_to_0_from_above|lower_bound_0|regime_postchange,asymptote_to_0_from_above|curvature_convex|direction_decreasing|lower_bound_0|regime_postchange,5,curvature_convex|direction_decreasing,31
regime+bound+asymptote,ode,mid,persistent_within_tested_domain,5,1,2383733836,asymptote_to_0_from_above|lower_bound_0|regime_postchange,asymptote_to_0_from_above|curvature_convex|direction_decreasing|lower_bound_0|regime_postchange,5,curvature_convex|direction_decreasing,31
regime+bound+asymptote,ode,mid,persistent_within_tested_domain,6,1,2921638539,asymptote_to_0_from_above|lower_bound_0|regime_postchange,asymptote_to_0_from_above|curvature_convex|direction_decreasing|lower_bound_0|regime_postchange,5,curvature_convex|direction_decreasing,31
regime+bound+asymptote,ode,mid,persistent_within_tested_domain,7,1,629920928,asymptote_to_0_from_above|lower_bound_0|regime_postchange,asymptote_to_0_from_above|curvature_convex|direction_decreasing|lower_bound_0|regime_postchange,5,curvature_convex|direction_decreasing,31
regime+bound+asymptote,ode,mid,persistent_within_tested_domain,8,1,1407812135,asymptote_to_0_from_above|lower_bound_0|regime_postchange,asymptote_to_0_from_above|curvature_convex|direction_decreasing|lower_bound_0|regime_postchange,5,curvature_convex|direction_decreasing,31
regime+bound+asymptote,ode,mid,persistent_within_tested_domain,9,1,3862547985,asymptote_to_0_from_above|lower_bound_0|regime_postchange,asymptote_to_0_from_above|curvature_convex|direction_decreasing|lower_bound_0|regime_postchange,5,curvature_convex|direction_decreasing,31
regime+bound+asymptote,ode,high,limited,0,1,743741912,asymptote_to_0_from_above|lower_bound_0|regime_postchange,asymptote_to_0_from_above|curvature_convex|direction_decreasing|lower_bound_0|regime_postchange,5,curvature_convex|direction_decreasing,31
regime+bound+asymptote,ode,high,limited,1,1,3800664977,asymptote_to_0_from_above|lower_bound_0|regime_postchange,asymptote_to_0_from_above|curvature_convex|direction_decreasing|lower_bound_0|regime_postchange,5,curvature_convex|direction_decreasing,31
regime+bound+asymptote,ode,high,limited,2,1,3316785714,asymptote_to_0_from_above|lower_bound_0|regime_postchange,asymptote_to_0_from_above|curvature_convex|direction_decreasing|lower_bound_0|regime_postchange,5,curvature_convex|direction_decreasing,31
regime+bound+asymptote,ode,high,limited,3,1,649995343,asymptote_to_0_from_above|lower_bound_0|regime_postchange,asymptote_to_0_from_above|curvature_convex|direction_decreasing|lower_bound_0|regime_postchange,5,curvature_convex|direction_decreasing,31
regime+bound+asymptote,ode,high,limited,4,1,3198615733,asymptote_to_0_from_above|lower_bound_0|regime_postchange,asymptote_to_0_from_above|curvature_convex|direction_decreasing|lower_bound_0|regime_postchange,5,curvature_convex|direction_decreasing,31
regime+bound+asymptote,ode,high,limited,5,1,1462428766,asymptote_to_0_from_above|lower_bound_0|regime_postchange,asymptote_to_0_from_above|curvature_convex|direction_decreasing|lower_bound_0|regime_postchange,5,curvature_convex|direction_decreasing,31
regime+bound+asymptote,ode,high,limited,6,1,4224685110,asymptote_to_0_from_above|lower_bound_0|regime_postchange,asymptote_to_0_from_above|curvature_convex|direction_decreasing|lower_bound_0|regime_postchange,5,curvature_convex|direction_decreasing,31
regime+bound+asymptote,ode,high,limited,7,1,3798753034,asymptote_to_0_from_above|lower_bound_0|regime_postchange,asymptote_to_0_from_above|curvature_convex|direction_decreasing|lower_bound_0|regime_postchange,5,curvature_convex|direction_decreasing,31
regime+bound+asymptote,ode,high,limited,8,1,1631541877,asymptote_to_0_from_above|lower_bound_0|regime_postchange,asymptote_to_0_from_above|curvature_convex|direction_decreasing|lower_bound_0|regime_postchange,5,curvature_convex|direction_decreasing,31
regime+bound+asymptote,ode,high,limited,9,1,3392336295,asymptote_to_0_from_above|lower_bound_0|regime_postchange,asymptote_to_0_from_above|curvature_convex|direction_decreasing|lower_bound_0|regime_postchange,5,curvature_convex|direction_decreasing,31
regime+bound+asymptote,ode,high,intermediate,0,1,1042116580,asymptote_to_0_from_above|lower_bound_0|regime_postchange,asymptote_to_0_from_above|curvature_convex|direction_decreasing|lower_bound_0|regime_postchange,5,curvature_convex|direction_decreasing,31
regime+bound+asymptote,ode,high,intermediate,1,1,3731156347,asymptote_to_0_from_above|lower_bound_0|regime_postchange,asymptote_to_0_from_above|curvature_convex|direction_decreasing|lower_bound_0|regime_postchange,5,curvature_convex|direction_decreasing,31
regime+bound+asymptote,ode,high,intermediate,2,1,1010959152,asymptote_to_0_from_above|lower_bound_0|regime_postchange,asymptote_to_0_from_above|curvature_convex|direction_decreasing|lower_bound_0|regime_postchange,5,curvature_convex|direction_decreasing,31
regime+bound+asymptote,ode,high,intermediate,3,1,2399603773,asymptote_to_0_from_above|lower_bound_0|regime_postchange,asymptote_to_0_from_above|curvature_convex|direction_decreasing|lower_bound_0|regime_postchange,5,curvature_convex|direction_decreasing,31
regime+bound+asymptote,ode,high,intermediate,4,1,4268562077,asymptote_to_0_from_above|lower_bound_0|regime_postchange,asymptote_to_0_from_above|curvature_convex|direction_decreasing|lower_bound_0|regime_postchange,5,curvature_convex|direction_decreasing,31
regime+bound+asymptote,ode,high,intermediate,5,1,743281699,asymptote_to_0_from_above|lower_bound_0|regime_postchange,asymptote_to_0_from_above|curvature_convex|direction_decreasing|lower_bound_0|regime_postchange,5,curvature_convex|direction_decreasing,31
regime+bound+asymptote,ode,high,intermediate,6,1,3835348312,asymptote_to_0_from_above|lower_bound_0|regime_postchange,asymptote_to_0_from_above|curvature_convex|direction_decreasing|lower_bound_0|regime_postchange,5,curvature_convex|direction_decreasing,31
regime+bound+asymptote,ode,high,intermediate,7,1,662207987,asymptote_to_0_from_above|lower_bound_0|regime_postchange,asymptote_to_0_from_above|curvature_convex|direction_decreasing|lower_bound_0|regime_postchange,5,curvature_convex|direction_decreasing,31
regime+bound+asymptote,ode,high,intermediate,8,1,832791993,asymptote_to_0_from_above|lower_bound_0|regime_postchange,asymptote_to_0_from_above|curvature_convex|direction_decreasing|lower_bound_0|regime_postchange,5,curvature_convex|direction_decreasing,31
regime+bound+asymptote,ode,high,intermediate,9,1,2863762659,asymptote_to_0_from_above|lower_bound_0|regime_postchange,asymptote_to_0_from_above|curvature_convex|direction_decreasing|lower_bound_0|regime_postchange,5,curvature_convex|direction_decreasing,31
regime+bound+asymptote,ode,high,persistent_within_tested_domain,0,1,659886251,asymptote_to_0_from_above|lower_bound_0|regime_postchange,asymptote_to_0_from_above|curvature_convex|direction_decreasing|lower_bound_0|regime_postchange,5,curvature_convex|direction_decreasing,31
regime+bound+asymptote,ode,high,persistent_within_tested_domain,1,1,113235569,asymptote_to_0_from_above|lower_bound_0|regime_postchange,asymptote_to_0_from_above|curvature_convex|direction_decreasing|lower_bound_0|regime_postchange,5,curvature_convex|direction_decreasing,31
regime+bound+asymptote,ode,high,persistent_within_tested_domain,2,1,541181109,asymptote_to_0_from_above|lower_bound_0|regime_postchange,asymptote_to_0_from_above|curvature_convex|direction_decreasing|lower_bound_0|regime_postchange,5,curvature_convex|direction_decreasing,31
regime+bound+asymptote,ode,high,persistent_within_tested_domain,3,1,2147981318,asymptote_to_0_from_above|lower_bound_0|regime_postchange,asymptote_to_0_from_above|curvature_convex|direction_decreasing|lower_bound_0|regime_postchange,5,curvature_convex|direction_decreasing,31
regime+bound+asymptote,ode,high,persistent_within_tested_domain,4,1,1712386787,asymptote_to_0_from_above|lower_bound_0|regime_postchange,asymptote_to_0_from_above|curvature_convex|direction_decreasing|lower_bound_0|regime_postchange,5,curvature_convex|direction_decreasing,31
regime+bound+asymptote,ode,high,persistent_within_tested_domain,5,1,1749578386,asymptote_to_0_from_above|lower_bound_0|regime_postchange,asymptote_to_0_from_above|curvature_convex|direction_decreasing|lower_bound_0|regime_postchange,5,curvature_convex|direction_decreasing,31
regime+bound+asymptote,ode,high,persistent_within_tested_domain,6,1,1680793529,asymptote_to_0_from_above|lower_bound_0|regime_postchange,asymptote_to_0_from_above|curvature_convex|direction_decreasing|lower_bound_0|regime_postchange,5,curvature_convex|direction_decreasing,31
regime+bound+asymptote,ode,high,persistent_within_tested_domain,7,1,3257032005,asymptote_to_0_from_above|lower_bound_0|regime_postchange,asymptote_to_0_from_above|curvature_convex|direction_decreasing|lower_bound_0|regime_postchange,5,curvature_convex|direction_decreasing,31
regime+bound+asymptote,ode,high,persistent_within_tested_domain,8,1,1974431598,asymptote_to_0_from_above|lower_bound_0|regime_postchange,asymptote_to_0_from_above|curvature_convex|direction_decreasing|lower_bound_0|regime_postchange,5,curvature_convex|direction_decreasing,31
regime+bound+asymptote,ode,high,persistent_within_tested_domain,9,1,791587992,asymptote_to_0_from_above|lower_bound_0|regime_postchange,asymptote_to_0_from_above|curvature_convex|direction_decreasing|lower_bound_0|regime_postchange,5,curvature_convex|direction_decreasing,31
