task_id,intent_name,generator,seed,candidate_role,supplied_atoms,pstar_atoms,intended_atoms,incidental_atoms,C_atom,atom_status,S_supplied,S_star,delta_S_miss,ESS,candidate_floor_hit,oracle_floor_hit,gap_lower_bound,information_status,missing_atoms,marginal_json,nested_floor_violation
direction+curvature+bound:spline:0,direction+curvature+bound,spline,0,supplied,direction_decreasing,asymptote_to_0_from_above|curvature_convex|direction_decreasing|lower_bound_0,direction_decreasing|curvature_convex|lower_bound_0,asymptote_to_0_from_above,0,atom_incomplete,0.5470432656278503,1.322467620486884,0.7754243548590336,1695.899506571183,0,0,0,informationally_incomplete,asymptote_to_0_from_above|curvature_convex|lower_bound_0,"{""asymptote_to_0_from_above"": 0.6618379903809508, ""curvature_convex"": 0.7260288839534652, ""lower_bound_0"": 0.44017450945825587}",0
direction+curvature+bound:spline:0,direction+curvature+bound,spline,0,supplied,curvature_convex,asymptote_to_0_from_above|curvature_convex|direction_decreasing|lower_bound_0,direction_decreasing|curvature_convex|lower_bound_0,asymptote_to_0_from_above,0,atom_incomplete,1.0231798788548145,1.322467620486884,0.2992877416320694,1695.899506571183,0,0,0,informationally_incomplete,asymptote_to_0_from_above|direction_decreasing|lower_bound_0,"{""asymptote_to_0_from_above"": 0.18203831856887276, ""direction_decreasing"": 0.249892270726501, ""lower_bound_0"": 0.055598663638709134}",0
direction+curvature+bound:spline:0,direction+curvature+bound,spline,0,supplied,lower_bound_0,asymptote_to_0_from_above|curvature_convex|direction_decreasing|lower_bound_0,direction_decreasing|curvature_convex|lower_bound_0,asymptote_to_0_from_above,0,atom_incomplete,0.6358269847095601,1.322467620486884,0.6866406357773238,1695.899506571183,0,0,0,informationally_incomplete,asymptote_to_0_from_above|curvature_convex|direction_decreasing,"{""asymptote_to_0_from_above"": 0.36320041396837965, ""curvature_convex"": 0.44295155778396356, ""direction_decreasing"": 0.3513907903765461}",0
direction+curvature+bound:spline:0,direction+curvature+bound,spline,0,supplied,curvature_convex|direction_decreasing,asymptote_to_0_from_above|curvature_convex|direction_decreasing|lower_bound_0,direction_decreasing|curvature_convex|lower_bound_0,asymptote_to_0_from_above,0,atom_incomplete,1.2730721495813155,1.322467620486884,0.049395470905568395,1695.899506571183,0,0,0,informationally_complete,asymptote_to_0_from_above|lower_bound_0,"{""asymptote_to_0_from_above"": 0.049395470905568395, ""lower_bound_0"": 0.04797161704828623}",0
direction+curvature+bound:spline:0,direction+curvature+bound,spline,0,supplied,direction_decreasing|lower_bound_0,asymptote_to_0_from_above|curvature_convex|direction_decreasing|lower_bound_0,direction_decreasing|curvature_convex|lower_bound_0,asymptote_to_0_from_above,0,atom_incomplete,0.9872177750861062,1.322467620486884,0.33524984540077774,1695.899506571183,0,0,0,informationally_incomplete,asymptote_to_0_from_above|curvature_convex,"{""asymptote_to_0_from_above"": 0.22166348092269494, ""curvature_convex"": 0.33382599154349557}",0
direction+curvature+bound:spline:0,direction+curvature+bound,spline,0,supplied,curvature_convex|lower_bound_0,asymptote_to_0_from_above|curvature_convex|direction_decreasing|lower_bound_0,direction_decreasing|curvature_convex|lower_bound_0,asymptote_to_0_from_above,0,atom_incomplete,1.0787785424935237,1.322467620486884,0.24368907799336026,1695.899506571183,0,0,0,informationally_incomplete,asymptote_to_0_from_above|direction_decreasing,"{""asymptote_to_0_from_above"": 0.12643965493016363, ""direction_decreasing"": 0.2422652241360781}",0
direction+curvature+bound:spline:0,direction+curvature+bound,spline,0,supplied,curvature_convex|direction_decreasing|lower_bound_0,asymptote_to_0_from_above|curvature_convex|direction_decreasing|lower_bound_0,direction_decreasing|curvature_convex|lower_bound_0,asymptote_to_0_from_above,0,atom_incomplete,1.3210437666296018,1.322467620486884,0.0014238538572821646,1695.899506571183,0,0,0,informationally_complete,asymptote_to_0_from_above,"{""asymptote_to_0_from_above"": 0.0014238538572821646}",0
direction+curvature+bound:spline:0,direction+curvature+bound,spline,0,oracle_envelope,asymptote_to_0_from_above|curvature_convex|direction_decreasing|lower_bound_0,asymptote_to_0_from_above|curvature_convex|direction_decreasing|lower_bound_0,direction_decreasing|curvature_convex|lower_bound_0,asymptote_to_0_from_above,1,atom_complete,1.322467620486884,1.322467620486884,0.0,1695.899506571183,0,0,0,oracle_reference,,{},0
direction+curvature+bound:basis:0,direction+curvature+bound,basis,0,supplied,direction_decreasing,asymptote_to_0_from_above|curvature_convex|direction_decreasing|lower_bound_0,direction_decreasing|curvature_convex|lower_bound_0,asymptote_to_0_from_above,0,atom_incomplete,0.3203193613089466,1.3862943611198906,1.065974999810944,1484.8943612212624,0,0,0,informationally_incomplete,asymptote_to_0_from_above|curvature_convex|lower_bound_0,"{""asymptote_to_0_from_above"": 1.065974999810944, ""curvature_convex"": 0.9301340661864157, ""lower_bound_0"": 1.065974999810944}",0
direction+curvature+bound:basis:0,direction+curvature+bound,basis,0,supplied,curvature_convex,asymptote_to_0_from_above|curvature_convex|direction_decreasing|lower_bound_0,direction_decreasing|curvature_convex|lower_bound_0,asymptote_to_0_from_above,0,atom_incomplete,1.2001470790393018,1.3862943611198906,0.18614728208058873,1484.8943612212624,0,0,0,informationally_incomplete,asymptote_to_0_from_above|direction_decreasing|lower_bound_0,"{""asymptote_to_0_from_above"": 0.18614652926689335, ""direction_decreasing"": 0.05030634845606041, ""lower_bound_0"": 0.1859681388952119}",0
direction+curvature+bound:basis:0,direction+curvature+bound,basis,0,supplied,lower_bound_0,asymptote_to_0_from_above|curvature_convex|direction_decreasing|lower_bound_0,direction_decreasing|curvature_convex|lower_bound_0,asymptote_to_0_from_above,0,atom_incomplete,1.383882431338431,1.3862943611198906,0.002411929781459543,1484.8943612212624,0,0,0,informationally_complete,asymptote_to_0_from_above|curvature_convex|direction_decreasing,"{""asymptote_to_0_from_above"": 0.0023226352971477127, ""curvature_convex"": 0.0022327865960827253, ""direction_decreasing"": 0.002411929781459543}",0
direction+curvature+bound:basis:0,direction+curvature+bound,basis,0,supplied,curvature_convex|direction_decreasing,asymptote_to_0_from_above|curvature_convex|direction_decreasing|lower_bound_0,direction_decreasing|curvature_convex|lower_bound_0,asymptote_to_0_from_above,0,atom_incomplete,1.2504534274953623,1.3862943611198906,0.13584093362452831,1484.8943612212624,0,0,0,informationally_incomplete,asymptote_to_0_from_above|lower_bound_0,"{""asymptote_to_0_from_above"": 0.13584093362452831, ""lower_bound_0"": 0.13584093362452831}",0
direction+curvature+bound:basis:0,direction+curvature+bound,basis,0,supplied,direction_decreasing|lower_bound_0,asymptote_to_0_from_above|curvature_convex|direction_decreasing|lower_bound_0,direction_decreasing|curvature_convex|lower_bound_0,asymptote_to_0_from_above,0,atom_incomplete,1.3862943611198906,1.3862943611198906,0.0,1484.8943612212624,0,0,0,informationally_complete,asymptote_to_0_from_above|curvature_convex,"{""asymptote_to_0_from_above"": 0.0, ""curvature_convex"": 0.0}",0
direction+curvature+bound:basis:0,direction+curvature+bound,basis,0,supplied,curvature_convex|lower_bound_0,asymptote_to_0_from_above|curvature_convex|direction_decreasing|lower_bound_0,direction_decreasing|curvature_convex|lower_bound_0,asymptote_to_0_from_above,0,atom_incomplete,1.3861152179345138,1.3862943611198906,0.00017914318537681773,1484.8943612212624,0,0,0,informationally_complete,asymptote_to_0_from_above|direction_decreasing,"{""asymptote_to_0_from_above"": 0.00017839037168143612, ""direction_decreasing"": 0.00017914318537681773}",0
direction+curvature+bound:basis:0,direction+curvature+bound,basis,0,supplied,curvature_convex|direction_decreasing|lower_bound_0,asymptote_to_0_from_above|curvature_convex|direction_decreasing|lower_bound_0,direction_decreasing|curvature_convex|lower_bound_0,asymptote_to_0_from_above,0,atom_incomplete,1.3862943611198906,1.3862943611198906,0.0,1484.8943612212624,0,0,0,informationally_complete,asymptote_to_0_from_above,"{""asymptote_to_0_from_above"": 0.0}",0
direction+curvature+bound:basis:0,direction+curvature+bound,basis,0,oracle_envelope,asymptote_to_0_from_above|curvature_convex|direction_decreasing|lower_bound_0,asymptote_to_0_from_above|curvature_convex|direction_decreasing|lower_bound_0,direction_decreasing|curvature_convex|lower_bound_0,asymptote_to_0_from_above,1,atom_complete,1.3862943611198906,1.3862943611198906,0.0,1484.8943612212624,0,0,0,oracle_reference,,{},0
direction+curvature+bound:ode:0,direction+curvature+bound,ode,0,supplied,direction_decreasing,asymptote_to_0_from_above|curvature_convex|direction_decreasing|lower_bound_0,direction_decreasing|curvature_convex|lower_bound_0,asymptote_to_0_from_above,0,atom_incomplete,0.3174500965737413,1.3862943611198904,1.0688442645461491,1133.628445413563,0,0,0,informationally_incomplete,asymptote_to_0_from_above|curvature_convex|lower_bound_0,"{""asymptote_to_0_from_above"": 1.0660296886559093, ""curvature_convex"": 0.9530651545163453, ""lower_bound_0"": 1.0660102446445119}",0
direction+curvature+bound:ode:0,direction+curvature+bound,ode,0,supplied,curvature_convex,asymptote_to_0_from_above|curvature_convex|direction_decreasing|lower_bound_0,direction_decreasing|curvature_convex|lower_bound_0,asymptote_to_0_from_above,0,atom_incomplete,1.2335844694171827,1.3862943611198904,0.15270989170270766,1133.628445413563,0,0,0,informationally_incomplete,asymptote_to_0_from_above|direction_decreasing|lower_bound_0,"{""asymptote_to_0_from_above"": 0.15270989170270766, ""direction_decreasing"": 0.03693078167290387, ""lower_bound_0"": 0.1526867228763058}",0
direction+curvature+bound:ode:0,direction+curvature+bound,ode,0,supplied,lower_bound_0,asymptote_to_0_from_above|curvature_convex|direction_decreasing|lower_bound_0,direction_decreasing|curvature_convex|lower_bound_0,asymptote_to_0_from_above,0,atom_incomplete,1.3827399829225895,1.3862943611198904,0.003554378197300867,1133.628445413563,0,0,0,informationally_complete,asymptote_to_0_from_above|curvature_convex|direction_decreasing,"{""asymptote_to_0_from_above"": 4.594530580570577e-05, ""curvature_convex"": 0.0035312093708990133, ""direction_decreasing"": 0.0007203582956636367}",0
direction+curvature+bound:ode:0,direction+curvature+bound,ode,0,supplied,curvature_convex|direction_decreasing,asymptote_to_0_from_above|curvature_convex|direction_decreasing|lower_bound_0,direction_decreasing|curvature_convex|lower_bound_0,asymptote_to_0_from_above,0,atom_incomplete,1.2705152510900866,1.3862943611198904,0.11577911002980379,1133.628445413563,0,0,0,informationally_incomplete,asymptote_to_0_from_above|lower_bound_0,"{""asymptote_to_0_from_above"": 0.11577911002980379, ""lower_bound_0"": 0.11577911002980379}",0
direction+curvature+bound:ode:0,direction+curvature+bound,ode,0,supplied,direction_decreasing|lower_bound_0,asymptote_to_0_from_above|curvature_convex|direction_decreasing|lower_bound_0,direction_decreasing|curvature_convex|lower_bound_0,asymptote_to_0_from_above,0,atom_incomplete,1.3834603412182531,1.3862943611198904,0.0028340199016372303,1133.628445413563,0,0,0,informationally_complete,asymptote_to_0_from_above|curvature_convex,"{""asymptote_to_0_from_above"": 1.9444011397418137e-05, ""curvature_convex"": 0.0028340199016372303}",0
direction+curvature+bound:ode:0,direction+curvature+bound,ode,0,supplied,curvature_convex|lower_bound_0,asymptote_to_0_from_above|curvature_convex|direction_decreasing|lower_bound_0,direction_decreasing|curvature_convex|lower_bound_0,asymptote_to_0_from_above,0,atom_incomplete,1.3862711922934885,1.3862943611198904,2.3168826401853693e-05,1133.628445413563,0,0,0,informationally_complete,asymptote_to_0_from_above|direction_decreasing,"{""asymptote_to_0_from_above"": 2.3168826401853693e-05, ""direction_decreasing"": 2.3168826401853693e-05}",0
direction+curvature+bound:ode:0,direction+curvature+bound,ode,0,supplied,curvature_convex|direction_decreasing|lower_bound_0,asymptote_to_0_from_above|curvature_convex|direction_decreasing|lower_bound_0,direction_decreasing|curvature_convex|lower_bound_0,asymptote_to_0_from_above,0,atom_incomplete,1.3862943611198904,1.3862943611198904,0.0,1133.628445413563,0,0,0,informationally_complete,asymptote_to_0_from_above,"{""asymptote_to_0_from_above"": 0.0}",0
direction+curvature+bound:ode:0,direction+curvature+bound,ode,0,oracle_envelope,asymptote_to_0_from_above|curvature_convex|direction_decreasing|lower_bound_0,asymptote_to_0_from_above|curvature_convex|direction_decreasing|lower_bound_0,direction_decreasing|curvature_convex|lower_bound_0,asymptote_to_0_from_above,1,atom_complete,1.3862943611198904,1.3862943611198904,0.0,1133.628445413563,0,0,0,oracle_reference,,{},0
direction+curvature+asymptote:spline:0,direction+curvature+asymptote,spline,0,supplied,direction_decreasing,asymptote_to_0_from_above|curvature_convex|direction_decreasing|lower_bound_0,direction_decreasing|curvature_convex|asymptote_to_0_from_above,lower_bound_0,0,atom_incomplete,0.3703585281369126,1.384830053720902,1.0144715255839893,2330.000932223235,0,0,0,informationally_incomplete,asymptote_to_0_from_above|curvature_convex|lower_bound_0,"{""asymptote_to_0_from_above"": 1.0144715255839893, ""curvature_convex"": 0.8007564900663144, ""lower_bound_0"": 1.0144545092948092}",0
direction+curvature+asymptote:spline:0,direction+curvature+asymptote,spline,0,supplied,curvature_convex,asymptote_to_0_from_above|curvature_convex|direction_decreasing|lower_bound_0,direction_decreasing|curvature_convex|asymptote_to_0_from_above,lower_bound_0,0,atom_incomplete,1.0384951074005002,1.384830053720902,0.34633494632040174,2330.000932223235,0,0,0,informationally_incomplete,asymptote_to_0_from_above|direction_decreasing|lower_bound_0,"{""asymptote_to_0_from_above"": 0.3447034973796679, ""direction_decreasing"": 0.13261991080272684, ""lower_bound_0"": 0.3441760880982847}",0
direction+curvature+asymptote:spline:0,direction+curvature+asymptote,spline,0,supplied,asymptote_to_0_from_above,asymptote_to_0_from_above|curvature_convex|direction_decreasing|lower_bound_0,direction_decreasing|curvature_convex|asymptote_to_0_from_above,lower_bound_0,0,atom_incomplete,1.3814246888191322,1.384830053720902,0.003405364901769792,2330.000932223235,0,0,0,informationally_complete,curvature_convex|direction_decreasing|lower_bound_0,"{""curvature_convex"": 0.0017739159610359323, ""direction_decreasing"": 0.003405364901769792, ""lower_bound_0"": 0.0}",0
direction+curvature+asymptote:spline:0,direction+curvature+asymptote,spline,0,supplied,curvature_convex|direction_decreasing,asymptote_to_0_from_above|curvature_convex|direction_decreasing|lower_bound_0,direction_decreasing|curvature_convex|asymptote_to_0_from_above,lower_bound_0,0,atom_incomplete,1.171115018203227,1.384830053720902,0.2137150355176749,2330.000932223235,0,0,0,informationally_incomplete,asymptote_to_0_from_above|lower_bound_0,"{""asymptote_to_0_from_above"": 0.2137150355176749, ""lower_bound_0"": 0.2137150355176749}",0
direction+curvature+asymptote:spline:0,direction+curvature+asymptote,spline,0,supplied,asymptote_to_0_from_above|direction_decreasing,asymptote_to_0_from_above|curvature_convex|direction_decreasing|lower_bound_0,direction_decreasing|curvature_convex|asymptote_to_0_from_above,lower_bound_0,0,atom_incomplete,1.384830053720902,1.384830053720902,0.0,2330.000932223235,0,0,0,informationally_complete,curvature_convex|lower_bound_0,"{""curvature_convex"": 0.0, ""lower_bound_0"": 0.0}",0
direction+curvature+asymptote:spline:0,direction+curvature+asymptote,spline,0,supplied,asymptote_to_0_from_above|curvature_convex,asymptote_to_0_from_above|curvature_convex|direction_decreasing|lower_bound_0,direction_decreasing|curvature_convex|asymptote_to_0_from_above,lower_bound_0,0,atom_incomplete,1.383198604780168,1.384830053720902,0.0016314489407338595,2330.000932223235,0,0,0,informationally_complete,direction_decreasing|lower_bound_0,"{""direction_decreasing"": 0.0016314489407338595, ""lower_bound_0"": 0.0}",0
direction+curvature+asymptote:spline:0,direction+curvature+asymptote,spline,0,supplied,asymptote_to_0_from_above|curvature_convex|direction_decreasing,asymptote_to_0_from_above|curvature_convex|direction_decreasing|lower_bound_0,direction_decreasing|curvature_convex|asymptote_to_0_from_above,lower_bound_0,0,atom_incomplete,1.384830053720902,1.384830053720902,0.0,2330.000932223235,0,0,0,informationally_complete,lower_bound_0,"{""lower_bound_0"": 0.0}",0
direction+curvature+asymptote:spline:0,direction+curvature+asymptote,spline,0,oracle_envelope,asymptote_to_0_from_above|curvature_convex|direction_decreasing|lower_bound_0,asymptote_to_0_from_above|curvature_convex|direction_decreasing|lower_bound_0,direction_decreasing|curvature_convex|asymptote_to_0_from_above,lower_bound_0,1,atom_complete,1.384830053720902,1.384830053720902,0.0,2330.000932223235,0,0,0,oracle_reference,,{},0
direction+curvature+asymptote:basis:0,direction+curvature+asymptote,basis,0,supplied,direction_decreasing,asymptote_to_0_from_above|curvature_convex|direction_decreasing|lower_bound_0,direction_decreasing|curvature_convex|asymptote_to_0_from_above,lower_bound_0,0,atom_incomplete,0.2908290647610736,1.3862943611198906,1.095465296358817,864.3937047018344,0,0,0,informationally_incomplete,asymptote_to_0_from_above|curvature_convex|lower_bound_0,"{""asymptote_to_0_from_above"": 1.095465296358817, ""curvature_convex"": 0.989656325650303, ""lower_bound_0"": 1.095465296358817}",0
direction+curvature+asymptote:basis:0,direction+curvature+asymptote,basis,0,supplied,curvature_convex,asymptote_to_0_from_above|curvature_convex|direction_decreasing|lower_bound_0,direction_decreasing|curvature_convex|asymptote_to_0_from_above,lower_bound_0,0,atom_incomplete,1.273385206110158,1.3862943611198906,0.11290915500973253,864.3937047018344,0,0,0,informationally_incomplete,asymptote_to_0_from_above|direction_decreasing|lower_bound_0,"{""asymptote_to_0_from_above"": 0.11290915500973253, ""direction_decreasing"": 0.007100184301218615, ""lower_bound_0"": 0.11290915500973253}",0
direction+curvature+asymptote:basis:0,direction+curvature+asymptote,basis,0,supplied,asymptote_to_0_from_above,asymptote_to_0_from_above|curvature_convex|direction_decreasing|lower_bound_0,direction_decreasing|curvature_convex|asymptote_to_0_from_above,lower_bound_0,0,atom_incomplete,1.3862943611198906,1.3862943611198906,0.0,864.3937047018344,0,0,0,informationally_complete,curvature_convex|direction_decreasing|lower_bound_0,"{""curvature_convex"": 0.0, ""direction_decreasing"": 0.0, ""lower_bound_0"": 0.0}",0
direction+curvature+asymptote:basis:0,direction+curvature+asymptote,basis,0,supplied,curvature_convex|direction_decreasing,asymptote_to_0_from_above|curvature_convex|direction_decreasing|lower_bound_0,direction_decreasing|curvature_convex|asymptote_to_0_from_above,lower_bound_0,0,atom_incomplete,1.2804853904113767,1.3862943611198906,0.10580897070851392,864.3937047018344,0,0,0,informationally_incomplete,asymptote_to_0_from_above|lower_bound_0,"{""asymptote_to_0_from_above"": 0.10580897070851392, ""lower_bound_0"": 0.10580897070851392}",0
direction+curvature+asymptote:basis:0,direction+curvature+asymptote,basis,0,supplied,asymptote_to_0_from_above|direction_decreasing,asymptote_to_0_from_above|curvature_convex|direction_decreasing|lower_bound_0,direction_decreasing|curvature_convex|asymptote_to_0_from_above,lower_bound_0,0,atom_incomplete,1.3862943611198906,1.3862943611198906,0.0,864.3937047018344,0,0,0,informationally_complete,curvature_convex|lower_bound_0,"{""curvature_convex"": 0.0, ""lower_bound_0"": 0.0}",0
direction+curvature+asymptote:basis:0,direction+curvature+asymptote,basis,0,supplied,asymptote_to_0_from_above|curvature_convex,asymptote_to_0_from_above|curvature_convex|direction_decreasing|lower_bound_0,direction_decreasing|curvature_convex|asymptote_to_0_from_above,lower_bound_0,0,atom_incomplete,1.3862943611198906,1.3862943611198906,0.0,864.3937047018344,0,0,0,informationally_complete,direction_decreasing|lower_bound_0,"{""direction_decreasing"": 0.0, ""lower_bound_0"": 0.0}",0
direction+curvature+asymptote:basis:0,direction+curvature+asymptote,basis,0,supplied,asymptote_to_0_from_above|curvature_convex|direction_decreasing,asymptote_to_0_from_above|curvature_convex|direction_decreasing|lower_bound_0,direction_decreasing|curvature_convex|asymptote_to_0_from_above,lower_bound_0,0,atom_incomplete,1.3862943611198906,1.3862943611198906,0.0,864.3937047018344,0,0,0,informationally_complete,lower_bound_0,"{""lower_bound_0"": 0.0}",0
direction+curvature+asymptote:basis:0,direction+curvature+asymptote,basis,0,oracle_envelope,asymptote_to_0_from_above|curvature_convex|direction_decreasing|lower_bound_0,asymptote_to_0_from_above|curvature_convex|direction_decreasing|lower_bound_0,direction_decreasing|curvature_convex|asymptote_to_0_from_above,lower_bound_0,1,atom_complete,1.3862943611198906,1.3862943611198906,0.0,864.3937047018344,0,0,0,oracle_reference,,{},0
direction+curvature+asymptote:ode:0,direction+curvature+asymptote,ode,0,supplied,direction_decreasing,asymptote_to_0_from_above|curvature_convex|direction_decreasing|lower_bound_0,direction_decreasing|curvature_convex|asymptote_to_0_from_above,lower_bound_0,0,atom_incomplete,0.2957964161089425,1.3862943611198906,1.0904979450109482,1019.2537255784431,0,0,0,informationally_incomplete,asymptote_to_0_from_above|curvature_convex|lower_bound_0,"{""asymptote_to_0_from_above"": 1.0904979450109482, ""curvature_convex"": 0.9770499707623633, ""lower_bound_0"": 1.0904979450109482}",0
direction+curvature+asymptote:ode:0,direction+curvature+asymptote,ode,0,supplied,curvature_convex,asymptote_to_0_from_above|curvature_convex|direction_decreasing|lower_bound_0,direction_decreasing|curvature_convex|asymptote_to_0_from_above,lower_bound_0,0,atom_incomplete,1.2599934122865597,1.3862943611198906,0.12630094883333087,1019.2537255784431,0,0,0,informationally_incomplete,asymptote_to_0_from_above|direction_decreasing|lower_bound_0,"{""asymptote_to_0_from_above"": 0.12630094883333087, ""direction_decreasing"": 0.012852974584746102, ""lower_bound_0"": 0.12630094883333087}",0
direction+curvature+asymptote:ode:0,direction+curvature+asymptote,ode,0,supplied,asymptote_to_0_from_above,asymptote_to_0_from_above|curvature_convex|direction_decreasing|lower_bound_0,direction_decreasing|curvature_convex|asymptote_to_0_from_above,lower_bound_0,0,atom_incomplete,1.3862943611198906,1.3862943611198906,0.0,1019.2537255784431,0,0,0,informationally_complete,curvature_convex|direction_decreasing|lower_bound_0,"{""curvature_convex"": 0.0, ""direction_decreasing"": 0.0, ""lower_bound_0"": 0.0}",0
direction+curvature+asymptote:ode:0,direction+curvature+asymptote,ode,0,supplied,curvature_convex|direction_decreasing,asymptote_to_0_from_above|curvature_convex|direction_decreasing|lower_bound_0,direction_decreasing|curvature_convex|asymptote_to_0_from_above,lower_bound_0,0,atom_incomplete,1.2728463868713058,1.3862943611198906,0.11344797424858477,1019.2537255784431,0,0,0,informationally_incomplete,asymptote_to_0_from_above|lower_bound_0,"{""asymptote_to_0_from_above"": 0.11344797424858477, ""lower_bound_0"": 0.11344797424858477}",0
direction+curvature+asymptote:ode:0,direction+curvature+asymptote,ode,0,supplied,asymptote_to_0_from_above|direction_decreasing,asymptote_to_0_from_above|curvature_convex|direction_decreasing|lower_bound_0,direction_decreasing|curvature_convex|asymptote_to_0_from_above,lower_bound_0,0,atom_incomplete,1.3862943611198906,1.3862943611198906,0.0,1019.2537255784431,0,0,0,informationally_complete,curvature_convex|lower_bound_0,"{""curvature_convex"": 0.0, ""lower_bound_0"": 0.0}",0
direction+curvature+asymptote:ode:0,direction+curvature+asymptote,ode,0,supplied,asymptote_to_0_from_above|curvature_convex,asymptote_to_0_from_above|curvature_convex|direction_decreasing|lower_bound_0,direction_decreasing|curvature_convex|asymptote_to_0_from_above,lower_bound_0,0,atom_incomplete,1.3862943611198906,1.3862943611198906,0.0,1019.2537255784431,0,0,0,informationally_complete,direction_decreasing|lower_bound_0,"{""direction_decreasing"": 0.0, ""lower_bound_0"": 0.0}",0
direction+curvature+asymptote:ode:0,direction+curvature+asymptote,ode,0,supplied,asymptote_to_0_from_above|curvature_convex|direction_decreasing,asymptote_to_0_from_above|curvature_convex|direction_decreasing|lower_bound_0,direction_decreasing|curvature_convex|asymptote_to_0_from_above,lower_bound_0,0,atom_incomplete,1.3862943611198906,1.3862943611198906,0.0,1019.2537255784431,0,0,0,informationally_complete,lower_bound_0,"{""lower_bound_0"": 0.0}",0
direction+curvature+asymptote:ode:0,direction+curvature+asymptote,ode,0,oracle_envelope,asymptote_to_0_from_above|curvature_convex|direction_decreasing|lower_bound_0,asymptote_to_0_from_above|curvature_convex|direction_decreasing|lower_bound_0,direction_decreasing|curvature_convex|asymptote_to_0_from_above,lower_bound_0,1,atom_complete,1.3862943611198906,1.3862943611198906,0.0,1019.2537255784431,0,0,0,oracle_reference,,{},0
direction+inflection+bound:spline:0,direction+inflection+bound,spline,0,supplied,direction_decreasing,asymptote_to_0_from_above|direction_decreasing|inflection_concave_to_convex|lower_bound_0,direction_decreasing|inflection_concave_to_convex|lower_bound_0,asymptote_to_0_from_above,0,atom_incomplete,0.7037300349478196,1.3053290820140082,0.6015990470661886,356.6487305517785,0,0,0,informationally_incomplete,asymptote_to_0_from_above|inflection_concave_to_convex|lower_bound_0,"{""asymptote_to_0_from_above"": 0.46517224157353276, ""inflection_concave_to_convex"": 0.4563928699152492, ""lower_bound_0"": 0.02752236974354394}",0
direction+inflection+bound:spline:0,direction+inflection+bound,spline,0,supplied,inflection_concave_to_convex,asymptote_to_0_from_above|direction_decreasing|inflection_concave_to_convex|lower_bound_0,direction_decreasing|inflection_concave_to_convex|lower_bound_0,asymptote_to_0_from_above,0,atom_incomplete,0.9466983864411657,1.3053290820140082,0.35863069557284255,356.6487305517785,0,0,0,informationally_incomplete,asymptote_to_0_from_above|direction_decreasing|lower_bound_0,"{""asymptote_to_0_from_above"": 0.2229809963822308, ""direction_decreasing"": 0.21342451842190313, ""lower_bound_0"": 0.006268914114481605}",0
direction+inflection+bound:spline:0,direction+inflection+bound,spline,0,supplied,lower_bound_0,asymptote_to_0_from_above|direction_decreasing|inflection_concave_to_convex|lower_bound_0,direction_decreasing|inflection_concave_to_convex|lower_bound_0,asymptote_to_0_from_above,0,atom_incomplete,0.30584350145069106,1.3053290820140082,0.9994855805633172,356.6487305517785,0,0,0,informationally_incomplete,asymptote_to_0_from_above|direction_decreasing|inflection_concave_to_convex,"{""asymptote_to_0_from_above"": 0.6420921095155807, ""direction_decreasing"": 0.4254089032406725, ""inflection_concave_to_convex"": 0.6471237991049562}",0
direction+inflection+bound:spline:0,direction+inflection+bound,spline,0,supplied,direction_decreasing|inflection_concave_to_convex,asymptote_to_0_from_above|direction_decreasing|inflection_concave_to_convex|lower_bound_0,direction_decreasing|inflection_concave_to_convex|lower_bound_0,asymptote_to_0_from_above,0,atom_incomplete,1.1601229048630688,1.3053290820140082,0.14520617715093942,356.6487305517785,0,0,0,informationally_incomplete,asymptote_to_0_from_above|lower_bound_0,"{""asymptote_to_0_from_above"": 0.14520617715093942, ""lower_bound_0"": 0.007766156758438392}",0
direction+inflection+bound:spline:0,direction+inflection+bound,spline,0,supplied,direction_decreasing|lower_bound_0,asymptote_to_0_from_above|direction_decreasing|inflection_concave_to_convex|lower_bound_0,direction_decreasing|inflection_concave_to_convex|lower_bound_0,asymptote_to_0_from_above,0,atom_incomplete,0.7312524046913635,1.3053290820140082,0.5740766773226447,356.6487305517785,0,0,0,informationally_incomplete,asymptote_to_0_from_above|inflection_concave_to_convex,"{""asymptote_to_0_from_above"": 0.4376498718299888, ""inflection_concave_to_convex"": 0.43663665693014364}",0
direction+inflection+bound:spline:0,direction+inflection+bound,spline,0,supplied,inflection_concave_to_convex|lower_bound_0,asymptote_to_0_from_above|direction_decreasing|inflection_concave_to_convex|lower_bound_0,direction_decreasing|inflection_concave_to_convex|lower_bound_0,asymptote_to_0_from_above,0,atom_incomplete,0.9529673005556473,1.3053290820140082,0.35236178145836095,356.6487305517785,0,0,0,informationally_incomplete,asymptote_to_0_from_above|direction_decreasing,"{""asymptote_to_0_from_above"": 0.21671208226774918, ""direction_decreasing"": 0.21492176106585992}",0
direction+inflection+bound:spline:0,direction+inflection+bound,spline,0,supplied,direction_decreasing|inflection_concave_to_convex|lower_bound_0,asymptote_to_0_from_above|direction_decreasing|inflection_concave_to_convex|lower_bound_0,direction_decreasing|inflection_concave_to_convex|lower_bound_0,asymptote_to_0_from_above,0,atom_incomplete,1.1678890616215072,1.3053290820140082,0.13744002039250103,356.6487305517785,0,0,0,informationally_incomplete,asymptote_to_0_from_above,"{""asymptote_to_0_from_above"": 0.13744002039250103}",0
direction+inflection+bound:spline:0,direction+inflection+bound,spline,0,oracle_envelope,asymptote_to_0_from_above|direction_decreasing|inflection_concave_to_convex|lower_bound_0,asymptote_to_0_from_above|direction_decreasing|inflection_concave_to_convex|lower_bound_0,direction_decreasing|inflection_concave_to_convex|lower_bound_0,asymptote_to_0_from_above,1,atom_complete,1.3053290820140082,1.3053290820140082,0.0,356.6487305517785,0,0,0,oracle_reference,,{},0
direction+inflection+bound:basis:0,direction+inflection+bound,basis,0,supplied,direction_decreasing,asymptote_to_0_from_above|direction_decreasing|inflection_concave_to_convex|lower_bound_0,direction_decreasing|inflection_concave_to_convex|lower_bound_0,asymptote_to_0_from_above,0,atom_incomplete,1.3653407682511838,1.3862508963554099,0.0209101281042261,144.70715189265013,0,0,0,informationally_complete,asymptote_to_0_from_above|inflection_concave_to_convex|lower_bound_0,"{""asymptote_to_0_from_above"": 0.020892113392774636, ""inflection_concave_to_convex"": 0.020889523267713983, ""lower_bound_0"": 0.0}",0
direction+inflection+bound:basis:0,direction+inflection+bound,basis,0,supplied,inflection_concave_to_convex,asymptote_to_0_from_above|direction_decreasing|inflection_concave_to_convex|lower_bound_0,direction_decreasing|inflection_concave_to_convex|lower_bound_0,asymptote_to_0_from_above,0,atom_incomplete,1.3820205926329052,1.3862508963554099,0.004230303722504658,144.70715189265013,0,0,0,informationally_complete,asymptote_to_0_from_above|direction_decreasing|lower_bound_0,"{""asymptote_to_0_from_above"": 0.004211460776182507, ""direction_decreasing"": 0.004209698885992541, ""lower_bound_0"": 0.0}",0
direction+inflection+bound:basis:0,direction+inflection+bound,basis,0,supplied,lower_bound_0,asymptote_to_0_from_above|direction_decreasing|inflection_concave_to_convex|lower_bound_0,direction_decreasing|inflection_concave_to_convex|lower_bound_0,asymptote_to_0_from_above,0,atom_incomplete,0.2876820724517809,1.3862508963554099,1.098568823903629,144.70715189265013,0,0,0,informationally_incomplete,asymptote_to_0_from_above|direction_decreasing|inflection_concave_to_convex,"{""asymptote_to_0_from_above"": 0.7988522232485146, ""direction_decreasing"": 1.077658695799403, ""inflection_concave_to_convex"": 1.0943385201811244}",0
direction+inflection+bound:basis:0,direction+inflection+bound,basis,0,supplied,direction_decreasing|inflection_concave_to_convex,asymptote_to_0_from_above|direction_decreasing|inflection_concave_to_convex|lower_bound_0,direction_decreasing|inflection_concave_to_convex|lower_bound_0,asymptote_to_0_from_above,0,atom_incomplete,1.3862302915188978,1.3862508963554099,2.0604836512116975e-05,144.70715189265013,0,0,0,informationally_complete,asymptote_to_0_from_above|lower_bound_0,"{""asymptote_to_0_from_above"": 2.0604836512116975e-05, ""lower_bound_0"": 0.0}",0
direction+inflection+bound:basis:0,direction+inflection+bound,basis,0,supplied,direction_decreasing|lower_bound_0,asymptote_to_0_from_above|direction_decreasing|inflection_concave_to_convex|lower_bound_0,direction_decreasing|inflection_concave_to_convex|lower_bound_0,asymptote_to_0_from_above,0,atom_incomplete,1.3653407682511838,1.3862508963554099,0.0209101281042261,144.70715189265013,0,0,0,informationally_complete,asymptote_to_0_from_above|inflection_concave_to_convex,"{""asymptote_to_0_from_above"": 0.020892113392774636, ""inflection_concave_to_convex"": 0.020889523267713983}",0
direction+inflection+bound:basis:0,direction+inflection+bound,basis,0,supplied,inflection_concave_to_convex|lower_bound_0,asymptote_to_0_from_above|direction_decreasing|inflection_concave_to_convex|lower_bound_0,direction_decreasing|inflection_concave_to_convex|lower_bound_0,asymptote_to_0_from_above,0,atom_incomplete,1.3820205926329052,1.3862508963554099,0.004230303722504658,144.70715189265013,0,0,0,informationally_complete,asymptote_to_0_from_above|direction_decreasing,"{""asymptote_to_0_from_above"": 0.004211460776182507, ""direction_decreasing"": 0.004209698885992541}",0
direction+inflection+bound:basis:0,direction+inflection+bound,basis,0,supplied,direction_decreasing|inflection_concave_to_convex|lower_bound_0,asymptote_to_0_from_above|direction_decreasing|inflection_concave_to_convex|lower_bound_0,direction_decreasing|inflection_concave_to_convex|lower_bound_0,asymptote_to_0_from_above,0,atom_incomplete,1.3862302915188978,1.3862508963554099,2.0604836512116975e-05,144.70715189265013,0,0,0,informationally_complete,asymptote_to_0_from_above,"{""asymptote_to_0_from_above"": 2.0604836512116975e-05}",0
direction+inflection+bound:basis:0,direction+inflection+bound,basis,0,oracle_envelope,asymptote_to_0_from_above|direction_decreasing|inflection_concave_to_convex|lower_bound_0,asymptote_to_0_from_above|direction_decreasing|inflection_concave_to_convex|lower_bound_0,direction_decreasing|inflection_concave_to_convex|lower_bound_0,asymptote_to_0_from_above,1,atom_complete,1.3862508963554099,1.3862508963554099,0.0,144.70715189265013,0,0,0,oracle_reference,,{},0
direction+inflection+bound:ode:0,direction+inflection+bound,ode,0,supplied,direction_decreasing,asymptote_to_0_from_above|direction_decreasing|inflection_concave_to_convex|lower_bound_0,direction_decreasing|inflection_concave_to_convex|lower_bound_0,asymptote_to_0_from_above,0,atom_incomplete,1.3862943611190908,1.3862943611198906,7.998046669399628e-13,45.87274520965625,0,0,0,measurement_unresolved,asymptote_to_0_from_above|inflection_concave_to_convex|lower_bound_0,"{""asymptote_to_0_from_above"": 7.995826223350377e-13, ""inflection_concave_to_convex"": 7.998046669399628e-13, ""lower_bound_0"": 0.0}",0
direction+inflection+bound:ode:0,direction+inflection+bound,ode,0,supplied,inflection_concave_to_convex,asymptote_to_0_from_above|direction_decreasing|inflection_concave_to_convex|lower_bound_0,direction_decreasing|inflection_concave_to_convex|lower_bound_0,asymptote_to_0_from_above,0,atom_incomplete,1.3862094506011746,1.3862943611198906,8.491051871595268e-05,45.87274520965625,0,0,0,measurement_unresolved,asymptote_to_0_from_above|direction_decreasing|lower_bound_0,"{""asymptote_to_0_from_above"": 4.781320736446659e-06, ""direction_decreasing"": 8.491051871595268e-05, ""lower_bound_0"": 0.0}",0
direction+inflection+bound:ode:0,direction+inflection+bound,ode,0,supplied,lower_bound_0,asymptote_to_0_from_above|direction_decreasing|inflection_concave_to_convex|lower_bound_0,direction_decreasing|inflection_concave_to_convex|lower_bound_0,asymptote_to_0_from_above,0,atom_incomplete,0.2876820724517809,1.3862943611198906,1.0986122886681096,45.87274520965625,0,0,0,measurement_unresolved,asymptote_to_0_from_above|direction_decreasing|inflection_concave_to_convex,"{""asymptote_to_0_from_above"": 0.9066467714916046, ""direction_decreasing"": 1.0986122886673098, ""inflection_concave_to_convex"": 1.0985273781493938}",0
direction+inflection+bound:ode:0,direction+inflection+bound,ode,0,supplied,direction_decreasing|inflection_concave_to_convex,asymptote_to_0_from_above|direction_decreasing|inflection_concave_to_convex|lower_bound_0,direction_decreasing|inflection_concave_to_convex|lower_bound_0,asymptote_to_0_from_above,0,atom_incomplete,1.3862943611198906,1.3862943611198906,0.0,45.87274520965625,0,0,0,measurement_unresolved,asymptote_to_0_from_above|lower_bound_0,"{""asymptote_to_0_from_above"": 0.0, ""lower_bound_0"": 0.0}",0
direction+inflection+bound:ode:0,direction+inflection+bound,ode,0,supplied,direction_decreasing|lower_bound_0,asymptote_to_0_from_above|direction_decreasing|inflection_concave_to_convex|lower_bound_0,direction_decreasing|inflection_concave_to_convex|lower_bound_0,asymptote_to_0_from_above,0,atom_incomplete,1.3862943611190908,1.3862943611198906,7.998046669399628e-13,45.87274520965625,0,0,0,measurement_unresolved,asymptote_to_0_from_above|inflection_concave_to_convex,"{""asymptote_to_0_from_above"": 7.995826223350377e-13, ""inflection_concave_to_convex"": 7.998046669399628e-13}",0
direction+inflection+bound:ode:0,direction+inflection+bound,ode,0,supplied,inflection_concave_to_convex|lower_bound_0,asymptote_to_0_from_above|direction_decreasing|inflection_concave_to_convex|lower_bound_0,direction_decreasing|inflection_concave_to_convex|lower_bound_0,asymptote_to_0_from_above,0,atom_incomplete,1.3862094506011746,1.3862943611198906,8.491051871595268e-05,45.87274520965625,0,0,0,measurement_unresolved,asymptote_to_0_from_above|direction_decreasing,"{""asymptote_to_0_from_above"": 4.781320736446659e-06, ""direction_decreasing"": 8.491051871595268e-05}",0
direction+inflection+bound:ode:0,direction+inflection+bound,ode,0,supplied,direction_decreasing|inflection_concave_to_convex|lower_bound_0,asymptote_to_0_from_above|direction_decreasing|inflection_concave_to_convex|lower_bound_0,direction_decreasing|inflection_concave_to_convex|lower_bound_0,asymptote_to_0_from_above,0,atom_incomplete,1.3862943611198906,1.3862943611198906,0.0,45.87274520965625,0,0,0,measurement_unresolved,asymptote_to_0_from_above,"{""asymptote_to_0_from_above"": 0.0}",0
direction+inflection+bound:ode:0,direction+inflection+bound,ode,0,oracle_envelope,asymptote_to_0_from_above|direction_decreasing|inflection_concave_to_convex|lower_bound_0,asymptote_to_0_from_above|direction_decreasing|inflection_concave_to_convex|lower_bound_0,direction_decreasing|inflection_concave_to_convex|lower_bound_0,asymptote_to_0_from_above,1,atom_complete,1.3862943611198906,1.3862943611198906,0.0,45.87274520965625,0,0,0,oracle_reference,,{},0
direction+inflection+asymptote:spline:0,direction+inflection+asymptote,spline,0,supplied,direction_decreasing,asymptote_to_0_from_above|direction_decreasing|inflection_concave_to_convex|lower_bound_0,direction_decreasing|inflection_concave_to_convex|asymptote_to_0_from_above,lower_bound_0,0,atom_incomplete,1.3574445759285811,1.386293709526267,0.028849133597685928,195.28944093750368,0,0,0,informationally_complete,asymptote_to_0_from_above|inflection_concave_to_convex|lower_bound_0,"{""asymptote_to_0_from_above"": 0.016704110450721066, ""inflection_concave_to_convex"": 0.028823577971858416, ""lower_bound_0"": 0.0}",0
direction+inflection+asymptote:spline:0,direction+inflection+asymptote,spline,0,supplied,inflection_concave_to_convex,asymptote_to_0_from_above|direction_decreasing|inflection_concave_to_convex|lower_bound_0,direction_decreasing|inflection_concave_to_convex|asymptote_to_0_from_above,lower_bound_0,0,atom_incomplete,1.3760643994178667,1.386293709526267,0.010229310108400336,195.28944093750368,0,0,0,informationally_complete,asymptote_to_0_from_above|direction_decreasing|lower_bound_0,"{""asymptote_to_0_from_above"": 0.009653388328743517, ""direction_decreasing"": 0.010203754482572824, ""lower_bound_0"": 0.0}",0
direction+inflection+asymptote:spline:0,direction+inflection+asymptote,spline,0,supplied,asymptote_to_0_from_above,asymptote_to_0_from_above|direction_decreasing|inflection_concave_to_convex|lower_bound_0,direction_decreasing|inflection_concave_to_convex|asymptote_to_0_from_above,lower_bound_0,0,atom_incomplete,1.1684312472441167,1.386293709526267,0.21786246228215034,195.28944093750368,0,0,0,informationally_incomplete,direction_decreasing|inflection_concave_to_convex|lower_bound_0,"{""direction_decreasing"": 0.20571743913518548, ""inflection_concave_to_convex"": 0.21728654050249352, ""lower_bound_0"": 0.0}",0
direction+inflection+asymptote:spline:0,direction+inflection+asymptote,spline,0,supplied,direction_decreasing|inflection_concave_to_convex,asymptote_to_0_from_above|direction_decreasing|inflection_concave_to_convex|lower_bound_0,direction_decreasing|inflection_concave_to_convex|asymptote_to_0_from_above,lower_bound_0,0,atom_incomplete,1.3862681539004396,1.386293709526267,2.5555625827511363e-05,195.28944093750368,0,0,0,informationally_complete,asymptote_to_0_from_above|lower_bound_0,"{""asymptote_to_0_from_above"": 2.5555625827511363e-05, ""lower_bound_0"": 0.0}",0
direction+inflection+asymptote:spline:0,direction+inflection+asymptote,spline,0,supplied,asymptote_to_0_from_above|direction_decreasing,asymptote_to_0_from_above|direction_decreasing|inflection_concave_to_convex|lower_bound_0,direction_decreasing|inflection_concave_to_convex|asymptote_to_0_from_above,lower_bound_0,0,atom_incomplete,1.3741486863793022,1.386293709526267,0.012145023146964862,195.28944093750368,0,0,0,informationally_complete,inflection_concave_to_convex|lower_bound_0,"{""inflection_concave_to_convex"": 0.012145023146964862, ""lower_bound_0"": 0.0}",0
direction+inflection+asymptote:spline:0,direction+inflection+asymptote,spline,0,supplied,asymptote_to_0_from_above|inflection_concave_to_convex,asymptote_to_0_from_above|direction_decreasing|inflection_concave_to_convex|lower_bound_0,direction_decreasing|inflection_concave_to_convex|asymptote_to_0_from_above,lower_bound_0,0,atom_incomplete,1.3857177877466103,1.386293709526267,0.0005759217796568183,195.28944093750368,0,0,0,informationally_complete,direction_decreasing|lower_bound_0,"{""direction_decreasing"": 0.0005759217796568183, ""lower_bound_0"": 0.0}",0
direction+inflection+asymptote:spline:0,direction+inflection+asymptote,spline,0,supplied,asymptote_to_0_from_above|direction_decreasing|inflection_concave_to_convex,asymptote_to_0_from_above|direction_decreasing|inflection_concave_to_convex|lower_bound_0,direction_decreasing|inflection_concave_to_convex|asymptote_to_0_from_above,lower_bound_0,0,atom_incomplete,1.386293709526267,1.386293709526267,0.0,195.28944093750368,0,0,0,informationally_complete,lower_bound_0,"{""lower_bound_0"": 0.0}",0
direction+inflection+asymptote:spline:0,direction+inflection+asymptote,spline,0,oracle_envelope,asymptote_to_0_from_above|direction_decreasing|inflection_concave_to_convex|lower_bound_0,asymptote_to_0_from_above|direction_decreasing|inflection_concave_to_convex|lower_bound_0,direction_decreasing|inflection_concave_to_convex|asymptote_to_0_from_above,lower_bound_0,1,atom_complete,1.386293709526267,1.386293709526267,0.0,195.28944093750368,0,0,0,oracle_reference,,{},0
direction+inflection+asymptote:basis:0,direction+inflection+asymptote,basis,0,supplied,direction_decreasing,asymptote_to_0_from_above|direction_decreasing|inflection_concave_to_convex|lower_bound_0,direction_decreasing|inflection_concave_to_convex|asymptote_to_0_from_above,lower_bound_0,0,atom_incomplete,0.6424253107485614,1.1866745860114403,0.5442492752628789,334.81943645689995,0,0,0,informationally_incomplete,asymptote_to_0_from_above|inflection_concave_to_convex|lower_bound_0,"{""asymptote_to_0_from_above"": 0.44300624147960876, ""inflection_concave_to_convex"": 0.4530529723884067, ""lower_bound_0"": 0.032631635467906706}",0
direction+inflection+asymptote:basis:0,direction+inflection+asymptote,basis,0,supplied,inflection_concave_to_convex,asymptote_to_0_from_above|direction_decreasing|inflection_concave_to_convex|lower_bound_0,direction_decreasing|inflection_concave_to_convex|asymptote_to_0_from_above,lower_bound_0,0,atom_incomplete,0.8642729660810691,1.1866745860114403,0.3224016199303712,334.81943645689995,0,0,0,informationally_incomplete,asymptote_to_0_from_above|direction_decreasing|lower_bound_0,"{""asymptote_to_0_from_above"": 0.1864416605326853, ""direction_decreasing"": 0.23120531705589897, ""lower_bound_0"": 0.0015637175411449267}",0
direction+inflection+asymptote:basis:0,direction+inflection+asymptote,basis,0,supplied,asymptote_to_0_from_above,asymptote_to_0_from_above|direction_decreasing|inflection_concave_to_convex|lower_bound_0,direction_decreasing|inflection_concave_to_convex|asymptote_to_0_from_above,lower_bound_0,0,atom_incomplete,0.8641883254022754,1.1866745860114403,0.32248626060916485,334.81943645689995,0,0,0,informationally_incomplete,direction_decreasing|inflection_concave_to_convex|lower_bound_0,"{""direction_decreasing"": 0.2212432268258947, ""inflection_concave_to_convex"": 0.18652630121147895, ""lower_bound_0"": 0.0}",0
direction+inflection+asymptote:basis:0,direction+inflection+asymptote,basis,0,supplied,direction_decreasing|inflection_concave_to_convex,asymptote_to_0_from_above|direction_decreasing|inflection_concave_to_convex|lower_bound_0,direction_decreasing|inflection_concave_to_convex|asymptote_to_0_from_above,lower_bound_0,0,atom_incomplete,1.095478283136968,1.1866745860114403,0.09119630287447222,334.81943645689995,0,0,0,informationally_complete,asymptote_to_0_from_above|lower_bound_0,"{""asymptote_to_0_from_above"": 0.09119630287447222, ""lower_bound_0"": 0.0019708695841624824}",0
direction+inflection+asymptote:basis:0,direction+inflection+asymptote,basis,0,supplied,asymptote_to_0_from_above|direction_decreasing,asymptote_to_0_from_above|direction_decreasing|inflection_concave_to_convex|lower_bound_0,direction_decreasing|inflection_concave_to_convex|asymptote_to_0_from_above,lower_bound_0,0,atom_incomplete,1.0854315522281701,1.1866745860114403,0.10124303378327015,334.81943645689995,0,0,0,informationally_incomplete,inflection_concave_to_convex|lower_bound_0,"{""inflection_concave_to_convex"": 0.10124303378327015, ""lower_bound_0"": 0.0}",0
direction+inflection+asymptote:basis:0,direction+inflection+asymptote,basis,0,supplied,asymptote_to_0_from_above|inflection_concave_to_convex,asymptote_to_0_from_above|direction_decreasing|inflection_concave_to_convex|lower_bound_0,direction_decreasing|inflection_concave_to_convex|asymptote_to_0_from_above,lower_bound_0,0,atom_incomplete,1.0507146266137544,1.1866745860114403,0.1359599593976859,334.81943645689995,0,0,0,informationally_incomplete,direction_decreasing|lower_bound_0,"{""direction_decreasing"": 0.1359599593976859, ""lower_bound_0"": 0.0}",0
direction+inflection+asymptote:basis:0,direction+inflection+asymptote,basis,0,supplied,asymptote_to_0_from_above|direction_decreasing|inflection_concave_to_convex,asymptote_to_0_from_above|direction_decreasing|inflection_concave_to_convex|lower_bound_0,direction_decreasing|inflection_concave_to_convex|asymptote_to_0_from_above,lower_bound_0,0,atom_incomplete,1.1866745860114403,1.1866745860114403,0.0,334.81943645689995,0,0,0,informationally_complete,lower_bound_0,"{""lower_bound_0"": 0.0}",0
direction+inflection+asymptote:basis:0,direction+inflection+asymptote,basis,0,oracle_envelope,asymptote_to_0_from_above|direction_decreasing|inflection_concave_to_convex|lower_bound_0,asymptote_to_0_from_above|direction_decreasing|inflection_concave_to_convex|lower_bound_0,direction_decreasing|inflection_concave_to_convex|asymptote_to_0_from_above,lower_bound_0,1,atom_complete,1.1866745860114403,1.1866745860114403,0.0,334.81943645689995,0,0,0,oracle_reference,,{},0
direction+inflection+asymptote:ode:0,direction+inflection+asymptote,ode,0,supplied,direction_decreasing,asymptote_to_0_from_above|direction_decreasing|inflection_concave_to_convex|lower_bound_0,direction_decreasing|inflection_concave_to_convex|asymptote_to_0_from_above,lower_bound_0,0,atom_incomplete,1.3386527687586396,1.386290982804086,0.047638214045446325,189.04106716678754,0,0,0,informationally_complete,asymptote_to_0_from_above|inflection_concave_to_convex|lower_bound_0,"{""asymptote_to_0_from_above"": 0.04630844030278736, ""inflection_concave_to_convex"": 0.04606693870705336, ""lower_bound_0"": 0.0}",0
direction+inflection+asymptote:ode:0,direction+inflection+asymptote,ode,0,supplied,inflection_concave_to_convex,asymptote_to_0_from_above|direction_decreasing|inflection_concave_to_convex|lower_bound_0,direction_decreasing|inflection_concave_to_convex|asymptote_to_0_from_above,lower_bound_0,0,atom_incomplete,1.38252964340377,1.386290982804086,0.0037613394003159772,189.04106716678754,0,0,0,informationally_complete,asymptote_to_0_from_above|direction_decreasing|lower_bound_0,"{""asymptote_to_0_from_above"": 0.0030592474627422206, ""direction_decreasing"": 0.002190064061923014, ""lower_bound_0"": 0.0}",0
direction+inflection+asymptote:ode:0,direction+inflection+asymptote,ode,0,supplied,asymptote_to_0_from_above,asymptote_to_0_from_above|direction_decreasing|inflection_concave_to_convex|lower_bound_0,direction_decreasing|inflection_concave_to_convex|asymptote_to_0_from_above,lower_bound_0,0,atom_incomplete,1.1308172743604663,1.386290982804086,0.2554737084436196,189.04106716678754,0,0,0,informationally_incomplete,direction_decreasing|inflection_concave_to_convex|lower_bound_0,"{""direction_decreasing"": 0.25414393470096064, ""inflection_concave_to_convex"": 0.25477161650604585, ""lower_bound_0"": 0.0}",0
direction+inflection+asymptote:ode:0,direction+inflection+asymptote,ode,0,supplied,direction_decreasing|inflection_concave_to_convex,asymptote_to_0_from_above|direction_decreasing|inflection_concave_to_convex|lower_bound_0,direction_decreasing|inflection_concave_to_convex|asymptote_to_0_from_above,lower_bound_0,0,atom_incomplete,1.384719707465693,1.386290982804086,0.0015712753383929634,189.04106716678754,0,0,0,informationally_complete,asymptote_to_0_from_above|lower_bound_0,"{""asymptote_to_0_from_above"": 0.0015712753383929634, ""lower_bound_0"": 0.0}",0
direction+inflection+asymptote:ode:0,direction+inflection+asymptote,ode,0,supplied,asymptote_to_0_from_above|direction_decreasing,asymptote_to_0_from_above|direction_decreasing|inflection_concave_to_convex|lower_bound_0,direction_decreasing|inflection_concave_to_convex|asymptote_to_0_from_above,lower_bound_0,0,atom_incomplete,1.384961209061427,1.386290982804086,0.0013297737426589684,189.04106716678754,0,0,0,informationally_complete,inflection_concave_to_convex|lower_bound_0,"{""inflection_concave_to_convex"": 0.0013297737426589684, ""lower_bound_0"": 0.0}",0
direction+inflection+asymptote:ode:0,direction+inflection+asymptote,ode,0,supplied,asymptote_to_0_from_above|inflection_concave_to_convex,asymptote_to_0_from_above|direction_decreasing|inflection_concave_to_convex|lower_bound_0,direction_decreasing|inflection_concave_to_convex|asymptote_to_0_from_above,lower_bound_0,0,atom_incomplete,1.3855888908665122,1.386290982804086,0.0007020919375737567,189.04106716678754,0,0,0,informationally_complete,direction_decreasing|lower_bound_0,"{""direction_decreasing"": 0.0007020919375737567, ""lower_bound_0"": 0.0}",0
direction+inflection+asymptote:ode:0,direction+inflection+asymptote,ode,0,supplied,asymptote_to_0_from_above|direction_decreasing|inflection_concave_to_convex,asymptote_to_0_from_above|direction_decreasing|inflection_concave_to_convex|lower_bound_0,direction_decreasing|inflection_concave_to_convex|asymptote_to_0_from_above,lower_bound_0,0,atom_incomplete,1.386290982804086,1.386290982804086,0.0,189.04106716678754,0,0,0,informationally_complete,lower_bound_0,"{""lower_bound_0"": 0.0}",0
direction+inflection+asymptote:ode:0,direction+inflection+asymptote,ode,0,oracle_envelope,asymptote_to_0_from_above|direction_decreasing|inflection_concave_to_convex|lower_bound_0,asymptote_to_0_from_above|direction_decreasing|inflection_concave_to_convex|lower_bound_0,direction_decreasing|inflection_concave_to_convex|asymptote_to_0_from_above,lower_bound_0,1,atom_complete,1.386290982804086,1.386290982804086,0.0,189.04106716678754,0,0,0,oracle_reference,,{},0
curvature+bound+asymptote:spline:0,curvature+bound+asymptote,spline,0,supplied,curvature_convex,asymptote_to_0_from_above|curvature_convex|direction_decreasing|lower_bound_0,curvature_convex|lower_bound_0|asymptote_to_0_from_above,direction_decreasing,0,atom_incomplete,1.3567893928439632,1.3862943611198906,0.029504968275927412,268.52665626797415,0,0,0,informationally_complete,asymptote_to_0_from_above|direction_decreasing|lower_bound_0,"{""asymptote_to_0_from_above"": 0.029504968275927412, ""direction_decreasing"": 0.00015504348321537798, ""lower_bound_0"": 0.029504968275927412}",0
curvature+bound+asymptote:spline:0,curvature+bound+asymptote,spline,0,supplied,lower_bound_0,asymptote_to_0_from_above|curvature_convex|direction_decreasing|lower_bound_0,curvature_convex|lower_bound_0|asymptote_to_0_from_above,direction_decreasing,0,atom_incomplete,1.3862943611198906,1.3862943611198906,0.0,268.52665626797415,0,0,0,informationally_complete,asymptote_to_0_from_above|curvature_convex|direction_decreasing,"{""asymptote_to_0_from_above"": 0.0, ""curvature_convex"": 0.0, ""direction_decreasing"": 0.0}",0
curvature+bound+asymptote:spline:0,curvature+bound+asymptote,spline,0,supplied,asymptote_to_0_from_above,asymptote_to_0_from_above|curvature_convex|direction_decreasing|lower_bound_0,curvature_convex|lower_bound_0|asymptote_to_0_from_above,direction_decreasing,0,atom_incomplete,1.3862943611198906,1.3862943611198906,0.0,268.52665626797415,0,0,0,informationally_complete,curvature_convex|direction_decreasing|lower_bound_0,"{""curvature_convex"": 0.0, ""direction_decreasing"": 0.0, ""lower_bound_0"": 0.0}",0
curvature+bound+asymptote:spline:0,curvature+bound+asymptote,spline,0,supplied,curvature_convex|lower_bound_0,asymptote_to_0_from_above|curvature_convex|direction_decreasing|lower_bound_0,curvature_convex|lower_bound_0|asymptote_to_0_from_above,direction_decreasing,0,atom_incomplete,1.3862943611198906,1.3862943611198906,0.0,268.52665626797415,0,0,0,informationally_complete,asymptote_to_0_from_above|direction_decreasing,"{""asymptote_to_0_from_above"": 0.0, ""direction_decreasing"": 0.0}",0
curvature+bound+asymptote:spline:0,curvature+bound+asymptote,spline,0,supplied,asymptote_to_0_from_above|curvature_convex,asymptote_to_0_from_above|curvature_convex|direction_decreasing|lower_bound_0,curvature_convex|lower_bound_0|asymptote_to_0_from_above,direction_decreasing,0,atom_incomplete,1.3862943611198906,1.3862943611198906,0.0,268.52665626797415,0,0,0,informationally_complete,direction_decreasing|lower_bound_0,"{""direction_decreasing"": 0.0, ""lower_bound_0"": 0.0}",0
curvature+bound+asymptote:spline:0,curvature+bound+asymptote,spline,0,supplied,asymptote_to_0_from_above|lower_bound_0,asymptote_to_0_from_above|curvature_convex|direction_decreasing|lower_bound_0,curvature_convex|lower_bound_0|asymptote_to_0_from_above,direction_decreasing,0,atom_incomplete,1.3862943611198906,1.3862943611198906,0.0,268.52665626797415,0,0,0,informationally_complete,curvature_convex|direction_decreasing,"{""curvature_convex"": 0.0, ""direction_decreasing"": 0.0}",0
curvature+bound+asymptote:spline:0,curvature+bound+asymptote,spline,0,supplied,asymptote_to_0_from_above|curvature_convex|lower_bound_0,asymptote_to_0_from_above|curvature_convex|direction_decreasing|lower_bound_0,curvature_convex|lower_bound_0|asymptote_to_0_from_above,direction_decreasing,0,atom_incomplete,1.3862943611198906,1.3862943611198906,0.0,268.52665626797415,0,0,0,informationally_complete,direction_decreasing,"{""direction_decreasing"": 0.0}",0
curvature+bound+asymptote:spline:0,curvature+bound+asymptote,spline,0,oracle_envelope,asymptote_to_0_from_above|curvature_convex|direction_decreasing|lower_bound_0,asymptote_to_0_from_above|curvature_convex|direction_decreasing|lower_bound_0,curvature_convex|lower_bound_0|asymptote_to_0_from_above,direction_decreasing,1,atom_complete,1.3862943611198906,1.3862943611198906,0.0,268.52665626797415,0,0,0,oracle_reference,,{},0
curvature+bound+asymptote:basis:0,curvature+bound+asymptote,basis,0,supplied,curvature_convex,asymptote_to_0_from_above|curvature_convex|direction_decreasing|lower_bound_0,curvature_convex|lower_bound_0|asymptote_to_0_from_above,direction_decreasing,0,atom_incomplete,1.36276149377387,1.3862943611198906,0.02353286734602067,163.4002862758141,0,0,0,informationally_complete,asymptote_to_0_from_above|direction_decreasing|lower_bound_0,"{""asymptote_to_0_from_above"": 0.02353286734602067, ""direction_decreasing"": 1.2380140970824627e-05, ""lower_bound_0"": 0.02353286734602067}",0
curvature+bound+asymptote:basis:0,curvature+bound+asymptote,basis,0,supplied,lower_bound_0,asymptote_to_0_from_above|curvature_convex|direction_decreasing|lower_bound_0,curvature_convex|lower_bound_0|asymptote_to_0_from_above,direction_decreasing,0,atom_incomplete,1.3862943611198906,1.3862943611198906,0.0,163.4002862758141,0,0,0,informationally_complete,asymptote_to_0_from_above|curvature_convex|direction_decreasing,"{""asymptote_to_0_from_above"": 0.0, ""curvature_convex"": 0.0, ""direction_decreasing"": 0.0}",0
curvature+bound+asymptote:basis:0,curvature+bound+asymptote,basis,0,supplied,asymptote_to_0_from_above,asymptote_to_0_from_above|curvature_convex|direction_decreasing|lower_bound_0,curvature_convex|lower_bound_0|asymptote_to_0_from_above,direction_decreasing,0,atom_incomplete,1.3862943611198906,1.3862943611198906,0.0,163.4002862758141,0,0,0,informationally_complete,curvature_convex|direction_decreasing|lower_bound_0,"{""curvature_convex"": 0.0, ""direction_decreasing"": 0.0, ""lower_bound_0"": 0.0}",0
curvature+bound+asymptote:basis:0,curvature+bound+asymptote,basis,0,supplied,curvature_convex|lower_bound_0,asymptote_to_0_from_above|curvature_convex|direction_decreasing|lower_bound_0,curvature_convex|lower_bound_0|asymptote_to_0_from_above,direction_decreasing,0,atom_incomplete,1.3862943611198906,1.3862943611198906,0.0,163.4002862758141,0,0,0,informationally_complete,asymptote_to_0_from_above|direction_decreasing,"{""asymptote_to_0_from_above"": 0.0, ""direction_decreasing"": 0.0}",0
curvature+bound+asymptote:basis:0,curvature+bound+asymptote,basis,0,supplied,asymptote_to_0_from_above|curvature_convex,asymptote_to_0_from_above|curvature_convex|direction_decreasing|lower_bound_0,curvature_convex|lower_bound_0|asymptote_to_0_from_above,direction_decreasing,0,atom_incomplete,1.3862943611198906,1.3862943611198906,0.0,163.4002862758141,0,0,0,informationally_complete,direction_decreasing|lower_bound_0,"{""direction_decreasing"": 0.0, ""lower_bound_0"": 0.0}",0
curvature+bound+asymptote:basis:0,curvature+bound+asymptote,basis,0,supplied,asymptote_to_0_from_above|lower_bound_0,asymptote_to_0_from_above|curvature_convex|direction_decreasing|lower_bound_0,curvature_convex|lower_bound_0|asymptote_to_0_from_above,direction_decreasing,0,atom_incomplete,1.3862943611198906,1.3862943611198906,0.0,163.4002862758141,0,0,0,informationally_complete,curvature_convex|direction_decreasing,"{""curvature_convex"": 0.0, ""direction_decreasing"": 0.0}",0
curvature+bound+asymptote:basis:0,curvature+bound+asymptote,basis,0,supplied,asymptote_to_0_from_above|curvature_convex|lower_bound_0,asymptote_to_0_from_above|curvature_convex|direction_decreasing|lower_bound_0,curvature_convex|lower_bound_0|asymptote_to_0_from_above,direction_decreasing,0,atom_incomplete,1.3862943611198906,1.3862943611198906,0.0,163.4002862758141,0,0,0,informationally_complete,direction_decreasing,"{""direction_decreasing"": 0.0}",0
curvature+bound+asymptote:basis:0,curvature+bound+asymptote,basis,0,oracle_envelope,asymptote_to_0_from_above|curvature_convex|direction_decreasing|lower_bound_0,asymptote_to_0_from_above|curvature_convex|direction_decreasing|lower_bound_0,curvature_convex|lower_bound_0|asymptote_to_0_from_above,direction_decreasing,1,atom_complete,1.3862943611198906,1.3862943611198906,0.0,163.4002862758141,0,0,0,oracle_reference,,{},0
curvature+bound+asymptote:ode:0,curvature+bound+asymptote,ode,0,supplied,curvature_convex,asymptote_to_0_from_above|curvature_convex|direction_decreasing|lower_bound_0,curvature_convex|lower_bound_0|asymptote_to_0_from_above,direction_decreasing,0,atom_incomplete,1.3735592324665493,1.3862943611198906,0.012735128653341254,75.53430588054049,0,0,0,measurement_unresolved,asymptote_to_0_from_above|direction_decreasing|lower_bound_0,"{""asymptote_to_0_from_above"": 0.012735128653341254, ""direction_decreasing"": 3.375866509225389e-05, ""lower_bound_0"": 0.012735128653341254}",0
curvature+bound+asymptote:ode:0,curvature+bound+asymptote,ode,0,supplied,lower_bound_0,asymptote_to_0_from_above|curvature_convex|direction_decreasing|lower_bound_0,curvature_convex|lower_bound_0|asymptote_to_0_from_above,direction_decreasing,0,atom_incomplete,1.3862943611198906,1.3862943611198906,0.0,75.53430588054049,0,0,0,measurement_unresolved,asymptote_to_0_from_above|curvature_convex|direction_decreasing,"{""asymptote_to_0_from_above"": 0.0, ""curvature_convex"": 0.0, ""direction_decreasing"": 0.0}",0
curvature+bound+asymptote:ode:0,curvature+bound+asymptote,ode,0,supplied,asymptote_to_0_from_above,asymptote_to_0_from_above|curvature_convex|direction_decreasing|lower_bound_0,curvature_convex|lower_bound_0|asymptote_to_0_from_above,direction_decreasing,0,atom_incomplete,1.3862943611198906,1.3862943611198906,0.0,75.53430588054049,0,0,0,measurement_unresolved,curvature_convex|direction_decreasing|lower_bound_0,"{""curvature_convex"": 0.0, ""direction_decreasing"": 0.0, ""lower_bound_0"": 0.0}",0
curvature+bound+asymptote:ode:0,curvature+bound+asymptote,ode,0,supplied,curvature_convex|lower_bound_0,asymptote_to_0_from_above|curvature_convex|direction_decreasing|lower_bound_0,curvature_convex|lower_bound_0|asymptote_to_0_from_above,direction_decreasing,0,atom_incomplete,1.3862943611198906,1.3862943611198906,0.0,75.53430588054049,0,0,0,measurement_unresolved,asymptote_to_0_from_above|direction_decreasing,"{""asymptote_to_0_from_above"": 0.0, ""direction_decreasing"": 0.0}",0
curvature+bound+asymptote:ode:0,curvature+bound+asymptote,ode,0,supplied,asymptote_to_0_from_above|curvature_convex,asymptote_to_0_from_above|curvature_convex|direction_decreasing|lower_bound_0,curvature_convex|lower_bound_0|asymptote_to_0_from_above,direction_decreasing,0,atom_incomplete,1.3862943611198906,1.3862943611198906,0.0,75.53430588054049,0,0,0,measurement_unresolved,direction_decreasing|lower_bound_0,"{""direction_decreasing"": 0.0, ""lower_bound_0"": 0.0}",0
curvature+bound+asymptote:ode:0,curvature+bound+asymptote,ode,0,supplied,asymptote_to_0_from_above|lower_bound_0,asymptote_to_0_from_above|curvature_convex|direction_decreasing|lower_bound_0,curvature_convex|lower_bound_0|asymptote_to_0_from_above,direction_decreasing,0,atom_incomplete,1.3862943611198906,1.3862943611198906,0.0,75.53430588054049,0,0,0,measurement_unresolved,curvature_convex|direction_decreasing,"{""curvature_convex"": 0.0, ""direction_decreasing"": 0.0}",0
curvature+bound+asymptote:ode:0,curvature+bound+asymptote,ode,0,supplied,asymptote_to_0_from_above|curvature_convex|lower_bound_0,asymptote_to_0_from_above|curvature_convex|direction_decreasing|lower_bound_0,curvature_convex|lower_bound_0|asymptote_to_0_from_above,direction_decreasing,0,atom_incomplete,1.3862943611198906,1.3862943611198906,0.0,75.53430588054049,0,0,0,measurement_unresolved,direction_decreasing,"{""direction_decreasing"": 0.0}",0
curvature+bound+asymptote:ode:0,curvature+bound+asymptote,ode,0,oracle_envelope,asymptote_to_0_from_above|curvature_convex|direction_decreasing|lower_bound_0,asymptote_to_0_from_above|curvature_convex|direction_decreasing|lower_bound_0,curvature_convex|lower_bound_0|asymptote_to_0_from_above,direction_decreasing,1,atom_complete,1.3862943611198906,1.3862943611198906,0.0,75.53430588054049,0,0,0,oracle_reference,,{},0
inflection+bound+asymptote:spline:0,inflection+bound+asymptote,spline,0,supplied,inflection_concave_to_convex,asymptote_to_0_from_above|direction_decreasing|inflection_concave_to_convex|lower_bound_0,inflection_concave_to_convex|lower_bound_0|asymptote_to_0_from_above,direction_decreasing,0,atom_incomplete,1.3709736682512528,1.3862797810025231,0.015306112751270362,195.88093843100742,0,0,0,informationally_complete,asymptote_to_0_from_above|direction_decreasing|lower_bound_0,"{""asymptote_to_0_from_above"": 0.014989722035067654, ""direction_decreasing"": 0.014135764280729157, ""lower_bound_0"": 0.0}",0
inflection+bound+asymptote:spline:0,inflection+bound+asymptote,spline,0,supplied,lower_bound_0,asymptote_to_0_from_above|direction_decreasing|inflection_concave_to_convex|lower_bound_0,inflection_concave_to_convex|lower_bound_0|asymptote_to_0_from_above,direction_decreasing,0,atom_incomplete,0.2876820724517809,1.3862797810025231,1.0985977085507423,195.88093843100742,0,0,0,informationally_incomplete,asymptote_to_0_from_above|direction_decreasing|inflection_concave_to_convex,"{""asymptote_to_0_from_above"": 0.819290036428158, ""direction_decreasing"": 1.0044911897643378, ""inflection_concave_to_convex"": 1.083291595799472}",0
inflection+bound+asymptote:spline:0,inflection+bound+asymptote,spline,0,supplied,asymptote_to_0_from_above,asymptote_to_0_from_above|direction_decreasing|inflection_concave_to_convex|lower_bound_0,inflection_concave_to_convex|lower_bound_0|asymptote_to_0_from_above,direction_decreasing,0,atom_incomplete,1.106972108879939,1.3862797810025231,0.2793076721225842,195.88093843100742,0,0,0,informationally_incomplete,direction_decreasing|inflection_concave_to_convex|lower_bound_0,"{""direction_decreasing"": 0.2769414709117479, ""inflection_concave_to_convex"": 0.2789912814063815, ""lower_bound_0"": 0.0}",0
inflection+bound+asymptote:spline:0,inflection+bound+asymptote,spline,0,supplied,inflection_concave_to_convex|lower_bound_0,asymptote_to_0_from_above|direction_decreasing|inflection_concave_to_convex|lower_bound_0,inflection_concave_to_convex|lower_bound_0|asymptote_to_0_from_above,direction_decreasing,0,atom_incomplete,1.3709736682512528,1.3862797810025231,0.015306112751270362,195.88093843100742,0,0,0,informationally_complete,asymptote_to_0_from_above|direction_decreasing,"{""asymptote_to_0_from_above"": 0.014989722035067654, ""direction_decreasing"": 0.014135764280729157}",0
inflection+bound+asymptote:spline:0,inflection+bound+asymptote,spline,0,supplied,asymptote_to_0_from_above|inflection_concave_to_convex,asymptote_to_0_from_above|direction_decreasing|inflection_concave_to_convex|lower_bound_0,inflection_concave_to_convex|lower_bound_0|asymptote_to_0_from_above,direction_decreasing,0,atom_incomplete,1.3859633902863204,1.3862797810025231,0.000316390716202708,195.88093843100742,0,0,0,informationally_complete,direction_decreasing|lower_bound_0,"{""direction_decreasing"": 0.000316390716202708, ""lower_bound_0"": 0.0}",0
inflection+bound+asymptote:spline:0,inflection+bound+asymptote,spline,0,supplied,asymptote_to_0_from_above|lower_bound_0,asymptote_to_0_from_above|direction_decreasing|inflection_concave_to_convex|lower_bound_0,inflection_concave_to_convex|lower_bound_0|asymptote_to_0_from_above,direction_decreasing,0,atom_incomplete,1.106972108879939,1.3862797810025231,0.2793076721225842,195.88093843100742,0,0,0,informationally_incomplete,direction_decreasing|inflection_concave_to_convex,"{""direction_decreasing"": 0.2769414709117479, ""inflection_concave_to_convex"": 0.2789912814063815}",0
inflection+bound+asymptote:spline:0,inflection+bound+asymptote,spline,0,supplied,asymptote_to_0_from_above|inflection_concave_to_convex|lower_bound_0,asymptote_to_0_from_above|direction_decreasing|inflection_concave_to_convex|lower_bound_0,inflection_concave_to_convex|lower_bound_0|asymptote_to_0_from_above,direction_decreasing,0,atom_incomplete,1.3859633902863204,1.3862797810025231,0.000316390716202708,195.88093843100742,0,0,0,informationally_complete,direction_decreasing,"{""direction_decreasing"": 0.000316390716202708}",0
inflection+bound+asymptote:spline:0,inflection+bound+asymptote,spline,0,oracle_envelope,asymptote_to_0_from_above|direction_decreasing|inflection_concave_to_convex|lower_bound_0,asymptote_to_0_from_above|direction_decreasing|inflection_concave_to_convex|lower_bound_0,inflection_concave_to_convex|lower_bound_0|asymptote_to_0_from_above,direction_decreasing,1,atom_complete,1.3862797810025231,1.3862797810025231,0.0,195.88093843100742,0,0,0,oracle_reference,,{},0
inflection+bound+asymptote:basis:0,inflection+bound+asymptote,basis,0,supplied,inflection_concave_to_convex,asymptote_to_0_from_above|direction_decreasing|inflection_concave_to_convex|lower_bound_0,inflection_concave_to_convex|lower_bound_0|asymptote_to_0_from_above,direction_decreasing,0,atom_incomplete,0.8250031429013424,1.2339087067132837,0.4089055638119413,328.1931956688303,0,0,0,informationally_incomplete,asymptote_to_0_from_above|direction_decreasing|lower_bound_0,"{""asymptote_to_0_from_above"": 0.22017299749451247, ""direction_decreasing"": 0.2761821965461403, ""lower_bound_0"": 0.00019986945662742173}",0
inflection+bound+asymptote:basis:0,inflection+bound+asymptote,basis,0,supplied,lower_bound_0,asymptote_to_0_from_above|direction_decreasing|inflection_concave_to_convex|lower_bound_0,inflection_concave_to_convex|lower_bound_0|asymptote_to_0_from_above,direction_decreasing,0,atom_incomplete,0.3166665415696537,1.2339087067132837,0.91724216514363,328.1931956688303,0,0,0,informationally_incomplete,asymptote_to_0_from_above|direction_decreasing|inflection_concave_to_convex,"{""asymptote_to_0_from_above"": 0.5788476536368616, ""direction_decreasing"": 0.40894385025843627, ""inflection_concave_to_convex"": 0.5085364707883161}",0
inflection+bound+asymptote:basis:0,inflection+bound+asymptote,basis,0,supplied,asymptote_to_0_from_above,asymptote_to_0_from_above|direction_decreasing|inflection_concave_to_convex|lower_bound_0,inflection_concave_to_convex|lower_bound_0|asymptote_to_0_from_above,direction_decreasing,0,atom_incomplete,0.8955141952065153,1.2339087067132837,0.33839451150676836,328.1931956688303,0,0,0,informationally_incomplete,direction_decreasing|inflection_concave_to_convex|lower_bound_0,"{""direction_decreasing"": 0.2602358331736079, ""inflection_concave_to_convex"": 0.1496619451893395, ""lower_bound_0"": 0.0}",0
inflection+bound+asymptote:basis:0,inflection+bound+asymptote,basis,0,supplied,inflection_concave_to_convex|lower_bound_0,asymptote_to_0_from_above|direction_decreasing|inflection_concave_to_convex|lower_bound_0,inflection_concave_to_convex|lower_bound_0|asymptote_to_0_from_above,direction_decreasing,0,atom_incomplete,0.8252030123579698,1.2339087067132837,0.4087056943553139,328.1931956688303,0,0,0,informationally_incomplete,asymptote_to_0_from_above|direction_decreasing,"{""asymptote_to_0_from_above"": 0.21997312803788505, ""direction_decreasing"": 0.2762457809958364}",0
inflection+bound+asymptote:basis:0,inflection+bound+asymptote,basis,0,supplied,asymptote_to_0_from_above|inflection_concave_to_convex,asymptote_to_0_from_above|direction_decreasing|inflection_concave_to_convex|lower_bound_0,inflection_concave_to_convex|lower_bound_0|asymptote_to_0_from_above,direction_decreasing,0,atom_incomplete,1.0451761403958548,1.2339087067132837,0.18873256631742885,328.1931956688303,0,0,0,informationally_incomplete,direction_decreasing|lower_bound_0,"{""direction_decreasing"": 0.18873256631742885, ""lower_bound_0"": 0.0}",0
inflection+bound+asymptote:basis:0,inflection+bound+asymptote,basis,0,supplied,asymptote_to_0_from_above|lower_bound_0,asymptote_to_0_from_above|direction_decreasing|inflection_concave_to_convex|lower_bound_0,inflection_concave_to_convex|lower_bound_0|asymptote_to_0_from_above,direction_decreasing,0,atom_incomplete,0.8955141952065153,1.2339087067132837,0.33839451150676836,328.1931956688303,0,0,0,informationally_incomplete,direction_decreasing|inflection_concave_to_convex,"{""direction_decreasing"": 0.2602358331736079, ""inflection_concave_to_convex"": 0.1496619451893395}",0
inflection+bound+asymptote:basis:0,inflection+bound+asymptote,basis,0,supplied,asymptote_to_0_from_above|inflection_concave_to_convex|lower_bound_0,asymptote_to_0_from_above|direction_decreasing|inflection_concave_to_convex|lower_bound_0,inflection_concave_to_convex|lower_bound_0|asymptote_to_0_from_above,direction_decreasing,0,atom_incomplete,1.0451761403958548,1.2339087067132837,0.18873256631742885,328.1931956688303,0,0,0,informationally_incomplete,direction_decreasing,"{""direction_decreasing"": 0.18873256631742885}",0
inflection+bound+asymptote:basis:0,inflection+bound+asymptote,basis,0,oracle_envelope,asymptote_to_0_from_above|direction_decreasing|inflection_concave_to_convex|lower_bound_0,asymptote_to_0_from_above|direction_decreasing|inflection_concave_to_convex|lower_bound_0,inflection_concave_to_convex|lower_bound_0|asymptote_to_0_from_above,direction_decreasing,1,atom_complete,1.2339087067132837,1.2339087067132837,0.0,328.1931956688303,0,0,0,oracle_reference,,{},0
inflection+bound+asymptote:ode:0,inflection+bound+asymptote,ode,0,supplied,inflection_concave_to_convex,asymptote_to_0_from_above|direction_decreasing|inflection_concave_to_convex|lower_bound_0,inflection_concave_to_convex|lower_bound_0|asymptote_to_0_from_above,direction_decreasing,0,atom_incomplete,0.7611609631616445,1.2103738196713223,0.4492128565096778,385.31164241223155,0,0,0,informationally_incomplete,asymptote_to_0_from_above|direction_decreasing|lower_bound_0,"{""asymptote_to_0_from_above"": 0.2167930649943619, ""direction_decreasing"": 0.25450209392709056, ""lower_bound_0"": 0.020872393548750923}",0
inflection+bound+asymptote:ode:0,inflection+bound+asymptote,ode,0,supplied,lower_bound_0,asymptote_to_0_from_above|direction_decreasing|inflection_concave_to_convex|lower_bound_0,inflection_concave_to_convex|lower_bound_0|asymptote_to_0_from_above,direction_decreasing,0,atom_incomplete,0.3231460999269268,1.2103738196713223,0.8872277197443955,385.31164241223155,0,0,0,informationally_incomplete,asymptote_to_0_from_above|direction_decreasing|inflection_concave_to_convex,"{""asymptote_to_0_from_above"": 0.48318674031388664, ""direction_decreasing"": 0.3339639171462292, ""inflection_concave_to_convex"": 0.45888725678346864}",0
inflection+bound+asymptote:ode:0,inflection+bound+asymptote,ode,0,supplied,asymptote_to_0_from_above,asymptote_to_0_from_above|direction_decreasing|inflection_concave_to_convex|lower_bound_0,inflection_concave_to_convex|lower_bound_0|asymptote_to_0_from_above,direction_decreasing,0,atom_incomplete,0.8063328402408134,1.2103738196713223,0.4040409794305089,385.31164241223155,0,0,0,informationally_incomplete,direction_decreasing|inflection_concave_to_convex|lower_bound_0,"{""direction_decreasing"": 0.27495509272712226, ""inflection_concave_to_convex"": 0.17162118791519299, ""lower_bound_0"": 0.0}",0
inflection+bound+asymptote:ode:0,inflection+bound+asymptote,ode,0,supplied,inflection_concave_to_convex|lower_bound_0,asymptote_to_0_from_above|direction_decreasing|inflection_concave_to_convex|lower_bound_0,inflection_concave_to_convex|lower_bound_0|asymptote_to_0_from_above,direction_decreasing,0,atom_incomplete,0.7820333567103954,1.2103738196713223,0.42834046296092687,385.31164241223155,0,0,0,informationally_incomplete,asymptote_to_0_from_above|direction_decreasing,"{""asymptote_to_0_from_above"": 0.19592067144561098, ""direction_decreasing"": 0.26063364742632045}",0
inflection+bound+asymptote:ode:0,inflection+bound+asymptote,ode,0,supplied,asymptote_to_0_from_above|inflection_concave_to_convex,asymptote_to_0_from_above|direction_decreasing|inflection_concave_to_convex|lower_bound_0,inflection_concave_to_convex|lower_bound_0|asymptote_to_0_from_above,direction_decreasing,0,atom_incomplete,0.9779540281560064,1.2103738196713223,0.2324197915153159,385.31164241223155,0,0,0,informationally_incomplete,direction_decreasing|lower_bound_0,"{""direction_decreasing"": 0.2324197915153159, ""lower_bound_0"": 0.0}",0
inflection+bound+asymptote:ode:0,inflection+bound+asymptote,ode,0,supplied,asymptote_to_0_from_above|lower_bound_0,asymptote_to_0_from_above|direction_decreasing|inflection_concave_to_convex|lower_bound_0,inflection_concave_to_convex|lower_bound_0|asymptote_to_0_from_above,direction_decreasing,0,atom_incomplete,0.8063328402408134,1.2103738196713223,0.4040409794305089,385.31164241223155,0,0,0,informationally_incomplete,direction_decreasing|inflection_concave_to_convex,"{""direction_decreasing"": 0.27495509272712226, ""inflection_concave_to_convex"": 0.17162118791519299}",0
inflection+bound+asymptote:ode:0,inflection+bound+asymptote,ode,0,supplied,asymptote_to_0_from_above|inflection_concave_to_convex|lower_bound_0,asymptote_to_0_from_above|direction_decreasing|inflection_concave_to_convex|lower_bound_0,inflection_concave_to_convex|lower_bound_0|asymptote_to_0_from_above,direction_decreasing,0,atom_incomplete,0.9779540281560064,1.2103738196713223,0.2324197915153159,385.31164241223155,0,0,0,informationally_incomplete,direction_decreasing,"{""direction_decreasing"": 0.2324197915153159}",0
inflection+bound+asymptote:ode:0,inflection+bound+asymptote,ode,0,oracle_envelope,asymptote_to_0_from_above|direction_decreasing|inflection_concave_to_convex|lower_bound_0,asymptote_to_0_from_above|direction_decreasing|inflection_concave_to_convex|lower_bound_0,inflection_concave_to_convex|lower_bound_0|asymptote_to_0_from_above,direction_decreasing,1,atom_complete,1.2103738196713223,1.2103738196713223,0.0,385.31164241223155,0,0,0,oracle_reference,,{},0
turning+bound+asymptote:spline:0,turning+bound+asymptote,spline,0,supplied,turning_maximum,asymptote_to_0_from_above|inflection_concave_to_convex|lower_bound_0|turning_maximum,turning_maximum|lower_bound_0|asymptote_to_0_from_above,inflection_concave_to_convex,0,atom_incomplete,1.2582368955392693,1.386236888204983,0.1279999926657136,139.1038133373467,0,0,0,informationally_incomplete,asymptote_to_0_from_above|inflection_concave_to_convex|lower_bound_0,"{""asymptote_to_0_from_above"": 0.024025049781247976, ""inflection_concave_to_convex"": 0.12799991878996608, ""lower_bound_0"": 0.0}",0
turning+bound+asymptote:spline:0,turning+bound+asymptote,spline,0,supplied,lower_bound_0,asymptote_to_0_from_above|inflection_concave_to_convex|lower_bound_0|turning_maximum,turning_maximum|lower_bound_0|asymptote_to_0_from_above,inflection_concave_to_convex,0,atom_incomplete,0.28768208170244786,1.386236888204983,1.098554806502535,139.1038133373467,0,0,0,informationally_incomplete,asymptote_to_0_from_above|inflection_concave_to_convex|turning_maximum,"{""asymptote_to_0_from_above"": 0.7384422993731459, ""inflection_concave_to_convex"": 1.0959256614548076, ""turning_maximum"": 0.9705548138368214}",0
turning+bound+asymptote:spline:0,turning+bound+asymptote,spline,0,supplied,asymptote_to_0_from_above,asymptote_to_0_from_above|inflection_concave_to_convex|lower_bound_0|turning_maximum,turning_maximum|lower_bound_0|asymptote_to_0_from_above,inflection_concave_to_convex,0,atom_incomplete,1.0261243810755938,1.386236888204983,0.36011250712938914,139.1038133373467,0,0,0,informationally_incomplete,inflection_concave_to_convex|lower_bound_0|turning_maximum,"{""inflection_concave_to_convex"": 0.35999315243358976, ""lower_bound_0"": 0.0, ""turning_maximum"": 0.2561375642449235}",0
turning+bound+asymptote:spline:0,turning+bound+asymptote,spline,0,supplied,lower_bound_0|turning_maximum,asymptote_to_0_from_above|inflection_concave_to_convex|lower_bound_0|turning_maximum,turning_maximum|lower_bound_0|asymptote_to_0_from_above,inflection_concave_to_convex,0,atom_incomplete,1.2582368955392693,1.386236888204983,0.1279999926657136,139.1038133373467,0,0,0,informationally_incomplete,asymptote_to_0_from_above|inflection_concave_to_convex,"{""asymptote_to_0_from_above"": 0.024025049781247976, ""inflection_concave_to_convex"": 0.12799991878996608}",0
turning+bound+asymptote:spline:0,turning+bound+asymptote,spline,0,supplied,asymptote_to_0_from_above|turning_maximum,asymptote_to_0_from_above|inflection_concave_to_convex|lower_bound_0|turning_maximum,turning_maximum|lower_bound_0|asymptote_to_0_from_above,inflection_concave_to_convex,0,atom_incomplete,1.2822619453205173,1.386236888204983,0.10397494288446563,139.1038133373467,0,0,0,informationally_incomplete,inflection_concave_to_convex|lower_bound_0,"{""inflection_concave_to_convex"": 0.10397494288446563, ""lower_bound_0"": 0.0}",0
turning+bound+asymptote:spline:0,turning+bound+asymptote,spline,0,supplied,asymptote_to_0_from_above|lower_bound_0,asymptote_to_0_from_above|inflection_concave_to_convex|lower_bound_0|turning_maximum,turning_maximum|lower_bound_0|asymptote_to_0_from_above,inflection_concave_to_convex,0,atom_incomplete,1.0261243810755938,1.386236888204983,0.36011250712938914,139.1038133373467,0,0,0,informationally_incomplete,inflection_concave_to_convex|turning_maximum,"{""inflection_concave_to_convex"": 0.35999315243358976, ""turning_maximum"": 0.2561375642449235}",0
turning+bound+asymptote:spline:0,turning+bound+asymptote,spline,0,supplied,asymptote_to_0_from_above|lower_bound_0|turning_maximum,asymptote_to_0_from_above|inflection_concave_to_convex|lower_bound_0|turning_maximum,turning_maximum|lower_bound_0|asymptote_to_0_from_above,inflection_concave_to_convex,0,atom_incomplete,1.2822619453205173,1.386236888204983,0.10397494288446563,139.1038133373467,0,0,0,informationally_incomplete,inflection_concave_to_convex,"{""inflection_concave_to_convex"": 0.10397494288446563}",0
turning+bound+asymptote:spline:0,turning+bound+asymptote,spline,0,oracle_envelope,asymptote_to_0_from_above|inflection_concave_to_convex|lower_bound_0|turning_maximum,asymptote_to_0_from_above|inflection_concave_to_convex|lower_bound_0|turning_maximum,turning_maximum|lower_bound_0|asymptote_to_0_from_above,inflection_concave_to_convex,1,atom_complete,1.386236888204983,1.386236888204983,0.0,139.1038133373467,0,0,0,oracle_reference,,{},0
turning+bound+asymptote:basis:0,turning+bound+asymptote,basis,0,supplied,turning_maximum,asymptote_to_0_from_above|inflection_concave_to_convex|lower_bound_0|turning_maximum,turning_maximum|lower_bound_0|asymptote_to_0_from_above,inflection_concave_to_convex,0,atom_incomplete,1.127754340727035,1.3862591610254857,0.2585048202984508,194.38790521613788,0,0,0,informationally_incomplete,asymptote_to_0_from_above|inflection_concave_to_convex|lower_bound_0,"{""asymptote_to_0_from_above"": 0.07726762864748449, ""inflection_concave_to_convex"": 0.25849571445452235, ""lower_bound_0"": 0.005025253897985804}",0
turning+bound+asymptote:basis:0,turning+bound+asymptote,basis,0,supplied,lower_bound_0,asymptote_to_0_from_above|inflection_concave_to_convex|lower_bound_0|turning_maximum,turning_maximum|lower_bound_0|asymptote_to_0_from_above,inflection_concave_to_convex,0,atom_incomplete,0.28984935382900434,1.3862591610254857,1.0964098071964814,194.38790521613788,0,0,0,informationally_incomplete,asymptote_to_0_from_above|inflection_concave_to_convex|turning_maximum,"{""asymptote_to_0_from_above"": 0.7068054962457668, ""inflection_concave_to_convex"": 1.0424535331163844, ""turning_maximum"": 0.8429302407960164}",0
turning+bound+asymptote:basis:0,turning+bound+asymptote,basis,0,supplied,asymptote_to_0_from_above,asymptote_to_0_from_above|inflection_concave_to_convex|lower_bound_0|turning_maximum,turning_maximum|lower_bound_0|asymptote_to_0_from_above,inflection_concave_to_convex,0,atom_incomplete,0.9966548500747712,1.3862591610254857,0.38960431095071457,194.38790521613788,0,0,0,informationally_incomplete,inflection_concave_to_convex|lower_bound_0|turning_maximum,"{""inflection_concave_to_convex"": 0.3831517643395812, ""lower_bound_0"": 0.0, ""turning_maximum"": 0.20836711929974827}",0
turning+bound+asymptote:basis:0,turning+bound+asymptote,basis,0,supplied,lower_bound_0|turning_maximum,asymptote_to_0_from_above|inflection_concave_to_convex|lower_bound_0|turning_maximum,turning_maximum|lower_bound_0|asymptote_to_0_from_above,inflection_concave_to_convex,0,atom_incomplete,1.1327795946250208,1.3862591610254857,0.253479566400465,194.38790521613788,0,0,0,informationally_incomplete,asymptote_to_0_from_above|inflection_concave_to_convex,"{""asymptote_to_0_from_above"": 0.07224237474949868, ""inflection_concave_to_convex"": 0.2534704605565423}",0
turning+bound+asymptote:basis:0,turning+bound+asymptote,basis,0,supplied,asymptote_to_0_from_above|turning_maximum,asymptote_to_0_from_above|inflection_concave_to_convex|lower_bound_0|turning_maximum,turning_maximum|lower_bound_0|asymptote_to_0_from_above,inflection_concave_to_convex,0,atom_incomplete,1.2050219693745194,1.3862591610254857,0.1812371916509663,194.38790521613788,0,0,0,informationally_incomplete,inflection_concave_to_convex|lower_bound_0,"{""inflection_concave_to_convex"": 0.1812371916509663, ""lower_bound_0"": 0.0}",0
turning+bound+asymptote:basis:0,turning+bound+asymptote,basis,0,supplied,asymptote_to_0_from_above|lower_bound_0,asymptote_to_0_from_above|inflection_concave_to_convex|lower_bound_0|turning_maximum,turning_maximum|lower_bound_0|asymptote_to_0_from_above,inflection_concave_to_convex,0,atom_incomplete,0.9966548500747712,1.3862591610254857,0.38960431095071457,194.38790521613788,0,0,0,informationally_incomplete,inflection_concave_to_convex|turning_maximum,"{""inflection_concave_to_convex"": 0.3831517643395812, ""turning_maximum"": 0.20836711929974827}",0
turning+bound+asymptote:basis:0,turning+bound+asymptote,basis,0,supplied,asymptote_to_0_from_above|lower_bound_0|turning_maximum,asymptote_to_0_from_above|inflection_concave_to_convex|lower_bound_0|turning_maximum,turning_maximum|lower_bound_0|asymptote_to_0_from_above,inflection_concave_to_convex,0,atom_incomplete,1.2050219693745194,1.3862591610254857,0.1812371916509663,194.38790521613788,0,0,0,informationally_incomplete,inflection_concave_to_convex,"{""inflection_concave_to_convex"": 0.1812371916509663}",0
turning+bound+asymptote:basis:0,turning+bound+asymptote,basis,0,oracle_envelope,asymptote_to_0_from_above|inflection_concave_to_convex|lower_bound_0|turning_maximum,asymptote_to_0_from_above|inflection_concave_to_convex|lower_bound_0|turning_maximum,turning_maximum|lower_bound_0|asymptote_to_0_from_above,inflection_concave_to_convex,1,atom_complete,1.3862591610254857,1.3862591610254857,0.0,194.38790521613788,0,0,0,oracle_reference,,{},0
turning+bound+asymptote:ode:0,turning+bound+asymptote,ode,0,supplied,turning_maximum,asymptote_to_0_from_above|inflection_concave_to_convex|lower_bound_0|turning_maximum,turning_maximum|lower_bound_0|asymptote_to_0_from_above,inflection_concave_to_convex,0,atom_incomplete,1.0904129816143648,1.3817362187969218,0.2913232371825569,219.6236912424111,0,0,0,informationally_incomplete,asymptote_to_0_from_above|inflection_concave_to_convex|lower_bound_0,"{""asymptote_to_0_from_above"": 0.10708674237935645, ""inflection_concave_to_convex"": 0.2904731688755362, ""lower_bound_0"": 0.002660201428901443}",0
turning+bound+asymptote:ode:0,turning+bound+asymptote,ode,0,supplied,lower_bound_0,asymptote_to_0_from_above|inflection_concave_to_convex|lower_bound_0|turning_maximum,turning_maximum|lower_bound_0|asymptote_to_0_from_above,inflection_concave_to_convex,0,atom_incomplete,0.28888411334161107,1.3817362187969218,1.0928521054553106,219.6236912424111,0,0,0,informationally_incomplete,asymptote_to_0_from_above|inflection_concave_to_convex|turning_maximum,"{""asymptote_to_0_from_above"": 0.7287235631436801, ""inflection_concave_to_convex"": 0.9474921388470579, ""turning_maximum"": 0.8041890697016552}",0
turning+bound+asymptote:ode:0,turning+bound+asymptote,ode,0,supplied,asymptote_to_0_from_above,asymptote_to_0_from_above|inflection_concave_to_convex|lower_bound_0|turning_maximum,turning_maximum|lower_bound_0|asymptote_to_0_from_above,inflection_concave_to_convex,0,atom_incomplete,1.0176076764852913,1.3817362187969218,0.3641285423116305,219.6236912424111,0,0,0,informationally_incomplete,inflection_concave_to_convex|lower_bound_0|turning_maximum,"{""inflection_concave_to_convex"": 0.35844727461838777, ""lower_bound_0"": 0.0, ""turning_maximum"": 0.17989204750843002}",0
turning+bound+asymptote:ode:0,turning+bound+asymptote,ode,0,supplied,lower_bound_0|turning_maximum,asymptote_to_0_from_above|inflection_concave_to_convex|lower_bound_0|turning_maximum,turning_maximum|lower_bound_0|asymptote_to_0_from_above,inflection_concave_to_convex,0,atom_incomplete,1.0930731830432663,1.3817362187969218,0.2886630357536555,219.6236912424111,0,0,0,informationally_incomplete,asymptote_to_0_from_above|inflection_concave_to_convex,"{""asymptote_to_0_from_above"": 0.104426540950455, ""inflection_concave_to_convex"": 0.28781296744663476}",0
turning+bound+asymptote:ode:0,turning+bound+asymptote,ode,0,supplied,asymptote_to_0_from_above|turning_maximum,asymptote_to_0_from_above|inflection_concave_to_convex|lower_bound_0|turning_maximum,turning_maximum|lower_bound_0|asymptote_to_0_from_above,inflection_concave_to_convex,0,atom_incomplete,1.1974997239937213,1.3817362187969218,0.18423649480320048,219.6236912424111,0,0,0,informationally_incomplete,inflection_concave_to_convex|lower_bound_0,"{""inflection_concave_to_convex"": 0.18423649480320048, ""lower_bound_0"": 0.0}",0
turning+bound+asymptote:ode:0,turning+bound+asymptote,ode,0,supplied,asymptote_to_0_from_above|lower_bound_0,asymptote_to_0_from_above|inflection_concave_to_convex|lower_bound_0|turning_maximum,turning_maximum|lower_bound_0|asymptote_to_0_from_above,inflection_concave_to_convex,0,atom_incomplete,1.0176076764852913,1.3817362187969218,0.3641285423116305,219.6236912424111,0,0,0,informationally_incomplete,inflection_concave_to_convex|turning_maximum,"{""inflection_concave_to_convex"": 0.35844727461838777, ""turning_maximum"": 0.17989204750843002}",0
turning+bound+asymptote:ode:0,turning+bound+asymptote,ode,0,supplied,asymptote_to_0_from_above|lower_bound_0|turning_maximum,asymptote_to_0_from_above|inflection_concave_to_convex|lower_bound_0|turning_maximum,turning_maximum|lower_bound_0|asymptote_to_0_from_above,inflection_concave_to_convex,0,atom_incomplete,1.1974997239937213,1.3817362187969218,0.18423649480320048,219.6236912424111,0,0,0,informationally_incomplete,inflection_concave_to_convex,"{""inflection_concave_to_convex"": 0.18423649480320048}",0
turning+bound+asymptote:ode:0,turning+bound+asymptote,ode,0,oracle_envelope,asymptote_to_0_from_above|inflection_concave_to_convex|lower_bound_0|turning_maximum,asymptote_to_0_from_above|inflection_concave_to_convex|lower_bound_0|turning_maximum,turning_maximum|lower_bound_0|asymptote_to_0_from_above,inflection_concave_to_convex,1,atom_complete,1.3817362187969218,1.3817362187969218,0.0,219.6236912424111,0,0,0,oracle_reference,,{},0
regime+bound+asymptote:spline:0,regime+bound+asymptote,spline,0,supplied,regime_postchange,asymptote_to_0_from_above|curvature_convex|direction_decreasing|lower_bound_0|regime_postchange,regime_postchange|lower_bound_0|asymptote_to_0_from_above,curvature_convex|direction_decreasing,0,atom_incomplete,0.7056800756381196,1.3631779963404853,0.6574979207023657,1998.5674455887065,0,0,0,informationally_incomplete,asymptote_to_0_from_above|curvature_convex|direction_decreasing|lower_bound_0,"{""asymptote_to_0_from_above"": 0.49289430110995314, ""curvature_convex"": 0.4582788957914914, ""direction_decreasing"": 0.13385506038970274, ""lower_bound_0"": 0.36851887327342814}",0
regime+bound+asymptote:spline:0,regime+bound+asymptote,spline,0,supplied,lower_bound_0,asymptote_to_0_from_above|curvature_convex|direction_decreasing|lower_bound_0|regime_postchange,regime_postchange|lower_bound_0|asymptote_to_0_from_above,curvature_convex|direction_decreasing,0,atom_incomplete,0.8203508888298302,1.3631779963404853,0.5428271075106551,1998.5674455887065,0,0,0,informationally_incomplete,asymptote_to_0_from_above|curvature_convex|direction_decreasing|regime_postchange,"{""asymptote_to_0_from_above"": 0.21909386586854318, ""curvature_convex"": 0.2822902320338784, ""direction_decreasing"": 0.2749772951983974, ""regime_postchange"": 0.25384806008171756}",0
regime+bound+asymptote:spline:0,regime+bound+asymptote,spline,0,supplied,asymptote_to_0_from_above,asymptote_to_0_from_above|curvature_convex|direction_decreasing|lower_bound_0|regime_postchange,regime_postchange|lower_bound_0|asymptote_to_0_from_above,curvature_convex|direction_decreasing,0,atom_incomplete,1.0394447546983734,1.3631779963404853,0.3237332416421119,1998.5674455887065,0,0,0,informationally_incomplete,curvature_convex|direction_decreasing|lower_bound_0|regime_postchange,"{""curvature_convex"": 0.15732544367660695, ""direction_decreasing"": 0.18865077764354998, ""lower_bound_0"": 0.0, ""regime_postchange"": 0.15912962204969938}",0
regime+bound+asymptote:spline:0,regime+bound+asymptote,spline,0,supplied,lower_bound_0|regime_postchange,asymptote_to_0_from_above|curvature_convex|direction_decreasing|lower_bound_0|regime_postchange,regime_postchange|lower_bound_0|asymptote_to_0_from_above,curvature_convex|direction_decreasing,0,atom_incomplete,1.0741989489115478,1.3631779963404853,0.28897904742893754,1998.5674455887065,0,0,0,informationally_incomplete,asymptote_to_0_from_above|curvature_convex|direction_decreasing,"{""asymptote_to_0_from_above"": 0.124375427836525, ""curvature_convex"": 0.17218327549622403, ""direction_decreasing"": 0.16046424255283886}",0
regime+bound+asymptote:spline:0,regime+bound+asymptote,spline,0,supplied,asymptote_to_0_from_above|regime_postchange,asymptote_to_0_from_above|curvature_convex|direction_decreasing|lower_bound_0|regime_postchange,regime_postchange|lower_bound_0|asymptote_to_0_from_above,curvature_convex|direction_decreasing,0,atom_incomplete,1.1985743767480728,1.3631779963404853,0.16460361959241254,1998.5674455887065,0,0,0,informationally_incomplete,curvature_convex|direction_decreasing|lower_bound_0,"{""curvature_convex"": 0.08790094963219519, ""direction_decreasing"": 0.1157283213157625, ""lower_bound_0"": 0.0}",0
regime+bound+asymptote:spline:0,regime+bound+asymptote,spline,0,supplied,asymptote_to_0_from_above|lower_bound_0,asymptote_to_0_from_above|curvature_convex|direction_decreasing|lower_bound_0|regime_postchange,regime_postchange|lower_bound_0|asymptote_to_0_from_above,curvature_convex|direction_decreasing,0,atom_incomplete,1.0394447546983734,1.3631779963404853,0.3237332416421119,1998.5674455887065,0,0,0,informationally_incomplete,curvature_convex|direction_decreasing|regime_postchange,"{""curvature_convex"": 0.15732544367660695, ""direction_decreasing"": 0.18865077764354998, ""regime_postchange"": 0.15912962204969938}",0
regime+bound+asymptote:spline:0,regime+bound+asymptote,spline,0,supplied,asymptote_to_0_from_above|lower_bound_0|regime_postchange,asymptote_to_0_from_above|curvature_convex|direction_decreasing|lower_bound_0|regime_postchange,regime_postchange|lower_bound_0|asymptote_to_0_from_above,curvature_convex|direction_decreasing,0,atom_incomplete,1.1985743767480728,1.3631779963404853,0.16460361959241254,1998.5674455887065,0,0,0,informationally_incomplete,curvature_convex|direction_decreasing,"{""curvature_convex"": 0.08790094963219519, ""direction_decreasing"": 0.1157283213157625}",0
regime+bound+asymptote:spline:0,regime+bound+asymptote,spline,0,oracle_envelope,asymptote_to_0_from_above|curvature_convex|direction_decreasing|lower_bound_0|regime_postchange,asymptote_to_0_from_above|curvature_convex|direction_decreasing|lower_bound_0|regime_postchange,regime_postchange|lower_bound_0|asymptote_to_0_from_above,curvature_convex|direction_decreasing,1,atom_complete,1.3631779963404853,1.3631779963404853,0.0,1998.5674455887065,0,0,0,oracle_reference,,{},0
regime+bound+asymptote:basis:0,regime+bound+asymptote,basis,0,supplied,regime_postchange,asymptote_to_0_from_above|curvature_convex|direction_decreasing|lower_bound_0|regime_postchange,regime_postchange|lower_bound_0|asymptote_to_0_from_above,curvature_convex|direction_decreasing,0,atom_incomplete,0.6689347942438905,1.3862943611198906,0.7173595668760001,714.1474976172128,0,0,0,informationally_incomplete,asymptote_to_0_from_above|curvature_convex|direction_decreasing|lower_bound_0,"{""asymptote_to_0_from_above"": 0.7173595668760001, ""curvature_convex"": 0.6645932676853773, ""direction_decreasing"": 0.01231229073495732, ""lower_bound_0"": 0.7173595668760001}",0
regime+bound+asymptote:basis:0,regime+bound+asymptote,basis,0,supplied,lower_bound_0,asymptote_to_0_from_above|curvature_convex|direction_decreasing|lower_bound_0|regime_postchange,regime_postchange|lower_bound_0|asymptote_to_0_from_above,curvature_convex|direction_decreasing,0,atom_incomplete,1.3862943611198906,1.3862943611198906,0.0,714.1474976172128,0,0,0,informationally_complete,asymptote_to_0_from_above|curvature_convex|direction_decreasing|regime_postchange,"{""asymptote_to_0_from_above"": 0.0, ""curvature_convex"": 0.0, ""direction_decreasing"": 0.0, ""regime_postchange"": 0.0}",0
regime+bound+asymptote:basis:0,regime+bound+asymptote,basis,0,supplied,asymptote_to_0_from_above,asymptote_to_0_from_above|curvature_convex|direction_decreasing|lower_bound_0|regime_postchange,regime_postchange|lower_bound_0|asymptote_to_0_from_above,curvature_convex|direction_decreasing,0,atom_incomplete,1.3862943611198906,1.3862943611198906,0.0,714.1474976172128,0,0,0,informationally_complete,curvature_convex|direction_decreasing|lower_bound_0|regime_postchange,"{""curvature_convex"": 0.0, ""direction_decreasing"": 0.0, ""lower_bound_0"": 0.0, ""regime_postchange"": 0.0}",0
regime+bound+asymptote:basis:0,regime+bound+asymptote,basis,0,supplied,lower_bound_0|regime_postchange,asymptote_to_0_from_above|curvature_convex|direction_decreasing|lower_bound_0|regime_postchange,regime_postchange|lower_bound_0|asymptote_to_0_from_above,curvature_convex|direction_decreasing,0,atom_incomplete,1.3862943611198906,1.3862943611198906,0.0,714.1474976172128,0,0,0,informationally_complete,asymptote_to_0_from_above|curvature_convex|direction_decreasing,"{""asymptote_to_0_from_above"": 0.0, ""curvature_convex"": 0.0, ""direction_decreasing"": 0.0}",0
regime+bound+asymptote:basis:0,regime+bound+asymptote,basis,0,supplied,asymptote_to_0_from_above|regime_postchange,asymptote_to_0_from_above|curvature_convex|direction_decreasing|lower_bound_0|regime_postchange,regime_postchange|lower_bound_0|asymptote_to_0_from_above,curvature_convex|direction_decreasing,0,atom_incomplete,1.3862943611198906,1.3862943611198906,0.0,714.1474976172128,0,0,0,informationally_complete,curvature_convex|direction_decreasing|lower_bound_0,"{""curvature_convex"": 0.0, ""direction_decreasing"": 0.0, ""lower_bound_0"": 0.0}",0
regime+bound+asymptote:basis:0,regime+bound+asymptote,basis,0,supplied,asymptote_to_0_from_above|lower_bound_0,asymptote_to_0_from_above|curvature_convex|direction_decreasing|lower_bound_0|regime_postchange,regime_postchange|lower_bound_0|asymptote_to_0_from_above,curvature_convex|direction_decreasing,0,atom_incomplete,1.3862943611198906,1.3862943611198906,0.0,714.1474976172128,0,0,0,informationally_complete,curvature_convex|direction_decreasing|regime_postchange,"{""curvature_convex"": 0.0, ""direction_decreasing"": 0.0, ""regime_postchange"": 0.0}",0
regime+bound+asymptote:basis:0,regime+bound+asymptote,basis,0,supplied,asymptote_to_0_from_above|lower_bound_0|regime_postchange,asymptote_to_0_from_above|curvature_convex|direction_decreasing|lower_bound_0|regime_postchange,regime_postchange|lower_bound_0|asymptote_to_0_from_above,curvature_convex|direction_decreasing,0,atom_incomplete,1.3862943611198906,1.3862943611198906,0.0,714.1474976172128,0,0,0,informationally_complete,curvature_convex|direction_decreasing,"{""curvature_convex"": 0.0, ""direction_decreasing"": 0.0}",0
regime+bound+asymptote:basis:0,regime+bound+asymptote,basis,0,oracle_envelope,asymptote_to_0_from_above|curvature_convex|direction_decreasing|lower_bound_0|regime_postchange,asymptote_to_0_from_above|curvature_convex|direction_decreasing|lower_bound_0|regime_postchange,regime_postchange|lower_bound_0|asymptote_to_0_from_above,curvature_convex|direction_decreasing,1,atom_complete,1.3862943611198906,1.3862943611198906,0.0,714.1474976172128,0,0,0,oracle_reference,,{},0
regime+bound+asymptote:ode:0,regime+bound+asymptote,ode,0,supplied,regime_postchange,asymptote_to_0_from_above|curvature_convex|direction_decreasing|lower_bound_0|regime_postchange,regime_postchange|lower_bound_0|asymptote_to_0_from_above,curvature_convex|direction_decreasing,0,atom_incomplete,0.6822841048274819,1.3711221356864551,0.6888380308589732,1903.4117672120985,0,0,0,informationally_incomplete,asymptote_to_0_from_above|curvature_convex|direction_decreasing|lower_bound_0,"{""asymptote_to_0_from_above"": 0.5861469042806355, ""curvature_convex"": 0.49940145424765836, ""direction_decreasing"": 0.11153612880947505, ""lower_bound_0"": 0.5171938711930242}",0
regime+bound+asymptote:ode:0,regime+bound+asymptote,ode,0,supplied,lower_bound_0,asymptote_to_0_from_above|curvature_convex|direction_decreasing|lower_bound_0|regime_postchange,regime_postchange|lower_bound_0|asymptote_to_0_from_above,curvature_convex|direction_decreasing,0,atom_incomplete,1.0641042018103208,1.3711221356864551,0.3070179338761343,1903.4117672120985,0,0,0,informationally_incomplete,asymptote_to_0_from_above|curvature_convex|direction_decreasing|regime_postchange,"{""asymptote_to_0_from_above"": 0.11215899731060519, ""curvature_convex"": 0.16141251291370917, ""direction_decreasing"": 0.1954817729345837, ""regime_postchange"": 0.13537377421018526}",0
regime+bound+asymptote:ode:0,regime+bound+asymptote,ode,0,supplied,asymptote_to_0_from_above,asymptote_to_0_from_above|curvature_convex|direction_decreasing|lower_bound_0|regime_postchange,regime_postchange|lower_bound_0|asymptote_to_0_from_above,curvature_convex|direction_decreasing,0,atom_incomplete,1.176263199120926,1.3711221356864551,0.1948589365655291,1903.4117672120985,0,0,0,informationally_incomplete,curvature_convex|direction_decreasing|lower_bound_0|regime_postchange,"{""curvature_convex"": 0.09886614051277753, ""direction_decreasing"": 0.13956574410392464, ""lower_bound_0"": 0.0, ""regime_postchange"": 0.09216780998719143}",0
regime+bound+asymptote:ode:0,regime+bound+asymptote,ode,0,supplied,lower_bound_0|regime_postchange,asymptote_to_0_from_above|curvature_convex|direction_decreasing|lower_bound_0|regime_postchange,regime_postchange|lower_bound_0|asymptote_to_0_from_above,curvature_convex|direction_decreasing,0,atom_incomplete,1.199477976020506,1.3711221356864551,0.17164415966594904,1903.4117672120985,0,0,0,informationally_incomplete,asymptote_to_0_from_above|curvature_convex|direction_decreasing,"{""asymptote_to_0_from_above"": 0.06895303308761136, ""curvature_convex"": 0.09525018634244042, ""direction_decreasing"": 0.11055654794924896}",0
regime+bound+asymptote:ode:0,regime+bound+asymptote,ode,0,supplied,asymptote_to_0_from_above|regime_postchange,asymptote_to_0_from_above|curvature_convex|direction_decreasing|lower_bound_0|regime_postchange,regime_postchange|lower_bound_0|asymptote_to_0_from_above,curvature_convex|direction_decreasing,0,atom_incomplete,1.2684310091081175,1.3711221356864551,0.10269112657833768,1903.4117672120985,0,0,0,informationally_incomplete,curvature_convex|direction_decreasing|lower_bound_0,"{""curvature_convex"": 0.05521566245881204, ""direction_decreasing"": 0.07766023375679754, ""lower_bound_0"": 0.0}",0
regime+bound+asymptote:ode:0,regime+bound+asymptote,ode,0,supplied,asymptote_to_0_from_above|lower_bound_0,asymptote_to_0_from_above|curvature_convex|direction_decreasing|lower_bound_0|regime_postchange,regime_postchange|lower_bound_0|asymptote_to_0_from_above,curvature_convex|direction_decreasing,0,atom_incomplete,1.176263199120926,1.3711221356864551,0.1948589365655291,1903.4117672120985,0,0,0,informationally_incomplete,curvature_convex|direction_decreasing|regime_postchange,"{""curvature_convex"": 0.09886614051277753, ""direction_decreasing"": 0.13956574410392464, ""regime_postchange"": 0.09216780998719143}",0
regime+bound+asymptote:ode:0,regime+bound+asymptote,ode,0,supplied,asymptote_to_0_from_above|lower_bound_0|regime_postchange,asymptote_to_0_from_above|curvature_convex|direction_decreasing|lower_bound_0|regime_postchange,regime_postchange|lower_bound_0|asymptote_to_0_from_above,curvature_convex|direction_decreasing,0,atom_incomplete,1.2684310091081175,1.3711221356864551,0.10269112657833768,1903.4117672120985,0,0,0,informationally_incomplete,curvature_convex|direction_decreasing,"{""curvature_convex"": 0.05521566245881204, ""direction_decreasing"": 0.07766023375679754}",0
regime+bound+asymptote:ode:0,regime+bound+asymptote,ode,0,oracle_envelope,asymptote_to_0_from_above|curvature_convex|direction_decreasing|lower_bound_0|regime_postchange,asymptote_to_0_from_above|curvature_convex|direction_decreasing|lower_bound_0|regime_postchange,regime_postchange|lower_bound_0|asymptote_to_0_from_above,curvature_convex|direction_decreasing,1,atom_complete,1.3711221356864551,1.3711221356864551,0.0,1903.4117672120985,0,0,0,oracle_reference,,{},0
