generator,primitive,task,truth_recovered,coverage_broad,coverage_medium,coverage_narrow,coverage_biased,spline_broad,spline_medium,spline_narrow,spline_biased,spline_ess,spline_S_A,spline_S_AB,basis_broad,basis_medium,basis_narrow,basis_biased,basis_ess,basis_S_A,basis_S_AB
spline,direction,0,1,1,1,1,0,0.09177222256945765,0.5628874608467113,1.579576923680964,2.0220380179156474,2681.72617287742,0.09177222256945765,1.266903786334575,0.16969098752621153,0.7177104495558935,1.7879174624818273,2.0671734472312537,3120.6246170378067,0.16969098752621153,1.406004725666384
spline,direction,1,1,1,1,1,0,0.13449130342300905,0.6097535762785533,1.600359539530172,2.1161356460362364,2817.1182260750284,0.13449130342300905,1.3323347529398117,0.22790780854244344,0.7834631621885043,1.8387405743595704,2.113611996449158,3380.668461157394,0.22790780854244344,1.3952170068378453
spline,direction,2,1,1,1,1,0,0.1283681305894482,0.6147882647150354,1.6156064074459713,2.054336396649517,2801.51950014717,0.1283681305894482,1.3434315300754207,0.2306676150173383,0.7617590087427379,1.7910213978937,2.0267670080290263,3382.672862522684,0.2306676150173383,1.4170518886604513
spline,direction,3,1,1,1,1,0,0.08766809267715556,0.5681744677429947,1.6194625211924203,2.0572637590703047,2632.535246892998,0.08766809267715556,1.3223049365972064,0.1537500338009611,0.6910841771550115,1.6821285234562509,2.1066769491923587,3096.417004982708,0.1537500338009611,1.371854058839398
spline,direction,4,1,1,1,1,0,0.1213823915041783,0.5955235761567286,1.6131060853987371,2.0192388751044605,2754.0139975957536,0.1213823915041783,1.3038728684183385,0.20498530184534017,0.7678900196212995,1.7876470407099427,2.0242901041519556,3322.6150400514907,0.20498530184534017,1.4407703017168068
spline,direction,5,1,1,1,1,0,0.0912058288652102,0.5628394477820353,1.5792888796385616,2.0535841609120555,2639.693359721874,0.0912058288652102,1.2911388229851692,0.15890163827828127,0.7226776663200629,1.8177473074268922,2.0245474257085716,3107.7150625793674,0.15890163827828127,1.4174466697539325
spline,direction,6,1,1,1,1,0,0.08764243260385175,0.5125304933190389,1.496848618617125,2.0899311740853594,2636.38198992172,0.08764243260385175,1.3221599145316,0.15754080666596806,0.7138921587966407,1.8492781705575578,2.0124015665902615,3094.8775857704154,0.15754080666596806,1.3751048588353385
spline,direction,7,1,1,1,1,0,0.08018053607220482,0.5417275178781202,1.5014756259901958,2.017999488037935,2628.415677798124,0.08018053607220482,1.2437770944586461,0.1552902341505142,0.6940237020944289,1.8026508995975872,2.0693697787852035,3074.6320819897774,0.1552902341505142,1.3726184487521746
spline,direction,8,1,1,1,1,0,0.11971092789575226,0.597049152875336,1.6300694616702334,2.0188698242099496,2764.822477820633,0.11971092789575226,1.3585090196749579,0.20827206756300398,0.7644363149590863,1.8046090590314445,2.0064074003739103,3294.100261070758,0.20827206756300398,1.4110384813813597
spline,direction,9,1,1,1,1,0,0.13427953011291321,0.600871100315521,1.648329501099821,2.1104814697226835,2818.576878458723,0.13427953011291321,1.3104850781020807,0.23382293583519045,0.8095989123971638,1.8828581699575138,2.075363226335371,3375.7286803186566,0.23382293583519045,1.3880049030761274
spline,direction,10,1,1,1,1,0,0.08903549961127931,0.543608266515675,1.5590682394732374,2.0624114617864433,2646.0440659121587,0.08903549961127931,1.2718823138943183,0.17850408034898024,0.7306171326825364,1.7773387082145347,2.0957136602207234,3107.1155740784116,0.17850408034898024,1.3892591259955966
spline,direction,11,1,1,1,1,0,0.08597910362891037,0.5485720864099378,1.5510375011740225,2.060136207063941,2657.3360167580204,0.08597910362891037,1.2519950731029938,0.16668779450791163,0.7067369000040878,1.732418751745811,2.039473301281387,3067.954181323885,0.16668779450791163,1.37301680034118
spline,direction,12,1,1,1,1,0,0.12733303283229314,0.5852572050582264,1.6355625592763499,2.1192045007975566,2838.938598305329,0.12733303283229314,1.3257770739596366,0.22146883518349314,0.7652786337500102,1.8444273185413866,2.127410659125466,3386.7873177842694,0.22146883518349314,1.3484585427084084
spline,direction,13,1,1,1,1,0,0.12199800156283586,0.5872204991102253,1.6012341666623016,2.19907769277322,2741.658086133499,0.12199800156283586,1.4550108946282823,0.21369556618891214,0.7542338057932514,1.8054608852460883,2.138530003872635,3262.5528790183243,0.21369556618891214,1.4314863990766211
spline,direction,14,1,1,1,1,0,0.07522612133991588,0.5014925129478638,1.5193776791433817,2.0832970812601856,2572.4301373178105,0.07522612133991588,1.2233338743572675,0.1484684164529012,0.6762391878016506,1.689803579809735,2.0965939354392495,3047.375604791641,0.1484684164529012,1.2984662864096637
spline,direction,15,1,1,1,1,0,0.12118735388836739,0.5710184231458363,1.555859820178801,2.099630207636066,2812.4894839061744,0.12118735388836739,1.3154990050757627,0.21280657898352356,0.7513444593931067,1.869794545051451,2.1258390313517985,3330.650112979206,0.21280657898352356,1.3566302599354523
spline,direction,16,1,1,1,1,0,0.1296786254489913,0.6050783891721779,1.5996259964733328,2.0426568358800643,2828.50978655816,0.1296786254489913,1.3132766378876874,0.221927405103354,0.7498067295980019,1.815323846052188,2.078540137155091,3389.7671700501455,0.221927405103354,1.4208609083445558
spline,direction,17,1,1,1,1,0,0.12497255517065317,0.591377147802003,1.571664545123902,2.1365695717978133,2745.202258120674,0.12497255517065317,1.3075102424245133,0.221352730439967,0.7688168660865332,1.8204232823801418,2.062424245672456,3311.564273426535,0.221352730439967,1.3793524789337344
spline,direction,18,1,1,1,1,0,0.12466744245205018,0.5872215171195304,1.5758538834572544,2.0445716675366317,2734.6356401014514,0.12466744245205018,1.3592692736120668,0.19284618335788847,0.7343199910252146,1.774711356143179,2.0751585950635416,3303.7066979972938,0.19284618335788847,1.4422379654663313
spline,direction,19,1,1,1,1,0,0.1010867064673516,0.5809513435180917,1.511894768038215,2.0649629058898897,2696.1251857612747,0.1010867064673516,1.3609746361657509,0.18657192394190145,0.7586665577578806,1.871252144126472,1.9800722442149632,3154.094403676213,0.18657192394190145,1.3897369984965917
spline,direction,20,1,1,1,1,0,0.13324294958401037,0.5899923560802389,1.602486654024455,2.0613714982390703,2815.882093275427,0.13324294958401037,1.3330423145750032,0.21305203198889533,0.7480403056677948,1.7669537049671438,2.1049857228645457,3411.180367740674,0.21305203198889533,1.4300895632004664
spline,direction,21,1,1,1,1,0,0.1262030540767393,0.587948041727973,1.539515524005107,2.109904718817611,2788.185533247563,0.1262030540767393,1.3188725062756006,0.21068122794295369,0.7815445942492628,1.8493859857368753,2.044310058293987,3360.273969013096,0.21068122794295369,1.4389206696955394
spline,direction,22,1,1,1,1,0,0.12369520326587394,0.6063663662311601,1.6327649497350405,2.0031481820052854,2801.101994670566,0.12369520326587394,1.301453887224913,0.2254862931566948,0.7540250349201785,1.7712933148827703,2.1504312208417575,3314.4950696280853,0.2254862931566948,1.38336725630537
spline,direction,23,1,1,1,1,0,0.09029504749107077,0.560445941547338,1.5239634932099908,2.006324449982462,2611.896266442944,0.09029504749107077,1.2656008964854593,0.16644285239978415,0.706496650194067,1.7416581991405016,2.0616548830540133,3124.498574394407,0.16644285239978415,1.3991105733039935
spline,direction,24,1,1,1,1,0,0.13155518239710698,0.601796808548586,1.5901936809899833,2.143940484353463,2808.5795335147595,0.13155518239710698,1.2821722324734535,0.2422125847870976,0.7932115534212382,1.9131701551775702,2.118534135738148,3352.0371746912483,0.2422125847870976,1.4349725696788027
spline,direction,25,1,1,1,1,0,0.13061901532618278,0.6234267742462597,1.6726789437684677,2.0735812261935855,2767.7454420015692,0.13061901532618278,1.3527012095701116,0.21893791861579648,0.7528171589138415,1.7727281035823643,2.1228705357217095,3362.449348274233,0.21893791861579648,1.3843435440779832
spline,direction,26,1,1,1,1,0,0.09659958130304633,0.5603811374770504,1.6267229022154939,2.062417103299777,2651.6214986511136,0.09659958130304633,1.3435347545590866,0.18373649416727497,0.7105338706408462,1.8595899394144648,2.0587435471640805,3132.0233446993184,0.18373649416727497,1.3831778877816294
spline,direction,27,1,1,1,1,0,0.08189272023024968,0.5819374799164855,1.6054652197068648,1.974511047043828,2581.350651073204,0.08189272023024968,1.2844877647703412,0.15957108379622995,0.6995945610158372,1.7874723812756892,2.111414862711268,3022.2763023995726,0.15957108379622995,1.327669667697707
spline,direction,28,1,1,1,1,0,0.1299223006475208,0.5896919705920751,1.597620978254103,2.1152866313782512,2821.7294670700776,0.1299223006475208,1.3530876545803583,0.22891938599138,0.7667283952221625,1.8927066982050578,2.1339271430410403,3389.307564632207,0.22891938599138,1.46081133727245
spline,direction,29,1,1,1,1,0,0.1187806515739896,0.5678449122530687,1.6234800925352824,2.1071013375740955,2751.0602640348948,0.1187806515739896,1.3256589343575673,0.21881608716296982,0.7575095789476795,1.811324581208632,2.143725152347784,3269.9560010501036,0.21881608716296982,1.3878449746140764
spline,direction,30,1,1,1,1,0,0.08446975704005297,0.5329470280049348,1.5491119314391977,2.123536674455501,2678.6133703991422,0.08446975704005297,1.3053077972541622,0.16262638449425168,0.6796722819707329,1.7555703756388872,2.057575117559953,3108.8950006427885,0.16262638449425168,1.3867658569296548
spline,direction,31,1,1,1,1,0,0.12054580595054869,0.5933495266830108,1.6635250654214861,2.1047613099966664,2797.476499601071,0.12054580595054869,1.3601806616021048,0.22594655473079997,0.7689958664630581,1.7616781928793972,2.102169295935844,3315.5518933736603,0.22594655473079997,1.4171683281823593
spline,direction,32,1,1,1,1,0,0.12049435387377541,0.5707516695223752,1.553284589130536,2.0842101726412094,2795.384810711752,0.12049435387377541,1.3146407111762686,0.2208731062324103,0.7741347437177276,1.8255952286821109,2.156538426769244,3286.5972771146653,0.2208731062324103,1.42574447400793
spline,direction,33,1,1,1,1,0,0.10940847760071172,0.5856384917955032,1.6275880176780726,2.0748078008264423,2692.8696055532428,0.10940847760071172,1.294114663598952,0.18542258672686776,0.7443221556413514,1.7613631580731484,1.9737927428937367,3219.589327601787,0.18542258672686776,1.4005991188146125
spline,direction,34,1,1,1,1,0,0.08045527299979588,0.5677607565089892,1.6738937373188174,1.9944557553883058,2644.7735143502146,0.08045527299979588,1.277646406013166,0.1566712896083396,0.6822882591727475,1.6742501843078554,2.1100023919350974,3080.8160310169296,0.1566712896083396,1.3725909013914537
spline,direction,35,1,1,1,1,0,0.11125257198375788,0.5359182360261734,1.5326768349598134,2.2499863265273015,2727.32634909771,0.11125257198375788,1.2718628156810972,0.19485925974934887,0.7217965654271449,1.7325643136400728,2.1192449342439317,3201.7629534239422,0.19485925974934887,1.3892683242274466
spline,direction,36,1,1,1,1,0,0.12660323147145802,0.5673814493460374,1.5579022623096435,2.0854864432440623,2841.851547873808,0.12660323147145802,1.2855276043591501,0.22240573581044373,0.7767147384265546,1.7477566786433747,2.05083872866238,3363.6823536887255,0.22240573581044373,1.4008448517627106
spline,direction,37,1,1,1,1,0,0.10719209051713159,0.5721087161251249,1.6107756378038374,2.0815912374356724,2641.987785165398,0.10719209051713159,1.3135536269430392,0.17017943875921857,0.6975347015885281,1.7531780673644748,2.0544148498759123,3174.095785622738,0.17017943875921857,1.3641124475400035
spline,direction,38,1,1,1,1,0,0.11931536579586144,0.6026855876954516,1.6387409565952282,2.0182106033858345,2806.908621365076,0.11931536579586144,1.3234167228443086,0.20416570122781852,0.7598693438235685,1.8087117592916708,2.0870513196959957,3353.882542984853,0.20416570122781852,1.4648429864799333
spline,direction,39,1,1,1,1,0,0.12276956202439575,0.5947124244873856,1.579257983794175,2.0542644802101555,2808.8815423070714,0.12276956202439575,1.3363980291017148,0.21763855214956557,0.7806704832441111,1.7869951261628598,2.0070716940086246,3338.009390184332,0.21763855214956557,1.4526536223275321
spline,curvature,0,1,1,1,1,0,0.3067425596942598,0.9075511017903691,2.024043208884427,2.065211256177044,3740.6977691860216,0.3067425596942598,1.5014803079401497,0.3348608046377291,0.9385037098528222,2.03361627082499,2.171951502285535,3845.0075065411575,0.3348608046377291,1.487786342697885
spline,curvature,1,1,1,1,1,0,0.3011869493302935,0.9016404843905702,2.010541760696715,2.1124351544229025,3717.292495755981,0.3011869493302935,1.492326982192003,0.32146846663676276,0.9380755201141171,1.9476494919982998,2.1099957246010725,3849.4071374075597,0.32146846663676276,1.542437565800944
spline,curvature,2,1,1,1,1,0,0.28979056117919816,0.8742834016962621,1.8597869682466126,2.1263044724151077,3717.050819931947,0.28979056117919816,1.4686694635273274,0.33038729498710545,0.9439043872484727,2.0418888607882386,2.190952077770738,3836.063311551532,0.33038729498710545,1.5164720687610238
spline,curvature,3,1,1,1,1,0,0.2892753420478306,0.9048060101689359,2.062653518644137,2.1061113124531414,3741.0227626571445,0.2892753420478306,1.4722389199812456,0.34997511198013004,0.970046401931364,2.0027404829832354,2.172298375960617,3846.7039871181787,0.34997511198013004,1.6010133024010427
spline,curvature,4,1,1,1,1,0,0.26304588739553997,0.8453807626017624,1.9638381780627228,2.1085297571499995,3553.7497964614918,0.26304588739553997,1.4406563716953793,0.2928683606028362,0.9046000252804598,1.954426179840828,2.200113606454988,3685.7294972074146,0.2928683606028362,1.5404307398126422
spline,curvature,5,1,1,1,1,0,0.30010994028241195,0.9256012316540426,2.0078404553689846,2.088112368679847,3636.273303646859,0.30010994028241195,1.508799374062976,0.3277210183471148,0.9161405343433536,2.0137975888010478,2.210077652506671,3775.4629392644097,0.3277210183471148,1.5107063812459463
spline,curvature,6,1,1,1,1,0,0.3085922745157486,0.9111684499364295,1.9625107988185,2.114782214362476,3714.151587502223,0.3085922745157486,1.4775491881487486,0.34155546834596395,0.9618618349460654,2.0389566013027527,2.1562081743399504,3837.11469933296,0.34155546834596395,1.5892541490155123
spline,curvature,7,1,1,1,1,0,0.2642663093401615,0.8884961700753664,2.030689397096446,2.1006789655764706,3515.1253089747925,0.2642663093401615,1.483700224907774,0.29078621648014613,0.9036017224491033,1.9455355284983145,2.1543583997267266,3685.2288011000974,0.29078621648014613,1.4962342543691844
spline,curvature,8,1,1,1,1,0,0.3065324339029474,0.8899218440508083,1.93219243266891,2.1112905806856266,3706.1406996626743,0.3065324339029474,1.5060514588099665,0.348380029648299,0.958999528323457,2.0939216054545224,2.2538979113416895,3818.441835895327,0.348380029648299,1.5813487720881991
spline,curvature,9,1,1,1,1,0,0.28308558787067234,0.8754727394388274,1.9438930982550506,2.2211482035126777,3607.5456228752982,0.28308558787067234,1.4704490468214368,0.3125624476730576,0.9035703027267383,1.9213985587867695,2.1860522947723626,3751.5324744759205,0.3125624476730576,1.5367176577055939
spline,curvature,10,1,1,1,1,0,0.23879691519968954,0.8275028094387525,1.8872658742891686,2.1358380308655756,3470.3012854351646,0.23879691519968954,1.4419445828489423,0.2613555946159734,0.865186006669926,1.9216576311311138,2.049843157148796,3622.601356821104,0.2613555946159734,1.4441829992726856
spline,curvature,11,1,1,1,1,0,0.28973975227638815,0.8992970194581072,1.9464665998129766,2.10891950998586,3713.0169536422545,0.28973975227638815,1.5261671073443712,0.3438429169715054,0.9436248141176596,2.0484713806152453,2.184024656818397,3836.5722132986425,0.3438429169715054,1.5120763964730761
spline,curvature,12,1,1,1,1,0,0.32201272917969276,0.9384861534034659,1.9809586830655703,2.1495780602869674,3724.7505446434798,0.32201272917969276,1.5291823749752884,0.3601548425709571,0.9657339561635581,2.020877612169714,2.195344227023555,3848.520746855069,0.3601548425709571,1.5399808809041706
spline,curvature,13,1,1,1,1,0,0.29573716990779625,0.8952710803261718,1.9594136458610003,2.159835910695209,3732.7785042219316,0.29573716990779625,1.5567143211051926,0.33419769303617436,0.9389372690905281,2.0384867777023774,2.144979585285334,3844.12846180479,0.33419769303617436,1.515847819156057
spline,curvature,14,1,1,1,1,0,0.23827007072118472,0.8070608062190446,1.8626745061933168,2.113709579881711,3405.5980485208197,0.23827007072118472,1.4222028814796412,0.2792602798700859,0.8990729355992231,1.9864714422290743,2.15039651328394,3592.367296248246,0.2792602798700859,1.4579380815389689
spline,curvature,15,1,1,1,1,0,0.3206168617679669,0.9007657199519198,2.020907823447279,2.119907492256501,3715.772998339816,0.3206168617679669,1.5423501547722047,0.35575211539829604,0.9719944394220795,2.044068629417725,2.202469789278282,3849.966512758631,0.35575211539829604,1.6001180611521597
spline,curvature,16,1,1,1,1,0,0.2618304763717675,0.8439215229081083,1.895600038407668,2.2414797064323784,3549.4010656917144,0.2618304763717675,1.4850843516438594,0.29303399537971014,0.8912453441667555,1.970806316805173,2.1815823117941755,3701.065601223377,0.29303399537971014,1.4666968219403502
spline,curvature,17,1,1,1,1,0,0.2603883151389172,0.8634634999990909,1.876661632383813,2.0795334835053247,3436.7720281890215,0.2603883151389172,1.469526108068688,0.28231309316675063,0.8864865418145577,1.922945474819933,2.151018304165312,3652.6847234258844,0.28231309316675063,1.486106824852767
spline,curvature,18,1,1,1,1,0,0.31058985207938217,0.901786253154719,1.947002842805165,2.200472259059739,3724.036580807273,0.31058985207938217,1.4847161707124257,0.3461210018668298,0.941397000299067,2.0343100161393686,2.173129480900882,3852.303259773213,0.3461210018668298,1.5774726716993652
spline,curvature,19,1,1,1,1,0,0.2497165210837127,0.8360841884201583,1.9087010313609174,2.0990757028280074,3505.1705849966143,0.2497165210837127,1.4334658216748797,0.3189530331107747,0.923823245557451,2.0892117317332617,2.158522280808839,3658.1173602114695,0.3189530331107747,1.4474101848144625
spline,curvature,20,1,1,1,1,0,0.23695157381363166,0.8316207885376914,1.9053929473535829,2.1045466437434164,3489.7629713858964,0.23695157381363166,1.4238128398144456,0.2795149917222447,0.9060203196408507,1.9090332666498433,2.0661727562000385,3644.9092481373145,0.2795149917222447,1.4927588726881769
spline,curvature,21,1,1,1,1,0,0.27721418964741246,0.8872593796769157,2.008763378950451,2.0922388757874604,3599.4483874838147,0.27721418964741246,1.501879907928014,0.3090873720690852,0.8896999530072608,1.987118328105796,2.209025510292862,3742.1910174687373,0.3090873720690852,1.4981062645529322
spline,curvature,22,1,1,1,1,0,0.24159808425713927,0.8528896876824386,1.9037016296108187,2.076989172715166,3474.4519910161875,0.24159808425713927,1.4414360103870825,0.291707677880154,0.9334551984457902,1.9488211896167629,2.089707588198956,3611.3473281649026,0.291707677880154,1.5097204308342047
spline,curvature,23,1,1,1,1,0,0.2686865109746433,0.8964173888446227,1.9512120675822846,2.0710319735120186,3613.674396993308,0.2686865109746433,1.4443313822193364,0.3124112538310421,0.9305616562150566,2.058656932889998,2.2094079911705253,3755.431121572126,0.3124112538310421,1.5287832612680463
spline,curvature,24,1,1,1,1,0,0.3185832674165,0.9093323043639722,1.9982703065805352,2.172136364634256,3716.0241201854355,0.3185832674165,1.5508819652638612,0.352156389356866,1.0180813872290455,2.0358987490381346,2.133978807511847,3842.598408904287,0.352156389356866,1.5692576898916737
spline,curvature,25,1,1,1,1,0,0.3250350863553482,0.9464666202935761,2.106321906470555,2.119211989081479,3724.3407654219272,0.3250350863553482,1.5287952461678782,0.339729892265288,0.9584184264174921,1.9674558731450231,2.177605572054558,3845.0212760072627,0.339729892265288,1.496267207887311
spline,curvature,26,1,1,1,1,0,0.31210544902411796,0.9150031178001408,2.000679393488164,2.1584281285047053,3660.732174371618,0.31210544902411796,1.4326795636894019,0.325048818787843,0.9460896948360978,2.0231937649270972,2.2269340957737116,3814.0613563398133,0.325048818787843,1.5324152205777246
spline,curvature,27,1,1,1,1,0,0.30122168227702006,0.9077048822385128,1.9144688082330605,2.2075209443329724,3722.269432899674,0.30122168227702006,1.4630806016123414,0.3441831331931419,0.9282926629632934,1.9728121629242374,2.125427096682724,3846.0114713072253,0.3441831331931419,1.5117928454496274
spline,curvature,28,1,1,1,1,0,0.23261630226551003,0.8196663626275653,1.862061988294391,2.0407295982070957,3410.564713104532,0.23261630226551003,1.4832048293491766,0.25881081562694525,0.8310040312767869,1.880933582778944,2.10651999091113,3585.2903617045804,0.25881081562694525,1.4595340700907604
spline,curvature,29,1,1,1,1,0,0.2793079707931299,0.8831021213003079,2.0261146949437348,2.153066176411207,3539.8556241502356,0.2793079707931299,1.4698767249093576,0.2999492369904129,0.9256471144552104,1.981754972129644,2.091246687116171,3670.784834619442,0.2999492369904129,1.481689500656886
spline,curvature,30,1,1,1,1,0,0.29199551219265446,0.8590639029435345,1.8743998845224794,2.2021282721186877,3668.282176852113,0.29199551219265446,1.4810448987826415,0.32483214213621,0.9320261166103402,1.9559551263133703,2.148408751731435,3790.2630674071033,0.32483214213621,1.5172970028246775
spline,curvature,31,1,1,1,1,0,0.3152287419218433,0.9166509734474879,1.9815554379547353,2.11597398745939,3719.089356525027,0.3152287419218433,1.5295235407383208,0.337355202509775,0.9450195106612341,1.9995669237235547,2.245252600257181,3839.973443423248,0.337355202509775,1.6015129570469853
spline,curvature,32,1,1,1,1,0,0.31178967242280203,0.8624991395778064,1.9044979002666569,2.2247875731418616,3710.2866069837246,0.31178967242280203,1.554336092054459,0.3493580387517226,0.9737732596217095,1.9450097224291412,2.266018503142663,3834.787091200855,0.3493580387517226,1.4944214402735199
spline,curvature,33,1,1,1,1,0,0.3075921354966227,0.9230484653097506,1.94763919294451,2.1096542777121456,3711.9818439866526,0.3075921354966227,1.4868630266815719,0.3470650572415076,0.9664510767866646,2.023880326311776,2.147224041336941,3846.3560192503173,0.3470650572415076,1.4985285407785502
spline,curvature,34,1,1,1,1,0,0.2503604925419664,0.8515208800064364,1.922651843357513,2.1242488847465033,3481.763859055513,0.2503604925419664,1.4274479393659805,0.28321695000422475,0.9339639696016823,2.0193822541811843,2.041437495613005,3665.4315619911567,0.28321695000422475,1.5011153230085204
spline,curvature,35,1,1,1,1,0,0.26356942100070235,0.8573594266300381,1.885307771199595,2.1151211993800785,3528.7341538547357,0.26356942100070235,1.4916320463542705,0.3098528446931156,0.941673516942667,2.041065731797334,2.058695964578718,3689.8404567816733,0.3098528446931156,1.4995870848834227
spline,curvature,36,1,1,1,1,0,0.303702304917318,0.8925554555135338,2.0400697198376734,2.15235041890574,3728.199551051157,0.303702304917318,1.4737952420254912,0.33795411949540516,0.9563502052971854,2.076558854401739,2.1760697708237675,3830.8886319776675,0.33795411949540516,1.521396169873462
spline,curvature,37,1,1,1,1,0,0.2514998232993719,0.8287808227415652,1.9489317779467952,2.137034382779637,3495.8626882527437,0.2514998232993719,1.4673255687383386,0.27948428278005705,0.8913752571988455,1.9621971572373889,2.114365700370857,3672.3799342638677,0.27948428278005705,1.5005894008216687
spline,curvature,38,1,1,1,1,0,0.23691449673803514,0.830850655222961,1.8428346324039795,1.9771392476504388,3473.9330900337586,0.23691449673803514,1.452943188515043,0.28260966457906755,0.9079392090505007,1.9921053991570712,2.153116139331954,3632.1771374417417,0.28260966457906755,1.5247792122242871
spline,curvature,39,1,1,1,1,0,0.25179340512575515,0.8654645633771998,1.9715431132845223,2.0488862938810937,3485.975993884779,0.25179340512575515,1.4871308605271656,0.29100093655167064,0.9281788349842914,1.9795637197738318,2.100416466600362,3631.5894121263505,0.29100093655167064,1.4312244554380635
spline,inflection,0,1,1,1,1,0,0.0001220479650016849,0.0001220479650016849,0.00012204800512360222,9.011157458106817,104.04207320841202,0.0001220479650016849,1.0532084646217559,0.0001220479650016849,0.0001220479650016849,0.00012204799555042406,9.011157458106817,113.26269762177016,0.0001220479650016849,1.1518506212322073
spline,inflection,1,1,1,1,1,0,0.0001220479650016849,0.0001220479650016849,0.00012204796549301856,9.011157458106817,86.67120165534337,0.0001220479650016849,1.0923985073385452,0.00012204796500190697,0.00012204796500190697,0.00012204796862678344,9.011157458106817,87.36287179548279,0.00012204796500190697,1.2064635551432021
spline,inflection,2,1,1,1,1,0,0.0001220479650016849,0.0001220479650016849,0.00012204796669698031,9.011157458106817,88.07749238527946,0.0001220479650016849,1.440695542660792,0.0001220479650016849,0.0001220479650016849,0.00012204797252891644,9.011157458106817,105.79755609378196,0.0001220479650016849,1.0505965001129696
spline,inflection,3,1,1,1,1,0,0.00012204796500146283,0.00012204796500146283,0.00012204796772717096,9.011157458106817,85.43803003041901,0.00012204796500146283,1.0387195209629385,0.0001220479650016849,0.0001220479650016849,0.00012204796832754181,9.011157458106817,99.8484150293167,0.0001220479650016849,1.254142525032779
spline,inflection,4,1,1,1,1,0,0.0001220479650016849,0.0001220479650016849,0.00012204797822216879,9.011157458106817,98.31053908667957,0.0001220479650016849,1.5331581504085587,0.0001220479650016849,0.0001220479650016849,0.0001220479799763132,9.011157458106817,93.4974583516288,0.0001220479650016849,1.2610176699288314
spline,inflection,5,1,1,1,1,0,0.0001220479650016849,0.0001220479650016849,0.00012204798740860907,9.011157458106817,107.34463808249784,0.0001220479650016849,1.3369747353920105,0.0001220479650016849,0.0001220479650016849,0.00012204798364005221,9.011157458106817,94.61979439016457,0.0001220479650016849,1.0261261985901498
spline,inflection,6,1,1,1,1,0,0.0001220479650016849,0.0001220479650016849,0.00012204797254002003,9.011157458106817,107.80809783548321,0.0001220479650016849,1.2820950295279194,0.0001220479650016849,0.0001220479650016849,0.00012204797449447312,9.011157458106817,91.0892841605363,0.0001220479650016849,0.8678246228773164
spline,inflection,7,1,1,1,1,0,0.0001220479650016849,0.0001220479650016849,0.00012204797923392747,9.011157458106817,100.17604794994321,0.0001220479650016849,1.2439888705301327,0.0001220479650016849,0.0001220479650016849,0.00012204798407386929,9.011157458106817,101.80595271027575,0.0001220479650016849,1.1361955214997856
spline,inflection,8,1,1,1,1,0,0.0001220479650016849,0.0001220479650016849,0.00012204796687641425,9.011157458106817,98.97308629656136,0.0001220479650016849,1.1533440500854546,0.0001220479650016849,0.0001220479650016849,0.00012204797336468331,9.011157458106817,85.10111872928498,0.0001220479650016849,1.215987920322517
spline,inflection,9,1,1,1,1,0,0.0001220479650016849,0.0001220479650016849,0.000122048037197974,9.011157458106817,98.61100969613081,0.0001220479650016849,1.07938792435331,0.0001220479650016849,0.0001220479650016849,0.00012204802126621665,9.011157458106817,110.62611235834557,0.0001220479650016849,1.5684334522469603
spline,inflection,10,1,1,1,1,0,0.0001220479650016849,0.0001220479650016849,0.00012204796590795954,9.011157458106817,88.47755185098356,0.0001220479650016849,1.1517891194262564,0.0001220479650016849,0.0001220479650016849,0.00012204797341742534,9.011157458106817,88.83601148265278,0.0001220479650016849,1.196681824548841
spline,inflection,11,1,1,1,1,0,0.0001220479650016849,0.0001220479650016849,0.00012204801530192579,9.011157458106817,104.26421866117721,0.0001220479650016849,1.1003211692288006,0.0001220479650016849,0.0001220479650016849,0.00012204798974091717,9.011157458106817,120.20025242803172,0.0001220479650016849,1.6194173820993876
spline,inflection,12,1,1,1,1,0,0.0001220479650016849,0.0001220479650016849,0.00012204796652920513,9.011157458106817,88.06681905929645,0.0001220479650016849,1.1354396539435896,0.0001220479650016849,0.0001220479650016849,0.000122047967021205,9.011157458106817,104.03602329732438,0.0001220479650016849,1.2821246027583366
spline,inflection,13,1,1,1,1,0,0.0001220479650016849,0.0001220479650016849,0.00012204797501889545,9.011157458106817,109.23451026164558,0.0001220479650016849,1.1967214108831048,0.0001220479650016849,0.0001220479650016849,0.00012204797848432443,9.011157458106817,101.33562249006344,0.0001220479650016849,1.2418180543843491
spline,inflection,14,1,1,1,1,0,0.0001220479650016849,0.0001220479650016849,0.00012204797828923443,9.011157458106817,112.30054794540287,0.0001220479650016849,1.110774604397938,0.0001220479650016849,0.0001220479650016849,0.00012204798301703003,9.011157458106817,112.26169410657366,0.0001220479650016849,0.9661152020271729
spline,inflection,15,1,1,1,1,0,0.0001220479650016849,0.0001220479650016849,0.00012204800699211356,9.011157458106817,137.0786160271262,0.0001220479650016849,1.2758502659377005,0.0001220479650016849,0.0001220479650016849,0.00012204802466646759,9.011157458106817,110.941350129373,0.0001220479650016849,1.1622706801145557
spline,inflection,16,1,1,1,1,0,0.0001220479650016849,0.0001220479650016849,0.00012204797405110695,9.011157458106817,115.79854871745695,0.0001220479650016849,1.1296638596862825,0.0001220479650016849,0.0001220479650016849,0.00012204797604131359,9.011157458106817,94.0396171542306,0.0001220479650016849,1.067388315877107
spline,inflection,17,1,1,1,1,0,0.0001220479650016849,0.0001220479650016849,0.00012204796795301789,9.011157458106817,98.38949870831726,0.0001220479650016849,1.2689847038233877,0.0001220479650016849,0.0001220479650016849,0.00012204797205334987,9.011157458106817,111.33890370267038,0.0001220479650016849,1.1070251002356606
spline,inflection,18,1,1,1,1,0,0.0001220479650016849,0.0001220479650016849,0.00012204803719775193,9.011157458106817,90.8046079018697,0.0001220479650016849,1.4802941054860597,0.0001220479650016849,0.0001220479650016849,0.00012204804269047352,9.011157458106817,113.65933823479546,0.0001220479650016849,1.1070934296738493
spline,inflection,19,1,1,1,1,0,0.0001220479650016849,0.0001220479650016849,0.00012204800437866268,9.011157458106817,112.0004146858325,0.0001220479650016849,1.068374352345222,0.0001220479650016849,0.0001220479650016849,0.00012204802701609728,9.011157458106817,103.44977430066952,0.0001220479650016849,1.0185242161509536
spline,inflection,20,1,1,1,1,0,0.00012204796500146283,0.00012204796500146283,0.00012204796570676257,9.011157458106817,87.44109727260714,0.00012204796500146283,1.0270437740783123,0.0001220479650016849,0.0001220479650016849,0.00012204796873182336,9.011157458106817,97.02809749352929,0.0001220479650016849,1.2518231659175219
spline,inflection,21,1,1,1,1,0,0.0001220479650016849,0.0001220479650016849,0.00012204797800076329,9.011157458106817,106.55839103499875,0.0001220479650016849,1.1842308530872314,0.00012204796500146283,0.00012204796500146283,0.00012204797552355341,9.011157458106817,100.42544144623197,0.00012204796500146283,1.2234432789555008
spline,inflection,22,1,1,1,1,0,0.0001220479650016849,0.0001220479650016849,0.00012204799232894084,9.011157458106817,96.47880584899168,0.0001220479650016849,1.0896373091786995,0.0001220479650016849,0.0001220479650016849,0.00012204797815399277,9.011157458106817,97.906585723241,0.0001220479650016849,1.2218435669123981
spline,inflection,23,1,1,1,1,0,0.0001220479650016849,0.0001220479650016849,0.00012204800755462119,9.011157458106817,125.12546881162878,0.0001220479650016849,1.297197076701585,0.0001220479650016849,0.0001220479650016849,0.00012204799108989175,9.011157458106817,111.35410947733155,0.0001220479650016849,1.6475558863822881
spline,inflection,24,1,1,1,1,0,0.00012204796500190697,0.00012204796500190697,0.00012204796555875177,9.011157458106817,112.60656553818556,0.00012204796500190697,1.26704964803094,0.0001220479650016849,0.0001220479650016849,0.00012204796671607848,9.011157458106817,84.40905009909115,0.0001220479650016849,1.6028169222751734
spline,inflection,25,1,1,1,1,0,0.0001220479650016849,0.0001220479650016849,0.00012204801108678272,9.011157458106817,117.7469101107412,0.0001220479650016849,1.2507151968440808,0.00012204796500190697,0.00012204796500190697,0.0001220479924830586,9.011157458106817,113.5462194746507,0.00012204796500190697,1.3864411902038447
spline,inflection,26,1,1,1,1,0,0.00012204796500190697,0.00012204796500190697,0.0001220479866976465,9.011157458106817,106.78840515111482,0.00012204796500190697,1.1668408922019067,0.0001220479650016849,0.0001220479650016849,0.00012204797273966249,9.011157458106817,112.00751600423523,0.0001220479650016849,1.107283467452842
spline,inflection,27,1,1,1,1,0,0.0001220479650016849,0.0001220479650016849,0.00012204796553321353,9.011157458106817,92.45107685406066,0.0001220479650016849,1.2616666110023436,0.0001220479650016849,0.0001220479650016849,0.00012204796875225396,9.011157458106817,88.51703740709632,0.0001220479650016849,1.4106518580062906
spline,inflection,28,1,1,1,1,0,0.0001220479650016849,0.0001220479650016849,0.00012204796587820193,9.011157458106817,78.36072996637198,0.0001220479650016849,1.4667787284683598,0.00012204796500146283,0.00012204796500146283,0.0001220479713247326,9.011157458106817,94.58160396709279,0.00012204796500146283,0.9587728523014353
spline,inflection,29,1,1,1,1,0,0.00012204796500190697,0.00012204796500190697,0.00012204809157434107,9.011157458106817,89.4161341693409,0.00012204796500190697,1.3337698757250571,0.00012204796500190697,0.00012204796500190697,0.00012204801893790584,9.011157458106817,111.55878927889309,0.00012204796500190697,1.6122909800910141
spline,inflection,30,1,1,1,1,0,0.0001220479650016849,0.0001220479650016849,0.00012204796614901838,9.011157458106817,77.57672818809336,0.0001220479650016849,1.2054210863706272,0.0001220479650016849,0.0001220479650016849,0.00012204797321967048,9.011157458106817,101.33908624824721,0.0001220479650016849,1.2418491734498456
spline,inflection,31,1,1,1,1,0,0.00012204796500190697,0.00012204796500190697,0.00012204796543861099,9.011157458106817,83.80819039384215,0.00012204796500190697,1.0801527517364118,0.0001220479650016849,0.0001220479650016849,0.00012204797728213925,9.011157458106817,83.17069263416853,0.0001220479650016849,1.2959169869432228
spline,inflection,32,1,1,1,1,0,0.0001220479650016849,0.0001220479650016849,0.00012204796672274063,9.011157458106817,91.1550609189908,0.0001220479650016849,1.1671066319899512,0.00012204796500146283,0.00012204796500146283,0.00012204796927756458,9.011157458106817,85.22779061276736,0.00012204796500146283,1.2862205966521834
spline,inflection,33,1,1,1,1,0,0.00012204796500190697,0.00012204796500190697,0.00012204800002783381,9.011157458106817,97.2273899398328,0.00012204796500190697,1.197852833016819,0.0001220479650016849,0.0001220479650016849,0.00012204798396372172,9.011157458106817,100.30148860558005,0.0001220479650016849,1.117219641398263
spline,inflection,34,1,1,1,1,0,0.0001220479650016849,0.0001220479650016849,0.0001220480290861387,9.011157458106817,97.76288273008855,0.0001220479650016849,1.1074748041091058,0.0001220479650016849,0.0001220479650016849,0.00012204801541207336,9.011157458106817,90.66764802727242,0.0001220479650016849,1.3477708745895076
spline,inflection,35,1,1,1,1,0,0.00012204796500190697,0.00012204796500190697,0.00012204797870728442,9.011157458106817,107.09234219175234,0.00012204796500190697,0.9840005663348187,0.0001220479650016849,0.0001220479650016849,0.00012204797028388252,9.011157458106817,94.41690941739951,0.0001220479650016849,1.2420550291291745
spline,inflection,36,1,1,1,1,0,0.0001220479650016849,0.0001220479650016849,0.00012204796570476392,9.011157458106817,91.06858340934713,0.0001220479650016849,1.0183961569420468,0.00012204796500190697,0.00012204796500190697,0.00012204796686841967,9.011157458106817,91.34933928614255,0.00012204796500190697,1.1038884419034256
spline,inflection,37,1,1,1,1,0,0.0001220479650016849,0.0001220479650016849,0.0001220479664910088,9.011157458106817,97.12422685257614,0.0001220479650016849,1.2996699874369242,0.0001220479650016849,0.0001220479650016849,0.00012204796910012929,9.011157458106817,95.09789330275348,0.0001220479650016849,1.3307188470075497
spline,inflection,38,1,1,1,1,0,0.0001220479650016849,0.0001220479650016849,0.00012204800909835267,9.011157458106817,98.81790065721772,0.0001220479650016849,1.2051851433366787,0.0001220479650016849,0.0001220479650016849,0.0001220479816402965,9.011157458106817,104.96557562144,0.0001220479650016849,1.2310277516563541
spline,inflection,39,1,1,1,1,0,0.00012204796500146283,0.00012204796500146283,0.00012204796560916205,9.011157458106817,89.14240034816518,0.00012204796500146283,1.1188236318563607,0.0001220479650016849,0.0001220479650016849,0.00012204796791082426,9.011157458106817,97.13610743880254,0.0001220479650016849,1.116427522581456
spline,turning,0,1,1,1,1,0,0.0001220479650016849,0.0001220479650016849,0.00012204799467679395,9.011157458106817,102.12626284323844,0.0001220479650016849,1.0972390997599213,0.00012204796500190697,0.00012204796500190697,0.00012204803108189713,9.011157458106817,107.10137728439258,0.00012204796500190697,1.15836986465343
spline,turning,1,1,1,1,1,0,0.0001220479650016849,0.0001220479650016849,0.00012204949751387031,9.011157458106817,112.05041560106983,0.0001220479650016849,1.1099517273656254,0.0001220479650016849,0.0001220479650016849,0.00012204921693925974,9.011157458106817,136.87675079318058,0.0001220479650016849,1.3852388850457755
spline,turning,2,1,1,1,1,0,0.0001220479650016849,0.0001220479650016849,0.00012204804199649944,9.011157458106817,113.43261322659964,0.0001220479650016849,1.0454275650103038,0.0001220479650016849,0.0001220479650016849,0.00012204805975035513,9.011157458106817,95.79016124053135,0.0001220479650016849,1.046835663119941
spline,turning,3,1,1,1,1,0,0.0001220479650016849,0.0001220479650016849,0.00012204837955237788,9.011157458106817,109.6905842702252,0.0001220479650016849,1.3200114624231771,0.0001220479650016849,0.0001220479650016849,0.0001220483138009428,9.011157458106817,112.7284577185591,0.0001220479650016849,1.5095082663347594
spline,turning,4,1,1,1,1,0,0.00012204796500146283,0.00012204796500146283,0.00012204799076278013,9.011157458106817,91.94849764006035,0.00012204796500146283,1.1265307311177617,0.0001220479650016849,0.0001220479650016849,0.00012204797948564575,9.011157458106817,122.61433451102667,0.0001220479650016849,1.1648816445110277
spline,turning,5,1,1,1,1,0,0.0001220479650016849,0.0001220479650016849,0.00012204799109322282,9.011157458106817,106.26831286450344,0.0001220479650016849,1.2391785627948446,0.0001220479650016849,0.0001220479650016849,0.0001220479865849451,9.011157458106817,116.99732866734203,0.0001220479650016849,1.149382615335844
spline,turning,6,1,1,1,1,0,0.0001220479650016849,0.0001220479650016849,0.00012204797486633218,9.011157458106817,102.735481002936,0.0001220479650016849,1.134111847927405,0.0001220479650016849,0.0001220479650016849,0.00012204797119237787,9.011157458106817,102.8508426871521,0.0001220479650016849,1.037759658699408
spline,turning,7,1,1,1,1,0,0.0001220479650016849,0.0001220479650016849,0.00012204849780000995,9.011157458106817,128.9928315864953,0.0001220479650016849,1.181037304394921,0.0001220479650016849,0.0001220479650016849,0.00012204863090523853,9.011157458106817,123.8800602144846,0.0001220479650016849,1.461685293231348
spline,turning,8,1,1,1,1,0,0.0001220479650016849,0.0001220479650016849,0.00012204900875436286,9.011157458106817,115.94100080267044,0.0001220479650016849,1.4015052138182005,0.0001220479650016849,0.0001220479650016849,0.00012204923867441702,9.011157458106817,132.68959014341965,0.0001220479650016849,1.1064302520348293
spline,turning,9,1,1,1,1,0,0.00012204796500146283,0.00012204796500146283,0.00012204798045254597,9.011157458106817,100.56239657843912,0.00012204796500146283,1.292703626483506,0.0001220479650016849,0.0001220479650016849,0.00012204796941624836,9.011157458106817,116.92451690276269,0.0001220479650016849,1.1042620286279459
spline,turning,10,1,1,1,1,0,0.0001220479650016849,0.0001220479650016849,0.00012204850446471498,9.011157458106817,127.41918441539333,0.0001220479650016849,1.2076290573050634,0.00012204796500190697,0.00012204796500190697,0.00012204938721052033,9.011157458106817,110.68771584024013,0.00012204796500190697,1.0077988370694242
spline,turning,11,1,1,1,1,0,0.00012204796500146283,0.00012204796500146283,0.00012204987634499605,9.011157458106817,125.44865636817227,0.00012204796500146283,1.1766648337918322,0.0001220479650016849,0.0001220479650016849,0.00012204969386734192,9.011157458106817,124.6143712770453,0.0001220479650016849,1.3253718876529728
spline,turning,12,1,1,1,1,0,0.0001220479650016849,0.0001220479650016849,0.00012204803839116528,9.011157458106817,112.46331327274959,0.0001220479650016849,1.2084173166492402,0.00012204796500190697,0.00012204796500190697,0.00012204799084361423,9.011157458106817,113.09450089982448,0.00012204796500190697,1.2054736889576587
spline,turning,13,1,1,1,1,0,0.00012204796500190697,0.00012204796500190697,0.00012204957958313449,9.011157458106817,116.5913771352577,0.00012204796500190697,1.3499236470112441,0.00012204796500146283,0.00012204796500146283,0.00012205001869040648,9.011157458106817,128.7501522206219,0.00012204796500146283,1.1934995621830042
spline,turning,14,1,1,1,1,0,0.0001220479650016849,0.0001220479650016849,0.00012204852483346503,9.011157458106817,108.25125109720192,0.0001220479650016849,0.9618281308526491,0.00012204796500146283,0.00012204796500146283,0.00012204832984484636,9.011157458106817,102.05011564324596,0.00012204796500146283,1.3157537770917394
spline,turning,15,1,1,1,1,0,0.0001220479650016849,0.0001220479650016849,0.00012204874736652582,9.011157458106817,105.00727780554041,0.0001220479650016849,0.8254137394751365,0.0001220479650016849,0.0001220479650016849,0.00012205067012199245,9.011157458106817,120.75702904196123,0.0001220479650016849,1.2879761117354538
spline,turning,16,1,1,1,1,0,0.00012204796500190697,0.00012204796500190697,0.00012204829943467995,9.011157458106817,114.97184432765935,0.00012204796500190697,1.0894231147853142,0.00012204796500146283,0.00012204796500146283,0.00012204835063830856,9.011157458106817,98.46607923877629,0.00012204796500146283,1.4015767989019599
spline,turning,17,1,1,1,1,0,0.00012204796500190697,0.00012204796500190697,0.00012204796561848906,9.011157458106817,104.43512962898585,0.00012204796500190697,1.21075939063293,0.00012204796500146283,0.00012204796500146283,0.00012204796515935582,9.011157458106817,102.33838816603215,0.00012204796500146283,1.4044183127477428
spline,turning,18,1,1,1,1,0,0.0001220479650016849,0.0001220479650016849,0.00012204796501523128,9.011157458106817,91.66989724459212,0.0001220479650016849,1.2227641678397156,0.0001220479650016849,0.0001220479650016849,0.0001220479650056822,9.011157458106817,71.07005671667599,0.0001220479650016849,1.4311698141076323
spline,turning,19,1,1,1,1,0,0.0001220479650016849,0.0001220479650016849,0.00012204926600644752,9.011157458106817,105.92432492420798,0.0001220479650016849,1.4479537309140316,0.0001220479650016849,0.0001220479650016849,0.00012204913942746218,9.011157458106817,129.32870990164082,0.0001220479650016849,1.1415065479044757
spline,turning,20,1,1,1,1,0,0.0001220479650016849,0.0001220479650016849,0.00012204796508473972,9.011157458106817,95.19163527048757,0.0001220479650016849,1.3365765278616946,0.0001220479650016849,0.0001220479650016849,0.00012204796501323263,9.011157458106817,89.76189654530249,0.0001220479650016849,0.8983225407434334
spline,turning,21,1,1,1,1,0,0.0001220479650016849,0.0001220479650016849,0.00012204804144942578,9.011157458106817,121.03332199080917,0.0001220479650016849,0.9630080430852236,0.0001220479650016849,0.0001220479650016849,0.00012204815744891489,9.011157458106817,121.651329402431,0.0001220479650016849,1.4441250143594897
spline,turning,22,1,1,1,1,0,0.00012204796500146283,0.00012204796500146283,0.00012204806357742789,9.011157458106817,111.167943443098,0.00012204796500146283,1.1869202238136867,0.0001220479650016849,0.0001220479650016849,0.00012204803673750831,9.011157458106817,122.73256270900076,0.0001220479650016849,1.2457722746181368
spline,turning,23,1,1,1,1,0,0.00012204796500190697,0.00012204796500190697,0.00012204796510006267,9.011157458106817,102.82391873944175,0.00012204796500190697,1.3421371387916003,0.0001220479650016849,0.0001220479650016849,0.00012204796500479391,9.011157458106817,88.11910383587978,0.0001220479650016849,1.3218358416655207
spline,turning,24,1,1,1,1,0,0.0001220479650016849,0.0001220479650016849,0.00012204802185748257,9.011157458106817,123.25177871161881,0.0001220479650016849,1.1522480442176595,0.0001220479650016849,0.0001220479650016849,0.0001220480315070534,9.011157458106817,111.39940325089187,0.0001220479650016849,1.1580662448579462
spline,turning,25,1,1,1,1,0,0.0001220479650016849,0.0001220479650016849,0.00012204971512393468,9.011157458106817,110.64226248179973,0.0001220479650016849,1.0889946436655678,0.0001220479650016849,0.0001220479650016849,0.00012205029317314621,9.011157458106817,117.55938696602742,0.0001220479650016849,1.1637255208056374
spline,turning,26,1,1,1,1,0,0.0001220479650016849,0.0001220479650016849,0.00012204797855094594,9.011157458106817,96.2136854872594,0.0001220479650016849,1.199134400658616,0.0001220479650016849,0.0001220479650016849,0.00012204797071880996,9.011157458106817,102.58918589095283,0.0001220479650016849,1.444510376934058
spline,turning,27,1,1,1,1,0,0.0001220479650016849,0.0001220479650016849,0.00012204820457230898,9.011157458106817,122.79566957512203,0.0001220479650016849,1.3860273551676092,0.0001220479650016849,0.0001220479650016849,0.00012204851187102847,9.011157458106817,102.97254738732327,0.0001220479650016849,1.5395355424424846
spline,turning,28,1,1,1,1,0,0.00012204796500146283,0.00012204796500146283,0.00012204797371566763,9.011157458106817,101.20274674639586,0.00012204796500146283,1.2008635576038649,0.0001220479650016849,0.0001220479650016849,0.0001220479712172499,9.011157458106817,82.21232180103536,0.0001220479650016849,1.2734586586891319
spline,turning,29,1,1,1,1,0,0.0001220479650016849,0.0001220479650016849,0.00012204811929766189,9.011157458106817,127.29962560882238,0.0001220479650016849,1.1826668609807676,0.0001220479650016849,0.0001220479650016849,0.00012204837357209785,9.011157458106817,118.47120619533084,0.0001220479650016849,1.0450338549353178
spline,turning,30,1,1,1,1,0,0.00012204796500146283,0.00012204796500146283,0.00012204947871683275,9.011157458106817,108.58669941465435,0.00012204796500146283,1.268397593141802,0.0001220479650016849,0.0001220479650016849,0.000122051151446651,9.011157458106817,112.54028751384706,0.0001220479650016849,1.189728652514531
spline,turning,31,1,1,1,1,0,0.0001220479650016849,0.0001220479650016849,0.00012204803899475618,9.011157458106817,95.95723019336717,0.0001220479650016849,1.380042573141048,0.0001220479650016849,0.0001220479650016849,0.00012204799033851213,9.011157458106817,110.83057389144862,0.0001220479650016849,0.9664619529174228
spline,turning,32,1,1,1,1,0,0.0001220479650016849,0.0001220479650016849,0.00012204842203935889,9.011157458106817,122.44602184812227,0.0001220479650016849,1.492229153508776,0.0001220479650016849,0.0001220479650016849,0.00012204880033384795,9.011157458106817,104.41413696601688,0.0001220479650016849,1.0924194154176974
spline,turning,33,1,1,1,1,0,0.0001220479650016849,0.0001220479650016849,0.00012204796508762665,9.011157458106817,88.70406722779121,0.0001220479650016849,1.2822215244370498,0.0001220479650016849,0.0001220479650016849,0.00012204796500301733,9.011157458106817,75.85790045100019,0.0001220479650016849,1.2265764366015337
spline,turning,34,1,1,1,1,0,0.0001220479650016849,0.0001220479650016849,0.00012204841238112726,9.011157458106817,119.40583520898282,0.0001220479650016849,1.1212009130132818,0.0001220479650016849,0.0001220479650016849,0.00012204819990202995,9.011157458106817,116.73639270443982,0.0001220479650016849,1.1568468203264275
spline,turning,35,1,1,1,1,0,0.0001220479650016849,0.0001220479650016849,0.00012204797727747575,9.011157458106817,99.01910285537045,0.0001220479650016849,1.0258290687909815,0.0001220479650016849,0.0001220479650016849,0.00012204797894656669,9.011157458106817,112.2809868071524,0.0001220479650016849,1.1724873469550714
spline,turning,36,1,1,1,1,0,0.0001220479650016849,0.0001220479650016849,0.00012204902104392215,9.011157458106817,104.93238410226802,0.0001220479650016849,1.0403839197152704,0.0001220479650016849,0.0001220479650016849,0.00012205057104136919,9.011157458106817,120.56202262500972,0.0001220479650016849,1.206541318909016
spline,turning,37,1,1,1,1,0,0.0001220479650016849,0.0001220479650016849,0.00012204806620875554,9.011157458106817,104.32102877819993,0.0001220479650016849,1.29086251947721,0.0001220479650016849,0.0001220479650016849,0.00012204812722362318,9.011157458106817,110.5746273651991,0.0001220479650016849,1.1301734085947452
spline,turning,38,1,1,1,1,0,0.00012204796500146283,0.00012204796500146283,0.00012204796873959587,9.011157458106817,95.87800260575169,0.00012204796500146283,1.3188188481525598,0.0001220479650016849,0.0001220479650016849,0.00012204796639818284,9.011157458106817,104.57108341669301,0.0001220479650016849,1.1213190306650291
spline,turning,39,1,1,1,1,0,0.0001220479650016849,0.0001220479650016849,0.00012204821514703054,9.011157458106817,106.92073721888978,0.0001220479650016849,1.2455942240728153,0.0001220479650016849,0.0001220479650016849,0.00012204821183294343,9.011157458106817,128.4869770085299,0.0001220479650016849,1.1171964830946977
spline,regime,0,1,1,1,1,0,0.00029483685026607666,0.05027756703731266,0.749230649882175,8.889882208141255,1170.3097617233161,0.00029483685026607666,1.1946484038732301,0.00012225294547057276,0.007566129070920571,0.5414040382754216,9.00702623999131,811.1190280077559,0.00012225294547057276,1.19228135283679
spline,regime,1,1,1,1,1,0,0.0005615734333549845,0.061803823587617344,0.7436554243761383,9.011157457544119,1022.6125562027988,0.0005615734333549845,1.213206059563051,0.00012253927490223326,0.00756359928996918,0.441927353613982,9.01115745810655,749.5749034778484,0.00012253927490223326,1.1930611068535948
spline,regime,2,1,1,1,1,0,0.00012204796500146283,0.00012204796500146283,0.00012267975634712672,9.011157458106817,138.1621106812293,0.00012204796500146283,1.0420060816874332,0.0001220479650016849,0.0001220479650016849,0.00012225589899889886,9.011157458106817,133.080388287506,0.0001220479650016849,1.5697937691820256
spline,regime,3,1,1,1,1,0,0.0001220479650016849,0.0001220479650016849,0.00012318855273645355,9.011157458106815,139.6949565718415,0.0001220479650016849,1.1277789991281537,0.0001220479650016849,0.0001220479650016849,0.00012249385103427955,9.011157458106817,134.32109069380815,0.0001220479650016849,1.3935513276663438
spline,regime,4,1,1,1,1,0,0.0001220479650016849,0.0001220479650016849,0.00012400043988303278,9.011157458106176,141.23066637369132,0.0001220479650016849,1.3526333307136336,0.0001220479650016849,0.0001220479650016849,0.00012267915080827672,9.011157458106815,134.04164333882056,0.0001220479650016849,1.2269877423297733
spline,regime,5,1,1,1,1,0,0.0001220485025258069,0.00012205728858728626,0.00013991534660403468,9.011092982017527,155.34482932122035,0.0001220485025258069,1.165556699607844,0.00012204796502144929,0.00012204805553865418,0.00013030892606441844,9.011156720379555,130.87336516756338,0.00012204796502144929,1.175203267517526
spline,regime,6,1,1,1,1,0,0.0016053510350331872,0.09456676057551723,0.49138893727145566,9.011157458106817,578.2915778416271,0.0016053510350331872,1.1810375291713984,0.00012442291468108533,0.009285518527016872,0.18780775068663352,9.011157458106817,348.28734763941065,0.00012442291468108533,1.2097623124777042
spline,regime,7,1,1,1,1,0,0.0001220479650016849,0.0001220479650016849,0.00012317473244776627,9.011157458106814,141.68258487358509,0.0001220479650016849,1.2773864676611715,0.0001220479650016849,0.0001220479650016849,0.00012242015522081565,9.011157458106817,133.59258563730387,0.0001220479650016849,1.3183705262130083
spline,regime,8,1,1,1,1,0,0.00012204841636598196,0.0001220575867074517,0.00013602494668868767,9.01109070945945,145.18790274304203,0.00012204841636598196,1.3253016655386736,0.00012204796501945064,0.00012204804232061309,0.00013135645832825153,9.011156827986278,139.17676371170006,0.00012204796501945064,1.1901279549095214
spline,regime,9,1,1,1,1,0,0.0001220479650016849,0.0001220479650016849,0.0001224206177278438,9.011157458106817,149.07199825103868,0.0001220479650016849,1.1761370592408666,0.0001220479650016849,0.0001220479650016849,0.0001221715934617736,9.011157458106817,135.1565028745711,0.0001220479650016849,1.2186928417282368
spline,regime,10,1,1,1,1,0,0.0003678072281936161,0.05212775818711875,0.7684886078278376,8.86104146054594,1126.4263137064609,0.0003678072281936161,1.2726924611355699,0.00012225393264990846,0.006106782588855626,0.481958371705771,9.007383087464461,873.6622289578012,0.00012225393264990846,1.1970196680988459
spline,regime,11,1,1,1,1,0,0.0001220479650016849,0.0001220479650016849,0.00012236130231245345,9.011157458106817,139.31104985008545,0.0001220479650016849,1.2360314614322734,0.0001220479650016849,0.0001220479650016849,0.00012211381588395033,9.011157458106817,136.59179294475808,0.0001220479650016849,1.0149746233883428
spline,regime,12,1,1,1,1,0,0.0001220479650016849,0.0001220479650016849,0.00012245390778306575,9.011157458106817,161.64735767855225,0.0001220479650016849,1.1967929207174113,0.0001220479650016849,0.0001220479650016849,0.00012223306896168586,9.011157458106817,138.50318763248487,0.0001220479650016849,1.2140912378003323
spline,regime,13,1,1,1,1,0,0.0006612015875724134,0.06274415933333617,0.6655880080406457,9.011157458106817,938.2207081774861,0.0006612015875724134,1.1847828116091454,0.00012251356567132463,0.008008772501016555,0.35927777334547206,9.011157458106817,734.4688740073477,0.00012251356567132463,1.1229184526816143
spline,regime,14,1,1,1,1,0,0.00034325355222307165,0.05058762032716555,0.8149020672077942,8.899570087292336,1162.1977835668174,0.00034325355222307165,1.17453629419907,0.00012228727422977884,0.00614539205228024,0.4778004102889878,9.010054482682218,856.7798294085073,0.00012228727422977884,1.2177329405170758
spline,regime,15,1,1,1,1,0,0.0017568773308845212,0.09127618282428031,0.5457525614183876,9.011157458106817,643.539814441908,0.0017568773308845212,1.178408506657353,0.00012462686273631543,0.010653089453785621,0.2442033226194708,9.011157458106817,390.3375206819987,0.00012462686273631543,1.3140804659478342
spline,regime,16,1,1,1,1,0,0.0015179428029387916,0.09810179566052257,0.6882254700633839,9.011157458106817,765.2577151880217,0.0015179428029387916,1.2616328247504456,0.0001239469720500418,0.01639377885723445,0.40350695323333663,9.011157458106817,561.9670686260736,0.0001239469720500418,1.3417893041925473
spline,regime,17,1,1,1,1,0,0.0002359964100910602,0.05337422623815156,0.8235028835981768,8.498692219216206,1171.1807908500473,0.0002359964100910602,1.1561636985587878,0.0001221873616207431,0.007247429286791516,0.5004820477664976,8.984311994965346,817.0631605789981,0.0001221873616207431,1.1407893337289499
spline,regime,18,1,1,1,1,0,0.0016481598922058096,0.10291786720557723,0.7138695763418155,9.011157458106817,763.6141839152564,0.0016481598922058096,1.2174231146556056,0.0001243069083813187,0.014837428465346749,0.3667669082805505,9.011157458106817,489.7560963600025,0.0001243069083813187,1.3518680977891893
spline,regime,19,1,1,1,1,0,0.0001220479650016849,0.0001220479650016849,0.00012225425869487815,9.011157458106817,117.64270503826106,0.0001220479650016849,1.0414510950475506,0.0001220479650016849,0.0001220479650016849,0.0001221704192057374,9.011157458106817,131.71103173603544,0.0001220479650016849,1.291125075130538
spline,regime,20,1,1,1,1,0,0.00012204796500190697,0.00012204796500190697,0.00012235528570129584,9.011157458106817,132.33443607778008,0.00012204796500190697,1.1491190665171094,0.00012204796500146283,0.00012204796500146283,0.0001221704165464284,9.011157458106817,123.56649638582282,0.00012204796500146283,1.1743221696284458
spline,regime,21,1,1,1,1,0,0.0001220479650016849,0.0001220479650016849,0.00012268673416370024,9.011157458106817,154.591201525621,0.0001220479650016849,1.1593549161699706,0.0001220479650016849,0.0001220479650016849,0.00012227551897305526,9.011157458106817,135.3751696637463,0.0001220479650016849,1.3284599077872796
spline,regime,22,1,1,1,1,0,0.0001456646945233185,0.04935398069858082,0.7838040436426881,7.782254331525391,1227.5096635792227,0.0001456646945233185,1.2205629419957134,0.00012210545595839461,0.005861429390797362,0.4965315105115414,8.87418423448227,848.7808280387651,0.00012210545595839461,1.2313401338654795
spline,regime,23,1,1,1,1,0,0.0006175783962964516,0.06279134957445708,0.6318728931349837,9.011157458106792,962.0010603800063,0.0006175783962964516,1.1894143041455387,0.0001224079016940664,0.008175730346822166,0.40524282502206643,9.011157458106817,783.8199371832097,0.0001224079016940664,1.163880253383883
spline,regime,24,1,1,1,1,0,0.0005784418673340157,0.017143645604705566,0.07857947077323438,9.011157458106817,215.04547611054846,0.0005784418673340157,1.4421993826940174,0.0001225535437959708,0.0011825412004902865,0.02425134748426292,9.011157458106817,179.63924629606782,0.0001225535437959708,1.4692954606454034
spline,regime,25,1,1,1,1,0,0.0005668948070829968,0.06295823964786319,0.6349164508096153,9.011157458106767,1008.7123291316427,0.0005668948070829968,1.2693078860111964,0.00012256617553691192,0.007502342277093232,0.4121668117360709,9.011157458106817,778.7909472862381,0.00012256617553691192,1.1854329502920942
spline,regime,26,1,1,1,1,0,0.0001220479650016849,0.0001220479650016849,0.00012224835452317846,9.011157458106817,132.04687592170478,0.0001220479650016849,1.246034747352443,0.00012204796500146283,0.00012204796500146283,0.00012218013352070466,9.011157458106817,128.8353280149199,0.00012204796500146283,1.1176376689282637
spline,regime,27,1,1,1,1,0,0.0001220479650016849,0.0001220479650016849,0.00012230549441105093,9.011157458106817,124.80899316276468,0.0001220479650016849,1.2095398479768866,0.0001220479650016849,0.0001220479650016849,0.00012211694403219022,9.011157458106817,135.81702610950418,0.0001220479650016849,1.0063056515949877
spline,regime,28,1,1,1,1,0,0.001558924469982793,0.10256830382626063,0.6067063235493287,9.011157458106817,744.3326067863894,0.001558924469982793,1.2447129178005432,0.0001251481367637641,0.012473855243488569,0.3453348102520434,9.011157458106817,457.6498379953392,0.0001251481367637641,1.228884778436095
spline,regime,29,1,1,1,1,0,0.0012688247756936896,0.052256189095271355,0.3112728836834278,9.011157458106817,344.0272210348429,0.0012688247756936896,1.272198029056656,0.00012387799008364646,0.004924643793989237,0.10240234813895074,9.011157458106817,228.6515538870091,0.00012387799008364646,1.2132658355589154
spline,regime,30,1,1,1,1,0,0.00033779608936151235,0.0540002757887829,0.7866440592164446,8.990966734934847,1137.3297224183361,0.00033779608936151235,1.1334882506549464,0.00012233755225202677,0.006985789591064205,0.49567341979262797,9.010743963968721,833.2703295262922,0.00012233755225202677,1.0833958604848786
spline,regime,31,1,1,1,1,0,0.00012204796878423228,0.00012204803309708682,0.0001308348959933766,9.011156995693437,120.9050609120135,0.00012204796878423228,1.1913594257204314,0.0001220479650016849,0.00012204796527338964,0.00012525061665821297,9.011157455891535,135.68439383303337,0.0001220479650016849,1.1810737984644781
spline,regime,32,1,1,1,1,0,0.0014901321325772733,0.09635212456421713,0.6125583991896325,9.011157458106817,688.0571862194336,0.0014901321325772733,1.1200118138432704,0.00012546723020488275,0.011808548617809733,0.30372361573560613,9.011157458106817,454.24491902116654,0.00012546723020488275,1.2951697341454074
spline,regime,33,1,1,1,1,0,0.0001220479650016849,0.0001220479650016849,0.00012277300935549832,9.011157458106817,143.81514989277056,0.0001220479650016849,1.1741310375966327,0.0001220479650016849,0.0001220479650016849,0.00012226254974423564,9.011157458106817,141.36720646506004,0.0001220479650016849,1.3861830102668047
spline,regime,34,1,1,1,1,0,0.0001220479650016849,0.0001220479650016849,0.00012240673104708542,9.011157458106817,130.37982559207566,0.0001220479650016849,1.2274367380844573,0.0001220479650016849,0.0001220479650016849,0.0001221452405942825,9.011157458106817,115.9671753778867,0.0001220479650016849,1.2274492304597178
spline,regime,35,1,1,1,1,0,0.00012532137984058755,0.00021446143433168308,0.000700249113427101,9.011157458106817,174.79255033024768,0.00012532137984058755,1.179208554217872,0.0001220489060879479,0.00012450243434025056,0.00032948709300327126,9.011157458106817,161.90797043322038,0.0001220489060879479,1.2983288883039332
spline,regime,36,1,1,1,1,0,0.0001220479650016849,0.0001220479650016849,0.00012234762845367018,9.011157458106817,136.17474364089514,0.0001220479650016849,1.1291026983878294,0.0001220479650016849,0.0001220479650016849,0.00012214576973147384,9.011157458106817,122.2686298490939,0.0001220479650016849,1.3359100999197537
spline,regime,37,1,1,1,1,0,0.00012205097555797522,0.00012211128676075137,0.00015414859524370884,9.010720672287977,129.4690517345025,0.00012205097555797522,1.5005528603151579,0.00012204796521887104,0.0001220487418127345,0.00013347755477770352,9.011151122562463,114.41020118607649,0.00012204796521887104,1.0843102578283776
spline,regime,38,1,1,1,1,0,0.0009001791421364454,0.0344141267667912,0.15993163358891818,9.011157458106817,273.34478409304495,0.0009001791421364454,1.1516285060002633,0.0001227987655712715,0.0024877263599273596,0.053587973400602076,9.011157458106817,198.63337856314973,0.0001227987655712715,1.3833360854179215
spline,regime,39,1,1,1,1,0,0.000547726854632513,0.06403741964089026,0.6665122436498899,9.011157458106789,990.8314133771622,0.000547726854632513,1.192883951007523,0.00012237930507825168,0.007435600238358651,0.41908663806985064,9.011157458106817,767.6530868122484,0.00012237930507825168,1.185292793459182
spline,bound,0,1,1,1,1,0,0.0001220479650016849,0.0001220479650016849,0.00012722238246714926,9.011157458106817,161.22672331046817,0.0001220479650016849,1.2092027914458827,0.0001220479650016849,0.0001220479650016849,0.0001287822653609011,9.011157458106817,170.94417397956713,0.0001220479650016849,1.2327171661679466
spline,bound,1,1,1,1,1,0,0.0001220479650016849,0.0001220479650016849,0.00012693863963140906,9.011157458106817,180.6468027553106,0.0001220479650016849,1.3153732322642886,0.0001220479650016849,0.0001220479650016849,0.00012674101804456588,9.011157458106817,159.71350844520987,0.0001220479650016849,1.2915420866860792
spline,bound,2,1,1,1,1,0,0.0001220479650016849,0.0001220479650016849,0.0001259067081153035,9.011157458106817,160.28489923321288,0.0001220479650016849,1.1240870058116164,0.0001220479650016849,0.0001220479650016849,0.00012797041086679882,9.011157458106817,154.74397404429993,0.0001220479650016849,1.4130670521093178
spline,bound,3,1,1,1,1,0,0.0001220479650016849,0.0001220479650016849,0.00012707490745844592,9.011157458106817,143.65906586572459,0.0001220479650016849,1.2018310857928984,0.0001220479650016849,0.0001220479650016849,0.00012785678107106734,9.011157458106817,165.24141553524845,0.0001220479650016849,1.2166081045341286
spline,bound,4,1,1,1,1,0,0.0001220479650016849,0.0001220479650016849,0.00012697443763155463,9.011157458106817,170.34541196361494,0.0001220479650016849,1.1841430444541226,0.0001220479650016849,0.0001220479650016849,0.00012873939740483173,9.011157458106817,147.5823062879357,0.0001220479650016849,1.143305460504281
spline,bound,5,1,1,1,1,0,0.0001220479650016849,0.0001220479650016849,0.0001261352084201379,9.011157458106817,161.1508216955262,0.0001220479650016849,1.0537548051899905,0.0001220479650016849,0.0001220479650016849,0.00013111844296769955,9.011157458106817,161.03254302950347,0.0001220479650016849,1.2604618558748137
spline,bound,6,1,1,1,1,0,0.0001220479650016849,0.0001220479650016849,0.00012700714808777278,9.011157458106817,158.62000675317753,0.0001220479650016849,1.021013601236537,0.0001220479650016849,0.0001220479650016849,0.0001270606551301165,9.011157458106817,161.26272067568544,0.0001220479650016849,1.3837272795799735
spline,bound,7,1,1,1,1,0,0.0001220479650016849,0.0001220479650016849,0.0001277777908750514,9.011157458106817,150.78067661812958,0.0001220479650016849,1.248686039510769,0.0001220479650016849,0.0001220479650016849,0.00013000198128293404,9.011157458106817,158.1028505303015,0.0001220479650016849,1.2889576633927227
spline,bound,8,1,1,1,1,0,0.00012204796500146283,0.00012204796500146283,0.00012812705840923807,9.011157458106817,150.90730550280327,0.00012204796500146283,1.1641826949957021,0.0001220479650016849,0.0001220479650016849,0.0001263894885915,9.011157458106817,150.7301256358375,0.0001220479650016849,1.3615640189747138
spline,bound,9,1,1,1,1,0,0.0001220479650016849,0.0001220479650016849,0.00012743378553434318,9.011157458106817,146.33299805914274,0.0001220479650016849,1.2435283143968072,0.00012204796500190697,0.00012204796500190697,0.00012647421120039984,9.011157458106817,173.41150170821126,0.00012204796500190697,1.1988918094871646
spline,bound,10,1,1,1,1,0,0.0001220479650016849,0.0001220479650016849,0.0001261811527592182,9.011157458106817,161.29674513416322,0.0001220479650016849,1.2703008377544538,0.0001220479650016849,0.0001220479650016849,0.000131224382064024,9.011157458106817,148.62156218033357,0.0001220479650016849,1.091808452818133
spline,bound,11,1,1,1,1,0,0.0001220479650016849,0.0001220479650016849,0.0001261514225333323,9.011157458106817,163.14759455594233,0.0001220479650016849,1.1895817782352183,0.0001220479650016849,0.0001220479650016849,0.00012828919811637733,9.011157458106817,159.97368512935054,0.0001220479650016849,1.0857551622461608
spline,bound,12,1,1,1,1,0,0.0001220479650016849,0.0001220479650016849,0.00012664796274160296,9.011157458106817,161.93675009674521,0.0001220479650016849,1.1468567855281437,0.0001220479650016849,0.0001220479650016849,0.0001293874889733463,9.011157458106817,147.17430259133624,0.0001220479650016849,1.2003582198332026
spline,bound,13,1,1,1,1,0,0.00012204796500190697,0.00012204796500190697,0.0001264140202496671,9.011157458106817,158.10375600160717,0.00012204796500190697,1.082255259816868,0.0001220479650016849,0.0001220479650016849,0.00012735385255475504,9.011157458106817,164.1080654469796,0.0001220479650016849,1.2387416960387851
spline,bound,14,1,1,1,1,0,0.00012204796500190697,0.00012204796500190697,0.00012716730444887176,9.011157458106817,148.41868105422216,0.00012204796500190697,1.3045030673662934,0.00012204796500190697,0.00012204796500190697,0.00012689919775581466,9.011157458106817,158.4537046304286,0.00012204796500190697,1.0785673214864648
spline,bound,15,1,1,1,1,0,0.0001220479650016849,0.0001220479650016849,0.00012622398811261938,9.011157458106817,151.70085933416726,0.0001220479650016849,1.3008190326570617,0.0001220479650016849,0.0001220479650016849,0.00012689284217421728,9.011157458106817,174.6374078999059,0.0001220479650016849,1.256743160722564
spline,bound,16,1,1,1,1,0,0.0001220479650016849,0.0001220479650016849,0.00012669950535690544,9.011157458106817,158.43422039783,0.0001220479650016849,1.2920547575729586,0.0001220479650016849,0.0001220479650016849,0.0001304097784120417,9.011157458106817,144.44170824356897,0.0001220479650016849,1.028567471567398
spline,bound,17,1,1,1,1,0,0.0001220479650016849,0.0001220479650016849,0.0001266681594651918,9.011157458106817,178.68934250441762,0.0001220479650016849,1.3351087914757882,0.00012204796500190697,0.00012204796500190697,0.0001277921855472824,9.011157458106817,164.5677176743418,0.00012204796500190697,1.1577231570576618
spline,bound,18,1,1,1,1,0,0.0001220479650016849,0.0001220479650016849,0.00012711944069209574,9.011157458106817,154.53775356802484,0.0001220479650016849,1.136346530036863,0.00012204796500146283,0.00012204796500146283,0.00013072646996155603,9.011157458106817,145.47493419759363,0.00012204796500146283,1.4734879135101302
spline,bound,19,1,1,1,1,0,0.0001220479650016849,0.0001220479650016849,0.00012817461958972192,9.011157458106817,154.82772803203036,0.0001220479650016849,1.2106163969586976,0.0001220479650016849,0.0001220479650016849,0.0001288485075962263,9.011157458106817,141.17392754719032,0.0001220479650016849,1.1469174654033032
spline,bound,20,1,1,1,1,0,0.0001220479650016849,0.0001220479650016849,0.0001278030313383006,9.011157458106817,159.43916704260127,0.0001220479650016849,1.0521123851635874,0.0001220479650016849,0.0001220479650016849,0.00012653235494578877,9.011157458106817,160.2264396884057,0.0001220479650016849,1.4841925522190704
spline,bound,21,1,1,1,1,0,0.0001220479650016849,0.0001220479650016849,0.0001266973239350538,9.011157458106817,149.56121458473868,0.0001220479650016849,1.3569872388482593,0.0001220479650016849,0.0001220479650016849,0.00012814158434499944,9.011157458106817,163.35789386848347,0.0001220479650016849,1.2456474362943804
spline,bound,22,1,1,1,1,0,0.0001220479650016849,0.0001220479650016849,0.00012637856438507604,9.011157458106817,158.77069996129532,0.0001220479650016849,1.104828692442522,0.0001220479650016849,0.0001220479650016849,0.00013148617707887304,9.011157458106817,138.2996823569908,0.0001220479650016849,0.9482224223660256
spline,bound,23,1,1,1,1,0,0.0001220479650016849,0.0001220479650016849,0.00012681659163158403,9.011157458106817,139.96422060207638,0.0001220479650016849,1.1898020597254277,0.0001220479650016849,0.0001220479650016849,0.00012709870807123096,9.011157458106817,162.2785954008895,0.0001220479650016849,1.4495789419782497
spline,bound,24,1,1,1,1,0,0.0001220479650016849,0.0001220479650016849,0.00012704016084978637,9.011157458106817,168.1907543240495,0.0001220479650016849,1.2918667267417585,0.0001220479650016849,0.0001220479650016849,0.0001270808021545918,9.011157458106817,167.35097491977555,0.0001220479650016849,1.1366518676180446
spline,bound,25,1,1,1,1,0,0.00012204796500190697,0.00012204796500190697,0.00012830173550428973,9.011157458106817,167.84758485367644,0.00012204796500190697,1.1026536165853558,0.00012204796500146283,0.00012204796500146283,0.00012965783314960674,9.011157458106817,168.091973123801,0.00012204796500146283,1.2676820163803442
spline,bound,26,1,1,1,1,0,0.0001220479650016849,0.0001220479650016849,0.00012798536023647092,9.011157458106817,151.95332869145898,0.0001220479650016849,1.0172733671237277,0.0001220479650016849,0.0001220479650016849,0.0001281109350714585,9.011157458106817,157.5720743290878,0.0001220479650016849,0.978098486822506
spline,bound,27,1,1,1,1,0,0.0001220479650016849,0.0001220479650016849,0.00012785704855244003,9.011157458106817,156.89564108970632,0.0001220479650016849,1.025978311177922,0.0001220479650016849,0.0001220479650016849,0.00012975486821967938,9.011157458106817,180.77057979603276,0.0001220479650016849,1.0630378759362336
spline,bound,28,1,1,1,1,0,0.0001220479650016849,0.0001220479650016849,0.00012662960406439154,9.011157458106817,139.15576237160377,0.0001220479650016849,1.0591378328213576,0.00012204796500190697,0.00012204796500190697,0.00012886285542486594,9.011157458106817,160.60326401163735,0.00012204796500190697,1.1956212682243372
spline,bound,29,1,1,1,1,0,0.0001220479650016849,0.0001220479650016849,0.0001263036050252664,9.011157458106817,171.50921696864225,0.0001220479650016849,1.13478571335417,0.0001220479650016849,0.0001220479650016849,0.00012735052306751726,9.011157458106817,166.87277208862383,0.0001220479650016849,1.3001692549941006
spline,bound,30,1,1,1,1,0,0.0001220479650016849,0.0001220479650016849,0.00012663841492445386,9.011157458106817,159.7774299486626,0.0001220479650016849,1.2564041603564495,0.00012204796500190697,0.00012204796500190697,0.00012920720235188346,9.011157458106817,164.07553738374867,0.00012204796500190697,1.0351611919343857
spline,bound,31,1,1,1,1,0,0.0001220479650016849,0.0001220479650016849,0.00012677440466038792,9.011157458106817,139.17674784007704,0.0001220479650016849,1.3423843519166283,0.0001220479650016849,0.0001220479650016849,0.00012749413532381704,9.011157458106817,164.23337138315125,0.0001220479650016849,1.1860629911513325
spline,bound,32,1,1,1,1,0,0.0001220479650016849,0.0001220479650016849,0.00012744460281952725,9.011157458106817,168.03906364721337,0.0001220479650016849,1.1153146262786586,0.0001220479650016849,0.0001220479650016849,0.00013047440680569018,9.011157458106817,131.36613697502622,0.0001220479650016849,1.1275262102719612
spline,bound,33,1,1,1,1,0,0.0001220479650016849,0.0001220479650016849,0.0001277672292586592,9.011157458106817,146.1556210152459,0.0001220479650016849,1.0583444152889365,0.0001220479650016849,0.0001220479650016849,0.0001278712641978878,9.011157458106817,158.7106476945427,0.0001220479650016849,1.2490108312281483
spline,bound,34,1,1,1,1,0,0.0001220479650016849,0.0001220479650016849,0.00012725969480197126,9.011157458106817,150.38089056662386,0.0001220479650016849,1.1222893112817995,0.0001220479650016849,0.0001220479650016849,0.00013006361496449304,9.011157458106817,140.16961517608985,0.0001220479650016849,1.4203461706541916
spline,bound,35,1,1,1,1,0,0.0001220479650016849,0.0001220479650016849,0.00012920927695962256,9.011157458106817,159.6159687057851,0.0001220479650016849,1.2581631951771974,0.0001220479650016849,0.0001220479650016849,0.0001277260736661444,9.011157458106817,177.4348587880343,0.0001220479650016849,1.182872814937903
spline,bound,36,1,1,1,1,0,0.0001220479650016849,0.0001220479650016849,0.0001258952778852921,9.011157458106817,165.92926048427714,0.0001220479650016849,1.311771448007769,0.0001220479650016849,0.0001220479650016849,0.00012821962182006525,9.011157458106817,163.77619599301522,0.0001220479650016849,1.4555544825019107
spline,bound,37,1,1,1,1,0,0.00012204796500190697,0.00012204796500190697,0.00012757753073468187,9.011157458106817,144.18089895102838,0.00012204796500190697,1.3241831682981255,0.0001220479650016849,0.0001220479650016849,0.0001289771771431544,9.011157458106817,170.88428663248897,0.0001220479650016849,1.3118953853513402
spline,bound,38,1,1,1,1,0,0.00012204796500190697,0.00012204796500190697,0.00012751391976024732,9.011157458106817,169.43178979665223,0.00012204796500190697,1.1792437166285454,0.0001220479650016849,0.0001220479650016849,0.00012713963888022814,9.011157458106817,189.4765472237566,0.0001220479650016849,1.2627023663128603
spline,bound,39,1,1,1,1,0,0.0001220479650016849,0.0001220479650016849,0.00012524226235351325,9.011157458106817,171.34409843513376,0.0001220479650016849,1.295884820905093,0.0001220479650016849,0.0001220479650016849,0.00012714157775942157,9.011157458106817,162.17628220359836,0.0001220479650016849,1.2294881401491848
spline,asymptote,0,1,1,1,1,0,0.0001220479650016849,0.00012204796500612634,0.009233175930695078,9.011157458097085,285.6313182755573,0.0001220479650016849,1.5036042077336038,0.0001220479650016849,0.00012204796501634164,0.0071725478911396105,9.011157458087819,303.108895800083,0.0001220479650016849,1.3266120755794022
spline,asymptote,1,1,1,1,1,0,0.0001220479650016849,0.00012204796500679255,0.009003150798994585,9.011157458072068,268.4730627947042,0.0001220479650016849,1.1726571073924343,0.0001220479650016849,0.0001220479650119002,0.010347854406691906,9.011157458047443,285.3036814194376,0.0001220479650016849,1.1593391499053045
spline,asymptote,2,1,1,1,1,0,0.0001220479650016849,0.00012204796500523805,0.00972644419746879,9.011157458084503,266.05475046929126,0.0001220479650016849,1.367843970516253,0.0001220479650016849,0.0001220479650150092,0.010083799125313203,9.011157458011056,273.6419958694197,0.0001220479650016849,1.203302540116634
spline,asymptote,3,1,1,1,1,0,0.00012204796500190697,0.00012204796500834705,0.011204515134685497,9.011157458101398,258.940331958055,0.00012204796500190697,1.1324357327024883,0.0001220479650016849,0.00012204796501611956,0.008933587571660684,9.011157458096323,290.4348803859822,0.0001220479650016849,1.4656497754799505
spline,asymptote,4,1,1,1,1,0,0.0001220479650016849,0.00012204796501145606,0.00899673920316941,9.011157458096472,263.687747402158,0.0001220479650016849,1.1981404396195323,0.0001220479650016849,0.00012204796502078307,0.009348019753709597,9.011157458088666,301.0639590388982,0.0001220479650016849,1.1638834971790482
spline,asymptote,5,1,1,1,1,0,0.0001220479650016849,0.00012204796500501598,0.007647574241603352,9.011157458087197,268.97135339665283,0.0001220479650016849,1.126049461524933,0.00012204796500190697,0.00012204796501611956,0.010102287265159814,9.011157458007473,274.4528475283237,0.00012204796500190697,1.1139276568871765
spline,asymptote,6,1,1,1,1,0,0.0001220479650016849,0.00012204796500657048,0.008564693735534779,9.011157458070663,285.8205540922888,0.0001220479650016849,1.2980047285577287,0.0001220479650016849,0.00012204796501634164,0.010611518800210029,9.011157458002295,270.5862142389422,0.0001220479650016849,1.264286999066746
spline,asymptote,7,1,1,1,1,0,0.0001220479650016849,0.00012204796500523805,0.009388987376111397,9.011157458082165,245.5163616682344,0.0001220479650016849,1.1493453637215465,0.00012204796500190697,0.00012204796501323263,0.008745116958472706,9.0111574580337,256.81214215107406,0.00012204796500190697,1.271962572218003
spline,asymptote,8,1,1,1,1,0,0.0001220479650016849,0.00012204796500501598,0.00895000747338422,9.011157458100685,286.9587287854413,0.0001220479650016849,1.058025398912807,0.0001220479650016849,0.00012204796501811821,0.009777608734213484,9.01115745809243,274.53830646912286,0.0001220479650016849,1.1777590986771989
spline,asymptote,9,1,1,1,1,0,0.0001220479650016849,0.00012204796500834705,0.009397748133254455,9.011157458097934,277.7906366848085,0.0001220479650016849,1.0461647537099372,0.00012204796500190697,0.00012204796501945064,0.010283159330274622,9.011157458092104,275.63176633048124,0.00012204796500190697,1.285320842022684
spline,asymptote,10,1,1,1,1,0,0.0001220479650016849,0.00012204796500523805,0.008973700312415187,9.011157458081815,288.16636556933946,0.0001220479650016849,1.127970875383746,0.0001220479650016849,0.00012204796501323263,0.00866480488005147,9.011157458029258,286.2587708311028,0.0001220479650016849,1.2044790990125431
spline,asymptote,11,1,1,1,1,0,0.0001220479650016849,0.00012204796500523805,0.009164348470506296,9.011157458082403,272.0664815120567,0.0001220479650016849,1.197442936432716,0.00012204796500146283,0.00012204796501212227,0.0078859587154405,9.011157458037276,294.9295054164214,0.00012204796500146283,1.1237253032909427
spline,asymptote,12,1,1,1,1,0,0.0001220479650016849,0.00012204796500434976,0.007338203082538546,9.011157458088896,298.107365118813,0.0001220479650016849,1.274994695826469,0.0001220479650016849,0.00012204796501767407,0.010596748960746942,9.011157457995255,267.39994170834166,0.0001220479650016849,1.1438543310196172
spline,asymptote,13,1,1,1,1,0,0.0001220479650016849,0.00012204796501301056,0.009878567305232821,9.011157458096708,274.4586297894743,0.0001220479650016849,1.2656672884678077,0.0001220479650016849,0.00012204796501301056,0.009590889722162084,9.011157458092267,293.37028302565545,0.0001220479650016849,1.3278910978757235
spline,asymptote,14,1,1,1,1,0,0.0001220479650016849,0.00012204796500856913,0.00928907457604039,9.011157458097577,268.6971792927209,0.0001220479650016849,1.2623119789250918,0.0001220479650016849,0.0001220479650190065,0.011165186227732899,9.011157458088235,262.8582209748813,0.0001220479650016849,1.2885657353412228
spline,asymptote,15,1,1,1,1,0,0.0001220479650016849,0.00012204796500479391,0.00947605052461475,9.01115745808597,272.29278112263745,0.0001220479650016849,1.2059786415626668,0.0001220479650016849,0.00012204796501234435,0.010301419346491446,9.01115745802745,275.7088442822859,0.0001220479650016849,1.0746936613309022
spline,asymptote,16,1,1,1,1,0,0.00012204796500190697,0.00012204796500790291,0.010106295457143729,9.011157458102437,266.33198607757424,0.00012204796500190697,1.1775614861313994,0.0001220479650016849,0.00012204796502144929,0.012046841274637789,9.011157458085389,288.31314406763835,0.0001220479650016849,1.31490662474993
spline,asymptote,17,1,1,1,1,0,0.0001220479650016849,0.00012204796500657048,0.008315782095796706,9.011157458099373,276.60721952370176,0.0001220479650016849,1.2328928974804203,0.0001220479650016849,0.00012204796501589749,0.011084729234119569,9.011157458084462,262.9829947787036,0.0001220479650016849,1.239807845009881
spline,asymptote,18,1,1,1,1,0,0.0001220479650016849,0.00012204796500612634,0.010513675503908068,9.011157458074711,264.01292876420814,0.0001220479650016849,1.0487797513619184,0.0001220479650016849,0.00012204796501012363,0.009526727357023805,9.0111574580522,299.6052162567405,0.0001220479650016849,1.2367199326649236
spline,asymptote,19,1,1,1,1,0,0.00012204796500146283,0.00012204796500612634,0.007086622341300037,9.011157458075838,284.6360915017085,0.00012204796500146283,1.2862143434117213,0.0001220479650016849,0.00012204796501234435,0.009918001991839228,9.011157458032535,284.20458547153436,0.0001220479650016849,1.1280725454528664
spline,asymptote,20,1,1,1,1,0,0.0001220479650016849,0.00012204796500967948,0.00916422448558059,9.011157458100941,255.86999117173616,0.0001220479650016849,1.2092330768135717,0.0001220479650016849,0.00012204796502189343,0.00910366275944263,9.011157458092018,275.9360681422653,0.0001220479650016849,1.1679573031952857
spline,asymptote,21,1,1,1,1,0,0.0001220479650016849,0.0001220479650056822,0.009508157521848262,9.011157458080401,274.04932334946085,0.0001220479650016849,1.3514289026934059,0.00012204796500146283,0.00012204796501478713,0.011004841396905093,9.011157458014882,260.51634853452447,0.00012204796500146283,1.1883739151813613
spline,asymptote,22,1,1,1,1,0,0.0001220479650016849,0.00012204796500590427,0.006812705894381228,9.011157458079424,270.8963151361216,0.0001220479650016849,1.2815024941368791,0.0001220479650016849,0.00012204796501767407,0.008300845287900297,9.011157457991755,307.9876644545149,0.0001220479650016849,1.1781179646778321
spline,asymptote,23,1,1,1,1,0,0.0001220479650016849,0.00012204796500434976,0.008357888854489008,9.011157458088949,280.00611539095235,0.0001220479650016849,1.182189833040307,0.0001220479650016849,0.00012204796500945741,0.010289874236331875,9.011157458058072,298.5138433650186,0.0001220479650016849,1.238429568652656
spline,asymptote,24,1,1,1,1,0,0.0001220479650016849,0.00012204796500634841,0.008852469895312054,9.011157458075555,282.1369453626115,0.0001220479650016849,1.3995264814379584,0.0001220479650016849,0.00012204796501856235,0.011218899175029077,9.01115745799247,257.5966515217089,0.0001220479650016849,1.1710952780076223
spline,asymptote,25,1,1,1,1,0,0.0001220479650016849,0.00012204796501056777,0.00969065734028493,9.011157458095083,265.076964136077,0.0001220479650016849,1.1954720248614517,0.0001220479650016849,0.00012204796502500243,0.009457061430868956,9.011157458091619,296.41258381277794,0.0001220479650016849,1.2341149704408736
spline,asymptote,26,1,1,1,1,0,0.0001220479650016849,0.00012204796500967948,0.010907030797476229,9.011157458098833,259.02225381418936,0.0001220479650016849,1.280230784564746,0.0001220479650016849,0.00012204796501523128,0.010853357424617576,9.01115745808984,285.5580153721138,0.0001220479650016849,1.1116549705393233
spline,asymptote,27,1,1,1,1,0,0.0001220479650016849,0.00012204796500923534,0.008773685767276149,9.01115745810153,264.50959678775996,0.0001220479650016849,1.2844729233483496,0.0001220479650016849,0.0001220479650221155,0.010196147943118425,9.011157458088151,251.26708741044303,0.0001220479650016849,1.3587236069239303
spline,asymptote,28,1,1,1,1,0,0.0001220479650016849,0.00012204796500479391,0.007417154858457142,9.011157458089174,300.30791418792614,0.0001220479650016849,1.175187948577525,0.0001220479650016849,0.00012204796501456506,0.010361296468388143,9.011157458024885,261.2875392434344,0.0001220479650016849,1.2289960230269454
spline,asymptote,29,1,1,1,1,0,0.0001220479650016849,0.00012204796500923534,0.010537704033979281,9.011157458099687,260.1111305904327,0.0001220479650016849,1.17281790269171,0.00012204796500146283,0.00012204796501634164,0.009681246874714255,9.011157458093193,286.48918726336285,0.00012204796500146283,1.1392517157365751
spline,asymptote,30,1,1,1,1,0,0.0001220479650016849,0.00012204796501012363,0.00856005969147577,9.011157458101017,258.84741777017956,0.0001220479650016849,1.2518605002844592,0.0001220479650016849,0.00012204796501722992,0.01095331713126037,9.011157458093727,267.79603538801047,0.0001220479650016849,1.2607432497128055
spline,asymptote,31,1,1,1,1,0,0.00012204796500190697,0.00012204796500745877,0.009493177489937124,9.011157458101488,264.8216878292476,0.00012204796500190697,1.2513962917109198,0.0001220479650016849,0.0001220479650150092,0.00987758412685287,9.011157458090517,280.9513536370223,0.0001220479650016849,1.422568768479716
spline,asymptote,32,1,1,1,1,0,0.0001220479650016849,0.00012204796500457184,0.010764765982649884,9.011157458087348,267.43467902204526,0.0001220479650016849,1.3180306883291906,0.00012204796500146283,0.0001220479650119002,0.010999047377171141,9.011157458038099,266.06029551262475,0.00012204796500146283,1.1584732778169742
spline,asymptote,33,1,1,1,1,0,0.0001220479650016849,0.00012204796500790291,0.010156303306486068,9.01115745809994,289.5725290199883,0.0001220479650016849,1.232814663662406,0.0001220479650016849,0.00012204796501589749,0.010622611651510383,9.011157458084542,273.9410680066653,0.0001220479650016849,1.0770363867374795
spline,asymptote,34,1,1,1,1,0,0.0001220479650016849,0.00012204796500612634,0.008919936083665217,9.011157458076566,245.3313984518524,0.0001220479650016849,1.2582974490529595,0.0001220479650016849,0.00012204796500923534,0.008942925062644146,9.011157458055987,301.55944399511316,0.0001220479650016849,1.290115723374906
spline,asymptote,35,1,1,1,1,0,0.0001220479650016849,0.00012204796500612634,0.009040182568578223,9.011157458074956,266.0303379936964,0.0001220479650016849,1.1134758646195946,0.00012204796500190697,0.00012204796501922857,0.009951180567340713,9.011157457977344,281.35080224389566,0.00012204796500190697,1.191008618338773
spline,asymptote,36,1,1,1,1,0,0.0001220479650016849,0.0001220479650087912,0.008092644144724426,9.011157458099493,280.9710615095499,0.0001220479650016849,1.307745251170415,0.0001220479650016849,0.00012204796501389885,0.010122271042510941,9.011157458090471,280.6588453943644,0.0001220479650016849,1.275128625396782
spline,asymptote,37,1,1,1,1,0,0.0001220479650016849,0.00012204796500856913,0.008959294196780668,9.011157458098,298.4720293989301,0.0001220479650016849,1.2004101744279994,0.00012204796500146283,0.00012204796501945064,0.012276597533505716,9.011157458098442,277.71154411319213,0.00012204796500146283,1.1607850063776366
spline,asymptote,38,1,1,1,1,0,0.0001220479650016849,0.00012204796500856913,0.006981192772472299,9.011157458096333,250.79336117556852,0.0001220479650016849,1.201258655734003,0.0001220479650016849,0.0001220479650190065,0.011371759422925787,9.011157458091326,282.5822138345043,0.0001220479650016849,1.1971547345531823
spline,asymptote,39,1,1,1,1,0,0.0001220479650016849,0.00012204796501145606,0.009857821307713495,9.011157458102069,265.5691080047033,0.0001220479650016849,1.1561827684421562,0.00012204796500146283,0.00012204796501589749,0.010157515930431961,9.011157458083451,296.46177418124216,0.00012204796500146283,1.4117385597136236
basis,direction,0,1,1,1,1,0,0.1300291859293956,0.6267984212884817,1.659289339302194,2.0087483624368563,2858.5722015505426,0.1300291859293956,1.2728712802349882,0.22351128269905768,0.780467822892232,1.9512979184854924,2.1270657001183384,3409.0963440159917,0.22351128269905768,1.4301370250302934
basis,direction,1,1,1,1,1,0,0.12806228998165586,0.5779722648559349,1.5308369652107565,2.0608577391137977,2826.993955389226,0.12806228998165586,1.3154994291612574,0.2269746473780268,0.7612971293736226,1.800458233603332,2.073156731177834,3395.7427098718967,0.2269746473780268,1.406341966861121
basis,direction,2,1,1,1,1,0,0.1121508313383398,0.5725764869414752,1.5929462440352034,2.0639507945835778,2836.636408150294,0.1121508313383398,1.2850384958437402,0.2259509439111658,0.7972508841717851,1.8143214826301097,2.092959064429818,3326.7442377902926,0.2259509439111658,1.5022375298137147
basis,direction,3,1,1,1,1,0,0.12605030629333736,0.5919467489938829,1.5636288135700072,2.1128961406640956,2834.5473424203474,0.12605030629333736,1.3328260218649184,0.22956481241881763,0.7733226701181573,1.865014067894876,2.101731492190551,3356.932847579408,0.22956481241881763,1.4461942592534827
basis,direction,4,1,1,1,1,0,0.10684660104620985,0.5437055085965209,1.5702550615098874,2.1163358787694464,2769.6864086568653,0.10684660104620985,1.3476583304615297,0.1971874503937525,0.7173522631785247,1.771051183335649,2.088021734408347,3254.457972017357,0.1971874503937525,1.362258295061287
basis,direction,5,1,1,1,1,0,0.1288166690761738,0.5842914355727353,1.6457139897500919,2.1512504451564913,2824.6462212137353,0.1288166690761738,1.3352820489732324,0.232812944292187,0.796416651227827,1.8328576664201885,2.0556552379944537,3366.952967778347,0.232812944292187,1.4445582887625483
basis,direction,6,1,1,1,1,0,0.11599680498607007,0.5834288899736212,1.5763352906517394,2.1214705395615363,2750.654280243196,0.11599680498607007,1.337924749062933,0.21084974009857663,0.7368316922864707,1.802279022942567,2.041962871156467,3277.2045590183366,0.21084974009857663,1.418016088101022
basis,direction,7,1,1,1,1,0,0.1287887773662063,0.5758412722017399,1.6041112729016205,2.1671432957544585,2839.6913688228783,0.1287887773662063,1.3276322712449966,0.23945722656698865,0.800890793800714,1.8362990101639982,2.184873840755974,3375.4383732112456,0.23945722656698865,1.4087717863746314
basis,direction,8,1,1,1,1,0,0.12443077173170988,0.5515707162677658,1.5832344108845655,2.1948809463001617,2843.6535579293204,0.12443077173170988,1.3068970714374533,0.22900030961184864,0.7873768194536599,1.8398014291325273,2.0642706608132944,3391.0689764969375,0.22900030961184864,1.406880150541958
basis,direction,9,1,1,1,1,0,0.08164367028821705,0.5687118321430185,1.5952202656041012,1.977248071091121,2624.700824479844,0.08164367028821705,1.2684612512632256,0.1589773646010386,0.6834162048819018,1.8077429597839514,2.005503996472842,3048.0100994584373,0.1589773646010386,1.3272227990324863
basis,direction,10,1,1,1,1,0,0.1125385142214332,0.5756064324833587,1.6094512272357155,2.043141233285491,2805.1934695570258,0.1125385142214332,1.3320767198458991,0.2047337840408895,0.7747629826259943,1.8352163466362605,2.108129664924711,3306.9599646317643,0.2047337840408895,1.4175703362340983
basis,direction,11,1,1,1,1,0,0.12334014264931681,0.6029224969925655,1.585850440188087,2.015794483416665,2817.2261143675028,0.12334014264931681,1.2612302359939023,0.22074015080874002,0.7672322893294454,1.799916441212634,2.1034669995740027,3315.887772296469,0.22074015080874002,1.4282718238653593
basis,direction,12,1,1,1,1,0,0.10847303170002467,0.6006849579811113,1.5927682508940413,2.0166945637249616,2780.986345191532,0.10847303170002467,1.238774214836666,0.20108212094390956,0.7229209858009141,1.7647745055760151,2.06497188253161,3231.06955420851,0.20108212094390956,1.3767074088988331
basis,direction,13,1,1,1,1,0,0.12570281896235586,0.5624165144272735,1.572204611675157,2.183515940769616,2839.936846661237,0.12570281896235586,1.3737293555887136,0.22332456722046837,0.7914908595488831,1.8392617952976917,2.0285633822395495,3381.779698633443,0.22332456722046837,1.4043887787488991
basis,direction,14,1,1,1,1,0,0.128540877887499,0.579053102061457,1.5411706918708985,2.118190656892617,2780.839714967782,0.128540877887499,1.3041865411335143,0.21962699734683774,0.740424459180126,1.835316885840318,2.118388086139704,3355.811115165701,0.21962699734683774,1.430620604853479
basis,direction,15,1,1,1,1,0,0.11804442695408156,0.5862226638581185,1.6190297642238245,2.0756435396541058,2813.9406344135496,0.11804442695408156,1.3223490239485904,0.20858831090251004,0.7601904052506533,1.8490669013549919,2.0569987345354326,3295.911303950096,0.20858831090251004,1.4407280697909752
basis,direction,16,1,1,1,1,0,0.1316677680227209,0.5814066901412345,1.5482701830649193,2.1296491300107454,2762.5997809927726,0.1316677680227209,1.304943990166045,0.2107234649029671,0.7497043084322155,1.7325652031774468,2.130969096361029,3337.232487713489,0.2107234649029671,1.4053888277515674
basis,direction,17,1,1,1,1,0,0.13065599017246862,0.5921958994958191,1.6368827129420052,2.0990580835879213,2855.585261746495,0.13065599017246862,1.3010061731242495,0.23722790169667435,0.7904689834442232,1.847230350751281,2.04968754762016,3386.210164873789,0.23722790169667435,1.415978435661429
basis,direction,18,1,1,1,1,0,0.08929726082382523,0.5231974352488281,1.5182381111356507,2.1240423261960553,2641.2146153312187,0.08929726082382523,1.2128495823255998,0.18207110118376127,0.7034944647239743,1.7454363329704838,2.2279957869752374,3130.8986238551074,0.18207110118376127,1.3971332196857387
basis,direction,19,1,1,1,1,0,0.12895859780385002,0.595928652788115,1.6259225326001252,2.08192516670059,2851.657513061138,0.12895859780385002,1.332145665128489,0.22754711108475262,0.7697771838563996,1.8706727430203292,2.0581234930350023,3373.6944991650007,0.22754711108475262,1.4377731637857747
basis,direction,20,1,1,1,1,0,0.10827970368475094,0.5545267290428129,1.5218162128913366,2.137472384900022,2690.6990656031385,0.10827970368475094,1.2745041478471115,0.2015554780964421,0.7312742507086918,1.7987436159489447,2.0999394997997722,3172.1691605313886,0.2015554780964421,1.4712510475099045
basis,direction,21,1,1,1,1,0,0.13228456649050593,0.585652761067391,1.678225708131703,2.09507409683098,2815.4042541345934,0.13228456649050593,1.3474581687955978,0.22118582391421826,0.7653640063772912,1.786232697712938,2.118288465345725,3361.296636009778,0.22118582391421826,1.4201012614153707
basis,direction,22,1,1,1,1,0,0.12443584071935752,0.582426243054924,1.593461374281532,2.153100128599274,2793.557485803848,0.12443584071935752,1.3443087945254286,0.21819627134441064,0.7590854974165823,1.65224424008904,2.0803633014247356,3325.84413453892,0.21819627134441064,1.4327474699727771
basis,direction,23,1,1,1,1,0,0.11649636915441373,0.5921591633057234,1.6076106978552938,2.0203290876684536,2710.3929567153036,0.11649636915441373,1.2641087646277513,0.19683522351327812,0.7268277510677126,1.7850563213950594,2.10340388248705,3254.477006181767,0.19683522351327812,1.3432570441767342
basis,direction,24,1,1,1,1,0,0.08652961641102867,0.5605749024990753,1.5233227858193605,2.0140477866336055,2591.9449940596983,0.08652961641102867,1.2651122548966554,0.165854455918637,0.724537921888043,1.7509558919757007,2.033730257910884,3079.4146996745976,0.165854455918637,1.3936378429431842
basis,direction,25,1,1,1,1,0,0.1340699212865109,0.6013882984403215,1.603374895633023,2.063699391814805,2828.5137563936573,0.1340699212865109,1.3172545924465637,0.2197979771870403,0.7351386876342594,1.7381861617279917,2.142255183746522,3381.246100268078,0.2197979771870403,1.3974508950701567
basis,direction,26,1,1,1,1,0,0.12970710070860902,0.6030330238390672,1.6365563498448557,2.0828530107954215,2833.505001956898,0.12970710070860902,1.3156982800453283,0.23917813721768766,0.7852739552444926,1.869484035239896,2.1337807437744942,3372.3626487129422,0.23917813721768766,1.4211943086285876
basis,direction,27,1,1,1,1,0,0.11261211775986613,0.5881694864065766,1.5732196392416375,2.069003989830498,2761.5991384668105,0.11261211775986613,1.3671650408171143,0.21721233821070773,0.7517207356974932,1.8465396516537658,2.0889422333247225,3286.133646567582,0.21721233821070773,1.488073574698415
basis,direction,28,1,1,1,1,0,0.10297272871191884,0.5636331206043739,1.5609207328306578,2.123435493387571,2723.53987021752,0.10297272871191884,1.2699322290444148,0.1987516009698704,0.7784287004228082,1.9071252880851808,2.059799428138405,3152.9260622439197,0.1987516009698704,1.4180960689137514
basis,direction,29,1,1,1,1,0,0.12373243901378492,0.572162474724099,1.66391072886374,2.1667783895975625,2822.3141049557494,0.12373243901378492,1.2830794965480412,0.23569101775854534,0.7846774999266488,1.7705415438575711,2.0938849418814285,3325.097969351549,0.23569101775854534,1.4701035537973124
basis,direction,30,1,1,1,1,0,0.09067827444431811,0.5405489224862845,1.5216647061284136,2.1212435048089464,2707.7282482799824,0.09067827444431811,1.2991988331591153,0.1753533429686257,0.6862872944194424,1.7626274438253242,2.0987813501508414,3129.7290659898886,0.1753533429686257,1.3837472974230494
basis,direction,31,1,1,1,1,0,0.12234948318633747,0.5763884556116644,1.552545121985133,2.05048878018389,2805.836374848719,0.12234948318633747,1.3149268702529293,0.21487581256302554,0.7300790233367305,1.7824137288232496,2.1360461303485283,3294.5349661434743,0.21487581256302554,1.4120640344260067
basis,direction,32,1,1,1,1,0,0.1244802920813897,0.5948744844563189,1.7060329926787712,1.9949146552172776,2828.462407359706,0.1244802920813897,1.3420904743021398,0.21564581580870656,0.7588197456080612,1.8330168468069548,2.128988524055554,3391.9334718053387,0.21564581580870656,1.4238257527751832
basis,direction,33,1,1,1,1,0,0.12903000041870835,0.5906854171462217,1.6431960310262284,2.131943162620099,2834.4894862778297,0.12903000041870835,1.336575659211032,0.23115173892218766,0.7770367705166531,1.8339082094980381,2.153635150451163,3396.391166406857,0.23115173892218766,1.4415202522959496
basis,direction,34,1,1,1,1,0,0.13172979320650594,0.6043083459625567,1.6391593404335754,2.077549763085884,2836.831293103951,0.13172979320650594,1.373013630882731,0.22990246763937802,0.7869546246503051,1.8119946845097876,2.0119021522938705,3395.7805136866646,0.22990246763937802,1.4323057624775914
basis,direction,35,1,1,1,1,0,0.13550967711429723,0.5908014252197203,1.5381817321888638,2.141723804683234,2822.3183801061823,0.13550967711429723,1.3127469819695587,0.22574592985296651,0.7342811282997288,1.7646462819979272,2.173034405954611,3380.1796201810525,0.22574592985296651,1.402042996180296
basis,direction,36,1,1,1,1,0,0.13670373234922492,0.6105396065200108,1.5722001538453307,2.1259545879330743,2817.6292938262586,0.13670373234922492,1.3883433650111454,0.21861267042583424,0.7430357883528327,1.812689634600684,2.050998431630996,3400.3495618570405,0.21861267042583424,1.459234122888111
basis,direction,37,1,1,1,1,0,0.11869773478099935,0.5490135617283826,1.5722100019445067,2.1319420707791297,2784.6272262553634,0.11869773478099935,1.345969751970829,0.20699854846689883,0.7279175135455445,1.76473454289627,2.2134070177323917,3277.3087768301407,0.20699854846689883,1.4461222935873832
basis,direction,38,1,1,1,1,0,0.12616673747279908,0.5851697599472552,1.5800778669417306,2.118257031401427,2795.320134722119,0.12616673747279908,1.2724895730129542,0.2171567946606193,0.7620503306600934,1.7733471051059435,2.106228532603368,3342.487506446587,0.2171567946606193,1.4046965125974824
basis,direction,39,1,1,1,1,0,0.07245157651245879,0.5153204447957388,1.5109162499837971,2.051497664798699,2583.863881668659,0.07245157651245879,1.2957838846376075,0.15678793834313834,0.6678961250579725,1.7125314164216396,2.043387839784339,3025.7113809623324,0.15678793834313834,1.3425760939650424
basis,curvature,0,1,1,1,1,0,0.29687817512730086,0.8948724547451542,2.0021610971610824,2.130434384792464,3666.6226229744593,0.29687817512730086,1.542029809089341,0.33318175183339604,0.9223159767951992,1.9298063310210227,2.274580078903873,3784.592162427099,0.33318175183339604,1.5338541986742262
basis,curvature,1,1,1,1,1,0,0.31753390589700403,0.8948177181608954,1.9033227177092005,2.172277596019877,3727.524165000177,0.31753390589700403,1.531750801962614,0.3338243043063896,0.9723896417594003,2.0950057362884436,2.14582088704178,3847.9114480412804,0.3338243043063896,1.6135216191482527
basis,curvature,2,1,1,1,1,0,0.2765050173684256,0.8865818809201438,2.0046572401714364,2.059571156294656,3668.398687036008,0.2765050173684256,1.5258071472770365,0.32377201416366025,0.9205095876851338,2.039767177055384,2.188189881711175,3784.092064380672,0.32377201416366025,1.5285404112012744
basis,curvature,3,1,1,1,1,0,0.2848762676434999,0.8980433654917122,1.890877273723394,2.104960143649315,3543.5394255723295,0.2848762676434999,1.4692565004694678,0.3232616630129961,0.9316599922576879,2.037104269728954,2.192307463996551,3722.0699710786193,0.3232616630129961,1.4958237328871444
basis,curvature,4,1,1,1,1,0,0.30756015433805073,0.8789124734353179,1.9437678048143217,2.290119163758397,3650.9374216942547,0.30756015433805073,1.5031549005424214,0.35028680522616235,0.9614120033756337,2.0151597298247927,2.087561354864536,3789.435410755032,0.35028680522616235,1.5831627958862533
basis,curvature,5,1,1,1,1,0,0.31392861734822053,0.985073983562924,2.099452200433238,2.137425229924133,3725.033701633969,0.31392861734822053,1.5658262704776649,0.3334287294449559,0.9254111069144944,1.9467456582675353,2.2258704226496167,3838.916297651713,0.3334287294449559,1.5263847573813434
basis,curvature,6,1,1,1,1,0,0.25460496782921527,0.8643644465500225,1.9139674175741783,2.009777279520329,3493.090742413453,0.25460496782921527,1.4637810335835069,0.2913081014563584,0.8857813666621933,2.018213109768049,2.149563822771168,3656.744704983631,0.2913081014563584,1.4813729334192463
basis,curvature,7,1,1,1,1,0,0.30509995148962854,0.8891439217857215,1.987502314117791,2.2054943455209925,3730.902604975775,0.30509995148962854,1.5019885010337104,0.35203727228683707,0.9864172908009617,1.9727775419311067,2.1547977108654157,3841.1974582096564,0.35203727228683707,1.6423311952439754
basis,curvature,8,1,1,1,1,0,0.2966196438092888,0.8766201931782894,2.0159472190964296,2.1927527876275206,3702.9455831489,0.2966196438092888,1.50570995918861,0.3327474166726655,0.9805314370582803,2.021706774169436,2.115507476572036,3824.5528869190607,0.3327474166726655,1.515653627453226
basis,curvature,9,1,1,1,1,0,0.22651722024482615,0.8363782506985522,1.8812051872354845,2.089881139132395,3457.9407039905864,0.22651722024482615,1.4291689176659008,0.2840773250479787,0.9034780234006337,1.9928223427661005,2.124666934038771,3606.18066622183,0.2840773250479787,1.5111054519964489
basis,curvature,10,1,1,1,1,0,0.2560433182449339,0.8454987905919342,1.8876498068492549,2.074506013712863,3510.952180834006,0.2560433182449339,1.418847061705356,0.2785777952971534,0.895839166060693,1.9665681444214194,2.0894902586019053,3661.3548754303647,0.2785777952971534,1.483242471856592
basis,curvature,11,1,1,1,1,0,0.2657073952012183,0.8866185977433848,1.9731591077523698,2.134462189351548,3522.1782822064265,0.2657073952012183,1.4226240883365366,0.30997617080687956,0.9293208167147335,2.0242230462816693,2.1682436389369064,3690.908012304588,0.30997617080687956,1.5098079765616823
basis,curvature,12,1,1,1,1,0,0.30121763360977893,0.8411354917572728,1.8696902536887285,2.1818438085956497,3710.873330065582,0.30121763360977893,1.5075858428517712,0.3491400896798757,0.9477961234038269,1.976954962048762,2.1932788786612782,3839.054281840483,0.3491400896798757,1.524928343832488
basis,curvature,13,1,1,1,1,0,0.30125218882480426,0.8850737727528067,1.9253744915858402,2.1767979352820035,3716.8935747429714,0.30125218882480426,1.4818833936807354,0.3464263379616497,0.9880699854540751,2.090461767480934,2.1648185683286574,3836.843595416338,0.3464263379616497,1.565803283432134
basis,curvature,14,1,1,1,1,0,0.28919691236522077,0.8795140805298468,1.9572764777721243,2.179728287639575,3601.091965864561,0.28919691236522077,1.4881858009264508,0.2949006612794217,0.9094545890261707,1.9378349711768375,2.080101167900045,3723.6489182764003,0.2949006612794217,1.4645990973795067
basis,curvature,15,1,1,1,1,0,0.30288849223456604,0.9177978138808909,1.983378172037606,2.1533214110093204,3727.5162642172436,0.30288849223456604,1.5269388190184041,0.3477270995956128,0.9603673072155716,2.013165351110068,2.1975603200149756,3842.693508139106,0.3477270995956128,1.5577868295576316
basis,curvature,16,1,1,1,1,0,0.2907650878039271,0.900972259073042,1.9475257087923088,2.1014660895416317,3672.4185683658693,0.2907650878039271,1.524166211711563,0.34086394603640824,0.9599903533488187,2.0601887090684845,2.159501011992935,3798.5938722548394,0.34086394603640824,1.5121918194861466
basis,curvature,17,1,1,1,1,0,0.3133248842285193,0.9100808898807643,1.9689278825185093,2.186772595550156,3728.737008392597,0.3133248842285193,1.5526737776160553,0.33835769519695935,0.9877405547969839,2.0343099614644924,2.2117530765723226,3851.9467354196354,0.33835769519695935,1.5061142694972827
basis,curvature,18,1,1,1,1,0,0.2999273390202545,0.9149728343338046,2.040586727345321,2.114085770200484,3709.1652676422914,0.2999273390202545,1.4430864840593394,0.3339705464185212,0.947615692223022,1.9850072536630097,2.1561470079838116,3825.752559619336,0.3339705464185212,1.4766223688735176
basis,curvature,19,1,1,1,1,0,0.27986979281755836,0.8920669799767842,1.9943706056120116,2.118047954239198,3631.6982079895674,0.27986979281755836,1.4745506821668215,0.31866041424579694,0.919582154300384,2.018900958944638,2.2091893992015996,3768.223936238846,0.31866041424579694,1.5365686479554088
basis,curvature,20,1,1,1,1,0,0.28288299102108083,0.8818067383828316,1.917027815811335,2.110592716248981,3699.4161833951707,0.28288299102108083,1.4894683077602422,0.3306752295632482,0.9305325868843508,1.988672912767797,2.156792419875193,3803.963819096227,0.3306752295632482,1.5951310648602728
basis,curvature,21,1,1,1,1,0,0.2999517581306292,0.9113696483924524,1.9504661210711274,2.119962502670622,3671.965185946882,0.2999517581306292,1.535838048853336,0.31948378300763336,0.9397709737660642,2.027862526853865,2.1543526029501856,3802.567835645983,0.31948378300763336,1.4918589635691262
basis,curvature,22,1,1,1,1,0,0.26197834324535724,0.8536852650379855,1.8828682692528131,2.0609488811705425,3487.6365697061997,0.26197834324535724,1.4184385296119792,0.3018058997255118,0.9279363469856928,2.0037889846502788,2.1756813681676634,3675.6979838449656,0.3018058997255118,1.5139136582864978
basis,curvature,23,1,1,1,1,0,0.26653448870126434,0.8589904971287808,1.961121329131081,2.1200031711895178,3553.6848214270713,0.26653448870126434,1.465369999388269,0.3074663709469681,0.9395376668777699,2.0544280215937034,2.165089590019681,3698.7743688810447,0.3074663709469681,1.4868261826789952
basis,curvature,24,1,1,1,1,0,0.3102384818258653,0.9278331539704782,1.9949806931264105,2.1010131282346083,3715.7555375900106,0.3102384818258653,1.5298695787663508,0.34488806541099787,0.9900721392646508,2.033115008340273,2.094632551458341,3848.957388951963,0.34488806541099787,1.5531005020344877
basis,curvature,25,1,1,1,1,0,0.30791551675264767,0.8735645459277513,1.8596360148009166,2.1593215597699125,3689.526122208477,0.30791551675264767,1.5412358315071495,0.3405132888256114,0.9723883877028737,2.060517414654201,2.2086450364534183,3824.531036751574,0.3405132888256114,1.5571706398323077
basis,curvature,26,1,1,1,1,0,0.31159718507119155,0.9277383145629671,1.9823612226087002,2.1476313245981236,3681.1672493075293,0.31159718507119155,1.5029500289665716,0.33163605904041765,0.9531462315665793,2.077716195169792,2.204810226729288,3821.5415567181135,0.33163605904041765,1.579029164952286
basis,curvature,27,1,1,1,1,0,0.23023389728478283,0.8457057552027692,1.8322392021821579,2.0389576985680473,3462.161510547847,0.23023389728478283,1.4033797471055136,0.3107571196768857,0.9370943093871819,1.983564628539821,2.081633396275311,3629.3506673425013,0.3107571196768857,1.5105940752633555
basis,curvature,28,1,1,1,1,0,0.22883902491363253,0.8189611136353474,1.8708736485719588,2.0985195190505888,3436.154423013828,0.22883902491363253,1.40625738032648,0.2643586209789857,0.8884447547788719,1.980657724703316,2.119025978072433,3575.3553752889584,0.2643586209789857,1.527481167737312
basis,curvature,29,1,1,1,1,0,0.3014813248814413,0.935893787887564,1.987987555738893,2.102471477891661,3660.286681804243,0.3014813248814413,1.4560128848912384,0.3170397069071235,0.9218775765801034,1.9547425547803308,2.089666003109727,3801.243495364879,0.3170397069071235,1.5153713592617575
basis,curvature,30,1,1,1,1,0,0.2951264717156171,0.876946711813264,1.9015863761149134,2.1692430748586125,3684.897616107192,0.2951264717156171,1.5114038614413414,0.3307304579872692,0.9411548870444112,2.006830055672614,2.2251132109215623,3817.3127326097324,0.3307304579872692,1.5444553435263815
basis,curvature,31,1,1,1,1,0,0.279738869399779,0.8555337244649341,1.9027885719206794,2.167891777080438,3578.7510445347066,0.279738869399779,1.4815380275241365,0.3054532038303238,0.9056239616628929,1.9207027266710932,2.157515422819329,3722.4317803183217,0.3054532038303238,1.528368686720863
basis,curvature,32,1,1,1,1,0,0.2260055355609524,0.8271355279895212,1.852068545855003,2.1284690727905766,3441.7990727497245,0.2260055355609524,1.4439633779068135,0.27310646690021767,0.8932516677787654,2.0393253343728768,2.0518639441058695,3612.4320325951394,0.27310646690021767,1.4832405949363352
basis,curvature,33,1,1,1,1,0,0.29780616404592003,0.8845697497366691,1.9504538166379974,2.1497192662063047,3735.511271578249,0.29780616404592003,1.4858843071624055,0.33896199518835946,0.9635714958247078,2.076500703208778,2.161827706535306,3850.870486836453,0.33896199518835946,1.6007442124001077
basis,curvature,34,1,1,1,1,0,0.29401912948067277,0.8669433512435633,1.9689336822793964,2.19588974754232,3663.98175559579,0.29401912948067277,1.5266872647418717,0.3220716923792636,0.946554579406147,1.9528795989603664,2.1445675910608024,3808.297388950965,0.3220716923792636,1.5291405200271857
basis,curvature,35,1,1,1,1,0,0.24111825136210557,0.8263303795798079,1.8584285737425303,2.1762931467966307,3460.948985317632,0.24111825136210557,1.4962537608184014,0.2869727542555365,0.8987596487649397,1.9103953036641346,2.145901402288589,3629.806996026627,0.2869727542555365,1.4935682302927624
basis,curvature,36,1,1,1,1,0,0.27700296725970314,0.8679351116239081,1.8774160432100269,2.101934534952328,3639.763233394211,0.27700296725970314,1.4385967670969197,0.29557112867346697,0.9207517356740081,2.0317313701693163,2.1391614303042483,3770.4674280261374,0.29557112867346697,1.5480924069950714
basis,curvature,37,1,1,1,1,0,0.2987786184590697,0.8831908157905268,1.911587048107296,2.136245091652113,3732.937369065152,0.2987786184590697,1.521448168150306,0.3424852417943789,0.9660870684879264,2.0043476551071007,2.2094088786402817,3849.6687215078387,0.3424852417943789,1.5054964488084297
basis,curvature,38,1,1,1,1,0,0.22732220995520933,0.8401321199112525,1.8847883340959026,2.0329552708357914,3426.7233542627023,0.22732220995520933,1.434309211542593,0.26850240673759834,0.896827648888376,1.983269299020337,2.07006012693742,3600.388398057059,0.26850240673759834,1.4259560101574797
basis,curvature,39,1,1,1,1,0,0.30748324482460193,0.9006430183474793,1.981961652422378,2.161703987359762,3690.637571132972,0.30748324482460193,1.499206063667685,0.32798424841853585,0.9604785600890058,2.064083295895019,2.1300820804191503,3829.6216811373797,0.32798424841853585,1.5615792516910272
basis,inflection,0,1,1,1,1,0,0.00012204796500146283,0.00012204796500146283,0.0001220479653608859,9.011157458106817,82.67750617191192,0.00012204796500146283,1.1550574922581185,0.0001220479650016849,0.0001220479650016849,0.00012204796829400899,9.011157458106817,93.31803029891604,0.0001220479650016849,1.223367355364683
basis,inflection,1,1,1,1,1,0,0.00012204796500146283,0.00012204796500146283,0.00012204802167338513,9.011157458106817,91.48407068462576,0.00012204796500146283,1.3962470715793798,0.00012204796500146283,0.00012204796500146283,0.00012204799515480331,9.011157458106817,117.4918251043317,0.00012204796500146283,1.0833216812741322
basis,inflection,2,1,1,1,1,0,0.0001220479650016849,0.0001220479650016849,0.0001220479700521507,9.011157458106817,116.82046725877822,0.0001220479650016849,1.141945029225399,0.0001220479650016849,0.0001220479650016849,0.00012204797156989977,9.011157458106817,88.2851212214908,0.0001220479650016849,1.8238481521170664
basis,inflection,3,1,1,1,1,0,0.0001220479650016849,0.0001220479650016849,0.00012204796575628456,9.011157458106817,87.61291581133618,0.0001220479650016849,1.0307810471647563,0.0001220479650016849,0.0001220479650016849,0.00012204796859880241,9.011157458106817,95.9661348164105,0.0001220479650016849,1.1894591529612546
basis,inflection,4,1,1,1,1,0,0.0001220479650016849,0.0001220479650016849,0.0001220479662642736,9.011157458106817,106.9112338816476,0.0001220479650016849,1.6396860282546881,0.0001220479650016849,0.0001220479650016849,0.00012204798757505181,9.011157458106817,91.4471536630262,0.0001220479650016849,1.2105487954236858
basis,inflection,5,1,1,1,1,0,0.0001220479650016849,0.0001220479650016849,0.00012204796960834039,9.011157458106817,96.06484313713628,0.0001220479650016849,0.9966782065927655,0.0001220479650016849,0.0001220479650016849,0.00012204796993511891,9.011157458106817,103.21995194995253,0.0001220479650016849,1.3312971676172232
basis,inflection,6,1,1,1,1,0,0.0001220479650016849,0.0001220479650016849,0.00012204796603964806,9.011157458106817,88.89396960866263,0.0001220479650016849,1.2545349370987202,0.0001220479650016849,0.0001220479650016849,0.00012204796860324384,9.011157458106817,91.03824734870828,0.0001220479650016849,1.451284345836619
basis,inflection,7,1,1,1,1,0,0.0001220479650016849,0.0001220479650016849,0.00012204796575450799,9.011157458106817,94.18898858204886,0.0001220479650016849,1.2661989808289627,0.00012204796500190697,0.00012204796500190697,0.00012204796877290663,9.011157458106817,90.57292449236853,0.00012204796500190697,1.2784759599739235
basis,inflection,8,1,1,1,1,0,0.0001220479650016849,0.0001220479650016849,0.00012204796527094685,9.011157458106817,86.87359074628968,0.0001220479650016849,1.2947335277225345,0.0001220479650016849,0.0001220479650016849,0.000122047968922694,9.011157458106817,83.08886230256198,0.0001220479650016849,1.6786052553886626
basis,inflection,9,1,1,1,1,0,0.00012204796500190697,0.00012204796500190697,0.00012204796672163027,9.011157458106817,99.49754283182992,0.00012204796500190697,1.256701615522415,0.0001220479650016849,0.0001220479650016849,0.00012204796884263714,9.011157458106817,90.93066045184035,0.0001220479650016849,1.3673725823923553
basis,inflection,10,1,1,1,1,0,0.0001220479650016849,0.0001220479650016849,0.00012204796901707447,9.011157458106817,93.21138452326738,0.0001220479650016849,1.1166457366645686,0.0001220479650016849,0.0001220479650016849,0.00012204797051350466,9.011157458106817,86.46507043906385,0.0001220479650016849,1.1727123915739754
basis,inflection,11,1,1,1,1,0,0.0001220479650016849,0.0001220479650016849,0.00012204799183960584,9.011157458106817,102.86937782434894,0.0001220479650016849,1.377862017510333,0.0001220479650016849,0.0001220479650016849,0.00012204798864255051,9.011157458106817,92.47098304049794,0.0001220479650016849,1.0808274155838762
basis,inflection,12,1,1,1,1,0,0.0001220479650016849,0.0001220479650016849,0.0001220479654550443,9.011157458106817,107.66804022546089,0.0001220479650016849,1.077292401216746,0.0001220479650016849,0.0001220479650016849,0.00012204797281849794,9.011157458106817,113.62503686741155,0.0001220479650016849,1.1010097682357363
basis,inflection,13,1,1,1,1,0,0.00012204796500146283,0.00012204796500146283,0.00012204803363971904,9.011157458106817,100.25146328538669,0.00012204796500146283,1.3590116082000572,0.0001220479650016849,0.0001220479650016849,0.00012204798272289607,9.011157458106817,94.20846207492121,0.0001220479650016849,1.0255711549272826
basis,inflection,14,1,1,1,1,0,0.0001220479650016849,0.0001220479650016849,0.0001220480033334822,9.011157458106817,89.62480582292702,0.0001220479650016849,1.0768094150060559,0.0001220479650016849,0.0001220479650016849,0.0001220480007899839,9.011157458106817,117.74416328837194,0.0001220479650016849,1.2792035045107084
basis,inflection,15,1,1,1,1,0,0.0001220479650016849,0.0001220479650016849,0.000122047974515792,9.011157458106817,104.30916648593497,0.0001220479650016849,1.041183029618154,0.0001220479650016849,0.0001220479650016849,0.00012204797030431311,9.011157458106817,90.52681438789931,0.0001220479650016849,1.4466444388216408
basis,inflection,16,1,1,1,1,0,0.0001220479650016849,0.0001220479650016849,0.0001220480801786204,9.011157458106817,108.29343026039714,0.0001220479650016849,1.261910574180684,0.0001220479650016849,0.0001220479650016849,0.00012204800443951033,9.011157458106817,98.24484994179744,0.0001220479650016849,1.2965553343786966
basis,inflection,17,1,1,1,1,0,0.0001220479650016849,0.0001220479650016849,0.00012204796674716852,9.011157458106817,101.664017361617,0.0001220479650016849,1.1511629981807225,0.0001220479650016849,0.0001220479650016849,0.00012204796918229581,9.011157458106817,109.60861639092789,0.0001220479650016849,1.2792390059258993
basis,inflection,18,1,1,1,1,0,0.0001220479650016849,0.0001220479650016849,0.0001220479698465123,9.011157458106817,99.81358915678524,0.0001220479650016849,1.1526943031862773,0.0001220479650016849,0.0001220479650016849,0.00012204797606041175,9.011157458106817,99.01368824424009,0.0001220479650016849,1.144085510763357
basis,inflection,19,1,1,1,1,0,0.00012204796500190697,0.00012204796500190697,0.00012204796537998406,9.011157458106817,92.39629274504674,0.00012204796500190697,1.4051673484368472,0.0001220479650016849,0.0001220479650016849,0.00012204797040024809,9.011157458106817,91.34250973924263,0.0001220479650016849,1.158543785524215
basis,inflection,20,1,1,1,1,0,0.0001220479650016849,0.0001220479650016849,0.00012204796558429002,9.011157458106817,94.72147777942077,0.0001220479650016849,1.4041885787570982,0.0001220479650016849,0.0001220479650016849,0.00012204797451823479,9.011157458106817,103.79418589131818,0.0001220479650016849,1.1403279811704037
basis,inflection,21,1,1,1,1,0,0.0001220479650016849,0.0001220479650016849,0.00012204796544860422,9.011157458106817,103.94007436948647,0.0001220479650016849,1.0964642821125885,0.0001220479650016849,0.0001220479650016849,0.00012204797252647365,9.011157458106817,101.98671434142767,0.0001220479650016849,1.3624801950241936
basis,inflection,22,1,1,1,1,0,0.00012204796500146283,0.00012204796500146283,0.00012204796943645688,9.011157458106817,113.79344420957902,0.00012204796500146283,1.0771455261896659,0.0001220479650016849,0.0001220479650016849,0.00012204797178697487,9.011157458106817,93.14059321428955,0.0001220479650016849,1.3209468938227826
basis,inflection,23,1,1,1,1,0,0.0001220479650016849,0.0001220479650016849,0.00012204800524352094,9.011157458106817,112.79500267346525,0.0001220479650016849,1.1159652024453801,0.00012204796500146283,0.00012204796500146283,0.00012204801675394164,9.011157458106817,95.46978676446038,0.00012204796500146283,1.0697992366373648
basis,inflection,24,1,1,1,1,0,0.0001220479650016849,0.0001220479650016849,0.00012204801955115686,9.011157458106817,114.815755005603,0.0001220479650016849,1.5655830503595909,0.0001220479650016849,0.0001220479650016849,0.00012204799858825396,9.011157458106817,103.43645243676698,0.0001220479650016849,1.310288706752963
basis,inflection,25,1,1,1,1,0,0.0001220479650016849,0.0001220479650016849,0.00012204796692038445,9.011157458106817,89.16144143726127,0.0001220479650016849,1.391020324445205,0.00012204796500190697,0.00012204796500190697,0.00012204796763145805,9.011157458106817,99.71036730784456,0.00012204796500190697,1.4211489928764052
basis,inflection,26,1,1,1,1,0,0.0001220479650016849,0.0001220479650016849,0.00012204796541595968,9.011157458106817,93.98574375257454,0.0001220479650016849,1.3588833932510425,0.00012204796500146283,0.00012204796500146283,0.0001220479725842123,9.011157458106817,91.61293104623884,0.00012204796500146283,1.3947216292130127
basis,inflection,27,1,1,1,1,0,0.0001220479650016849,0.0001220479650016849,0.00012204796523064084,9.011157458106817,95.53467018311147,0.0001220479650016849,1.277492342114719,0.0001220479650016849,0.0001220479650016849,0.00012204796858570018,9.011157458106817,104.44902336557185,0.0001220479650016849,1.2855482912424279
basis,inflection,28,1,1,1,1,0,0.0001220479650016849,0.0001220479650016849,0.00012204799157101011,9.011157458106817,94.34803176895676,0.0001220479650016849,1.26701984189837,0.0001220479650016849,0.0001220479650016849,0.00012204799925968776,9.011157458106817,97.00220857852538,0.0001220479650016849,1.5078108548306948
basis,inflection,29,1,1,1,1,0,0.00012204796500190697,0.00012204796500190697,0.00012204796593793922,9.011157458106817,93.95290077418652,0.00012204796500190697,1.4345635920059605,0.0001220479650016849,0.0001220479650016849,0.00012204796836085257,9.011157458106817,99.11121804257999,0.0001220479650016849,1.2956525544600392
basis,inflection,30,1,1,1,1,0,0.0001220479650016849,0.0001220479650016849,0.00012204797135782129,9.011157458106817,114.92118834238929,0.0001220479650016849,1.2333319182534184,0.00012204796500190697,0.00012204796500190697,0.00012204797243087178,9.011157458106817,98.58930217359976,0.00012204796500190697,1.2067765251232114
basis,inflection,31,1,1,1,1,0,0.0001220479650016849,0.0001220479650016849,0.00012204797048907678,9.011157458106817,106.79879653422242,0.0001220479650016849,1.1183299949020526,0.00012204796500190697,0.00012204796500190697,0.00012204797583145582,9.011157458106817,97.33788775537619,0.00012204796500190697,1.1896690977659845
basis,inflection,32,1,1,1,1,0,0.0001220479650016849,0.0001220479650016849,0.00012204798581402318,9.011157458106817,103.36580438391098,0.0001220479650016849,1.2149390505314206,0.00012204796500146283,0.00012204796500146283,0.00012204798255101256,9.011157458106817,108.55484172654138,0.00012204796500146283,1.2950926419756819
basis,inflection,33,1,1,1,1,0,0.0001220479650016849,0.0001220479650016849,0.00012204796614235623,9.011157458106817,102.86748001472421,0.0001220479650016849,1.4348489022721336,0.0001220479650016849,0.0001220479650016849,0.00012204796835818771,9.011157458106817,96.78674769058185,0.0001220479650016849,1.2525818715022217
basis,inflection,34,1,1,1,1,0,0.0001220479650016849,0.0001220479650016849,0.00012204796536688183,9.011157458106817,96.2901472385379,0.0001220479650016849,1.4544560857553095,0.0001220479650016849,0.0001220479650016849,0.00012204796963387863,9.011157458106817,102.07209314826277,0.0001220479650016849,1.4239949985498002
basis,inflection,35,1,1,1,1,0,0.00012204796500146283,0.00012204796500146283,0.00012204796652121055,9.011157458106817,109.65439119047757,0.00012204796500146283,1.0712706416039184,0.0001220479650016849,0.0001220479650016849,0.00012204797034628467,9.011157458106817,101.67629487637865,0.0001220479650016849,1.086071974290961
basis,inflection,36,1,1,1,1,0,0.0001220479650016849,0.0001220479650016849,0.00012204796631734874,9.011157458106817,97.71835583725831,0.0001220479650016849,1.1494301458763785,0.0001220479650016849,0.0001220479650016849,0.00012204797160598643,9.011157458106817,114.09356720105603,0.0001220479650016849,0.8628912366808033
basis,inflection,37,1,1,1,1,0,0.0001220479650016849,0.0001220479650016849,0.00012204796668498844,9.011157458106817,101.88341094441742,0.0001220479650016849,1.2700507060407018,0.00012204796500146283,0.00012204796500146283,0.00012204797086071378,9.011157458106817,88.93231262594058,0.00012204796500146283,1.4615858661118282
basis,inflection,38,1,1,1,1,0,0.0001220479650016849,0.0001220479650016849,0.00012204800268692042,9.011157458106817,101.42791058139353,0.0001220479650016849,1.2175539201465608,0.0001220479650016849,0.0001220479650016849,0.00012204800577937997,9.011157458106817,100.8451436364507,0.0001220479650016849,1.1359761092234644
basis,inflection,39,1,1,1,1,0,0.0001220479650016849,0.0001220479650016849,0.00012204796539375251,9.011157458106817,87.19244642394781,0.0001220479650016849,1.2521848507302067,0.0001220479650016849,0.0001220479650016849,0.00012204797120969946,9.011157458106817,84.7167394519507,0.0001220479650016849,1.2944232878357185
basis,turning,0,1,1,1,1,0,0.0001220479650016849,0.0001220479650016849,0.00012204811185648314,9.011157458106817,103.03998483869725,0.0001220479650016849,1.2850011793608211,0.0001220479650016849,0.0001220479650016849,0.00012204809573874074,9.011157458106817,112.96844385780163,0.0001220479650016849,1.2983610634065503
basis,turning,1,1,1,1,1,0,0.0001220479650016849,0.0001220479650016849,0.00012204849346927855,9.011157458106817,138.318579539766,0.0001220479650016849,1.289165863986435,0.0001220479650016849,0.0001220479650016849,0.00012204862514170048,9.011157458106817,109.0736499504977,0.0001220479650016849,1.2682381453587472
basis,turning,2,1,1,1,1,0,0.0001220479650016849,0.0001220479650016849,0.00012204796508429558,9.011157458106817,97.5867969988778,0.0001220479650016849,0.9469440660350693,0.0001220479650016849,0.0001220479650016849,0.00012204796500368355,9.011157458106817,91.82574849512329,0.0001220479650016849,1.2673514858224424
basis,turning,3,1,1,1,1,0,0.0001220479650016849,0.0001220479650016849,0.00012204902851752338,9.011157458106817,123.73556865850932,0.0001220479650016849,0.9882972603230331,0.0001220479650016849,0.0001220479650016849,0.00012204999857703886,9.011157458106817,107.46274472356609,0.0001220479650016849,1.53617935489476
basis,turning,4,1,1,1,1,0,0.0001220479650016849,0.0001220479650016849,0.00012204832621530639,9.011157458106817,104.49318328939384,0.0001220479650016849,1.0644004534341311,0.0001220479650016849,0.0001220479650016849,0.00012204855521387384,9.011157458106817,105.28386997945593,0.0001220479650016849,1.011193296768497
basis,turning,5,1,1,1,1,0,0.0001220479650016849,0.0001220479650016849,0.0001220479933919981,9.011157458106817,110.04093874422679,0.0001220479650016849,1.0926371132153347,0.0001220479650016849,0.0001220479650016849,0.00012204799694647784,9.011157458106817,93.21248753147201,0.0001220479650016849,1.2422314840892204
basis,turning,6,1,1,1,1,0,0.0001220479650016849,0.0001220479650016849,0.0001220479699948562,9.011157458106817,107.91856514348368,0.0001220479650016849,1.2466149703738378,0.0001220479650016849,0.0001220479650016849,0.00012204796647102234,9.011157458106817,104.28888653537803,0.0001220479650016849,1.2283604432326365
basis,turning,7,1,1,1,1,0,0.0001220479650016849,0.0001220479650016849,0.00012204931453155829,9.011157458106817,111.41603103549842,0.0001220479650016849,1.5366077205973208,0.0001220479650016849,0.0001220479650016849,0.00012204930445749738,9.011157458106817,118.38662092973048,0.0001220479650016849,1.163167438568213
basis,turning,8,1,1,1,1,0,0.0001220479650016849,0.0001220479650016849,0.00012204800696524288,9.011157458106817,108.62560950462895,0.0001220479650016849,0.8706951997865214,0.0001220479650016849,0.0001220479650016849,0.00012204798610960062,9.011157458106817,90.99277019079204,0.0001220479650016849,1.269704359974364
basis,turning,9,1,1,1,1,0,0.0001220479650016849,0.0001220479650016849,0.00012204801485567269,9.011157458106817,94.24104593602154,0.0001220479650016849,1.1254977050125181,0.0001220479650016849,0.0001220479650016849,0.00012204798504987444,9.011157458106817,100.55250731755143,0.0001220479650016849,1.2555904102990636
basis,turning,10,1,1,1,1,0,0.0001220479650016849,0.0001220479650016849,0.00012204836002894379,9.011157458106817,116.43489705094915,0.0001220479650016849,1.337291594709135,0.0001220479650016849,0.0001220479650016849,0.00012204825943423585,9.011157458106817,115.29687805339134,0.0001220479650016849,1.3340130107481067
basis,turning,11,1,1,1,1,0,0.00012204796500190697,0.00012204796500190697,0.00012204796612514567,9.011157458106817,101.58611920906607,0.00012204796500190697,1.3400350659361424,0.0001220479650016849,0.0001220479650016849,0.0001220479651335955,9.011157458106817,99.4124027498933,0.0001220479650016849,1.3450947310382577
basis,turning,12,1,1,1,1,0,0.0001220479650016849,0.0001220479650016849,0.00012204796509806403,9.011157458106817,106.44360634876247,0.0001220479650016849,1.1170877951933988,0.0001220479650016849,0.0001220479650016849,0.00012204796502344793,9.011157458106817,98.53996523890392,0.0001220479650016849,1.2937547460111245
basis,turning,13,1,1,1,1,0,0.00012204796500146283,0.00012204796500146283,0.00012204814118771417,9.011157458106817,119.81214369689206,0.00012204796500146283,1.2065210277860146,0.0001220479650016849,0.0001220479650016849,0.00012204808018572669,9.011157458106817,103.82450041330199,0.0001220479650016849,1.2143692430609911
basis,turning,14,1,1,1,1,0,0.0001220479650016849,0.0001220479650016849,0.0001220479986146805,9.011157458106817,138.95635227944518,0.0001220479650016849,1.4089301537886023,0.0001220479650016849,0.0001220479650016849,0.00012204800632001354,9.011157458106817,114.00279951231605,0.0001220479650016849,1.0776406204156088
basis,turning,15,1,1,1,1,0,0.0001220479650016849,0.0001220479650016849,0.00012204796507541271,9.011157458106817,92.08813987828964,0.0001220479650016849,1.4522905652753957,0.0001220479650016849,0.0001220479650016849,0.00012204796501145606,9.011157458106817,81.25835620029791,0.0001220479650016849,1.2872573354845613
basis,turning,16,1,1,1,1,0,0.0001220479650016849,0.0001220479650016849,0.00012204796576583364,9.011157458106817,110.26798487807513,0.0001220479650016849,0.9547555969848548,0.0001220479650016849,0.0001220479650016849,0.00012204796512560092,9.011157458106817,99.36010216625216,0.0001220479650016849,1.5944165028574502
basis,turning,17,1,1,1,1,0,0.0001220479650016849,0.0001220479650016849,0.00012204796529115538,9.011157458106817,97.72144801490627,0.0001220479650016849,1.2529986833492464,0.0001220479650016849,0.0001220479650016849,0.00012204796502966594,9.011157458106817,92.93572837939932,0.0001220479650016849,1.172649999151148
basis,turning,18,1,1,1,1,0,0.0001220479650016849,0.0001220479650016849,0.00012204796504432267,9.011157458106817,80.6438039148031,0.0001220479650016849,1.496500622974377,0.0001220479650016849,0.0001220479650016849,0.00012204796500279526,9.011157458106817,93.85327057409484,0.0001220479650016849,1.1468004758422023
basis,turning,19,1,1,1,1,0,0.00012204796500146283,0.00012204796500146283,0.0001220479782314958,9.011157458106817,100.82266899678186,0.00012204796500146283,1.3424145150114495,0.0001220479650016849,0.0001220479650016849,0.00012204796994844321,9.011157458106817,108.9001747812877,0.0001220479650016849,0.9514916503363403
basis,turning,20,1,1,1,1,0,0.0001220479650016849,0.0001220479650016849,0.00012204798643837779,9.011157458106817,99.43469827181963,0.0001220479650016849,1.0438511076699772,0.0001220479650016849,0.0001220479650016849,0.00012204797444450698,9.011157458106817,123.34219129729529,0.0001220479650016849,1.520848569072444
basis,turning,21,1,1,1,1,0,0.0001220479650016849,0.0001220479650016849,0.00012204796605941244,9.011157458106817,111.92534063794679,0.0001220479650016849,1.2215351581373568,0.0001220479650016849,0.0001220479650016849,0.00012204796530048239,9.011157458106817,102.27642795572265,0.0001220479650016849,1.4549208339360178
basis,turning,22,1,1,1,1,0,0.00012204796500146283,0.00012204796500146283,0.00012204831986294522,9.011157458106817,103.12557368990922,0.00012204796500146283,1.3626093253074036,0.0001220479650016849,0.0001220479650016849,0.00012204902962643845,9.011157458106817,95.39046645698429,0.0001220479650016849,1.375886706776052
basis,turning,23,1,1,1,1,0,0.0001220479650016849,0.0001220479650016849,0.00012204919651388138,9.011157458106817,113.16535826618303,0.0001220479650016849,1.0268105693374872,0.00012204796500190697,0.00012204796500190697,0.00012204937912266876,9.011157458106817,114.26689989255748,0.00012204796500190697,1.1443897057115437
basis,turning,24,1,1,1,1,0,0.00012204796500190697,0.00012204796500190697,0.0001220488190064143,9.011157458106817,108.12551872534398,0.00012204796500190697,1.3298623361094999,0.00012204796500190697,0.00012204796500190697,0.00012204914332448753,9.011157458106817,120.911804005209,0.00012204796500190697,1.095202501566349
basis,turning,25,1,1,1,1,0,0.0001220479650016849,0.0001220479650016849,0.00012204796607051603,9.011157458106817,94.62252040367278,0.0001220479650016849,1.3392794201645377,0.00012204796500146283,0.00012204796500146283,0.00012204796574407062,9.011157458106817,93.03640190422679,0.00012204796500146283,1.4414138651749482
basis,turning,26,1,1,1,1,0,0.0001220479650016849,0.0001220479650016849,0.00012204797047775112,9.011157458106817,92.35862405307955,0.0001220479650016849,1.5053587569485984,0.0001220479650016849,0.0001220479650016849,0.00012204796592839014,9.011157458106817,105.51045592216586,0.0001220479650016849,1.2329679652382912
basis,turning,27,1,1,1,1,0,0.0001220479650016849,0.0001220479650016849,0.00012204867533023934,9.011157458106817,116.1039155659308,0.0001220479650016849,1.1769913434727621,0.0001220479650016849,0.0001220479650016849,0.00012204905697901059,9.011157458106817,119.24026893983765,0.0001220479650016849,1.1414188086344612
basis,turning,28,1,1,1,1,0,0.0001220479650016849,0.0001220479650016849,0.00012204796595015316,9.011157458106817,112.61657114237921,0.0001220479650016849,1.3133328690422237,0.00012204796500190697,0.00012204796500190697,0.00012204796522597733,9.011157458106817,88.67456331587981,0.00012204796500190697,1.238624055721189
basis,turning,29,1,1,1,1,0,0.0001220479650016849,0.0001220479650016849,0.00012204796511716219,9.011157458106817,109.39412917755753,0.0001220479650016849,0.9880333158800789,0.0001220479650016849,0.0001220479650016849,0.00012204796502255964,9.011157458106817,84.65486610313633,0.0001220479650016849,1.0856494227745788
basis,turning,30,1,1,1,1,0,0.00012204796500190697,0.00012204796500190697,0.0001220479793058787,9.011157458106817,117.3409554419037,0.00012204796500190697,1.178053539892539,0.0001220479650016849,0.0001220479650016849,0.00012204797941391659,9.011157458106817,93.79308965224376,0.0001220479650016849,1.2722749455145401
basis,turning,31,1,1,1,1,0,0.00012204796500146283,0.00012204796500146283,0.00012204796502833351,9.011157458106817,99.16461051517689,0.00012204796500146283,1.2458210371015312,0.0001220479650016849,0.0001220479650016849,0.00012204796500434976,9.011157458106817,95.82385140679258,0.0001220479650016849,1.3417327914701063
basis,turning,32,1,1,1,1,0,0.0001220479650016849,0.0001220479650016849,0.0001220481389100357,9.011157458106817,125.47137263948447,0.0001220479650016849,1.189036129174813,0.0001220479650016849,0.0001220479650016849,0.0001220482461113769,9.011157458106817,109.41161240447174,0.0001220479650016849,1.0849568534480354
basis,turning,33,1,1,1,1,0,0.0001220479650016849,0.0001220479650016849,0.00012204797095065282,9.011157458106817,94.0660915213183,0.0001220479650016849,1.6355948269100875,0.0001220479650016849,0.0001220479650016849,0.0001220479700317201,9.011157458106817,104.50339702449521,0.0001220479650016849,1.119572405832928
basis,turning,34,1,1,1,1,0,0.00012204796500190697,0.00012204796500190697,0.00012204827607684473,9.011157458106817,104.46629201461995,0.00012204796500190697,0.9948669132198749,0.0001220479650016849,0.0001220479650016849,0.00012204823460950596,9.011157458106817,103.01139383654791,0.0001220479650016849,1.3223439871793974
basis,turning,35,1,1,1,1,0,0.0001220479650016849,0.0001220479650016849,0.000122049060448881,9.011157458106817,108.6839935194623,0.0001220479650016849,1.0301857391801625,0.00012204796500190697,0.00012204796500190697,0.00012204847407053772,9.011157458106817,124.27155085247485,0.00012204796500190697,0.8866426322303943
basis,turning,36,1,1,1,1,0,0.0001220479650016849,0.0001220479650016849,0.00012204810832887408,9.011157458106817,107.52639747175613,0.0001220479650016849,1.0440970491038195,0.0001220479650016849,0.0001220479650016849,0.0001220481598698296,9.011157458106817,103.89091749378635,0.0001220479650016849,1.6018332389171244
basis,turning,37,1,1,1,1,0,0.0001220479650016849,0.0001220479650016849,0.00012204796505809112,9.011157458106817,81.86165755928359,0.0001220479650016849,1.0643519771171066,0.0001220479650016849,0.0001220479650016849,0.00012204796500257319,9.011157458106817,95.38084939187223,0.0001220479650016849,1.06056919361925
basis,turning,38,1,1,1,1,0,0.00012204796500146283,0.00012204796500146283,0.00012204822647235448,9.011157458106817,103.0197618404766,0.00012204796500146283,1.4014336089643602,0.00012204796500146283,0.00012204796500146283,0.00012204804486577693,9.011157458106817,126.12512229420454,0.00012204796500146283,1.1888047029481565
basis,turning,39,1,1,1,1,0,0.00012204796500146283,0.00012204796500146283,0.00012204796577915795,9.011157458106817,100.07524200721635,0.00012204796500146283,1.2168979267063733,0.0001220479650016849,0.0001220479650016849,0.00012204796516135446,9.011157458106817,86.4812863388368,0.0001220479650016849,1.2513085261422945
basis,regime,0,1,1,1,1,0,0.0001220479650016849,0.0001220479650016849,0.00012357159597892368,9.011157458106817,149.37736482868337,0.0001220479650016849,1.3354028709886383,0.00012204796500190697,0.00012204796500190697,0.00012233811952592718,9.011157458106817,119.35503895367813,0.00012204796500190697,0.9957616994124082
basis,regime,1,1,1,1,1,0,0.00012204796500679255,0.00012204796509073566,0.00012583914623895406,9.01115745750083,130.29316975064438,0.00012204796500679255,1.0464621482842267,0.00012204796500146283,0.0001220479650016849,0.00012334569079882756,9.01115745810473,142.444612532595,0.00012204796500146283,1.2338736192374449
basis,regime,2,1,1,1,1,0,0.001604659421210057,0.08256141816960336,0.46948046069199456,9.011157458106817,586.3232631081466,0.001604659421210057,1.0869529112094105,0.0001245945275476177,0.010082869494911524,0.2819621662087381,9.011157458106817,367.7363543899868,0.0001245945275476177,1.0826289967909033
basis,regime,3,1,1,1,1,0,0.0001220479650016849,0.0001220479650016849,0.00012292419110812984,9.011157458106817,133.18526937122434,0.0001220479650016849,1.2116481790154712,0.0001220479650016849,0.0001220479650016849,0.0001224954970355013,9.011157458106817,123.34440010266613,0.0001220479650016849,1.4016554289922203
basis,regime,4,1,1,1,1,0,0.0001220479650016849,0.0001220479650016849,0.0001236119007324699,9.011157458106535,152.97566053201615,0.0001220479650016849,1.20062788259834,0.0001220479650016849,0.0001220479650016849,0.00012274348099632515,9.011157458106815,126.93233576888817,0.0001220479650016849,1.1674738779118186
basis,regime,5,1,1,1,1,0,0.0001220479650016849,0.0001220479650016849,0.00012231533565655654,9.011157458106817,132.06499216033106,0.0001220479650016849,1.5270421392584346,0.0001220479650016849,0.0001220479650016849,0.00012213672860518255,9.011157458106817,120.47387213902671,0.0001220479650016849,1.124972791309222
basis,regime,6,1,1,1,1,0,0.0001220479650016849,0.0001220479650016849,0.00012234719218023646,9.011157458106817,141.01574973337836,0.0001220479650016849,1.1917128206998118,0.0001220479650016849,0.0001220479650016849,0.0001221874824275463,9.011157458106817,105.5032358485041,0.0001220479650016849,1.2988660392682687
basis,regime,7,1,1,1,1,0,0.0001220479650016849,0.0001220479650016849,0.00012234446507735237,9.011157458106817,131.2193898302504,0.0001220479650016849,1.2603260244343346,0.0001220479650016849,0.0001220479650016849,0.00012217732014562768,9.011157458106817,112.65506882038724,0.0001220479650016849,1.1662290552811683
basis,regime,8,1,1,1,1,0,0.0009031171387951253,0.08940264261655986,0.6909859841643247,9.011157458106817,737.9103297522489,0.0009031171387951253,1.2400763525801148,0.00012296807921102757,0.01162477048968672,0.4328697028795436,9.011157458106817,541.6081933411303,0.00012296807921102757,1.3014495672780537
basis,regime,9,1,1,1,1,0,0.00012442018844728304,0.00018005509402737273,0.0006145803464229011,9.011157458106817,142.04166264819494,0.00012442018844728304,1.225011413742233,0.00012204837009123489,0.00012329486500688573,0.0002637393222859421,9.011157458106817,150.36541078326232,0.00012204837009123489,1.1890555611580973
basis,regime,10,1,1,1,1,0,0.0012907456869360023,0.09217527705132919,0.6994356798862448,9.011157458106817,756.0504895644559,0.0012907456869360023,1.1172708033574066,0.00012445894238009243,0.01356130250027533,0.43805030374463233,9.011157458106817,534.4045216067665,0.00012445894238009243,1.172504301375381
basis,regime,11,1,1,1,1,0,0.0001220515644795962,0.0001221222726080862,0.00015135349186810458,9.010632781232365,150.7097680540785,0.0001220515644795962,1.1855660835175297,0.0001220479652113206,0.00012204874521365166,0.00013593945444347253,9.011151101449606,136.38504397290913,0.0001220479652113206,1.5053467008971746
basis,regime,12,1,1,1,1,0,0.0001220479650016849,0.0001220479650016849,0.00012232540733559557,9.011157458106817,125.50095606368394,0.0001220479650016849,1.204455157247743,0.0001220479650016849,0.0001220479650016849,0.00012211814869055967,9.011157458106817,123.34424237989771,0.0001220479650016849,1.2770548732631644
basis,regime,13,1,1,1,1,0,0.0006303257979903231,0.05401636016121213,0.6131234178003464,9.011157458106805,1004.1847001556112,0.0006303257979903231,1.2516061074151286,0.00012251631285018364,0.008437019328047732,0.4221432795330867,9.011157458106817,772.888854713721,0.00012251631285018364,1.2428817547803739
basis,regime,14,1,1,1,1,0,0.0010746532160272873,0.03978198996353206,0.22061997946580175,9.011157458106817,338.16061703849215,0.0010746532160272873,1.2885276995126946,0.00012326492618943712,0.0039051387010331693,0.0886471698402682,9.011157458106817,203.56966531027254,0.00012326492618943712,1.0393423127434775
basis,regime,15,1,1,1,1,0,0.0001220479650016849,0.0001220479650016849,0.00012248177644675636,9.011157458106817,136.19832968772394,0.0001220479650016849,1.5634097320570677,0.00012204796500190697,0.00012204796500190697,0.00012221494459714103,9.011157458106817,112.60692753284118,0.00012204796500190697,1.1476519443376905
basis,regime,16,1,1,1,1,0,0.0003600495070579632,0.05798083423195342,0.8019087414705794,8.963873033222981,1096.534617152241,0.0003600495070579632,1.2166990185592013,0.00012229386428055808,0.007812177677508002,0.5084984099190092,9.010487258124147,797.3499411214276,0.00012229386428055808,1.2327124937646954
basis,regime,17,1,1,1,1,0,0.00044407127893333144,0.06085004555741426,0.7394655139310371,9.008231846738543,1075.3537225439761,0.00044407127893333144,1.1816860106657427,0.00012228942794144515,0.007082954302027554,0.4921942228496194,9.011132179596673,861.8762173819663,0.00012228942794144515,1.1902231217862302
basis,regime,18,1,1,1,1,0,0.00013472173289889703,0.05386720123051906,0.7718952642124441,7.523063834220841,1210.264167288798,0.00013472173289889703,1.212887728065762,0.00012207802294926745,0.007308852850365384,0.5006806261442867,8.76020289326181,867.2966221886245,0.00012207802294926745,1.2085914440894865
basis,regime,19,1,1,1,1,0,0.0001220479650016849,0.0001220479650016849,0.00012220523247224023,9.011157458106817,136.1810217182361,0.0001220479650016849,1.4014241461207857,0.0001220479650016849,0.0001220479650016849,0.00012212456258915792,9.011157458106817,124.48525288425313,0.0001220479650016849,1.0867044246484998
basis,regime,20,1,1,1,1,0,0.0001220479650016849,0.0001220479650016849,0.00012338366424214593,9.011157458106815,131.51385950218102,0.0001220479650016849,1.2334231531360726,0.0001220479650016849,0.0001220479650016849,0.0001223890385876909,9.011157458106817,146.02175452100866,0.0001220479650016849,1.0496903241209872
basis,regime,21,1,1,1,1,0,0.0010273727139223606,0.09461753523002166,0.6289047682006911,9.011157458106817,760.700290929008,0.0010273727139223606,1.174792002018618,0.0001233590504397143,0.014455853907216147,0.43648106230707573,9.011157458106817,540.552967054963,0.0001233590504397143,1.197269312364814
basis,regime,22,1,1,1,1,0,0.0001220479650016849,0.0001220479650016849,0.0001222855182247655,9.011157458106817,125.33883839327515,0.0001220479650016849,1.281343772431149,0.00012204796500146283,0.00012204796500146283,0.00012211054191976428,9.011157458106817,139.8125743226199,0.00012204796500146283,0.9826013935996124
basis,regime,23,1,1,1,1,0,0.00012204796500190697,0.00012204796500190697,0.00012226869797254549,9.011157458106817,122.72631575857065,0.00012204796500190697,1.5731167562483848,0.0001220479650016849,0.0001220479650016849,0.0001221396622387587,9.011157458106817,122.40515661901574,0.0001220479650016849,1.1475782091759763
basis,regime,24,1,1,1,1,0,0.00012204796501367678,0.00012204796519666386,0.0001249581057127042,9.011157456783996,134.116296812529,0.00012204796501367678,1.2804733084890416,0.0001220479650016849,0.00012204796500212905,0.00012326692185080746,9.011157458102357,143.22688965865814,0.0001220479650016849,1.1462037837465024
basis,regime,25,1,1,1,1,0,0.0001220479650016849,0.0001220479650016849,0.0001225153301401172,9.011157458106817,136.02043313633786,0.0001220479650016849,1.3910716046154619,0.0001220479650016849,0.0001220479650016849,0.00012217647048140266,9.011157458106817,118.03213652353247,0.0001220479650016849,1.5602645041140875
basis,regime,26,1,1,1,1,0,0.0004143106566532038,0.05209344471756306,0.7516209438391586,9.00617106326493,1115.4681162046772,0.0004143106566532038,1.1920882841453444,0.00012239050596408026,0.0073970335307428775,0.4765080168264001,9.01107075654637,779.117546614349,0.00012239050596408026,1.2080122607380728
basis,regime,27,1,1,1,1,0,0.00017044691917019388,0.0016237412498234852,0.006988789483169271,9.011157458106817,169.59165237281047,0.00017044691917019388,1.1302215481440814,0.00012207176452748157,0.00016868786465678976,0.002005204008556249,9.011157458106817,153.9747442094191,0.00012207176452748157,1.5954648920929242
basis,regime,28,1,1,1,1,0,0.0001220479650016849,0.0001220479650016849,0.00012247796941266113,9.011157458106817,129.47133243483253,0.0001220479650016849,1.026087514241747,0.0001220479650016849,0.0001220479650016849,0.00012215098669005278,9.011157458106817,110.30814648398791,0.0001220479650016849,1.2247136345331882
basis,regime,29,1,1,1,1,0,0.0011267777005051548,0.04750752509687308,0.23685277354984852,9.011157458106817,320.26593485057856,0.0011267777005051548,1.167969908708606,0.000123520058545113,0.004246588731861985,0.11499195485647902,9.011157458106817,232.43124213571423,0.000123520058545113,1.2191200945418446
basis,regime,30,1,1,1,1,0,0.0001220479650016849,0.0001220479650016849,0.00012314033066604307,9.011157458106817,158.53386524028804,0.0001220479650016849,1.1474779228917351,0.0001220479650016849,0.0001220479650016849,0.0001223314357581267,9.011157458106817,139.4227503024571,0.0001220479650016849,1.1023709476340662
basis,regime,31,1,1,1,1,0,0.0001220479778103368,0.00012204824427839704,0.000130740509614686,9.011155513090515,147.55451363093061,0.0001220479778103368,1.1276531861602388,0.00012204796500212905,0.00012204796644814896,0.00012776367964953468,9.011157446320743,128.82118547343885,0.00012204796500212905,1.2560861661710596
basis,regime,32,1,1,1,1,0,0.0006369203115652031,0.07159801855093739,0.8118636676727377,9.011157453292943,996.1930587462634,0.0006369203115652031,1.0909019557051787,0.00012247593592726425,0.007197574285737483,0.4166777362688415,9.01115745810581,776.219733693281,0.00012247593592726425,1.1619912647019386
basis,regime,33,1,1,1,1,0,0.0013079923860376812,0.09515353851823874,0.610526805539493,9.011157458106817,769.6472561384156,0.0013079923860376812,1.2921693478371372,0.00012477799872185575,0.014409111313566507,0.4072653833191603,9.011157458106817,510.8714585872103,0.00012477799872185575,1.2766747023656806
basis,regime,34,1,1,1,1,0,0.00012211918553288302,0.00012372548757890275,0.00019933328836171916,8.999479440750589,127.09989861194893,0.00012211918553288302,1.2475660036696625,0.00012204797154413946,0.00012206891566276306,0.00015620999772267621,9.010986825358335,137.59311653016857,0.00012204797154413946,1.2864175389947083
basis,regime,35,1,1,1,1,0,0.0001220479650016849,0.0001220479650016849,0.00012347895180613562,9.011157458106817,132.5938533534919,0.0001220479650016849,1.0770032454720488,0.0001220479650016849,0.0001220479650016849,0.0001223551873029579,9.011157458106817,146.478730014568,0.0001220479650016849,1.2227645157138902
basis,regime,36,1,1,1,1,0,0.0001304081922508377,0.04987223812291869,0.8529373122766334,7.595441908460236,1234.1564566854242,0.0001304081922508377,1.1375909700592417,0.00012206648018931674,0.007158123346656307,0.5214957376469485,8.814483471019734,853.8021082520258,0.00012206648018931674,1.2649043013229877
basis,regime,37,1,1,1,1,0,0.0001220479650016849,0.0001220479650016849,0.00012231189012506082,9.011157458106817,128.74406535478158,0.0001220479650016849,1.301179587610937,0.0001220479650016849,0.0001220479650016849,0.00012215652779965804,9.011157458106817,122.66545808623525,0.0001220479650016849,1.3177410733729713
basis,regime,38,1,1,1,1,0,0.0001220479650016849,0.0001220479650016849,0.000122663205892907,9.011157458106817,131.56113293627035,0.0001220479650016849,1.1847980370543418,0.00012204796500190697,0.00012204796500190697,0.0001222917670600519,9.011157458106817,133.30714800101515,0.00012204796500190697,1.2656134870475202
basis,regime,39,1,1,1,1,0,0.0010426066967579605,0.09036633160362476,0.7222843101664331,9.011157458106817,785.5252303566652,0.0010426066967579605,1.2161607873617966,0.00012326219715724278,0.011313129151622912,0.3667240600474859,9.011157458106817,573.6592255711245,0.00012326219715724278,1.247381698266866
basis,bound,0,1,1,1,1,0,0.0001220479650016849,0.0001220479650016849,0.00012906584261706075,9.011157458106817,137.18325212679915,0.0001220479650016849,1.2444106776939712,0.0001220479650016849,0.0001220479650016849,0.00012743893401446086,9.011157458106817,161.15598473382892,0.0001220479650016849,1.1115366166655054
basis,bound,1,1,1,1,1,0,0.0001220479650016849,0.0001220479650016849,0.00012684029796244484,9.011157458106817,159.60350396903877,0.0001220479650016849,1.2907816870035989,0.0001220479650016849,0.0001220479650016849,0.0001280601211343036,9.011157458106817,171.73149178093269,0.0001220479650016849,1.3532352309012974
basis,bound,2,1,1,1,1,0,0.0001220479650016849,0.0001220479650016849,0.00012824179476711054,9.011157458106817,163.4836828480327,0.0001220479650016849,1.2522784536209322,0.0001220479650016849,0.0001220479650016849,0.0001303889075326908,9.011157458106817,169.73641789585264,0.0001220479650016849,1.36998514946597
basis,bound,3,1,1,1,1,0,0.0001220479650016849,0.0001220479650016849,0.0001265511206288542,9.011157458106817,165.59555048991507,0.0001220479650016849,1.2168309951553977,0.0001220479650016849,0.0001220479650016849,0.00012815712622537396,9.011157458106817,151.92732376192495,0.0001220479650016849,1.2068281147772633
basis,bound,4,1,1,1,1,0,0.0001220479650016849,0.0001220479650016849,0.00012655993225459797,9.011157458106817,156.2851059200738,0.0001220479650016849,1.5265164081303584,0.00012204796500190697,0.00012204796500190697,0.00012969485105344597,9.011157458106817,160.8187655688251,0.00012204796500190697,1.3045434779097167
basis,bound,5,1,1,1,1,0,0.0001220479650016849,0.0001220479650016849,0.00012687461213705008,9.011157458106817,166.96408272028464,0.0001220479650016849,1.3654415980563144,0.0001220479650016849,0.0001220479650016849,0.00012606690892453853,9.011157458106817,168.19326351204998,0.0001220479650016849,1.2550687631458566
basis,bound,6,1,1,1,1,0,0.00012204796500190697,0.00012204796500190697,0.00012884907345554958,9.011157458106817,140.4493443978674,0.00012204796500190697,1.1755980599880669,0.0001220479650016849,0.0001220479650016849,0.00012937380966840793,9.011157458106817,163.56402655496052,0.0001220479650016849,1.1368387739617105
basis,bound,7,1,1,1,1,0,0.0001220479650016849,0.0001220479650016849,0.0001275626240401996,9.011157458106817,151.5927336694429,0.0001220479650016849,1.408593984994657,0.0001220479650016849,0.0001220479650016849,0.00012717032056195786,9.011157458106817,155.46374556803076,0.0001220479650016849,1.5793832474415845
basis,bound,8,1,1,1,1,0,0.0001220479650016849,0.0001220479650016849,0.00012637783294965822,9.011157458106817,165.88519934811802,0.0001220479650016849,1.5936192633178607,0.00012204796500146283,0.00012204796500146283,0.0001298321523796615,9.011157458106817,160.67092847843276,0.00012204796500146283,1.381561771444162
basis,bound,9,1,1,1,1,0,0.0001220479650016849,0.0001220479650016849,0.000127041312338973,9.011157458106817,154.39246418631606,0.0001220479650016849,1.1410218021916159,0.0001220479650016849,0.0001220479650016849,0.0001286600348665086,9.011157458106817,182.80781682466096,0.0001220479650016849,1.2326863493995772
basis,bound,10,1,1,1,1,0,0.0001220479650016849,0.0001220479650016849,0.0001255527011024879,9.011157458106817,161.9610033025476,0.0001220479650016849,1.220620131933249,0.0001220479650016849,0.0001220479650016849,0.0001300414963161018,9.011157458106817,159.2308101221699,0.0001220479650016849,1.0398421358589007
basis,bound,11,1,1,1,1,0,0.0001220479650016849,0.0001220479650016849,0.00012657812655230834,9.011157458106817,157.82099625652108,0.0001220479650016849,1.3096989157827899,0.0001220479650016849,0.0001220479650016849,0.00012664630325595237,9.011157458106817,166.08801275090914,0.0001220479650016849,1.2770200386775286
basis,bound,12,1,1,1,1,0,0.0001220479650016849,0.0001220479650016849,0.00012642689654405735,9.011157458106817,146.69604380164378,0.0001220479650016849,1.1450154391858425,0.0001220479650016849,0.0001220479650016849,0.0001292091965034664,9.011157458106817,166.99817655098389,0.0001220479650016849,1.3911697427332066
basis,bound,13,1,1,1,1,0,0.0001220479650016849,0.0001220479650016849,0.00012671492352856614,9.011157458106817,166.47245727381627,0.0001220479650016849,1.2952364746279308,0.0001220479650016849,0.0001220479650016849,0.00012886086912115296,9.011157458106817,151.28131223174137,0.0001220479650016849,1.271705311751465
basis,bound,14,1,1,1,1,0,0.0001220479650016849,0.0001220479650016849,0.0001262717644629352,9.011157458106817,175.87982743193731,0.0001220479650016849,1.1647131992112765,0.0001220479650016849,0.0001220479650016849,0.0001289135767343164,9.011157458106817,154.5602905140079,0.0001220479650016849,1.3790899877084084
basis,bound,15,1,1,1,1,0,0.0001220479650016849,0.0001220479650016849,0.00012687000668118716,9.011157458106817,140.04369264362833,0.0001220479650016849,1.248428802551708,0.0001220479650016849,0.0001220479650016849,0.00012733514091216295,9.011157458106817,151.47905479577707,0.0001220479650016849,1.0601151905154031
basis,bound,16,1,1,1,1,0,0.0001220479650016849,0.0001220479650016849,0.00012651093545780262,9.011157458106817,152.53626036659747,0.0001220479650016849,0.9767580334315281,0.0001220479650016849,0.0001220479650016849,0.00012847652070807332,9.011157458106817,154.58976196170107,0.0001220479650016849,1.1803837205724168
basis,bound,17,1,1,1,1,0,0.0001220479650016849,0.0001220479650016849,0.00012768617040280914,9.011157458106817,149.53521164861272,0.0001220479650016849,1.0505973200488474,0.0001220479650016849,0.0001220479650016849,0.0001289215859442323,9.011157458106817,157.73584043572504,0.0001220479650016849,1.2312479407046313
basis,bound,18,1,1,1,1,0,0.0001220479650016849,0.0001220479650016849,0.0001264297577287922,9.011157458106817,152.6103873378789,0.0001220479650016849,1.2875151481007971,0.0001220479650016849,0.0001220479650016849,0.00012676623572207605,9.011157458106817,172.33880329221262,0.0001220479650016849,1.2219448928233283
basis,bound,19,1,1,1,1,0,0.0001220479650016849,0.0001220479650016849,0.00012584317277979944,9.011157458106817,163.32037512103992,0.0001220479650016849,1.1562421404507843,0.0001220479650016849,0.0001220479650016849,0.00012908913658375397,9.011157458106817,149.34139750222099,0.0001220479650016849,1.290385843064772
basis,bound,20,1,1,1,1,0,0.0001220479650016849,0.0001220479650016849,0.0001261234115438561,9.011157458106817,179.70347054631586,0.0001220479650016849,1.4140028689900561,0.0001220479650016849,0.0001220479650016849,0.00012723301124405607,9.011157458106817,160.9068879605247,0.0001220479650016849,1.0545180326237265
basis,bound,21,1,1,1,1,0,0.0001220479650016849,0.0001220479650016849,0.00012665186193254677,9.011157458106817,157.3122070683905,0.0001220479650016849,1.1036953722534808,0.0001220479650016849,0.0001220479650016849,0.00012812394298164053,9.011157458106817,168.77640550429976,0.0001220479650016849,1.7523470355275552
basis,bound,22,1,1,1,1,0,0.0001220479650016849,0.0001220479650016849,0.00012650858905178232,9.011157458106817,150.4612939012529,0.0001220479650016849,1.070778243724086,0.0001220479650016849,0.0001220479650016849,0.0001261095065637498,9.011157458106817,166.43530895904613,0.0001220479650016849,1.1183456647883268
basis,bound,23,1,1,1,1,0,0.0001220479650016849,0.0001220479650016849,0.00012620391969591057,9.011157458106817,148.94598360975232,0.0001220479650016849,1.1233569825292875,0.0001220479650016849,0.0001220479650016849,0.0001288627794810434,9.011157458106817,147.98472343494296,0.0001220479650016849,1.3395408241668394
basis,bound,24,1,1,1,1,0,0.0001220479650016849,0.0001220479650016849,0.00012652756441866654,9.011157458106817,155.75072633850658,0.0001220479650016849,1.136479339833291,0.0001220479650016849,0.0001220479650016849,0.00012909332926437072,9.011157458106817,155.05554805348567,0.0001220479650016849,1.1368827764915346
basis,bound,25,1,1,1,1,0,0.00012204796500146283,0.00012204796500146283,0.00012530297707248711,9.011157458106817,147.12936814436227,0.00012204796500146283,1.2428544815637,0.0001220479650016849,0.0001220479650016849,0.00012867024843148765,9.011157458106817,164.32982474766206,0.0001220479650016849,1.0653636967758706
basis,bound,26,1,1,1,1,0,0.0001220479650016849,0.0001220479650016849,0.0001273243545519223,9.011157458106817,145.62265697909848,0.0001220479650016849,1.2093317478303727,0.0001220479650016849,0.0001220479650016849,0.00012839665439054384,9.011157458106817,158.59562034213243,0.0001220479650016849,1.2054459305938796
basis,bound,27,1,1,1,1,0,0.0001220479650016849,0.0001220479650016849,0.00012598667022129052,9.011157458106817,166.35533652324085,0.0001220479650016849,1.2673426567343318,0.0001220479650016849,0.0001220479650016849,0.00012727340607213906,9.011157458106817,167.58672642497004,0.0001220479650016849,1.2147444800185243
basis,bound,28,1,1,1,1,0,0.0001220479650016849,0.0001220479650016849,0.00012695298082276055,9.011157458106817,146.01556814616671,0.0001220479650016849,1.2497519029170274,0.0001220479650016849,0.0001220479650016849,0.00012812546724102046,9.011157458106817,161.24019969298195,0.0001220479650016849,1.1913826792500937
basis,bound,29,1,1,1,1,0,0.00012204796500146283,0.00012204796500146283,0.00012633932676557908,9.011157458106817,174.688123879986,0.00012204796500146283,1.2414641078977138,0.00012204796500190697,0.00012204796500190697,0.00012978943909925107,9.011157458106817,141.84041499309507,0.00012204796500190697,1.3006614198842563
basis,bound,30,1,1,1,1,0,0.0001220479650016849,0.0001220479650016849,0.00012586311615076198,9.011157458106817,156.89972521696654,0.0001220479650016849,1.2744708756842713,0.0001220479650016849,0.0001220479650016849,0.000128482422923772,9.011157458106817,154.61579269649326,0.0001220479650016849,1.277958193772752
basis,bound,31,1,1,1,1,0,0.0001220479650016849,0.0001220479650016849,0.00012729137305693677,9.011157458106817,157.61624075217665,0.0001220479650016849,1.2020290385313752,0.0001220479650016849,0.0001220479650016849,0.000128775596111147,9.011157458106817,162.24398038951753,0.0001220479650016849,1.2441383049576122
basis,bound,32,1,1,1,1,0,0.0001220479650016849,0.0001220479650016849,0.00012847761083344467,9.011157458106817,160.19459566759463,0.0001220479650016849,1.3201756809835228,0.0001220479650016849,0.0001220479650016849,0.00012923405274763297,9.011157458106817,164.8021255254116,0.0001220479650016849,1.0880541192209916
basis,bound,33,1,1,1,1,0,0.0001220479650016849,0.0001220479650016849,0.00012579974597082158,9.011157458106817,171.2793255479429,0.0001220479650016849,1.1434487298786886,0.0001220479650016849,0.0001220479650016849,0.00013112375773571518,9.011157458106817,155.55093275557218,0.0001220479650016849,1.2525162610924774
basis,bound,34,1,1,1,1,0,0.00012204796500146283,0.00012204796500146283,0.00012659617743645554,9.011157458106817,147.87179142371681,0.00012204796500146283,1.1214113100295917,0.0001220479650016849,0.0001220479650016849,0.0001288889471313931,9.011157458106817,163.60061504711035,0.0001220479650016849,1.1031228484219993
basis,bound,35,1,1,1,1,0,0.0001220479650016849,0.0001220479650016849,0.00012710734210071942,9.011157458106817,153.9122395009586,0.0001220479650016849,1.078432201932235,0.0001220479650016849,0.0001220479650016849,0.0001280842248170803,9.011157458106817,160.33717878761473,0.0001220479650016849,1.18115854393352
basis,bound,36,1,1,1,1,0,0.0001220479650016849,0.0001220479650016849,0.00012610006468537175,9.011157458106817,160.14241871828867,0.0001220479650016849,1.2441352001294441,0.0001220479650016849,0.0001220479650016849,0.00012766628799393265,9.011157458106817,180.24032976649897,0.0001220479650016849,1.2456885128537731
basis,bound,37,1,1,1,1,0,0.0001220479650016849,0.0001220479650016849,0.0001267528476467782,9.011157458106817,157.43145095376758,0.0001220479650016849,1.1811465934463603,0.0001220479650016849,0.0001220479650016849,0.00012867532891261283,9.011157458106817,174.1349067157611,0.0001220479650016849,1.2856560022923529
basis,bound,38,1,1,1,1,0,0.0001220479650016849,0.0001220479650016849,0.00012602118638481704,9.011157458106817,161.6667628530205,0.0001220479650016849,1.2434853955564276,0.0001220479650016849,0.0001220479650016849,0.00013279467664047763,9.011157458106817,166.86867066337558,0.0001220479650016849,1.1106313274220865
basis,bound,39,1,1,1,1,0,0.0001220479650016849,0.0001220479650016849,0.000126150329441719,9.011157458106817,140.80149481700994,0.0001220479650016849,1.245992640281201,0.0001220479650016849,0.0001220479650016849,0.00012989962738838395,9.011157458106817,152.64623520120878,0.0001220479650016849,1.195651169172693
basis,asymptote,0,1,1,1,1,0,0.0001220479650016849,0.00012204796500390562,0.007371162843591924,9.01115745809288,285.9573083625877,0.0001220479650016849,1.2021984244328419,0.00012204796500146283,0.0001220479650150092,0.011378744327556367,9.011157458017628,267.28912055737277,0.00012204796500146283,1.234670112129846
basis,asymptote,1,1,1,1,1,0,0.0001220479650016849,0.00012204796500457184,0.00973637563158285,9.011157458086766,268.2273163188666,0.0001220479650016849,1.050802125014855,0.0001220479650016849,0.00012204796501145606,0.008825549560685514,9.011157458045751,300.56481951652864,0.0001220479650016849,1.2244497380331572
basis,asymptote,2,1,1,1,1,0,0.0001220479650016849,0.00012204796500745877,0.008514618266488168,9.011157458096902,285.4123589125144,0.0001220479650016849,1.222470663618209,0.0001220479650016849,0.00012204796501767407,0.00928785064983377,9.011157458092041,304.37233457576286,0.0001220479650016849,1.2152619559050828
basis,asymptote,3,1,1,1,1,0,0.0001220479650016849,0.00012204796500812498,0.00935825695396354,9.011157458100444,293.3858801114547,0.0001220479650016849,1.2254572433898583,0.00012204796500146283,0.00012204796501545335,0.010619935960496499,9.011157458089466,268.4495629994072,0.00012204796500146283,1.1409927847181536
basis,asymptote,4,1,1,1,1,0,0.0001220479650016849,0.00012204796500546012,0.007274785443705404,9.011157458082193,296.29724113801757,0.0001220479650016849,1.2436969791580608,0.0001220479650016849,0.00012204796501634164,0.010093797568477428,9.01115745800199,270.72637303668154,0.0001220479650016849,1.1219296453043073
basis,asymptote,5,1,1,1,1,0,0.00012204796500146283,0.00012204796500612634,0.00848467942156063,9.011157458077646,294.4140331047953,0.00012204796500146283,1.272026999262434,0.0001220479650016849,0.00012204796501367678,0.012152309740334776,9.01115745802735,282.96507582351677,0.0001220479650016849,1.3153058374455266
basis,asymptote,6,1,1,1,1,0,0.0001220479650016849,0.00012204796500923534,0.010724326442663261,9.01115745809801,287.96212724499776,0.0001220479650016849,1.2629554039912807,0.0001220479650016849,0.0001220479650190065,0.011648271733228473,9.01115745809385,266.05951745950694,0.0001220479650016849,1.2040410508681663
basis,asymptote,7,1,1,1,1,0,0.0001220479650016849,0.00012204796500923534,0.011872614612604282,9.011157458097411,260.2190143417911,0.0001220479650016849,1.1720240692904997,0.0001220479650016849,0.00012204796501811821,0.011731977996736904,9.011157458079241,276.7897885556328,0.0001220479650016849,1.2211266093390203
basis,asymptote,8,1,1,1,1,0,0.0001220479650016849,0.00012204796500790291,0.007966334678390337,9.0111574581023,290.715380460648,0.0001220479650016849,1.320690883694559,0.0001220479650016849,0.00012204796501389885,0.010735350486490415,9.011157458093347,272.3253954005728,0.0001220479650016849,1.2066999046623328
basis,asymptote,9,1,1,1,1,0,0.0001220479650016849,0.00012204796500657048,0.009528824874206256,9.011157458073239,281.8701073303323,0.0001220479650016849,1.2414769396049021,0.00012204796500146283,0.00012204796501722992,0.01342922421807131,9.011157457998484,264.17845385314234,0.00012204796500146283,1.231983420088435
basis,asymptote,10,1,1,1,1,0,0.00012204796500146283,0.0001220479650056822,0.008141526121417901,9.011157458078857,271.12615082239927,0.00012204796500146283,1.2923932979636905,0.0001220479650016849,0.00012204796501278849,0.009661870363124377,9.01115745803441,276.49725247942115,0.0001220479650016849,1.2241662409370002
basis,asymptote,11,1,1,1,1,0,0.0001220479650016849,0.00012204796500657048,0.008132834918233389,9.011157458099055,299.1050616435681,0.0001220479650016849,1.2718120348238122,0.00012204796500190697,0.00012204796501367678,0.01114253262981666,9.011157458093026,276.28091248934913,0.00012204796500190697,1.1367571283690603
basis,asymptote,12,1,1,1,1,0,0.0001220479650016849,0.00012204796501056777,0.008630972824152566,9.011157458098273,300.3801959031246,0.0001220479650016849,1.2062443848188538,0.0001220479650016849,0.00012204796501767407,0.010275602292213418,9.01115745808306,271.5339695682397,0.0001220479650016849,1.0299086941228122
basis,asymptote,13,1,1,1,1,0,0.0001220479650016849,0.00012204796500834705,0.008517701444391039,9.011157458098628,276.07557182933294,0.0001220479650016849,1.171784958980495,0.0001220479650016849,0.000122047965017452,0.009560044115766275,9.011157458086796,273.76168241620894,0.0001220479650016849,1.0770042949079177
basis,asymptote,14,1,1,1,1,0,0.0001220479650016849,0.00012204796500523805,0.009069816455236572,9.01115745808384,264.7080711582782,0.0001220479650016849,1.038608348789831,0.00012204796500190697,0.00012204796501634164,0.011610002357880213,9.01115745801216,268.02244173202996,0.00012204796500190697,1.187483955699518
basis,asymptote,15,1,1,1,1,0,0.0001220479650016849,0.00012204796500479391,0.007805587398777767,9.011157458087117,261.49434894309553,0.0001220479650016849,1.1971807349263643,0.0001220479650016849,0.00012204796501456506,0.00743752390520923,9.01115745801229,278.3139566931863,0.0001220479650016849,1.14039613179484
basis,asymptote,16,1,1,1,1,0,0.0001220479650016849,0.00012204796500923534,0.00965042142414437,9.011157458099143,277.7877677505121,0.0001220479650016849,1.1642789897443846,0.0001220479650016849,0.000122047965026779,0.010054510641998795,9.011157458086528,278.3400882702536,0.0001220479650016849,1.2872376604018696
basis,asymptote,17,1,1,1,1,0,0.0001220479650016849,0.00012204796500657048,0.008239214497260193,9.011157458073127,275.70333522272244,0.0001220479650016849,1.2340163007235025,0.00012204796500190697,0.00012204796501234435,0.008619923154591832,9.011157458033688,314.27514035865573,0.00012204796500190697,1.163107264016155
basis,asymptote,18,1,1,1,1,0,0.0001220479650016849,0.00012204796500745877,0.006885877796137288,9.011157458101001,293.8796480803242,0.0001220479650016849,1.1031917867631695,0.0001220479650016849,0.00012204796501945064,0.010036288947200931,9.011157458092187,289.4149987898449,0.0001220479650016849,1.35436214835755
basis,asymptote,19,1,1,1,1,0,0.0001220479650016849,0.0001220479650056822,0.007949470981869745,9.01115745808025,283.2260140641299,0.0001220479650016849,1.357435160241191,0.0001220479650016849,0.0001220479650119002,0.008972610298805382,9.011157458043865,312.04353692723606,0.0001220479650016849,1.2126696098467489
basis,asymptote,20,1,1,1,1,0,0.00012204796500190697,0.00012204796500790291,0.008893234266483273,9.011157458098225,288.2042243872936,0.00012204796500190697,1.1540485522643218,0.0001220479650016849,0.00012204796501678578,0.009475870230878689,9.011157458085611,284.3290749603741,0.0001220479650016849,1.0310841730495255
basis,asymptote,21,1,1,1,1,0,0.0001220479650016849,0.00012204796500634841,0.008552439074912412,9.011157458101819,281.8150353815187,0.0001220479650016849,1.1360245136232199,0.0001220479650016849,0.0001220479650190065,0.010376210534463488,9.011157458083723,288.29787082407324,0.0001220479650016849,1.097526769387083
basis,asymptote,22,1,1,1,1,0,0.0001220479650016849,0.00012204796500523805,0.010512429042109665,9.011157458081358,283.18783640894924,0.0001220479650016849,1.3415937263952122,0.0001220479650016849,0.00012204796501234435,0.00896316952621543,9.011157458041728,275.5859062924833,0.0001220479650016849,1.1447225299154582
basis,asymptote,23,1,1,1,1,0,0.0001220479650016849,0.00012204796500501598,0.00858786625399181,9.011157458084304,270.68783829944357,0.0001220479650016849,1.1573940803423515,0.0001220479650016849,0.00012204796501167813,0.010048820286362892,9.01115745804019,271.2746461922154,0.0001220479650016849,1.1904425047246598
basis,asymptote,24,1,1,1,1,0,0.0001220479650016849,0.00012204796500923534,0.008480130917288867,9.011157458101534,277.7961945553189,0.0001220479650016849,1.4010685481465894,0.00012204796500146283,0.00012204796501767407,0.011847771664912026,9.01115745808469,272.9994779594532,0.00012204796500146283,1.2100966341379453
basis,asymptote,25,1,1,1,1,0,0.0001220479650016849,0.0001220479650087912,0.00929386659561161,9.011157458100918,268.95922910577394,0.0001220479650016849,1.194338112273055,0.0001220479650016849,0.00012204796501967271,0.010524137434869331,9.011157458082888,278.586415834767,0.0001220479650016849,1.1589694894451288
basis,asymptote,26,1,1,1,1,0,0.0001220479650016849,0.00012204796500634841,0.007499657910876618,9.01115745808006,289.90238003427845,0.0001220479650016849,1.3006405211497842,0.0001220479650016849,0.00012204796501856235,0.008526498643536424,9.011157457991196,281.2379067430912,0.0001220479650016849,1.2164892322675023
basis,asymptote,27,1,1,1,1,0,0.0001220479650016849,0.00012204796500745877,0.009071486774096915,9.011157458101074,299.2448534130545,0.0001220479650016849,1.1577412594939773,0.00012204796500146283,0.00012204796501567542,0.009260341434524226,9.011157458090674,295.35941471767825,0.00012204796500146283,1.1190760658956553
basis,asymptote,28,1,1,1,1,0,0.0001220479650016849,0.00012204796500657048,0.009685467604898128,9.011157458074843,283.8601358915677,0.0001220479650016849,1.3600551882240957,0.0001220479650016849,0.000122047965017452,0.00955135080714128,9.011157458000008,278.90547651248676,0.0001220479650016849,1.2377724502887053
basis,asymptote,29,1,1,1,1,0,0.0001220479650016849,0.00012204796500745877,0.007836890162991625,9.0111574580985,277.61653928866286,0.0001220479650016849,1.1566095332249067,0.00012204796500146283,0.00012204796501056777,0.01087683140326688,9.01115745809068,275.0468429479382,0.00012204796500146283,1.340924860672516
basis,asymptote,30,1,1,1,1,0,0.00012204796500146283,0.0001220479650056822,0.008370427096043905,9.011157458079344,260.531103197051,0.00012204796500146283,1.0050352491978647,0.00012204796500190697,0.00012204796501145606,0.01020028366529102,9.011157458040222,261.85777772402975,0.00012204796500190697,1.4360185174443187
basis,asymptote,31,1,1,1,1,0,0.0001220479650016849,0.00012204796500745877,0.007004298335215661,9.011157458099577,289.085306259573,0.0001220479650016849,1.1545879979912435,0.0001220479650016849,0.00012204796501922857,0.008718425098050172,9.011157458095443,310.12705704655315,0.0001220479650016849,1.1887712610824637
basis,asymptote,32,1,1,1,1,0,0.0001220479650016849,0.00012204796500834705,0.010129476033194479,9.01115745809962,264.7225043274929,0.0001220479650016849,1.1748035539337605,0.0001220479650016849,0.00012204796501567542,0.010805393675751318,9.011157458094056,276.5810348518907,0.0001220479650016849,1.1583566797335356
basis,asymptote,33,1,1,1,1,0,0.0001220479650016849,0.00012204796500590427,0.007939894792618061,9.011157458082431,278.95902125191856,0.0001220479650016849,1.037537369039237,0.0001220479650016849,0.00012204796501145606,0.008589712025527938,9.011157458043227,292.6367026894389,0.0001220479650016849,1.3303552106028216
basis,asymptote,34,1,1,1,1,0,0.0001220479650016849,0.00012204796500479391,0.007910818977934948,9.011157458083781,261.30687397542454,0.0001220479650016849,1.13985489974644,0.0001220479650016849,0.00012204796501145606,0.009395979992756012,9.011157458048068,279.3194280573031,0.0001220479650016849,1.3267809007258373
basis,asymptote,35,1,1,1,1,0,0.0001220479650016849,0.00012204796500701462,0.0071514678062026,9.011157458069858,284.23775782720645,0.0001220479650016849,1.0579990589933566,0.0001220479650016849,0.000122047965017452,0.009367433646671865,9.01115745799247,311.4526326161719,0.0001220479650016849,1.225432368711211
basis,asymptote,36,1,1,1,1,0,0.0001220479650016849,0.00012204796500812498,0.008552096915565192,9.011157458099659,277.06387287978487,0.0001220479650016849,1.2843025582313625,0.0001220479650016849,0.00012204796501434299,0.009895887363814908,9.011157458094717,302.19859462354316,0.0001220479650016849,1.3277911054088782
basis,asymptote,37,1,1,1,1,0,0.00012204796500190697,0.00012204796500657048,0.0091660963550662,9.011157458073129,267.91985498349675,0.00012204796500190697,1.183469466729864,0.0001220479650016849,0.00012204796501212227,0.013233899779029763,9.011157458031468,271.2325402089564,0.0001220479650016849,1.1349089763979818
basis,asymptote,38,1,1,1,1,0,0.0001220479650016849,0.00012204796500701462,0.010333941582272374,9.011157458065627,264.2431773037977,0.0001220479650016849,1.053048050978793,0.0001220479650016849,0.00012204796501611956,0.009323393240037085,9.011157458003678,291.377234322239,0.0001220479650016849,1.0281298667428418
basis,asymptote,39,1,1,1,1,0,0.0001220479650016849,0.0001220479650087912,0.010285775777607897,9.01115745810148,275.1940147888318,0.0001220479650016849,1.1294291211444367,0.0001220479650016849,0.00012204796502167136,0.01086216160882716,9.011157458087412,253.5795882868164,0.0001220479650016849,1.3263541048073046
ode,direction,0,1,1,1,1,0,0.12950219125654133,0.5967325478017982,1.6501175389536304,2.0998081903701804,2756.12914022589,0.12950219125654133,1.3616368325419363,0.20576187734066254,0.7446026448784818,1.7305355816442467,2.103188047293224,3373.4649034442136,0.20576187734066254,1.3989748519987744
ode,direction,1,1,1,1,1,0,0.13820762175875925,0.580106920764699,1.6149017518546194,2.1603097806750533,2788.828587919023,0.13820762175875925,1.2967987464416784,0.21875084103498726,0.7395899506096729,1.8340686634693888,2.1488853600703033,3393.020568693195,0.21875084103498726,1.4626070073224522
ode,direction,2,1,1,1,1,0,0.13199447667509218,0.5922262941747485,1.6182911257442034,2.094590475974311,2805.8793851574046,0.13199447667509218,1.3250081105711438,0.22799105943083853,0.768146695237249,1.866404531561507,2.1555118534805775,3395.857216599039,0.22799105943083853,1.44010479954475
ode,direction,3,1,1,1,1,0,0.10293380435077167,0.5403167047423773,1.5139966070680302,2.1025322443896575,2725.6190355559593,0.10293380435077167,1.3330359937670355,0.19367096275303644,0.732969062968991,1.7728180576426142,2.0602997284078124,3191.333805032608,0.19367096275303644,1.3524065390391864
ode,direction,4,1,1,1,1,0,0.11719351925733783,0.5590933154090957,1.5812504090808754,2.2096390624575513,2800.1446026382814,0.11719351925733783,1.333419746599875,0.2088483520976217,0.7423122670022004,1.8185576708378544,2.1371196117646765,3295.264536421022,0.2088483520976217,1.433637420590599
ode,direction,5,1,1,1,1,0,0.13097592497517757,0.5885586122926169,1.5875458346051852,2.067591817586393,2792.1788458720002,0.13097592497517757,1.3592804001999228,0.2257089362838209,0.7948973247352766,1.8315198615222053,2.00009811555806,3374.8019152590896,0.2257089362838209,1.4086983373543838
ode,direction,6,1,1,1,1,0,0.12223865363800536,0.5821565999807135,1.5529635036507528,2.1191248666208695,2812.154428304345,0.12223865363800536,1.3090814180641908,0.21554352365112764,0.7381322965540806,1.7850834620362737,2.1155952817467827,3272.3085961361467,0.21554352365112764,1.4622667565531278
ode,direction,7,1,1,1,1,0,0.08248047671710335,0.5394484708955327,1.5513791049950216,2.075355294514042,2633.495798671118,0.08248047671710335,1.285656970924246,0.1621046522912909,0.7298443564652453,1.7499266811270546,2.0636617724720105,3054.505091905282,0.1621046522912909,1.3606588017793178
ode,direction,8,1,1,1,1,0,0.12332792669112866,0.6225248487620203,1.6932832083167377,2.0068631842173534,2804.073054370633,0.12332792669112866,1.3211078669386298,0.21472831546935708,0.7289506254531555,1.7565170181794456,2.1095219989304237,3358.160035504254,0.21472831546935708,1.4340084599601381
ode,direction,9,1,1,1,1,0,0.10481874305927805,0.5664228892623026,1.5826302520995101,2.0631995367675438,2706.0542425210842,0.10481874305927805,1.3010133314523886,0.18466966624264902,0.7374436992282143,1.810996941181633,2.0991158231953495,3200.2342445799436,0.18466966624264902,1.434261167275055
ode,direction,10,1,1,1,1,0,0.09193403229330734,0.569119793812524,1.5567370651654109,1.9868800850690838,2669.1796766483885,0.09193403229330734,1.318708126229819,0.17135607801549757,0.7033317331615674,1.8212073008196186,2.1326798233442594,3180.347485685137,0.17135607801549757,1.3779991939103193
ode,direction,11,1,1,1,1,0,0.08542847820035049,0.5358587630770081,1.5392383354649477,2.035814792767439,2637.8450776618893,0.08542847820035049,1.2680822569419963,0.15139838218470544,0.6665829794565518,1.722602290169351,2.0961518463211113,3109.8610208582672,0.15139838218470544,1.3239060515647807
ode,direction,12,1,1,1,1,0,0.08506445907718664,0.5302162478617591,1.572861835076156,2.1148573243867665,2616.5601244817444,0.08506445907718664,1.2681595387318105,0.1462339776039761,0.6849844499834088,1.7759998984704704,2.068685029563029,3090.805502743734,0.1462339776039761,1.3158752553069397
ode,direction,13,1,1,1,1,0,0.12693097285120963,0.5935870342510469,1.575242651131913,2.048188422571866,2771.1241963620837,0.12693097285120963,1.329521605933906,0.21026191613933198,0.7177017280642893,1.7991991802441842,2.1123990547262896,3341.7646620600012,0.21026191613933198,1.4534035618833885
ode,direction,14,1,1,1,1,0,0.13208841043646838,0.6026412914858347,1.6505776153992644,2.0789885533847006,2830.5020607968922,0.13208841043646838,1.363905483134545,0.22883926628439663,0.7844421437945927,1.8308263653385801,2.1287091918521917,3388.07979963853,0.22883926628439663,1.420391648216518
ode,direction,15,1,1,1,1,0,0.11071587719028148,0.5835756616967411,1.6760764721540518,2.005981669911934,2767.041470484409,0.11071587719028148,1.2805279006652446,0.20689352272229825,0.7618827612901545,1.889124208012391,2.0854934421925053,3246.932967680223,0.20689352272229825,1.3609723372138434
ode,direction,16,1,1,1,1,0,0.1345594846459647,0.5982045469529117,1.5910516479451609,2.0337132367003536,2816.741143751532,0.1345594846459647,1.3555906357772793,0.24083626440236486,0.7591362717275344,1.7755405306420915,2.151959211932127,3370.2133987554635,0.24083626440236486,1.4990157761086988
ode,direction,17,1,1,1,1,0,0.11010336128005792,0.5983329815382505,1.6469784186605272,2.030720903815212,2716.403672929237,0.11010336128005792,1.3041182123019344,0.18462252328115356,0.7111611181479393,1.7362075035695643,2.098788499634022,3218.1954912529345,0.18462252328115356,1.3756127393585558
ode,direction,18,1,1,1,1,0,0.11095015893949452,0.5632850095480492,1.6000348499918362,2.1123937167635813,2772.079172931976,0.11095015893949452,1.2964205461614575,0.21261670673205843,0.7604885919433485,1.7860592282727685,2.0861540115332082,3253.6747014611497,0.21261670673205843,1.4340379953274014
ode,direction,19,1,1,1,1,0,0.1238175557841205,0.5839807312571899,1.6484130048271066,2.0706798779071516,2767.3403703517465,0.1238175557841205,1.354368222359605,0.21431977830090282,0.7377623791988484,1.8019375939341717,2.1967437182861613,3307.9014371744506,0.21431977830090282,1.4279297387198724
ode,direction,20,1,1,1,1,0,0.08190247520694238,0.5378752179917674,1.5762520404027847,2.0110115890239006,2616.3506535929914,0.08190247520694238,1.3083263087313746,0.16277655066310104,0.7001380277201571,1.8080792887611172,2.1646089449542507,3061.1511984590347,0.16277655066310104,1.3288748164185487
ode,direction,21,1,1,1,1,0,0.10973112804264352,0.566757331109217,1.5285193962016679,2.1175335955657304,2749.0916610225104,0.10973112804264352,1.2670409790705737,0.1981021173007243,0.7445014328639702,1.8116633513241909,2.126782226154489,3203.4560211954176,0.1981021173007243,1.372620063085735
ode,direction,22,1,1,1,1,0,0.13040189924794912,0.5627502039192144,1.659360659099005,2.186265499381932,2841.6226372402994,0.13040189924794912,1.3397519891356673,0.22535217522032863,0.7667655113039806,1.7869877289309086,2.13492338743417,3393.1551072795714,0.22535217522032863,1.4453472531425096
ode,direction,23,1,1,1,1,0,0.12345191760366443,0.5719592824646688,1.625846146147657,2.0745029999030407,2815.065948611495,0.12345191760366443,1.286094048377055,0.21705605289491126,0.7295438361100928,1.7760233722828314,2.1930027961121663,3380.080255104482,0.21705605289491126,1.46913273413342
ode,direction,24,1,1,1,1,0,0.12725116031337988,0.574250168514736,1.6013244817513825,2.058136100136488,2840.4779992618496,0.12725116031337988,1.38614051766344,0.2297874029317046,0.7647909039750017,1.8543521443341573,2.076797660557383,3387.8274122072185,0.2297874029317046,1.4530377587652181
ode,direction,25,1,1,1,1,0,0.1260387713205521,0.5719409105497595,1.590917052979973,2.088097434466511,2871.087282173402,0.1260387713205521,1.3640305172905152,0.23893210173534593,0.7785682327565993,1.7924064442562446,2.1687963678500926,3363.772988184105,0.23893210173534593,1.4606943802420547
ode,direction,26,1,1,1,1,0,0.12805894129796935,0.6062205018855157,1.5858463131643747,2.1068076912073725,2754.1837951752927,0.12805894129796935,1.3634059827432237,0.2147211867661732,0.7511899625727906,1.799577832401467,2.132868303144221,3261.559281906058,0.2147211867661732,1.4700640233572297
ode,direction,27,1,1,1,1,0,0.1370725583108769,0.579675835534082,1.5437722989553742,2.1277189752588503,2775.3946275246917,0.1370725583108769,1.2895196662006094,0.2235882803968416,0.7631928329118016,1.8074635075888232,2.1160571437167643,3408.289509649077,0.2235882803968416,1.4144553060062681
ode,direction,28,1,1,1,1,0,0.12802594481674703,0.5801064756928068,1.58570978432598,2.060702078149167,2810.1570666059783,0.12802594481674703,1.2582291792571099,0.21152792359330896,0.7697030807408188,1.8092919740714952,2.0895106136572905,3382.388220771287,0.21152792359330896,1.3820385923831338
ode,direction,29,1,1,1,1,0,0.09989787115090883,0.5912830076020369,1.6355875359267844,2.0277031391735725,2666.261083699289,0.09989787115090883,1.3298610464646767,0.17245226950914294,0.6966218202347425,1.7300509570769043,2.089045248478223,3140.8800338875344,0.17245226950914294,1.351721699752678
ode,direction,30,1,1,1,1,0,0.10658904342799701,0.588592067653348,1.591232833011256,2.0682364735584393,2737.8746127339887,0.10658904342799701,1.2826620783156657,0.1931923874645267,0.7495151981259581,1.8117026848768671,2.038030057657427,3174.9791616560974,0.1931923874645267,1.394985423293997
ode,direction,31,1,1,1,1,0,0.10459815238454985,0.562039464353373,1.6390930165332729,2.0807122954866855,2737.2798373510664,0.10459815238454985,1.314926665849232,0.1955412902608753,0.765256256298497,1.7984040944188502,2.063226654391469,3253.8141136077584,0.1955412902608753,1.3615120807744276
ode,direction,32,1,1,1,1,0,0.1319743642188514,0.5960841720488369,1.5988335976437378,2.1352973700056195,2817.012753888543,0.1319743642188514,1.3278270738106368,0.23620745415978464,0.7805815954552898,1.7984645217406143,2.181296693842991,3362.1633958852453,0.23620745415978464,1.4696228129537634
ode,direction,33,1,1,1,1,0,0.12442992564049694,0.5925508703557307,1.6437287002321197,2.0843878665571465,2822.571660019857,0.12442992564049694,1.3101095625826242,0.23074233783753414,0.7851131211014658,1.779006420983496,2.075642501985977,3350.6771340159285,0.23074233783753414,1.482462052034629
ode,direction,34,1,1,1,1,0,0.11649192873070865,0.5755866450624533,1.6290078627888427,2.0813428588050193,2805.1244578516385,0.11649192873070865,1.317663330528392,0.22496855009556105,0.7721008748968018,1.8578836572607167,2.0896855264945424,3294.728765693302,0.22496855009556105,1.4027921925848141
ode,direction,35,1,1,1,1,0,0.1280614717372017,0.5861019636368684,1.6442055916145766,2.160605541956794,2800.3265418219453,0.1280614717372017,1.3063965321286657,0.22780864524806518,0.7542343348431518,1.7644516442232343,2.2098151748978223,3308.171742052642,0.22780864524806518,1.4204811191857616
ode,direction,36,1,1,1,1,0,0.12470728624852512,0.5814462208482855,1.652766066342143,2.0120101155738763,2832.706559428129,0.12470728624852512,1.3541556393038943,0.2148814449044643,0.7471925607711974,1.858370426230601,2.1695403376162083,3399.081394848432,0.2148814449044643,1.331143799427914
ode,direction,37,1,1,1,1,0,0.09236670177393609,0.525532713552868,1.5415300474818463,2.0622698057473063,2650.363239691977,0.09236670177393609,1.3074642788830892,0.1761326709136792,0.6977945668369046,1.8253716778126983,2.1150972949251647,3076.524917418281,0.1761326709136792,1.394949161100975
ode,direction,38,1,1,1,1,0,0.11235440600416588,0.577601971818037,1.6252281909988306,2.0972425640791466,2777.9174995944095,0.11235440600416588,1.3074878760837212,0.21169867006350424,0.7653358137666497,1.9068662644383938,2.0602564466128226,3274.8431683125414,0.21169867006350424,1.471703791173852
ode,direction,39,1,1,1,1,0,0.14492126993417295,0.6227573889985023,1.6706189627313084,2.0517898914282853,2802.6145095550987,0.14492126993417295,1.3637748477530522,0.23167426472658478,0.7619654957676173,1.8149066454744587,2.1644524886451793,3369.5266561700746,0.23167426472658478,1.3919565487158168
ode,curvature,0,1,1,1,1,0,0.29138813703299316,0.8623632430993683,1.8939211745190592,2.1093747891913126,3657.4445464555015,0.29138813703299316,1.4335633253379276,0.3438824626303001,0.9778308347251129,2.0462440138414237,2.187152897955537,3779.7688030790223,0.3438824626303001,1.5303805355165898
ode,curvature,1,1,1,1,1,0,0.24254195924259866,0.8301240548046923,1.885977888306951,2.1608508281958962,3436.016942587199,0.24254195924259866,1.3860033166361698,0.2961063839187187,0.8885414442093124,1.9236247836003768,2.187387488698229,3603.7213946595557,0.2961063839187187,1.468410075529305
ode,curvature,2,1,1,1,1,0,0.23078378423585041,0.8253764881804321,1.8865191034039472,2.1513630034102666,3439.2778995433287,0.23078378423585041,1.4301794990851013,0.28261868191274403,0.8651157504299332,1.9440165198515873,2.1424002588547952,3610.686486861228,0.28261868191274403,1.4393267294565244
ode,curvature,3,1,1,1,1,0,0.3232004988242781,0.947012633885236,1.932469752769057,2.0786196970760127,3724.073692310579,0.3232004988242781,1.4975015424181701,0.33818304281890427,0.9312501192373773,1.9383414175861973,2.2621766416635145,3844.654552089349,0.33818304281890427,1.53188000203295
ode,curvature,4,1,1,1,1,0,0.2913277228098389,0.8817437044046423,1.906428625319045,2.066320816778725,3723.849129819623,0.2913277228098389,1.4792792288684438,0.34064298968992823,0.9437498108490584,2.057923189724247,2.1289978350350793,3839.9312949277078,0.34064298968992823,1.5448554197702986
ode,curvature,5,1,1,1,1,0,0.2672751165617958,0.8604644238084234,1.8989175130307654,2.1265116667729482,3575.400522488957,0.2672751165617958,1.4835412115055573,0.3113284393183136,0.9431095676695467,1.991622065429498,2.1622183709717118,3733.1712808221446,0.3113284393183136,1.522484483181153
ode,curvature,6,1,1,1,1,0,0.2784766802787469,0.8782236101331182,1.9646665900482725,2.147439396323344,3646.3927640205998,0.2784766802787469,1.486771325535859,0.3379682174213359,0.912583704151429,1.9878166214115287,2.2889328497730554,3774.4401188848838,0.3379682174213359,1.485959859241446
ode,curvature,7,1,1,1,1,0,0.24204065195160906,0.848193865888234,1.913306680705388,2.0845048702354028,3464.099909381244,0.24204065195160906,1.4246286861734263,0.2676950205948035,0.8688225662027047,1.8506098552575858,2.1734013918722908,3620.4441904788946,0.2676950205948035,1.4761166993564168
ode,curvature,8,1,1,1,1,0,0.2889600442224823,0.9070356572670017,2.011787151189963,2.1949696864932644,3654.7430598401775,0.2889600442224823,1.489218677717292,0.3349126723141503,0.9362331198277145,2.0238542802433885,2.2083109587751157,3791.0398043443593,0.3349126723141503,1.5407871688746217
ode,curvature,9,1,1,1,1,0,0.3175807171633685,0.901382061181124,1.9907970883019437,2.2033692689732196,3715.177054744018,0.3175807171633685,1.5710991325437489,0.3355774974443098,0.9186267169964145,2.0617501092520003,2.2248410305484474,3847.6673021869933,0.3355774974443098,1.5741751338133236
ode,curvature,10,1,1,1,1,0,0.2722747200200323,0.8637763468134527,1.9960938797527097,2.1280635404537844,3598.1586683093765,0.2722747200200323,1.484892432585387,0.3057118052046537,0.9304553418095608,1.9974946240319094,2.145099921519585,3738.376900760021,0.3057118052046537,1.50970428844888
ode,curvature,11,1,1,1,1,0,0.32101422952517167,0.9613741384051302,2.0046396273424563,2.1240175752124717,3732.6181441207036,0.32101422952517167,1.50467972646044,0.3320853322417045,0.9453115324493793,2.063138109366735,2.150815838170842,3850.2871806386497,0.3320853322417045,1.496531044934266
ode,curvature,12,1,1,1,1,0,0.28672367403588445,0.9056651780671329,1.8631228620156095,2.0996046353523594,3594.538006555271,0.28672367403588445,1.44328360364543,0.31875009575353086,0.9896890362616465,2.035950885126193,2.0885706429843025,3746.9432210215055,0.31875009575353086,1.5202099457044964
ode,curvature,13,1,1,1,1,0,0.3118114700889004,0.9078441095379632,1.9991213807730008,2.1852859568566516,3741.117217747347,0.3118114700889004,1.4984908190973423,0.33930763781512047,0.9547454390870125,2.045370207888124,2.149387526211615,3851.0856014348974,0.33930763781512047,1.5392358632251224
ode,curvature,14,1,1,1,1,0,0.23710574312561092,0.8082688614986849,1.895940119677973,2.110345003116511,3480.652753370771,0.23710574312561092,1.478448012340808,0.26731635085984917,0.9432359786911597,2.0842286033710398,2.0354555754521497,3637.5455643122987,0.26731635085984917,1.4255477164559935
ode,curvature,15,1,1,1,1,0,0.29367621779343434,0.880869113036947,1.9336176348169347,2.12061343753463,3689.5972074938913,0.29367621779343434,1.4606198466454214,0.33760706004685864,0.967070014174898,2.108920720230891,2.209067725454936,3813.5094942891305,0.33760706004685864,1.5061422947822183
ode,curvature,16,1,1,1,1,0,0.23959695208568824,0.8434658131526358,1.8992211645023434,2.0217116097059096,3464.604668584334,0.23959695208568824,1.4418629928470588,0.2792759398533784,0.8978697024445611,1.9915354281435598,2.1257993753452555,3630.4462225308425,0.2792759398533784,1.447461827685211
ode,curvature,17,1,1,1,1,0,0.2584428168492488,0.8593162242842977,1.9733495147560536,2.11097685021419,3553.7799412996014,0.2584428168492488,1.4837339211806846,0.29905686639624485,0.8775201276653509,1.8797447074537261,2.117332735901743,3683.5849130666397,0.29905686639624485,1.497801021472419
ode,curvature,18,1,1,1,1,0,0.30213402364420683,0.8959511735918859,1.9836521004725336,2.1562308771827103,3714.949822201509,0.30213402364420683,1.5020545295454935,0.34438788489196226,0.9804294933724069,2.028016058009708,2.1431045758885503,3841.114975557773,0.34438788489196226,1.566682449305162
ode,curvature,19,1,1,1,1,0,0.29295799555997176,0.8875599339308352,1.9368136422841968,2.196957128908144,3567.7157573612512,0.29295799555997176,1.5295761255363052,0.3261789267182008,0.9131423742587559,2.0823683109830236,2.2296823231648593,3727.263693732615,0.3261789267182008,1.593620399538701
ode,curvature,20,1,1,1,1,0,0.24515339471208125,0.8106349736193291,1.907172589929041,2.0876729178512985,3498.783301405293,0.24515339471208125,1.4192089001978554,0.29052223638521174,0.8838629786872123,1.9535674144916297,2.11949060037399,3662.878791826821,0.29052223638521174,1.5541851078979636
ode,curvature,21,1,1,1,1,0,0.28358772951229105,0.8673275043171248,1.9477206982903017,2.094685831451269,3628.9620798335595,0.28358772951229105,1.5037306777952104,0.3301858935304246,0.9490886602161199,2.022081698909273,2.1736323366706003,3762.3287392425773,0.3301858935304246,1.5184537091851036
ode,curvature,22,1,1,1,1,0,0.24964977657628767,0.8326358177771407,1.9033709237492673,2.1272460201040433,3454.222549636769,0.24964977657628767,1.529708633675364,0.2906415287148937,0.8805557184453083,1.9501601375143187,2.122628420479722,3616.393369621003,0.2906415287148937,1.4877728504398888
ode,curvature,23,1,1,1,1,0,0.24813429185216784,0.8501660585585038,1.9054618393187832,2.0343001022664047,3448.0879230082737,0.24813429185216784,1.453367310296759,0.28351154101712095,0.902099432514581,1.9550015990411103,2.150621743001893,3611.9337537991346,0.28351154101712095,1.5252565125943889
ode,curvature,24,1,1,1,1,0,0.2974661591046989,0.8828078989456862,1.9123159900078168,2.1909449119895115,3709.5699705242455,0.2974661591046989,1.5174420534342339,0.35164093887861547,0.9604760016124113,2.0181333576292797,2.1789497533600897,3825.963368350033,0.35164093887861547,1.5501506134419354
ode,curvature,25,1,1,1,1,0,0.31283257792992275,0.9014687082220342,2.0092103663648126,2.2174251036197905,3726.586161438897,0.31283257792992275,1.490070244719322,0.3529339858050453,0.9544596159170913,1.9775321024610497,2.180463123812573,3836.7217909863257,0.3529339858050453,1.557762446838633
ode,curvature,26,1,1,1,1,0,0.3060831707326954,0.8965476702791286,1.9902717642396326,2.129867046914973,3732.689364466901,0.3060831707326954,1.4834706283736854,0.36107892165568134,0.9496318144242396,2.07056843766734,2.261108225410604,3837.9475980352863,0.36107892165568134,1.5969039524465112
ode,curvature,27,1,1,1,1,0,0.26332199679899804,0.8682668917544732,1.952048317376309,2.0199535274380818,3562.346715693616,0.26332199679899804,1.4493736533609716,0.30158701397097387,0.8911109918686235,2.0496301440692126,2.227793594303416,3703.929878264028,0.30158701397097387,1.5249819963716424
ode,curvature,28,1,1,1,1,0,0.2940001074590052,0.8674735769236944,1.8861235943088894,2.2299472395291557,3725.842033566337,0.2940001074590052,1.4858709118487181,0.3400124875290519,0.944970573634333,2.0870616395778265,2.1895111600142707,3840.969894807465,0.3400124875290519,1.498131534909513
ode,curvature,29,1,1,1,1,0,0.2327025460876957,0.8244662500713762,1.9114122896768895,2.104022427279658,3461.77932698942,0.2327025460876957,1.4068408855002996,0.27117029954187727,0.8797594319306123,1.9282110694641768,2.137020027755214,3618.447478048741,0.27117029954187727,1.4732168214309622
ode,curvature,30,1,1,1,1,0,0.3231077294931512,0.9010416706497023,1.9453703896356935,2.137171442130501,3721.3867970872166,0.3231077294931512,1.4973567901731077,0.3435113570196116,0.952019738532219,2.005088892344633,2.2224856269399167,3846.510493726733,0.3435113570196116,1.5965095421168891
ode,curvature,31,1,1,1,1,0,0.29479053255709514,0.8754784742575439,1.970664451765111,2.214430650612832,3663.919310940302,0.29479053255709514,1.4972413577250947,0.3235510315463558,0.9174652686414322,2.015297036024756,2.128963200406596,3800.2182970414938,0.3235510315463558,1.502939812854196
ode,curvature,32,1,1,1,1,0,0.31628557368528054,0.9204273115054001,2.0493980770503417,2.1594086567770256,3723.3891268381294,0.31628557368528054,1.4645853040029067,0.33954966522777696,0.990259308171046,2.073205828884908,2.13799250954426,3855.053558861606,0.33954966522777696,1.518939485939224
ode,curvature,33,1,1,1,1,0,0.23563734614481335,0.8259868129739328,1.8923303631193094,2.1870105026862205,3444.7567115521992,0.23563734614481335,1.4223584106594624,0.2834473191220979,0.9004986658934064,1.9582795619193307,2.107388941097859,3605.1926673397934,0.2834473191220979,1.4656258388320071
ode,curvature,34,1,1,1,1,0,0.2919920803853047,0.9140561274309446,1.9815276170007157,2.1211190220253533,3643.489302447075,0.2919920803853047,1.4582262797166716,0.3393755774227608,0.9745814211854962,2.022283891144585,2.1361065771490955,3783.841234965315,0.3393755774227608,1.573134181057722
ode,curvature,35,1,1,1,1,0,0.2954743498765414,0.8765875457037359,1.9091502420622772,2.11117013266766,3715.034090839627,0.2954743498765414,1.4986560927165142,0.32865554608077574,0.9402400120675706,2.024987053104379,2.145118159029533,3833.3920263342457,0.32865554608077574,1.5150896248763255
ode,curvature,36,1,1,1,1,0,0.2702977943099651,0.8941461473457134,1.9436734797695987,2.107825031070431,3553.7869997665944,0.2702977943099651,1.4329851708430603,0.3008910855679257,0.9131032311712428,1.9914326778432891,2.08615120988449,3684.8429485700585,0.3008910855679257,1.488221464020014
ode,curvature,37,1,1,1,1,0,0.2883797752518644,0.8792360200052468,2.0067700439297567,2.1576343188730434,3702.790556346761,0.2883797752518644,1.4908536108917174,0.33051891079923884,0.9483872266053418,2.0505305205649966,2.111665466748934,3819.9375219591366,0.33051891079923884,1.5961720347222905
ode,curvature,38,1,1,1,1,0,0.31707582672615187,0.9351093147912001,1.971202783802879,2.13498603052676,3730.769270688762,0.31707582672615187,1.5256175571388357,0.35028919875421605,0.9603505593521401,2.011523834070328,2.271470511387825,3839.8640728645028,0.35028919875421605,1.4634057529691777
ode,curvature,39,1,1,1,1,0,0.2977534887650027,0.8836445269840862,2.0361889987067157,2.2006555948942736,3728.5120016393357,0.2977534887650027,1.5735321821047215,0.3449430904406397,0.956866654914258,2.082882591913357,2.2168098542251387,3841.7630312941546,0.3449430904406397,1.5369142166946972
ode,inflection,0,1,1,1,1,0,0.0001220479650016849,0.0001220479650016849,0.00012204797063031438,9.011157458106817,117.7357856184492,0.0001220479650016849,1.1898159140788094,0.0001220479650016849,0.0001220479650016849,0.00012204797502911075,9.011157458106817,101.84883603125955,0.0001220479650016849,1.3487504853035062
ode,inflection,1,1,1,1,1,0,0.00012204796500146283,0.00012204796500146283,0.00012204797249616086,9.011157458106817,107.87967399561332,0.00012204796500146283,1.2222370980189192,0.0001220479650016849,0.0001220479650016849,0.00012204797406842854,9.011157458106817,114.40485095145092,0.0001220479650016849,1.089647662956168
ode,inflection,2,1,1,1,1,0,0.0001220479650016849,0.0001220479650016849,0.00012204798461450286,9.011157458106817,99.21681566588076,0.0001220479650016849,1.0206643781235067,0.0001220479650016849,0.0001220479650016849,0.00012204798179152733,9.011157458106817,99.79139095201728,0.0001220479650016849,1.2268550326636078
ode,inflection,3,1,1,1,1,0,0.0001220479650016849,0.0001220479650016849,0.00012204796632290053,9.011157458106817,103.43285986962066,0.0001220479650016849,1.1041346844691382,0.0001220479650016849,0.0001220479650016849,0.00012204796874492559,9.011157458106817,95.09958789258599,0.0001220479650016849,1.0930364665404915
ode,inflection,4,1,1,1,1,0,0.0001220479650016849,0.0001220479650016849,0.00012204796814899617,9.011157458106817,85.65135352770119,0.0001220479650016849,1.3685268830396942,0.0001220479650016849,0.0001220479650016849,0.00012204797658572237,9.011157458106817,93.26622922567046,0.0001220479650016849,1.1798095965470146
ode,inflection,5,1,1,1,1,0,0.00012204796500146283,0.00012204796500146283,0.00012204797026256363,9.011157458106817,81.53705533486165,0.00012204796500146283,1.5102505808514022,0.0001220479650016849,0.0001220479650016849,0.00012204796824359872,9.011157458106817,113.4096198478439,0.0001220479650016849,1.2893347323584483
ode,inflection,6,1,1,1,1,0,0.0001220479650016849,0.0001220479650016849,0.00012204796774826777,9.011157458106817,106.31579880897839,0.0001220479650016849,1.1331713419701983,0.0001220479650016849,0.0001220479650016849,0.00012204797191821924,9.011157458106817,111.74177926938127,0.0001220479650016849,1.2114233725911503
ode,inflection,7,1,1,1,1,0,0.0001220479650016849,0.0001220479650016849,0.0001220479657183103,9.011157458106817,78.36607691687576,0.0001220479650016849,1.3062477333332063,0.0001220479650016849,0.0001220479650016849,0.00012204797249438429,9.011157458106817,95.46054898340668,0.0001220479650016849,0.9947971065249056
ode,inflection,8,1,1,1,1,0,0.0001220479650016849,0.0001220479650016849,0.00012204796606873946,9.011157458106817,79.73165430840835,0.0001220479650016849,0.9592554173194762,0.0001220479650016849,0.0001220479650016849,0.00012204796956636883,9.011157458106817,98.07289752751903,0.0001220479650016849,1.1850508701842934
ode,inflection,9,1,1,1,1,0,0.0001220479650016849,0.0001220479650016849,0.00012204796641283957,9.011157458106817,92.79550429897796,0.0001220479650016849,1.2329074341457558,0.0001220479650016849,0.0001220479650016849,0.00012204797067472872,9.011157458106817,82.42489128435274,0.0001220479650016849,1.261129871298981
ode,inflection,10,1,1,1,1,0,0.0001220479650016849,0.0001220479650016849,0.00012204796995843644,9.011157458106817,108.98328722294568,0.0001220479650016849,1.0400155263769262,0.0001220479650016849,0.0001220479650016849,0.00012204797157811643,9.011157458106817,105.91051001103838,0.0001220479650016849,1.068543683772952
ode,inflection,11,1,1,1,1,0,0.0001220479650016849,0.0001220479650016849,0.0001220479659443793,9.011157458106817,89.3409753367547,0.0001220479650016849,1.1885488492779013,0.0001220479650016849,0.0001220479650016849,0.00012204796752330913,9.011157458106817,83.28918862716915,0.0001220479650016849,1.217194968477716
ode,inflection,12,1,1,1,1,0,0.0001220479650016849,0.0001220479650016849,0.00012204800249649393,9.011157458106817,93.65719608998926,0.0001220479650016849,1.117744314649557,0.0001220479650016849,0.0001220479650016849,0.00012204798736041952,9.011157458106817,100.55553946484481,0.0001220479650016849,1.300005025420357
ode,inflection,13,1,1,1,1,0,0.0001220479650016849,0.0001220479650016849,0.00012204797334158785,9.011157458106817,120.78044148381159,0.0001220479650016849,1.4906302589309512,0.0001220479650016849,0.0001220479650016849,0.00012204797047974976,9.011157458106817,104.2611599343078,0.0001220479650016849,1.1179303602862642
ode,inflection,14,1,1,1,1,0,0.00012204796500190697,0.00012204796500190697,0.00012204796636331758,9.011157458106817,102.15485491476872,0.00012204796500190697,1.1232280959882837,0.0001220479650016849,0.0001220479650016849,0.00012204797004992998,9.011157458106817,98.55726850743561,0.0001220479650016849,1.1330882442953198
ode,inflection,15,1,1,1,1,0,0.0001220479650016849,0.0001220479650016849,0.00012204797003438496,9.011157458106817,100.68838946082498,0.0001220479650016849,1.2638883386197142,0.0001220479650016849,0.0001220479650016849,0.00012204797941946838,9.011157458106817,95.73330020886716,0.0001220479650016849,1.0855924766318092
ode,inflection,16,1,1,1,1,0,0.0001220479650016849,0.0001220479650016849,0.00012204796797089466,9.011157458106817,89.11660636594009,0.0001220479650016849,1.2251818919246185,0.00012204796500146283,0.00012204796500146283,0.00012204797575173208,9.011157458106817,106.77587215727115,0.00012204796500146283,1.1730849461160193
ode,inflection,17,1,1,1,1,0,0.0001220479650016849,0.0001220479650016849,0.00012204796566379169,9.011157458106817,79.32017944570822,0.0001220479650016849,1.7747326519458122,0.0001220479650016849,0.0001220479650016849,0.00012204797431781507,9.011157458106817,93.92171205391536,0.0001220479650016849,1.246717707048693
ode,inflection,18,1,1,1,1,0,0.0001220479650016849,0.0001220479650016849,0.00012204797432159029,9.011157458106817,93.17131612120905,0.0001220479650016849,1.0200583569533623,0.00012204796500190697,0.00012204796500190697,0.0001220479685455052,9.011157458106817,100.50419985581684,0.00012204796500190697,1.0659998060957256
ode,inflection,19,1,1,1,1,0,0.0001220479650016849,0.0001220479650016849,0.00012204806691572082,9.011157458106817,114.89722510808433,0.0001220479650016849,1.146982019737941,0.0001220479650016849,0.0001220479650016849,0.00012204803650755306,9.011157458106817,98.2514307522103,0.0001220479650016849,1.4813675933861699
ode,inflection,20,1,1,1,1,0,0.00012204796500190697,0.00012204796500190697,0.00012204796565801783,9.011157458106817,94.41421284285838,0.00012204796500190697,1.1490664777249404,0.0001220479650016849,0.0001220479650016849,0.00012204796781599964,9.011157458106817,91.59510373058882,0.0001220479650016849,1.1450465250183601
ode,inflection,21,1,1,1,1,0,0.0001220479650016849,0.0001220479650016849,0.00012204797570043351,9.011157458106817,90.7316576957822,0.0001220479650016849,0.9701448383497028,0.0001220479650016849,0.0001220479650016849,0.00012204797978011284,9.011157458106817,83.79426692258528,0.0001220479650016849,1.3202659166044286
ode,inflection,22,1,1,1,1,0,0.0001220479650016849,0.0001220479650016849,0.00012204797112719982,9.011157458106817,108.82915262081409,0.0001220479650016849,1.5404895063718373,0.0001220479650016849,0.0001220479650016849,0.00012204796861634607,9.011157458106817,107.84453390004361,0.0001220479650016849,1.19779965046283
ode,inflection,23,1,1,1,1,0,0.0001220479650016849,0.0001220479650016849,0.00012204797521542891,9.011157458106817,107.61011703447755,0.0001220479650016849,1.0971470959383856,0.0001220479650016849,0.0001220479650016849,0.00012204797417213603,9.011157458106817,90.33724670621163,0.0001220479650016849,1.1852385869404407
ode,inflection,24,1,1,1,1,0,0.00012204796500190697,0.00012204796500190697,0.0001220479856697876,9.011157458106817,114.9185335416953,0.00012204796500190697,1.008768808742418,0.0001220479650016849,0.0001220479650016849,0.00012204799658128091,9.011157458106817,86.36121010703769,0.0001220479650016849,1.2974782786375394
ode,inflection,25,1,1,1,1,0,0.0001220479650016849,0.0001220479650016849,0.00012204796603587284,9.011157458106817,105.00680964962301,0.0001220479650016849,1.3735741235219705,0.0001220479650016849,0.0001220479650016849,0.00012204796761879996,9.011157458106817,99.95123282649061,0.0001220479650016849,1.1744573012612538
ode,inflection,26,1,1,1,1,0,0.0001220479650016849,0.0001220479650016849,0.00012204799418590445,9.011157458106817,111.1710975577494,0.0001220479650016849,1.4741612141087566,0.0001220479650016849,0.0001220479650016849,0.00012204798951129502,9.011157458106817,113.60855333494979,0.0001220479650016849,1.280846512045253
ode,inflection,27,1,1,1,1,0,0.0001220479650016849,0.0001220479650016849,0.00012204800014286694,9.011157458106817,103.00935831040351,0.0001220479650016849,1.2311909257516094,0.00012204796500146283,0.00012204796500146283,0.00012204799634077726,9.011157458106817,120.52781337575617,0.00012204796500146283,1.5222016516278762
ode,inflection,28,1,1,1,1,0,0.0001220479650016849,0.0001220479650016849,0.00012204796917052601,9.011157458106817,99.07245332551472,0.0001220479650016849,1.0029465349419098,0.0001220479650016849,0.0001220479650016849,0.00012204797150549898,9.011157458106817,85.47708778039961,0.0001220479650016849,1.2231257236439812
ode,inflection,29,1,1,1,1,0,0.0001220479650016849,0.0001220479650016849,0.00012204797332026897,9.011157458106817,107.15268249947727,0.0001220479650016849,1.304312264518966,0.0001220479650016849,0.0001220479650016849,0.00012204797673884081,9.011157458106817,102.62195939582736,0.0001220479650016849,1.4394459868715943
ode,inflection,30,1,1,1,1,0,0.0001220479650016849,0.0001220479650016849,0.00012204799686186852,9.011157458106817,107.23853942076882,0.0001220479650016849,1.366190926002343,0.0001220479650016849,0.0001220479650016849,0.0001220479753618852,9.011157458106817,99.46407956359715,0.0001220479650016849,0.8185388380906575
ode,inflection,31,1,1,1,1,0,0.0001220479650016849,0.0001220479650016849,0.00012204796793591837,9.011157458106817,94.72995567191668,0.0001220479650016849,1.3591896201834994,0.00012204796500146283,0.00012204796500146283,0.00012204796948286987,9.011157458106817,106.09670010947694,0.00012204796500146283,1.0864963378751693
ode,inflection,32,1,1,1,1,0,0.00012204796500190697,0.00012204796500190697,0.00012204796546748031,9.011157458106817,102.3732450689985,0.00012204796500190697,1.2086193346461886,0.0001220479650016849,0.0001220479650016849,0.0001220479679372508,9.011157458106817,105.2392822652826,0.0001220479650016849,1.1883158935007905
ode,inflection,33,1,1,1,1,0,0.0001220479650016849,0.0001220479650016849,0.00012204796568288986,9.011157458106817,97.69494859363134,0.0001220479650016849,1.2315548817897337,0.0001220479650016849,0.0001220479650016849,0.00012204796976578923,9.011157458106817,108.13665466508692,0.0001220479650016849,1.1135753965253345
ode,inflection,34,1,1,1,1,0,0.0001220479650016849,0.0001220479650016849,0.00012204799436234042,9.011157458106817,98.86316815500078,0.0001220479650016849,1.089705028802161,0.0001220479650016849,0.0001220479650016849,0.00012204798474619137,9.011157458106817,112.588001027241,0.0001220479650016849,1.0169488626109375
ode,inflection,35,1,1,1,1,0,0.0001220479650016849,0.0001220479650016849,0.00012204796558384588,9.011157458106817,94.03646292622891,0.0001220479650016849,1.217401222886142,0.00012204796500146283,0.00012204796500146283,0.0001220479764324929,9.011157458106817,100.13508571176068,0.00012204796500146283,1.1062411783313983
ode,inflection,36,1,1,1,1,0,0.0001220479650016849,0.0001220479650016849,0.00012204798136481654,9.011157458106817,101.94278791376634,0.0001220479650016849,1.0752055483342302,0.0001220479650016849,0.0001220479650016849,0.00012204797373099058,9.011157458106817,104.7059301017418,0.0001220479650016849,1.1341736918638732
ode,inflection,37,1,1,1,1,0,0.0001220479650016849,0.0001220479650016849,0.00012204796583578623,9.011157458106817,99.61510062981924,0.0001220479650016849,1.2522114325623068,0.00012204796500190697,0.00012204796500190697,0.00012204797695536073,9.011157458106817,87.28404325180429,0.00012204796500190697,1.3186960380523391
ode,inflection,38,1,1,1,1,0,0.0001220479650016849,0.0001220479650016849,0.00012204796581158042,9.011157458106817,104.70419207264563,0.0001220479650016849,1.3418119415873868,0.0001220479650016849,0.0001220479650016849,0.00012204796966874389,9.011157458106817,95.54414237766427,0.0001220479650016849,1.168507352228626
ode,inflection,39,1,1,1,1,0,0.00012204796500146283,0.00012204796500146283,0.00012204799188402018,9.011157458106817,117.68070788813176,0.00012204796500146283,1.3236791725838766,0.0001220479650016849,0.0001220479650016849,0.00012204798062909298,9.011157458106817,127.7973998931134,0.0001220479650016849,1.0952023229219083
ode,turning,0,1,1,1,1,0,0.0001220479650016849,0.0001220479650016849,0.00012204796504299024,9.011157458106817,79.31445045132695,0.0001220479650016849,1.096666937064124,0.0001220479650016849,0.0001220479650016849,0.00012204796500346148,9.011157458106817,101.53555147742924,0.0001220479650016849,1.144879210411793
ode,turning,1,1,1,1,1,0,0.0001220479650016849,0.0001220479650016849,0.00012204833960489787,9.011157458106817,119.88677957189597,0.0001220479650016849,1.6206254355202945,0.0001220479650016849,0.0001220479650016849,0.00012204911669264911,9.011157458106817,109.7268323428463,0.0001220479650016849,1.226092163521905
ode,turning,2,1,1,1,1,0,0.00012204796500190697,0.00012204796500190697,0.00012204797857848283,9.011157458106817,113.07562960119853,0.00012204796500190697,1.039707405192521,0.00012204796500146283,0.00012204796500146283,0.00012204797423564854,9.011157458106817,90.9718302329567,0.00012204796500146283,1.2586263395911776
ode,turning,3,1,1,1,1,0,0.0001220479650016849,0.0001220479650016849,0.00012204801230962058,9.011157458106817,102.49220001711633,0.0001220479650016849,1.314210423395692,0.0001220479650016849,0.0001220479650016849,0.00012204799650399996,9.011157458106817,101.96104061161024,0.0001220479650016849,1.4284696991778048
ode,turning,4,1,1,1,1,0,0.0001220479650016849,0.0001220479650016849,0.00012204797633855657,9.011157458106817,102.78392227165996,0.0001220479650016849,1.2343953392689324,0.0001220479650016849,0.0001220479650016849,0.00012204797628215036,9.011157458106817,91.97192938859111,0.0001220479650016849,1.2259260505098393
ode,turning,5,1,1,1,1,0,0.0001220479650016849,0.0001220479650016849,0.00012204965429116574,9.011157458106817,118.7582281054302,0.0001220479650016849,1.0355578008279023,0.0001220479650016849,0.0001220479650016849,0.00012204977889848752,9.011157458106817,123.36636614861119,0.0001220479650016849,1.2098843025030916
ode,turning,6,1,1,1,1,0,0.00012204796500146283,0.00012204796500146283,0.00012204796501611956,9.011157458106817,90.34913045031254,0.00012204796500146283,1.4535436421434096,0.0001220479650016849,0.0001220479650016849,0.00012204796500212905,9.011157458106817,93.8411715643597,0.0001220479650016849,0.984147748857205
ode,turning,7,1,1,1,1,0,0.0001220479650016849,0.0001220479650016849,0.00012204802896621997,9.011157458106817,116.05188545673478,0.0001220479650016849,1.211518782238393,0.0001220479650016849,0.0001220479650016849,0.00012204803844468456,9.011157458106817,114.788323399077,0.0001220479650016849,1.013209855484169
ode,turning,8,1,1,1,1,0,0.0001220479650016849,0.0001220479650016849,0.00012204873103759322,9.011157458106817,113.23964470974587,0.0001220479650016849,1.3382348350327862,0.0001220479650016849,0.0001220479650016849,0.0001220490964525896,9.011157458106817,111.91023393648484,0.0001220479650016849,1.1529410579321855
ode,turning,9,1,1,1,1,0,0.0001220479650016849,0.0001220479650016849,0.00012204796601721882,9.011157458106817,110.24860717643593,0.0001220479650016849,1.277080165164965,0.0001220479650016849,0.0001220479650016849,0.00012204796518400578,9.011157458106817,88.39647500174678,0.0001220479650016849,0.9125927869211384
ode,turning,10,1,1,1,1,0,0.00012204796500190697,0.00012204796500190697,0.00012204799206167754,9.011157458106817,99.01452499480438,0.00012204796500190697,1.1222325183585375,0.0001220479650016849,0.0001220479650016849,0.00012204799388921665,9.011157458106817,103.0185329833743,0.0001220479650016849,1.287572890866748
ode,turning,11,1,1,1,1,0,0.0001220479650016849,0.0001220479650016849,0.00012204796505476004,9.011157458106817,77.02660325532776,0.0001220479650016849,1.0555988443601525,0.0001220479650016849,0.0001220479650016849,0.00012204796500457184,9.011157458106817,83.93338893247463,0.0001220479650016849,1.2254214228243832
ode,turning,12,1,1,1,1,0,0.0001220479650016849,0.0001220479650016849,0.00012204815232027985,9.011157458106817,118.56401900672802,0.0001220479650016849,1.2639926599898903,0.0001220479650016849,0.0001220479650016849,0.00012204816378151168,9.011157458106817,113.19968159567951,0.0001220479650016849,1.3591678003446792
ode,turning,13,1,1,1,1,0,0.0001220479650016849,0.0001220479650016849,0.000122047969220048,9.011157458106817,88.10389833215027,0.0001220479650016849,1.3264405555630736,0.0001220479650016849,0.0001220479650016849,0.00012204796706350967,9.011157458106817,101.16306664205422,0.0001220479650016849,1.4693083349793439
ode,turning,14,1,1,1,1,0,0.0001220479650016849,0.0001220479650016849,0.00012204863941691396,9.011157458106817,106.14028848276553,0.0001220479650016849,0.9804780632583114,0.0001220479650016849,0.0001220479650016849,0.00012204955545582078,9.011157458106817,129.8225599210027,0.0001220479650016849,1.031261465668937
ode,turning,15,1,1,1,1,0,0.00012204796500190697,0.00012204796500190697,0.00012204945141889023,9.011157458106817,130.63063092570587,0.00012204796500190697,1.2980783285364481,0.0001220479650016849,0.0001220479650016849,0.00012204866613336167,9.011157458106817,107.35233821669198,0.0001220479650016849,1.1817252682146984
ode,turning,16,1,1,1,1,0,0.0001220479650016849,0.0001220479650016849,0.00012204809045176859,9.011157458106817,121.11693205846579,0.0001220479650016849,1.1834033460230369,0.00012204796500146283,0.00012204796500146283,0.00012204811299237992,9.011157458106817,98.02680573061382,0.00012204796500146283,1.095899807685395
ode,turning,17,1,1,1,1,0,0.0001220479650016849,0.0001220479650016849,0.00012204796504920825,9.011157458106817,77.87115068377304,0.0001220479650016849,0.719948561562245,0.0001220479650016849,0.0001220479650016849,0.00012204796500301733,9.011157458106817,99.016907692056,0.0001220479650016849,1.2588533476424235
ode,turning,18,1,1,1,1,0,0.0001220479650016849,0.0001220479650016849,0.00012204876678747383,9.011157458106817,117.5263396052124,0.0001220479650016849,1.2960733476141768,0.00012204796500146283,0.00012204796500146283,0.00012205006319990563,9.011157458106817,117.54836540850673,0.00012204796500146283,1.4148869573740555
ode,turning,19,1,1,1,1,0,0.0001220479650016849,0.0001220479650016849,0.0001220495709928457,9.011157458106817,105.19436890843318,0.0001220479650016849,0.906948747507006,0.0001220479650016849,0.0001220479650016849,0.00012204970061754455,9.011157458106817,125.6781046684907,0.0001220479650016849,1.2167447585388302
ode,turning,20,1,1,1,1,0,0.0001220479650016849,0.0001220479650016849,0.00012204901751209373,9.011157458106817,103.08487838396134,0.0001220479650016849,1.1267155218453075,0.0001220479650016849,0.0001220479650016849,0.00012204849211652876,9.011157458106817,117.95112235338581,0.0001220479650016849,1.3833131932563714
ode,turning,21,1,1,1,1,0,0.0001220479650016849,0.0001220479650016849,0.00012204847163785321,9.011157458106817,103.18148426790414,0.0001220479650016849,1.1335846585373548,0.00012204796500146283,0.00012204796500146283,0.00012204832540896402,9.011157458106817,124.72226710948232,0.00012204796500146283,1.187637702021015
ode,turning,22,1,1,1,1,0,0.0001220479650016849,0.0001220479650016849,0.00012204833036482726,9.011157458106817,124.06684285249463,0.0001220479650016849,1.095949250956086,0.0001220479650016849,0.0001220479650016849,0.00012204838617866451,9.011157458106817,95.2754985697911,0.0001220479650016849,1.117870011809762
ode,turning,23,1,1,1,1,0,0.0001220479650016849,0.0001220479650016849,0.00012204799573418839,9.011157458106817,105.11592941428178,0.0001220479650016849,1.1231117942793194,0.0001220479650016849,0.0001220479650016849,0.00012204797904960797,9.011157458106817,95.225875852026,0.0001220479650016849,1.0956266883144539
ode,turning,24,1,1,1,1,0,0.0001220479650016849,0.0001220479650016849,0.00012204804577182949,9.011157458106817,109.13655784844255,0.0001220479650016849,1.3880823361744314,0.0001220479650016849,0.0001220479650016849,0.00012204813788584099,9.011157458106817,108.08456457150973,0.0001220479650016849,0.9690229881448096
ode,turning,25,1,1,1,1,0,0.0001220479650016849,0.0001220479650016849,0.00012204805637475416,9.011157458106817,111.91242029651458,0.0001220479650016849,1.2255472960276583,0.0001220479650016849,0.0001220479650016849,0.00012204799246551494,9.011157458106817,110.51263795903346,0.0001220479650016849,1.0278341292997435
ode,turning,26,1,1,1,1,0,0.0001220479650016849,0.0001220479650016849,0.00012204856876557768,9.011157458106817,115.96796962307504,0.0001220479650016849,1.1120153797154182,0.0001220479650016849,0.0001220479650016849,0.00012204899213240663,9.011157458106817,125.92624831072152,0.0001220479650016849,0.9497453553127009
ode,turning,27,1,1,1,1,0,0.0001220479650016849,0.0001220479650016849,0.00012204827062320776,9.011157458106817,128.29770866596797,0.0001220479650016849,1.2359460097436448,0.0001220479650016849,0.0001220479650016849,0.00012204827720607935,9.011157458106817,117.64124524806114,0.0001220479650016849,1.152593235370428
ode,turning,28,1,1,1,1,0,0.0001220479650016849,0.0001220479650016849,0.00012204946015796708,9.011157458106817,113.0370005305002,0.0001220479650016849,1.0908457130769467,0.0001220479650016849,0.0001220479650016849,0.00012204935985639369,9.011157458106817,111.3315465631439,0.0001220479650016849,1.5050482084032302
ode,turning,29,1,1,1,1,0,0.00012204796500146283,0.00012204796500146283,0.00012204834182972327,9.011157458106817,124.6493378200419,0.00012204796500146283,1.08542015952451,0.0001220479650016849,0.0001220479650016849,0.00012204843906526354,9.011157458106817,104.90854572993902,0.0001220479650016849,1.0910752592928106
ode,turning,30,1,1,1,1,0,0.0001220479650016849,0.0001220479650016849,0.00012204977778124476,9.011157458106817,124.45418133770177,0.0001220479650016849,1.3199147408124112,0.0001220479650016849,0.0001220479650016849,0.0001220495713722552,9.011157458106817,126.64891149899073,0.0001220479650016849,1.3741029058529382
ode,turning,31,1,1,1,1,0,0.00012204796500190697,0.00012204796500190697,0.00012204801763756496,9.011157458106817,91.31804967635114,0.00012204796500190697,1.3131026200991747,0.0001220479650016849,0.0001220479650016849,0.00012204803587320523,9.011157458106817,108.66155385664331,0.0001220479650016849,1.103568765408591
ode,turning,32,1,1,1,1,0,0.0001220479650016849,0.0001220479650016849,0.00012204796569921213,9.011157458106817,102.82389248308684,0.0001220479650016849,1.273802350253372,0.0001220479650016849,0.0001220479650016849,0.00012204796516979319,9.011157458106817,92.3164157964129,0.0001220479650016849,1.1801867349653854
ode,turning,33,1,1,1,1,0,0.0001220479650016849,0.0001220479650016849,0.00012204829327274526,9.011157458106817,107.6011655878301,0.0001220479650016849,1.1159030102956526,0.0001220479650016849,0.0001220479650016849,0.00012204858426840352,9.011157458106817,102.68423378958013,0.0001220479650016849,1.1916622784612318
ode,turning,34,1,1,1,1,0,0.0001220479650016849,0.0001220479650016849,0.00012204882059233941,9.011157458106817,112.11276675922583,0.0001220479650016849,1.2541097987710215,0.0001220479650016849,0.0001220479650016849,0.00012204884851985519,9.011157458106817,112.5780631868599,0.0001220479650016849,1.1412825724245508
ode,turning,35,1,1,1,1,0,0.00012204796500146283,0.00012204796500146283,0.0001220480645929618,9.011157458106817,94.77296574369834,0.00012204796500146283,1.1523858451306639,0.0001220479650016849,0.0001220479650016849,0.00012204804667166405,9.011157458106817,100.21388397723626,0.0001220479650016849,1.1361631240889813
ode,turning,36,1,1,1,1,0,0.0001220479650016849,0.0001220479650016849,0.00012204798063242405,9.011157458106817,97.08228166883009,0.0001220479650016849,1.3379072049395058,0.0001220479650016849,0.0001220479650016849,0.00012204797022425626,9.011157458106817,107.60306551810507,0.0001220479650016849,1.3661326172743893
ode,turning,37,1,1,1,1,0,0.0001220479650016849,0.0001220479650016849,0.00012204797075234279,9.011157458106817,96.5943539367698,0.0001220479650016849,1.1787608442464466,0.0001220479650016849,0.0001220479650016849,0.00012204796905238387,9.011157458106817,111.97771152057356,0.0001220479650016849,1.3056501863181844
ode,turning,38,1,1,1,1,0,0.0001220479650016849,0.0001220479650016849,0.00012204804279995487,9.011157458106817,101.58834492477399,0.0001220479650016849,1.1485320565156176,0.00012204796500190697,0.00012204796500190697,0.00012204801650399994,9.011157458106817,94.36008434724364,0.00012204796500190697,1.1751462009742164
ode,turning,39,1,1,1,1,0,0.0001220479650016849,0.0001220479650016849,0.00012204796501945064,9.011157458106817,78.45349668415199,0.0001220479650016849,1.3547675327889814,0.0001220479650016849,0.0001220479650016849,0.00012204796500346148,9.011157458106817,89.94751181687305,0.0001220479650016849,1.287797757734187
ode,regime,0,1,1,1,1,0,0.0007144506796796497,0.06689444109425767,0.605994811827419,9.011157458106817,932.8370656479385,0.0007144506796796497,1.2624134614649614,0.0001226042963263788,0.008085074159169823,0.4175962473952504,9.011157458106817,683.6819608609071,0.0001226042963263788,1.1633956998004884
ode,regime,1,1,1,1,1,0,0.0007766597229830847,0.07177875290582578,0.5461144199912498,9.011157458106817,897.9012519883744,0.0007766597229830847,1.1947384187370034,0.00012275559484509446,0.008673202364469883,0.31675768058120995,9.011157458106817,659.4280604802993,0.00012275559484509446,1.2751658061378885
ode,regime,2,1,1,1,1,0,0.0003631412770216904,0.051473478509034845,0.7430046201384931,9.001387465766284,1095.9253486876064,0.0003631412770216904,1.203118131686471,0.00012231903574149108,0.007648083764783989,0.4705814822732384,9.010930222869538,829.1015781915589,0.00012231903574149108,1.182390501586362
ode,regime,3,1,1,1,1,0,0.0007360846602747621,0.0693080469979902,0.5630702485173518,9.011157458106817,892.7476912893832,0.0007360846602747621,1.17272974421443,0.00012261291789203243,0.008893120183610267,0.3417428163053257,9.011157458106817,669.7202336097994,0.00012261291789203243,1.1475859466391767
ode,regime,4,1,1,1,1,0,0.0005912372563903612,0.05986720547217158,0.6817629462746724,9.011157458106718,984.8484946631055,0.0005912372563903612,1.1558228288076577,0.00012249390590700135,0.0063338293099893155,0.4023039020536564,9.011157458106817,746.8920546493924,0.00012249390590700135,1.1953085712985143
ode,regime,5,1,1,1,1,0,0.00063415257506748,0.059311274563980214,0.564812423275949,9.011157458106817,942.6737767603393,0.00063415257506748,1.1934710448477737,0.00012266393916802686,0.008620290143093528,0.3530389092837624,9.011157458106817,667.4470931704533,0.00012266393916802686,1.2535459922041166
ode,regime,6,1,1,1,1,0,0.001696688568361109,0.07079786432332653,0.4815788965471148,9.011157458106817,578.3141657408644,0.001696688568361109,1.2637540893131656,0.0001246828886922495,0.008540707910001112,0.25209406131538786,9.011157458106817,355.97587252341896,0.0001246828886922495,1.156235247977164
ode,regime,7,1,1,1,1,0,0.0001220479650016849,0.0001220479650016849,0.00012341905068499146,9.011157458106815,132.69400674310907,0.0001220479650016849,1.0627919155399792,0.00012204796500190697,0.00012204796500190697,0.00012274646199416864,9.011157458106817,119.39372235591792,0.00012204796500190697,0.9248916741848426
ode,regime,8,1,1,1,1,0,0.0014463451825455125,0.05808415137780037,0.28600866121311097,9.011157458106817,384.36159724690793,0.0014463451825455125,1.2747769565561677,0.00012377782749923257,0.00586768410002237,0.11455535371808111,9.011157458106817,273.2001607222925,0.00012377782749923257,1.2521481005506245
ode,regime,9,1,1,1,1,0,0.00033533671188328197,0.05381155588894554,0.7325815282428895,8.997823208752996,1143.0095321817362,0.00033533671188328197,1.2207622767749549,0.00012236469329629572,0.0069394368952325975,0.5009007839499746,9.011008776701486,833.6488597788046,0.00012236469329629572,1.1587178668511273
ode,regime,10,1,1,1,1,0,0.00035977474171692046,0.05450640022574834,0.7933481692757088,9.008200173219459,1117.5512916284729,0.00035977474171692046,1.1867190139255421,0.00012243439218525878,0.00749076729224947,0.4719813110453569,9.011118888465747,875.2486979031243,0.00012243439218525878,1.2156764123655708
ode,regime,11,1,1,1,1,0,0.00012204796500346148,0.00012204796503188666,0.00012569554992985165,9.011157457902144,147.53952357941867,0.00012204796500346148,1.2699937963018122,0.0001220479650016849,0.0001220479650016849,0.00012324780441473564,9.011157458106226,130.705307228251,0.0001220479650016849,1.3647411980610153
ode,regime,12,1,1,1,1,0,0.0001220479650016849,0.0001220479650016849,0.00012231579907447457,9.011157458106817,116.55037454258857,0.0001220479650016849,0.9925177834545296,0.0001220479650016849,0.0001220479650016849,0.0001220953829679056,9.011157458106817,133.79869050238298,0.0001220479650016849,1.1657080824661101
ode,regime,13,1,1,1,1,0,0.0001220479650016849,0.0001220479650016849,0.00012232157514724932,9.011157458106817,151.11385832306053,0.0001220479650016849,1.288597652087476,0.0001220479650016849,0.0001220479650016849,0.00012214364404645726,9.011157458106817,137.47207012989662,0.0001220479650016849,1.1975950606911503
ode,regime,14,1,1,1,1,0,0.0004321950941477178,0.053695935972341895,0.7227819601800114,9.00815203850018,1117.757802378426,0.0004321950941477178,1.2401523497796647,0.0001223267521085109,0.006472591063771101,0.4946746300604446,9.011128477595406,824.5707397613857,0.0001223267521085109,1.2180000100418729
ode,regime,15,1,1,1,1,0,0.0007204368903251915,0.07158116426223103,0.5647710555028602,9.011157458106817,907.8105639883723,0.0007204368903251915,1.1563806107241306,0.00012256862077218697,0.009293038833314783,0.3471531423491165,9.011157458106817,699.5395608243748,0.00012256862077218697,1.2591252330239688
ode,regime,16,1,1,1,1,0,0.0001220479650016849,0.0001220479650016849,0.00012240055591259771,9.011157458106817,128.73485156467737,0.0001220479650016849,1.2292712400712886,0.0001220479650016849,0.0001220479650016849,0.00012213744980354483,9.011157458106817,109.83530212208595,0.0001220479650016849,1.3071411359140188
ode,regime,17,1,1,1,1,0,0.0014313886815427138,0.10408632962303331,0.652849103277018,9.011157458106817,753.886919025592,0.0014313886815427138,1.188401890774118,0.00012382701517587834,0.01347896555663259,0.4142048072689773,9.011157458106817,549.4966597180569,0.00012382701517587834,1.2737029606790582
ode,regime,18,1,1,1,1,0,0.0001220479650016849,0.0001220479650016849,0.00012225824916394244,9.011157458106817,139.38773640840228,0.0001220479650016849,1.3055297415234677,0.0001220479650016849,0.0001220479650016849,0.00012210458468842896,9.011157458106817,132.69789039795654,0.0001220479650016849,1.1238155005781054
ode,regime,19,1,1,1,1,0,0.0001220479650016849,0.0001220479650016849,0.00012250511583832105,9.011157458106817,132.90680725235828,0.0001220479650016849,1.1656285298481133,0.00012204796500190697,0.00012204796500190697,0.0001221671594809387,9.011157458106817,129.98704491990762,0.00012204796500190697,1.2876420542342428
ode,regime,20,1,1,1,1,0,0.00014736832822481922,0.05114903423724074,0.7725525014477916,7.7755835328753875,1206.4000261722308,0.00014736832822481922,1.1904718962225749,0.00012206710588480079,0.006628927517902964,0.5150967665764523,8.765947426421642,837.1010193303581,0.00012206710588480079,1.197819707058292
ode,regime,21,1,1,1,1,0,0.0001220479650016849,0.0001220479650016849,0.0001222073165045014,9.011157458106817,133.02849471233583,0.0001220479650016849,1.2357127358772406,0.0001220479650016849,0.0001220479650016849,0.00012212359906836097,9.011157458106817,114.96898601325769,0.0001220479650016849,1.188054845878396
ode,regime,22,1,1,1,1,0,0.00038176182983279617,0.05068883581760997,0.7672097115164025,9.008413925501651,1150.935133466486,0.00038176182983279617,1.1971186669165346,0.00012236224456522126,0.006406270909899578,0.49946069639687957,9.011118999232789,823.6874253835962,0.00012236224456522126,1.2309586557099141
ode,regime,23,1,1,1,1,0,0.0007350786725763387,0.08114321897754809,0.5912908083176324,9.011157458106817,853.3248079606572,0.0007350786725763387,1.1385302640851056,0.0001226635102683507,0.0098579296787589,0.3172601116606196,9.011157458106817,662.7082289298759,0.0001226635102683507,1.2022320594062013
ode,regime,24,1,1,1,1,0,0.0001220479650016849,0.0001220479650016849,0.0001223696698984043,9.011157458106817,130.439306903148,0.0001220479650016849,1.3518444077343108,0.0001220479650016849,0.0001220479650016849,0.0001221141264069493,9.011157458106817,130.57823357400875,0.0001220479650016849,0.9554088504763125
ode,regime,25,1,1,1,1,0,0.00012205758886987497,0.00012223822815608313,0.0001639676517671369,9.00982503564767,159.155739169641,0.00012205758886987497,1.1995185332200158,0.00012204796569965627,0.00012205049225998759,0.00014760947606086303,9.011136867225067,130.64318862931006,0.00012204796569965627,1.1775777465192503
ode,regime,26,1,1,1,1,0,0.0001220479650016849,0.0001220479650016849,0.00012249192117177405,9.011157458106817,128.2249649541373,0.0001220479650016849,1.2761964244049187,0.0001220479650016849,0.0001220479650016849,0.00012214314778132354,9.011157458106817,137.5091001720527,0.0001220479650016849,1.1746209536913956
ode,regime,27,1,1,1,1,0,0.0001220479650016849,0.0001220479650016849,0.0001228405458852687,9.011157458106817,125.08127934804158,0.0001220479650016849,0.9856976933514792,0.0001220479650016849,0.0001220479650016849,0.00012230793265031697,9.011157458106817,120.36381231274454,0.0001220479650016849,1.3935390418002032
ode,regime,28,1,1,1,1,0,0.0016821687201484404,0.09665813706921321,0.5881436321613653,9.011157458106817,741.9808399810805,0.0016821687201484404,1.214256850560055,0.000124629013508009,0.015452437751183622,0.3364457223271833,9.011157458106817,482.4664963285846,0.000124629013508009,1.1146094913069895
ode,regime,29,1,1,1,1,0,0.0006496288140741683,0.06952647836656524,0.6207065573613597,9.011157458106817,955.7247554339124,0.0006496288140741683,1.2536783505020472,0.0001225957665670699,0.008400531370920441,0.3866621335114712,9.011157458106817,699.9900629202698,0.0001225957665670699,1.2017807120275497
ode,regime,30,1,1,1,1,0,0.0001220479650016849,0.0001220479650016849,0.0001224514533101065,9.011157458106817,137.31449280044387,0.0001220479650016849,1.1222203897920187,0.0001220479650016849,0.0001220479650016849,0.00012218018539466357,9.011157458106817,134.26480893077994,0.0001220479650016849,1.229919727190982
ode,regime,31,1,1,1,1,0,0.00012204796617122555,0.0001220479886598721,0.00012839396815615526,9.011157296446633,133.67249583008157,0.00012204796617122555,1.4168151555735202,0.0001220479650016849,0.00012204796510317167,0.0001242350555744747,9.011157457278872,131.28355687869532,0.0001220479650016849,1.403527876784959
ode,regime,32,1,1,1,1,0,0.0001220479650016849,0.0001220479650016849,0.00012312495768628513,9.011157458106803,150.112937623047,0.0001220479650016849,1.0636782294921636,0.00012204796500146283,0.00012204796500146283,0.00012261036943344233,9.011157458106817,136.54864660498504,0.00012204796500146283,0.9247622668720665
ode,regime,33,1,1,1,1,0,0.0001220479650016849,0.0001220479650016849,0.00012244542905969193,9.011157458106817,129.26955623830617,0.0001220479650016849,1.1839412351138796,0.0001220479650016849,0.0001220479650016849,0.0001221223470232103,9.011157458106817,131.27093095201195,0.0001220479650016849,1.1077070254871086
ode,regime,34,1,1,1,1,0,0.00012204796500212905,0.00012204796500901327,0.00012414680307658594,9.011157458057477,149.56990962547133,0.00012204796500212905,1.1341678555225165,0.0001220479650016849,0.0001220479650016849,0.00012297532771362237,9.011157458106686,140.9179895190896,0.0001220479650016849,1.0806186902676147
ode,regime,35,1,1,1,1,0,0.00012255942227787248,0.00013553766804793403,0.0003179367619661862,9.011157458106817,145.64167717241594,0.00012255942227787248,1.1471685731177652,0.00012204803545360074,0.00012228800987090866,0.0001752106609134789,9.011157458106817,155.551311670653,0.00012204803545360074,1.1953515113934332
ode,regime,36,1,1,1,1,0,0.0004352831785943776,0.056037656295093746,0.7345438993987681,9.010850368791026,1072.2168779988972,0.0004352831785943776,1.1928694284723889,0.00012233381191895817,0.007020660587556558,0.45143620868849055,9.011153516625793,812.2327436597536,0.00012233381191895817,1.1695341059443958
ode,regime,37,1,1,1,1,0,0.0001220479650016849,0.0001220479650016849,0.00012247108543598234,9.011157458106817,125.77939118321402,0.0001220479650016849,1.0283329454967443,0.0001220479650016849,0.0001220479650016849,0.00012216129329601126,9.011157458106817,135.01665360666553,0.0001220479650016849,1.319557558737098
ode,regime,38,1,1,1,1,0,0.0001220479650016849,0.0001220479650016849,0.00012218573747832756,9.011157458106817,150.05029650284627,0.0001220479650016849,1.043207468625904,0.0001220479650016849,0.0001220479650016849,0.00012209969962415835,9.011157458106817,131.91132446217333,0.0001220479650016849,1.2038327350867983
ode,regime,39,1,1,1,1,0,0.0001220567316754111,0.00012225006595899222,0.00015271538996358222,9.009737500859316,134.9262866407352,0.0001220567316754111,1.0534516698877152,0.00012204796539286422,0.00012204949667443926,0.00013430295542496824,9.011144979101237,162.72376739074952,0.00012204796539286422,1.2965703794411247
ode,bound,0,1,1,1,1,0,0.00012204796500190697,0.00012204796500190697,0.00012820316705216493,9.011157458106817,160.7670536589163,0.00012204796500190697,1.1616403604490015,0.0001220479650016849,0.0001220479650016849,0.00012741471616079574,9.011157458106817,160.79577611685912,0.0001220479650016849,0.9943596128057809
ode,bound,1,1,1,1,1,0,0.0001220479650016849,0.0001220479650016849,0.0001256855239807961,9.011157458106817,148.1654318959135,0.0001220479650016849,1.2569361746465821,0.0001220479650016849,0.0001220479650016849,0.0001294068584640021,9.011157458106817,166.09814867261753,0.0001220479650016849,1.195758640466442
ode,bound,2,1,1,1,1,0,0.0001220479650016849,0.0001220479650016849,0.0001278817550045151,9.011157458106817,157.39224287744227,0.0001220479650016849,1.3008171200653678,0.00012204796500146283,0.00012204796500146283,0.00012875312270155563,9.011157458106817,155.5487785098118,0.00012204796500146283,1.3003389732994044
ode,bound,3,1,1,1,1,0,0.0001220479650016849,0.0001220479650016849,0.0001263137965521157,9.011157458106817,146.46083426304122,0.0001220479650016849,1.4012865824110736,0.0001220479650016849,0.0001220479650016849,0.00012802446401373498,9.011157458106817,160.1911289333176,0.0001220479650016849,1.251815955669713
ode,bound,4,1,1,1,1,0,0.0001220479650016849,0.0001220479650016849,0.00012549528454118067,9.011157458106817,153.81375431781768,0.0001220479650016849,1.2180737298280342,0.0001220479650016849,0.0001220479650016849,0.00012728366821993894,9.011157458106817,168.62782687395648,0.0001220479650016849,1.2976719715202099
ode,bound,5,1,1,1,1,0,0.0001220479650016849,0.0001220479650016849,0.00012733072036560526,9.011157458106817,147.9322859496457,0.0001220479650016849,1.1035703373622587,0.0001220479650016849,0.0001220479650016849,0.00012777291666453164,9.011157458106817,172.28025821562025,0.0001220479650016849,1.2567403178133778
ode,bound,6,1,1,1,1,0,0.0001220479650016849,0.0001220479650016849,0.000126099522341984,9.011157458106817,159.21995799874384,0.0001220479650016849,1.2859402182608235,0.0001220479650016849,0.0001220479650016849,0.00012835263543010253,9.011157458106817,147.39181845392656,0.0001220479650016849,1.1997222765033086
ode,bound,7,1,1,1,1,0,0.0001220479650016849,0.0001220479650016849,0.00012695454888099464,9.011157458106817,152.38785986755755,0.0001220479650016849,1.1976737022768547,0.0001220479650016849,0.0001220479650016849,0.00012874096732151062,9.011157458106817,140.6814351218064,0.0001220479650016849,1.1677103645669453
ode,bound,8,1,1,1,1,0,0.0001220479650016849,0.0001220479650016849,0.00012657739638089347,9.011157458106817,167.16600700564484,0.0001220479650016849,1.1801706934028817,0.0001220479650016849,0.0001220479650016849,0.00012836456616781752,9.011157458106817,159.32597047178842,0.0001220479650016849,1.2817006535293654
ode,bound,9,1,1,1,1,0,0.00012204796500146283,0.00012204796500146283,0.00012647897903010508,9.011157458106817,177.11301139204983,0.00012204796500146283,1.049630131827193,0.0001220479650016849,0.0001220479650016849,0.00012854473746856356,9.011157458106817,148.58737631483305,0.0001220479650016849,1.5030724457156721
ode,bound,10,1,1,1,1,0,0.0001220479650016849,0.0001220479650016849,0.00012633493491498888,9.011157458106817,158.94961606960857,0.0001220479650016849,1.1002203115962048,0.0001220479650016849,0.0001220479650016849,0.00012821505050851666,9.011157458106817,168.01008630603803,0.0001220479650016849,1.2816701712387746
ode,bound,11,1,1,1,1,0,0.0001220479650016849,0.0001220479650016849,0.0001286891088138099,9.011157458106817,146.95253080899917,0.0001220479650016849,1.1968448202770414,0.0001220479650016849,0.0001220479650016849,0.00012656991691289204,9.011157458106817,165.09191516442374,0.0001220479650016849,1.2607995353556265
ode,bound,12,1,1,1,1,0,0.0001220479650016849,0.0001220479650016849,0.0001267172307036997,9.011157458106817,149.28182641512646,0.0001220479650016849,1.3366073757368064,0.0001220479650016849,0.0001220479650016849,0.00012887893385746154,9.011157458106817,163.5586038633888,0.0001220479650016849,1.2075827500218719
ode,bound,13,1,1,1,1,0,0.0001220479650016849,0.0001220479650016849,0.00012848412144937375,9.011157458106817,149.7970713560943,0.0001220479650016849,1.2595613004304105,0.0001220479650016849,0.0001220479650016849,0.00012819495780879933,9.011157458106817,148.05416596676545,0.0001220479650016849,1.1747246625071497
ode,bound,14,1,1,1,1,0,0.0001220479650016849,0.0001220479650016849,0.00012754768578993164,9.011157458106817,130.63576385954553,0.0001220479650016849,1.386868102724777,0.0001220479650016849,0.0001220479650016849,0.00012702844616419094,9.011157458106817,172.6906004804089,0.0001220479650016849,1.1419519252781474
ode,bound,15,1,1,1,1,0,0.0001220479650016849,0.0001220479650016849,0.00012691581913390848,9.011157458106817,162.57283878742965,0.0001220479650016849,1.1693897869958016,0.0001220479650016849,0.0001220479650016849,0.00012715847494879591,9.011157458106817,174.49153112076445,0.0001220479650016849,1.3266737601727159
ode,bound,16,1,1,1,1,0,0.0001220479650016849,0.0001220479650016849,0.0001286632854878187,9.011157458106817,134.27905610576255,0.0001220479650016849,1.1440806504990046,0.0001220479650016849,0.0001220479650016849,0.0001267594606490023,9.011157458106817,171.60081858804128,0.0001220479650016849,1.4359751483739411
ode,bound,17,1,1,1,1,0,0.0001220479650016849,0.0001220479650016849,0.00012729346165051494,9.011157458106817,159.64182121158785,0.0001220479650016849,1.1284313569274573,0.0001220479650016849,0.0001220479650016849,0.00012753562777597985,9.011157458106817,152.08191170130166,0.0001220479650016849,1.1853958481910607
ode,bound,18,1,1,1,1,0,0.0001220479650016849,0.0001220479650016849,0.00012616370401193161,9.011157458106817,150.30476166210528,0.0001220479650016849,1.1098375323105674,0.0001220479650016849,0.0001220479650016849,0.00012817246132520776,9.011157458106817,158.83008679178943,0.0001220479650016849,1.1879788493744705
ode,bound,19,1,1,1,1,0,0.0001220479650016849,0.0001220479650016849,0.00012742468555911328,9.011157458106817,155.14848309433265,0.0001220479650016849,1.2371624827110406,0.0001220479650016849,0.0001220479650016849,0.00012892753282748128,9.011157458106817,175.98625733944402,0.0001220479650016849,1.150710102746079
ode,bound,20,1,1,1,1,0,0.0001220479650016849,0.0001220479650016849,0.00012794529637768284,9.011157458106817,148.35068014322894,0.0001220479650016849,1.0573542053096392,0.0001220479650016849,0.0001220479650016849,0.0001291488970573222,9.011157458106817,164.3008443569276,0.0001220479650016849,1.2576220631281527
ode,bound,21,1,1,1,1,0,0.0001220479650016849,0.0001220479650016849,0.0001258977359078732,9.011157458106817,169.25460279733733,0.0001220479650016849,1.257644535464298,0.00012204796500146283,0.00012204796500146283,0.00013102211267142715,9.011157458106817,153.23770081878737,0.00012204796500146283,1.3192112689341942
ode,bound,22,1,1,1,1,0,0.0001220479650016849,0.0001220479650016849,0.00012678645353608284,9.011157458106817,164.10205144701848,0.0001220479650016849,1.4827558353099355,0.0001220479650016849,0.0001220479650016849,0.00013117950811270757,9.011157458106817,150.16068590360786,0.0001220479650016849,1.1514324244177354
ode,bound,23,1,1,1,1,0,0.0001220479650016849,0.0001220479650016849,0.00012670087958454692,9.011157458106817,163.19625899795878,0.0001220479650016849,1.0583586912041336,0.0001220479650016849,0.0001220479650016849,0.00013020468824582467,9.011157458106817,150.1260227764199,0.0001220479650016849,1.0946165325668586
ode,bound,24,1,1,1,1,0,0.0001220479650016849,0.0001220479650016849,0.00012690717077016496,9.011157458106817,168.2268846479093,0.0001220479650016849,1.0736967386492502,0.0001220479650016849,0.0001220479650016849,0.00012819071660076647,9.011157458106817,176.0726856896965,0.0001220479650016849,1.2909993615951607
ode,bound,25,1,1,1,1,0,0.0001220479650016849,0.0001220479650016849,0.00012633141647085136,9.011157458106817,161.93502381013283,0.0001220479650016849,1.1256058635445048,0.0001220479650016849,0.0001220479650016849,0.0001270001544562281,9.011157458106817,173.87374151463646,0.0001220479650016849,1.3029725875657485
ode,bound,26,1,1,1,1,0,0.0001220479650016849,0.0001220479650016849,0.00012768830336405804,9.011157458106817,162.01615050820647,0.0001220479650016849,1.1283947882036762,0.0001220479650016849,0.0001220479650016849,0.00012833700940918655,9.011157458106817,168.01297067205914,0.0001220479650016849,0.9678641841379229
ode,bound,27,1,1,1,1,0,0.00012204796500146283,0.00012204796500146283,0.00012571083598741603,9.011157458106817,167.6328595542685,0.00012204796500146283,1.2056326453605057,0.0001220479650016849,0.0001220479650016849,0.0001272949508597559,9.011157458106817,167.28533403337138,0.0001220479650016849,1.0355598790135965
ode,bound,28,1,1,1,1,0,0.0001220479650016849,0.0001220479650016849,0.000126401893965258,9.011157458106817,163.4115270449054,0.0001220479650016849,1.0623018728361457,0.0001220479650016849,0.0001220479650016849,0.00012972262683464179,9.011157458106817,160.08568515130082,0.0001220479650016849,1.2882614242313084
ode,bound,29,1,1,1,1,0,0.0001220479650016849,0.0001220479650016849,0.00012803581492249795,9.011157458106817,133.19890432589065,0.0001220479650016849,1.146457428861558,0.0001220479650016849,0.0001220479650016849,0.00012778495481913726,9.011157458106817,174.84991206278838,0.0001220479650016849,1.179050973150599
ode,bound,30,1,1,1,1,0,0.0001220479650016849,0.0001220479650016849,0.00012641093079469745,9.011157458106817,164.00167602792808,0.0001220479650016849,1.234329957094831,0.0001220479650016849,0.0001220479650016849,0.00012746402107751366,9.011157458106817,158.17481631392857,0.0001220479650016849,1.0407943899565086
ode,bound,31,1,1,1,1,0,0.0001220479650016849,0.0001220479650016849,0.0001261226407394813,9.011157458106817,148.89083386444986,0.0001220479650016849,1.4155822600291752,0.0001220479650016849,0.0001220479650016849,0.00012960637027050368,9.011157458106817,160.24960408044782,0.0001220479650016849,1.2465261440574953
ode,bound,32,1,1,1,1,0,0.0001220479650016849,0.0001220479650016849,0.00012729195816698718,9.011157458106817,153.72507803546654,0.0001220479650016849,1.1257211515987384,0.0001220479650016849,0.0001220479650016849,0.00012769181992179635,9.011157458106817,167.83841298253944,0.0001220479650016849,1.361998429343657
ode,bound,33,1,1,1,1,0,0.0001220479650016849,0.0001220479650016849,0.0001259264874185433,9.011157458106817,165.73814819159233,0.0001220479650016849,1.0580929339371374,0.0001220479650016849,0.0001220479650016849,0.00012709740595508666,9.011157458106817,156.67135569616124,0.0001220479650016849,1.1183851206709603
ode,bound,34,1,1,1,1,0,0.0001220479650016849,0.0001220479650016849,0.00012647099763870063,9.011157458106817,164.51458298059606,0.0001220479650016849,1.2211615207304334,0.0001220479650016849,0.0001220479650016849,0.00012902881728783593,9.011157458106817,143.6288432823945,0.0001220479650016849,1.1734945206888097
ode,bound,35,1,1,1,1,0,0.00012204796500190697,0.00012204796500190697,0.00012570179953871747,9.011157458106817,177.0703769803295,0.00012204796500190697,1.1698404298944656,0.00012204796500190697,0.00012204796500190697,0.00012985120079504688,9.011157458106817,158.14105364947144,0.00012204796500190697,1.3247793485719963
ode,bound,36,1,1,1,1,0,0.0001220479650016849,0.0001220479650016849,0.00012796579126794351,9.011157458106817,152.65574641049642,0.0001220479650016849,1.2472829035962516,0.0001220479650016849,0.0001220479650016849,0.00012880374029258912,9.011157458106817,156.3025191547795,0.0001220479650016849,1.1418315565699546
ode,bound,37,1,1,1,1,0,0.0001220479650016849,0.0001220479650016849,0.0001263660423639425,9.011157458106817,174.96456497608258,0.0001220479650016849,1.2986571219673124,0.0001220479650016849,0.0001220479650016849,0.00012807393085509727,9.011157458106817,156.4201316948176,0.0001220479650016849,1.1912318722077917
ode,bound,38,1,1,1,1,0,0.0001220479650016849,0.0001220479650016849,0.00012793129304852836,9.011157458106817,152.351448526992,0.0001220479650016849,1.1599834762002532,0.0001220479650016849,0.0001220479650016849,0.00012989327052645092,9.011157458106817,151.04785726193197,0.0001220479650016849,1.3106261245963853
ode,bound,39,1,1,1,1,0,0.0001220479650016849,0.0001220479650016849,0.00012754227281695606,9.011157458106817,148.38625768621563,0.0001220479650016849,1.1094919741822675,0.0001220479650016849,0.0001220479650016849,0.00012859137900266544,9.011157458106817,151.14276266202197,0.0001220479650016849,1.4392279243830925
ode,asymptote,0,1,1,1,1,0,0.00012204796500190697,0.00012204796500523805,0.007545552575527088,9.011157458082785,311.62810838549444,0.00012204796500190697,1.230234497751881,0.0001220479650016849,0.00012204796501101191,0.011387815582735128,9.011157458047357,260.2827535794609,0.0001220479650016849,1.4189416488068367
ode,asymptote,1,1,1,1,1,0,0.0001220479650016849,0.00012204796500856913,0.009452155588636296,9.01115745809632,294.7140264134054,0.0001220479650016849,1.1853838094575264,0.0001220479650016849,0.00012204796501922857,0.01162864334810984,9.01115745808874,275.28186616509157,0.0001220479650016849,1.1409893355687595
ode,asymptote,2,1,1,1,1,0,0.0001220479650016849,0.0001220479650072367,0.00816055858430558,9.011157458097578,280.6465015429261,0.0001220479650016849,1.2341708327111918,0.0001220479650016849,0.00012204796501367678,0.008508971509208613,9.011157458092574,281.85363867434313,0.0001220479650016849,1.2683405690874079
ode,asymptote,3,1,1,1,1,0,0.0001220479650016849,0.00012204796501212227,0.008964248937237214,9.011157458095255,277.7505101647959,0.0001220479650016849,1.324702704272368,0.0001220479650016849,0.00012204796501989478,0.012107233392369158,9.011157458079833,255.31862706449812,0.0001220479650016849,1.1259596708026363
ode,asymptote,4,1,1,1,1,0,0.00012204796500146283,0.00012204796500701462,0.007603752008027655,9.011157458099845,265.5514851241079,0.00012204796500146283,1.2476078479524944,0.0001220479650016849,0.00012204796501722992,0.01214040487187607,9.01115745809103,252.8280466476935,0.0001220479650016849,1.1558681359544778
ode,asymptote,5,1,1,1,1,0,0.0001220479650016849,0.00012204796500612634,0.00826037669835107,9.011157458074528,293.6773765687115,0.0001220479650016849,1.320536932916258,0.0001220479650016849,0.00012204796501323263,0.011625068353899882,9.011157458031374,259.5046109443639,0.0001220479650016849,1.1170363030572579
ode,asymptote,6,1,1,1,1,0,0.0001220479650016849,0.0001220479650087912,0.009132532025311875,9.011157458097415,286.15734167959977,0.0001220479650016849,1.2636119873140101,0.0001220479650016849,0.00012204796501834028,0.010851273280192288,9.011157458094575,304.8810400901033,0.0001220479650016849,1.0465647470612414
ode,asymptote,7,1,1,1,1,0,0.0001220479650016849,0.00012204796500634841,0.009218525999683206,9.011157458074385,256.6742810162839,0.0001220479650016849,1.3769038324845966,0.0001220479650016849,0.00012204796501722992,0.008148830001647202,9.011157457996621,301.28497248918575,0.0001220479650016849,1.1301864672500528
ode,asymptote,8,1,1,1,1,0,0.0001220479650016849,0.00012204796500701462,0.008661767392678318,9.011157458069361,272.0213709238581,0.0001220479650016849,1.2766927721481052,0.0001220479650016849,0.00012204796501412092,0.008948967430130536,9.011157458019524,258.9426938902505,0.0001220479650016849,1.0346902338426154
ode,asymptote,9,1,1,1,1,0,0.0001220479650016849,0.0001220479650087912,0.00851230968451349,9.011157458100465,279.6637230213839,0.0001220479650016849,1.1410290735202244,0.00012204796500190697,0.00012204796501834028,0.011873390952802208,9.0111574580855,257.62640064155073,0.00012204796500190697,1.2535457698721197
ode,asymptote,10,1,1,1,1,0,0.0001220479650016849,0.0001220479650119002,0.009617038191460092,9.01115745809496,273.03866830389734,0.0001220479650016849,1.223412392403328,0.0001220479650016849,0.00012204796501389885,0.009923786889916505,9.01115745808893,273.7456018653279,0.0001220479650016849,1.1574882465486598
ode,asymptote,11,1,1,1,1,0,0.0001220479650016849,0.00012204796500768084,0.010881081348404341,9.011157458100287,284.24103638166565,0.0001220479650016849,1.357244008368796,0.0001220479650016849,0.00012204796501989478,0.01011909537651012,9.011157458092413,290.1205670813793,0.0001220479650016849,1.3502146392362189
ode,asymptote,12,1,1,1,1,0,0.0001220479650016849,0.0001220479650087912,0.010411304535817506,9.011157458101872,254.92364341789377,0.0001220479650016849,1.2947867779808375,0.0001220479650016849,0.00012204796501656371,0.012038787136376647,9.011157458087833,257.6750647926723,0.0001220479650016849,1.2731647559335753
ode,asymptote,13,1,1,1,1,0,0.0001220479650016849,0.00012204796500634841,0.008199296527276566,9.01115745807712,289.0793464942446,0.0001220479650016849,1.2927941274895214,0.0001220479650016849,0.0001220479650150092,0.010120341836287206,9.01115745801604,254.62815834480347,0.0001220479650016849,1.2217707184783533
ode,asymptote,14,1,1,1,1,0,0.0001220479650016849,0.00012204796500834705,0.009236224580227834,9.011157458060945,267.5180666671966,0.0001220479650016849,1.4474263393715319,0.0001220479650016849,0.00012204796501856235,0.011204563579044842,9.01115745799093,284.00793247580185,0.0001220479650016849,1.073485420256695
ode,asymptote,15,1,1,1,1,0,0.0001220479650016849,0.00012204796500856913,0.008966237052304926,9.011157458095854,271.76318972486797,0.0001220479650016849,1.0477484793097787,0.0001220479650016849,0.00012204796501856235,0.008861893564180054,9.011157458090073,317.91649432403096,0.0001220479650016849,1.2295748146475864
ode,asymptote,16,1,1,1,1,0,0.0001220479650016849,0.00012204796500501598,0.006873889169191392,9.011157458085668,290.3767530741213,0.0001220479650016849,1.2132125075634628,0.0001220479650016849,0.00012204796501301056,0.008906688214149631,9.011157458030402,290.81914015036654,0.0001220479650016849,1.197424870893264
ode,asymptote,17,1,1,1,1,0,0.0001220479650016849,0.00012204796500634841,0.008874895115939396,9.011157458078365,264.98262508493343,0.0001220479650016849,1.227189391684368,0.0001220479650016849,0.0001220479650150092,0.009328384313190692,9.0111574580148,290.34705875926574,0.0001220479650016849,1.250408501155105
ode,asymptote,18,1,1,1,1,0,0.0001220479650016849,0.00012204796500990156,0.009155509887117377,9.011157458098717,268.7509304140933,0.0001220479650016849,1.2013288690005832,0.0001220479650016849,0.00012204796501722992,0.010623177141030928,9.011157458080891,273.9071136060482,0.0001220479650016849,1.3818216819211275
ode,asymptote,19,1,1,1,1,0,0.0001220479650016849,0.00012204796500745877,0.01004186892778043,9.01115745806444,262.9877951716845,0.0001220479650016849,1.1949921327745507,0.00012204796500190697,0.00012204796501012363,0.01190785382035021,9.011157458056903,287.28935485453525,0.00012204796500190697,1.2433102493546013
ode,asymptote,20,1,1,1,1,0,0.00012204796500190697,0.00012204796500657048,0.008629994083527315,9.011157458072656,295.9230603476325,0.00012204796500190697,1.1354479258941885,0.0001220479650016849,0.00012204796501323263,0.008851255326084792,9.01115745802875,294.7869773810039,0.0001220479650016849,1.1501257124475404
ode,asymptote,21,1,1,1,1,0,0.0001220479650016849,0.0001220479650072367,0.007080655222421159,9.011157458069244,283.6378808208703,0.0001220479650016849,1.1914446952771043,0.0001220479650016849,0.00012204796501278849,0.011730372148234943,9.011157458031564,261.36977966848855,0.0001220479650016849,1.1089109561870165
ode,asymptote,22,1,1,1,1,0,0.0001220479650016849,0.00012204796501078984,0.0064230687013419226,9.011157458099449,316.4291414676489,0.0001220479650016849,1.2439396489987629,0.0001220479650016849,0.00012204796502078307,0.0105575069520143,9.01115745808469,273.8346640101888,0.0001220479650016849,1.3188640752306902
ode,asymptote,23,1,1,1,1,0,0.0001220479650016849,0.0001220479650056822,0.00743409543733662,9.01115745807952,277.65329383789856,0.0001220479650016849,1.135005457181592,0.00012204796500190697,0.00012204796501145606,0.010876785448236562,9.011157458043188,283.6957003352979,0.00012204796500190697,1.1866282142051463
ode,asymptote,24,1,1,1,1,0,0.0001220479650016849,0.00012204796500612634,0.008635857839434963,9.01115745807571,277.6023854052456,0.0001220479650016849,1.487148757477815,0.0001220479650016849,0.0001220479650150092,0.010029532152865403,9.011157458015328,266.1168879338344,0.0001220479650016849,1.087111673479012
ode,asymptote,25,1,1,1,1,0,0.0001220479650016849,0.00012204796500546012,0.00742475247673285,9.01115745808215,308.6416089249466,0.0001220479650016849,1.3077981324292942,0.0001220479650016849,0.00012204796501389885,0.010120818818089617,9.011157458026096,299.6743768594277,0.0001220479650016849,1.1560119049416497
ode,asymptote,26,1,1,1,1,0,0.0001220479650016849,0.00012204796500745877,0.008142127323131654,9.011157458066107,300.789753328589,0.0001220479650016849,1.1726700402059156,0.0001220479650016849,0.00012204796501301056,0.010008730295739563,9.011157458032963,297.1561206052649,0.0001220479650016849,1.1010721628006526
ode,asymptote,27,1,1,1,1,0,0.0001220479650016849,0.00012204796500546012,0.008260623319589828,9.011157458080302,274.8614000965379,0.0001220479650016849,1.3235623045332372,0.0001220479650016849,0.00012204796501056777,0.010385940355614943,9.011157458054672,290.4741094201297,0.0001220479650016849,1.2018802625030747
ode,asymptote,28,1,1,1,1,0,0.0001220479650016849,0.00012204796500612634,0.010292808446580136,9.011157458075603,256.17391706045504,0.0001220479650016849,1.0981554179100042,0.0001220479650016849,0.0001220479650150092,0.0106267427809602,9.011157458014969,280.2773905621529,0.0001220479650016849,1.2104421593915655
ode,asymptote,29,1,1,1,1,0,0.0001220479650016849,0.00012204796500745877,0.008150442268579477,9.011157458100717,309.31148331965346,0.0001220479650016849,1.383248592594137,0.0001220479650016849,0.00012204796501634164,0.01035339232334252,9.011157458094432,286.81265010016875,0.0001220479650016849,1.1698012402594715
ode,asymptote,30,1,1,1,1,0,0.0001220479650016849,0.00012204796500790291,0.008356190050817856,9.01115745809828,269.83594524607906,0.0001220479650016849,1.2636717458563638,0.0001220479650016849,0.00012204796501856235,0.009966081059489432,9.011157458086581,284.8430285060947,0.0001220479650016849,1.3491400207626913
ode,asymptote,31,1,1,1,1,0,0.0001220479650016849,0.0001220479650056822,0.008840549409731259,9.01115745808111,281.13620171982683,0.0001220479650016849,1.2231568130229553,0.0001220479650016849,0.0001220479650087912,0.01162085078363235,9.011157458067958,268.8580660569114,0.0001220479650016849,1.1694441842379897
ode,asymptote,32,1,1,1,1,0,0.0001220479650016849,0.00012204796500390562,0.007801991772066651,9.011157458092224,284.10958191581585,0.0001220479650016849,1.1266155354989722,0.0001220479650016849,0.00012204796501278849,0.008026524597537018,9.011157458035626,254.53557809368957,0.0001220479650016849,1.1664500501336657
ode,asymptote,33,1,1,1,1,0,0.0001220479650016849,0.00012204796500612634,0.009078041590865296,9.011157458103183,298.5666556991905,0.0001220479650016849,1.1222831064627714,0.0001220479650016849,0.00012204796501634164,0.009180284108156488,9.011157458095335,277.79754049085835,0.0001220479650016849,1.1775811617315979
ode,asymptote,34,1,1,1,1,0,0.0001220479650016849,0.00012204796500967948,0.011269303025493118,9.011157458099504,286.36311686098776,0.0001220479650016849,1.3241077717520184,0.0001220479650016849,0.00012204796501389885,0.009405308989990764,9.01115745808902,297.4767515853557,0.0001220479650016849,1.2864885334494658
ode,asymptote,35,1,1,1,1,0,0.0001220479650016849,0.00012204796500790291,0.010626100725309569,9.01115745809806,263.6259488612686,0.0001220479650016849,1.1335969438153657,0.0001220479650016849,0.00012204796501767407,0.009558874637405398,9.011157458093773,288.3568453506239,0.0001220479650016849,1.1872517950734716
ode,asymptote,36,1,1,1,1,0,0.0001220479650016849,0.00012204796500834705,0.007129765758163931,9.011157458096989,297.6095031632625,0.0001220479650016849,1.299708032760827,0.0001220479650016849,0.00012204796502167136,0.009144685960839397,9.011157458086432,286.40300525527215,0.0001220479650016849,1.278611507758815
ode,asymptote,37,1,1,1,1,0,0.0001220479650016849,0.00012204796500523805,0.0088427076803272,9.011157458099953,300.58281335381525,0.0001220479650016849,1.329383975707999,0.0001220479650016849,0.00012204796502255964,0.009265707374676248,9.011157458088235,269.5865943858842,0.0001220479650016849,1.2788135167730483
ode,asymptote,38,1,1,1,1,0,0.0001220479650016849,0.00012204796500701462,0.009817624731065124,9.011157458100767,273.0063531269793,0.0001220479650016849,1.2814520100294988,0.00012204796500146283,0.00012204796501412092,0.01089248483333599,9.011157458090453,278.93923183641607,0.00012204796500146283,1.1848928419166567
ode,asymptote,39,1,1,1,1,0,0.0001220479650016849,0.00012204796500546012,0.009844031100196878,9.01115745808344,268.9484846368486,0.0001220479650016849,1.3459644106109232,0.0001220479650016849,0.00012204796501478713,0.009827885033201911,9.011157458011766,293.9744860728056,0.0001220479650016849,1.1516683425789855
