task_id,proposal_index,prefix_exposure,policy,nrmse
0,0,high,closed_mechanism,0.37163051218696175
0,0,high,invariant_residual_MAP,0.03363022605172132
0,0,high,invariant_residual_ensemble,0.04296644345288794
0,0,high,evidence_weighted_residual_mixture,0.0280592257111914
0,0,high,free_baseline,0.012426389605980772
0,0,low,closed_mechanism,0.37163051218696175
0,0,low,invariant_residual_MAP,0.8303245241742172
0,0,low,invariant_residual_ensemble,0.7338311722233515
0,0,low,evidence_weighted_residual_mixture,0.7341006221363505
0,0,low,free_baseline,0.7969929626463796
0,0,medium,closed_mechanism,0.37163051218696175
0,0,medium,invariant_residual_MAP,0.2094896222488828
0,0,medium,invariant_residual_ensemble,0.13530711619116662
0,0,medium,evidence_weighted_residual_mixture,0.14148538621765455
0,0,medium,free_baseline,0.1552248286199427
1,1,high,closed_mechanism,0.5908047673883181
1,1,high,invariant_residual_MAP,0.0045911054753109215
1,1,high,invariant_residual_ensemble,0.10274598204559339
1,1,high,evidence_weighted_residual_mixture,0.01307373507248794
1,1,high,free_baseline,0.023874084743002084
1,1,low,closed_mechanism,0.5908047673883181
1,1,low,invariant_residual_MAP,0.11361094198125916
1,1,low,invariant_residual_ensemble,0.08124890522349132
1,1,low,evidence_weighted_residual_mixture,0.03336711590500718
1,1,low,free_baseline,0.9194293834823496
1,1,medium,closed_mechanism,0.5908047673883181
1,1,medium,invariant_residual_MAP,0.05831561295635899
1,1,medium,invariant_residual_ensemble,0.0880891458016258
1,1,medium,evidence_weighted_residual_mixture,0.030885771046235248
1,1,medium,free_baseline,0.008954332795173
2,2,high,closed_mechanism,0.422500796927924
2,2,high,invariant_residual_MAP,0.0485600655321279
2,2,high,invariant_residual_ensemble,0.019444116844668156
2,2,high,evidence_weighted_residual_mixture,0.006206486986822903
2,2,high,free_baseline,0.03316994015747362
2,2,low,closed_mechanism,0.422500796927924
2,2,low,invariant_residual_MAP,0.9332390781615758
2,2,low,invariant_residual_ensemble,0.8354360073769588
2,2,low,evidence_weighted_residual_mixture,0.837753869432895
2,2,low,free_baseline,0.8942905081291441
2,2,medium,closed_mechanism,0.422500796927924
2,2,medium,invariant_residual_MAP,0.029920834651885678
2,2,medium,invariant_residual_ensemble,0.05521183956600344
2,2,medium,evidence_weighted_residual_mixture,0.05088669228000993
2,2,medium,free_baseline,0.040657512451044764
3,3,high,closed_mechanism,0.15779359148753488
3,3,high,invariant_residual_MAP,0.008581345949409815
3,3,high,invariant_residual_ensemble,0.043853852469908916
3,3,high,evidence_weighted_residual_mixture,0.04227467383639175
3,3,high,free_baseline,0.043853852469909596
3,3,low,closed_mechanism,0.15779359148753488
3,3,low,invariant_residual_MAP,0.35282504881693527
3,3,low,invariant_residual_ensemble,0.2550409011706706
3,3,low,evidence_weighted_residual_mixture,0.25735401651369383
3,3,low,free_baseline,0.2519902884003679
3,3,medium,closed_mechanism,0.15779359148753488
3,3,medium,invariant_residual_MAP,0.1499959160944474
3,3,medium,invariant_residual_ensemble,0.15153926547897478
3,3,medium,evidence_weighted_residual_mixture,0.15153670561671598
3,3,medium,free_baseline,0.34909907584490596
4,4,high,closed_mechanism,0.5350716286490291
4,4,high,invariant_residual_MAP,0.05277508412942803
4,4,high,invariant_residual_ensemble,0.05411962911275654
4,4,high,evidence_weighted_residual_mixture,0.030744162051234026
4,4,high,free_baseline,0.01053684929558084
4,4,low,closed_mechanism,0.5350716286490291
4,4,low,invariant_residual_MAP,0.10910087021175474
4,4,low,invariant_residual_ensemble,0.0385365699828835
4,4,low,evidence_weighted_residual_mixture,0.018986252606572676
4,4,low,free_baseline,0.018947319798134785
4,4,medium,closed_mechanism,0.5350716286490291
4,4,medium,invariant_residual_MAP,0.028172567060397575
4,4,medium,invariant_residual_ensemble,0.07288454302271795
4,4,medium,evidence_weighted_residual_mixture,0.020819441405848377
4,4,medium,free_baseline,0.044574358809872185
5,5,high,closed_mechanism,0.587193299441839
5,5,high,invariant_residual_MAP,0.007299424043788779
5,5,high,invariant_residual_ensemble,0.09450151289461212
5,5,high,evidence_weighted_residual_mixture,0.010754199615757363
5,5,high,free_baseline,0.01030413763349813
5,5,low,closed_mechanism,0.587193299441839
5,5,low,invariant_residual_MAP,0.054869383646902976
5,5,low,invariant_residual_ensemble,0.08344102839315595
5,5,low,evidence_weighted_residual_mixture,0.056369164651845716
5,5,low,free_baseline,0.9529022943667222
5,5,medium,closed_mechanism,0.587193299441839
5,5,medium,invariant_residual_MAP,0.05825428878040456
5,5,medium,invariant_residual_ensemble,0.0870383876544256
5,5,medium,evidence_weighted_residual_mixture,0.029198629651087955
5,5,medium,free_baseline,0.019521266634232665
6,6,high,closed_mechanism,0.1676282085316436
6,6,high,invariant_residual_MAP,0.11473274880043768
6,6,high,invariant_residual_ensemble,0.006643244648469557
6,6,high,evidence_weighted_residual_mixture,0.02349112972604696
6,6,high,free_baseline,0.09118941080062418
6,6,low,closed_mechanism,0.1676282085316436
6,6,low,invariant_residual_MAP,0.5225889115539222
6,6,low,invariant_residual_ensemble,0.5779256181266124
6,6,low,evidence_weighted_residual_mixture,0.580068821052623
6,6,low,free_baseline,0.12383463323661231
6,6,medium,closed_mechanism,0.1676282085316436
6,6,medium,invariant_residual_MAP,0.15388896808808228
6,6,medium,invariant_residual_ensemble,0.04412383165398243
6,6,medium,evidence_weighted_residual_mixture,0.03216785767105381
6,6,medium,free_baseline,0.2362538233857406
7,7,high,closed_mechanism,0.23656121514824605
7,7,high,invariant_residual_MAP,0.06759444353429767
7,7,high,invariant_residual_ensemble,0.020901124452897685
7,7,high,evidence_weighted_residual_mixture,0.03431156126839599
7,7,high,free_baseline,0.09542837041896374
7,7,low,closed_mechanism,0.23656121514824605
7,7,low,invariant_residual_MAP,0.24627009143268402
7,7,low,invariant_residual_ensemble,0.2327966447372658
7,7,low,evidence_weighted_residual_mixture,0.2425297061868719
7,7,low,free_baseline,0.6334330946576707
7,7,medium,closed_mechanism,0.23656121514824605
7,7,medium,invariant_residual_MAP,0.11447317145425907
7,7,medium,invariant_residual_ensemble,0.05999574141499656
7,7,medium,evidence_weighted_residual_mixture,0.06745301702854714
7,7,medium,free_baseline,0.547318348745843
8,8,high,closed_mechanism,0.18923081144249823
8,8,high,invariant_residual_MAP,0.04609170902165897
8,8,high,invariant_residual_ensemble,0.0599083891331213
8,8,high,evidence_weighted_residual_mixture,0.06010554751248441
8,8,high,free_baseline,0.010027324305187343
8,8,low,closed_mechanism,0.18923081144249823
8,8,low,invariant_residual_MAP,0.7946811838787542
8,8,low,invariant_residual_ensemble,0.6908190315359731
8,8,low,evidence_weighted_residual_mixture,0.7132237127391244
8,8,low,free_baseline,0.027355548594705948
8,8,medium,closed_mechanism,0.18923081144249823
8,8,medium,invariant_residual_MAP,0.07717186759288246
8,8,medium,invariant_residual_ensemble,0.1667243234722493
8,8,medium,evidence_weighted_residual_mixture,0.16393554463846666
8,8,medium,free_baseline,0.1881140400379192
9,9,high,closed_mechanism,0.4161603419789945
9,9,high,invariant_residual_MAP,0.07113441611854042
9,9,high,invariant_residual_ensemble,0.031649467002557434
9,9,high,evidence_weighted_residual_mixture,0.034125069864996194
9,9,high,free_baseline,0.07946294850777094
9,9,low,closed_mechanism,0.4161603419789945
9,9,low,invariant_residual_MAP,0.2613092744211851
9,9,low,invariant_residual_ensemble,0.09227504066106569
9,9,low,evidence_weighted_residual_mixture,0.12063316844493922
9,9,low,free_baseline,0.11922914078596289
9,9,medium,closed_mechanism,0.4161603419789945
9,9,medium,invariant_residual_MAP,0.032331475819919506
9,9,medium,invariant_residual_ensemble,0.032301556523640175
9,9,medium,evidence_weighted_residual_mixture,0.06850770807472685
9,9,medium,free_baseline,0.1837794753433791
10,10,high,closed_mechanism,0.21505493060908015
10,10,high,invariant_residual_MAP,0.1634291356361431
10,10,high,invariant_residual_ensemble,0.09022952796229033
10,10,high,evidence_weighted_residual_mixture,0.09630600943739825
10,10,high,free_baseline,0.08876199682304578
10,10,low,closed_mechanism,0.21505493060908015
10,10,low,invariant_residual_MAP,0.2567503895928168
10,10,low,invariant_residual_ensemble,0.250891023843954
10,10,low,evidence_weighted_residual_mixture,0.25970562836491845
10,10,low,free_baseline,0.5366504912769934
10,10,medium,closed_mechanism,0.21505493060908015
10,10,medium,invariant_residual_MAP,0.04149243459503286
10,10,medium,invariant_residual_ensemble,0.11564672158171471
10,10,medium,evidence_weighted_residual_mixture,0.11050643194623963
10,10,medium,free_baseline,0.04228128054712383
11,11,high,closed_mechanism,0.44993122898547494
11,11,high,invariant_residual_MAP,0.017696934479806352
11,11,high,invariant_residual_ensemble,0.08660838712942277
11,11,high,evidence_weighted_residual_mixture,0.07060389456566044
11,11,high,free_baseline,0.053215366368933065
11,11,low,closed_mechanism,0.44993122898547494
11,11,low,invariant_residual_MAP,0.2558984977934497
11,11,low,invariant_residual_ensemble,0.061204613203644814
11,11,low,evidence_weighted_residual_mixture,0.11557496127756776
11,11,low,free_baseline,0.4786325110433234
11,11,medium,closed_mechanism,0.44993122898547494
11,11,medium,invariant_residual_MAP,0.2788448974830944
11,11,medium,invariant_residual_ensemble,0.2023865673349124
11,11,medium,evidence_weighted_residual_mixture,0.20874491120165603
11,11,medium,free_baseline,0.5158640853544326
12,12,high,closed_mechanism,0.4300335757998505
12,12,high,invariant_residual_MAP,0.07692714142028599
12,12,high,invariant_residual_ensemble,0.10776637934489186
12,12,high,evidence_weighted_residual_mixture,0.10959960944937647
12,12,high,free_baseline,0.08554204564162446
12,12,low,closed_mechanism,0.4300335757998505
12,12,low,invariant_residual_MAP,0.03954863808746127
12,12,low,invariant_residual_ensemble,0.06448164789994451
12,12,low,evidence_weighted_residual_mixture,0.0641125305555315
12,12,low,free_baseline,0.05702257037540072
12,12,medium,closed_mechanism,0.4300335757998505
12,12,medium,invariant_residual_MAP,0.03147938189112919
12,12,medium,invariant_residual_ensemble,0.13455006787920615
12,12,medium,evidence_weighted_residual_mixture,0.1370757618335532
12,12,medium,free_baseline,0.0778257886004716
13,13,high,closed_mechanism,0.5145490169381497
13,13,high,invariant_residual_MAP,0.011534534368398864
13,13,high,invariant_residual_ensemble,0.04169167366771978
13,13,high,evidence_weighted_residual_mixture,0.028135687283524977
13,13,high,free_baseline,0.019655395058503226
13,13,low,closed_mechanism,0.5145490169381497
13,13,low,invariant_residual_MAP,0.011493264434288664
13,13,low,invariant_residual_ensemble,0.03661403599887766
13,13,low,evidence_weighted_residual_mixture,0.02377654370694337
13,13,low,free_baseline,0.8367527314468307
13,13,medium,closed_mechanism,0.5145490169381497
13,13,medium,invariant_residual_MAP,0.11163076808677963
13,13,medium,invariant_residual_ensemble,0.0241039895275707
13,13,medium,evidence_weighted_residual_mixture,0.07905007225136836
13,13,medium,free_baseline,0.05635718003064928
14,14,high,closed_mechanism,0.5065707893428639
14,14,high,invariant_residual_MAP,0.0819393874942275
14,14,high,invariant_residual_ensemble,0.08133390238994219
14,14,high,evidence_weighted_residual_mixture,0.06038436683909215
14,14,high,free_baseline,0.06343528328226757
14,14,low,closed_mechanism,0.5065707893428639
14,14,low,invariant_residual_MAP,0.11804073066826616
14,14,low,invariant_residual_ensemble,0.00993304749645974
14,14,low,evidence_weighted_residual_mixture,0.009612431435340196
14,14,low,free_baseline,0.0161460453418319
14,14,medium,closed_mechanism,0.5065707893428639
14,14,medium,invariant_residual_MAP,0.03839090432990428
14,14,medium,invariant_residual_ensemble,0.0550687725331222
14,14,medium,evidence_weighted_residual_mixture,0.01923891742401322
14,14,medium,free_baseline,0.029548206394621114
15,15,high,closed_mechanism,0.12862269063529033
15,15,high,invariant_residual_MAP,0.017494374779746667
15,15,high,invariant_residual_ensemble,0.06891762010472768
15,15,high,evidence_weighted_residual_mixture,0.06595035839917665
15,15,high,free_baseline,0.007518410849983476
15,15,low,closed_mechanism,0.12862269063529033
15,15,low,invariant_residual_MAP,0.32529363828863117
15,15,low,invariant_residual_ensemble,0.2306012009365178
15,15,low,evidence_weighted_residual_mixture,0.23091862608164757
15,15,low,free_baseline,0.35234395369827354
15,15,medium,closed_mechanism,0.12862269063529033
15,15,medium,invariant_residual_MAP,0.16079943770758598
15,15,medium,invariant_residual_ensemble,0.16310887304890653
15,15,medium,evidence_weighted_residual_mixture,0.16320398122032756
15,15,medium,free_baseline,0.03328724700078953
16,16,high,closed_mechanism,0.5332433848783896
16,16,high,invariant_residual_MAP,0.004068976199287754
16,16,high,invariant_residual_ensemble,0.08409727806687238
16,16,high,evidence_weighted_residual_mixture,0.039762072985295445
16,16,high,free_baseline,0.025194347015550185
16,16,low,closed_mechanism,0.5332433848783896
16,16,low,invariant_residual_MAP,0.12426843478716855
16,16,low,invariant_residual_ensemble,0.02924926046282239
16,16,low,evidence_weighted_residual_mixture,0.004846100009314485
16,16,low,free_baseline,0.016485690303074067
16,16,medium,closed_mechanism,0.5332433848783896
16,16,medium,invariant_residual_MAP,0.10037551347429145
16,16,medium,invariant_residual_ensemble,0.18535708243305196
16,16,medium,evidence_weighted_residual_mixture,0.18477209023399513
16,16,medium,free_baseline,0.10467536948784159
17,17,high,closed_mechanism,0.3539990705853532
17,17,high,invariant_residual_MAP,0.00264987539960422
17,17,high,invariant_residual_ensemble,0.0421190965597703
17,17,high,evidence_weighted_residual_mixture,0.04179120631565721
17,17,high,free_baseline,0.07332151962197761
17,17,low,closed_mechanism,0.3539990705853532
17,17,low,invariant_residual_MAP,0.5852903348364463
17,17,low,invariant_residual_ensemble,0.6739978229782246
17,17,low,evidence_weighted_residual_mixture,0.6736807222984218
17,17,low,free_baseline,0.44232221903164953
17,17,medium,closed_mechanism,0.3539990705853532
17,17,medium,invariant_residual_MAP,0.11854557895464439
17,17,medium,invariant_residual_ensemble,0.03147899274465102
17,17,medium,evidence_weighted_residual_mixture,0.03675933878716482
17,17,medium,free_baseline,0.1150171529151994
18,18,high,closed_mechanism,0.3412288004131681
18,18,high,invariant_residual_MAP,0.07117544561492586
18,18,high,invariant_residual_ensemble,0.006810647199273958
18,18,high,evidence_weighted_residual_mixture,0.013430748021579966
18,18,high,free_baseline,0.049654168136256255
18,18,low,closed_mechanism,0.3412288004131681
18,18,low,invariant_residual_MAP,0.03283759525224545
18,18,low,invariant_residual_ensemble,0.35800756759598656
18,18,low,evidence_weighted_residual_mixture,0.35794352301443805
18,18,low,free_baseline,0.08302319177800792
18,18,medium,closed_mechanism,0.3412288004131681
18,18,medium,invariant_residual_MAP,0.055717008414839966
18,18,medium,invariant_residual_ensemble,0.0673621459970792
18,18,medium,evidence_weighted_residual_mixture,0.07027766824604485
18,18,medium,free_baseline,0.03221260108925634
19,19,high,closed_mechanism,0.2544013008629707
19,19,high,invariant_residual_MAP,0.12563458552501616
19,19,high,invariant_residual_ensemble,0.047051983133212426
19,19,high,evidence_weighted_residual_mixture,0.07220680920695206
19,19,high,free_baseline,0.08948375111061298
19,19,low,closed_mechanism,0.2544013008629707
19,19,low,invariant_residual_MAP,0.44916838409310095
19,19,low,invariant_residual_ensemble,0.2564784515891671
19,19,low,evidence_weighted_residual_mixture,0.3201061597318684
19,19,low,free_baseline,0.3175392471550483
19,19,medium,closed_mechanism,0.2544013008629707
19,19,medium,invariant_residual_MAP,0.20454213044731484
19,19,medium,invariant_residual_ensemble,0.18587816247815528
19,19,medium,evidence_weighted_residual_mixture,0.1863390497243334
19,19,medium,free_baseline,0.47554330550064194
20,20,high,closed_mechanism,0.14870169741566833
20,20,high,invariant_residual_MAP,0.06203536157732206
20,20,high,invariant_residual_ensemble,0.03730192273688879
20,20,high,evidence_weighted_residual_mixture,0.03876142681024333
20,20,high,free_baseline,0.11203692667107522
20,20,low,closed_mechanism,0.14870169741566833
20,20,low,invariant_residual_MAP,0.43140864977915383
20,20,low,invariant_residual_ensemble,0.3480538504735676
20,20,low,evidence_weighted_residual_mixture,0.3678214954419132
20,20,low,free_baseline,0.47000515673561116
20,20,medium,closed_mechanism,0.14870169741566833
20,20,medium,invariant_residual_MAP,0.35547135045527933
20,20,medium,invariant_residual_ensemble,0.13871780585330634
20,20,medium,evidence_weighted_residual_mixture,0.13951717744134823
20,20,medium,free_baseline,0.49500800984656346
21,21,high,closed_mechanism,0.17031043313579675
21,21,high,invariant_residual_MAP,0.02900964193496816
21,21,high,invariant_residual_ensemble,0.054115695328061535
21,21,high,evidence_weighted_residual_mixture,0.04573053287547061
21,21,high,free_baseline,0.009173550046299729
21,21,low,closed_mechanism,0.17031043313579675
21,21,low,invariant_residual_MAP,0.873177244038552
21,21,low,invariant_residual_ensemble,0.6810386213955253
21,21,low,evidence_weighted_residual_mixture,0.72570033433227
21,21,low,free_baseline,0.6908021223670011
21,21,medium,closed_mechanism,0.17031043313579675
21,21,medium,invariant_residual_MAP,0.02386251376221069
21,21,medium,invariant_residual_ensemble,0.14840941330310728
21,21,medium,evidence_weighted_residual_mixture,0.1473962577324667
21,21,medium,free_baseline,0.03005074179005869
22,22,high,closed_mechanism,0.22357272404981335
22,22,high,invariant_residual_MAP,0.09729756744505297
22,22,high,invariant_residual_ensemble,0.02365290529416889
22,22,high,evidence_weighted_residual_mixture,0.011116222798973207
22,22,high,free_baseline,0.017049809894314802
22,22,low,closed_mechanism,0.22357272404981335
22,22,low,invariant_residual_MAP,0.5441365313495874
22,22,low,invariant_residual_ensemble,0.2556538824149541
22,22,low,evidence_weighted_residual_mixture,0.25578520610480854
22,22,low,free_baseline,0.6516427111370311
22,22,medium,closed_mechanism,0.22357272404981335
22,22,medium,invariant_residual_MAP,0.10951103876705211
22,22,medium,invariant_residual_ensemble,0.07506092247495534
22,22,medium,evidence_weighted_residual_mixture,0.07232703644377661
22,22,medium,free_baseline,0.006254455013570426
23,23,high,closed_mechanism,0.21098731883207417
23,23,high,invariant_residual_MAP,0.025084420513385608
23,23,high,invariant_residual_ensemble,0.02292983155814346
23,23,high,evidence_weighted_residual_mixture,0.025128379203661587
23,23,high,free_baseline,0.03019833844827854
23,23,low,closed_mechanism,0.21098731883207417
23,23,low,invariant_residual_MAP,0.4924969410022056
23,23,low,invariant_residual_ensemble,0.2998953264286681
23,23,low,evidence_weighted_residual_mixture,0.33621086971543623
23,23,low,free_baseline,0.39926632445422366
23,23,medium,closed_mechanism,0.21098731883207417
23,23,medium,invariant_residual_MAP,0.15006366488307715
23,23,medium,invariant_residual_ensemble,0.020278671670204397
23,23,medium,evidence_weighted_residual_mixture,0.016560162391405307
23,23,medium,free_baseline,0.012325833026384339
24,24,high,closed_mechanism,0.5143099057418732
24,24,high,invariant_residual_MAP,0.024666884762138647
24,24,high,invariant_residual_ensemble,0.057146485596823726
24,24,high,evidence_weighted_residual_mixture,0.008611875135834241
24,24,high,free_baseline,0.008074852353415646
24,24,low,closed_mechanism,0.5143099057418732
24,24,low,invariant_residual_MAP,0.19025930401216465
24,24,low,invariant_residual_ensemble,0.008072380091568077
24,24,low,evidence_weighted_residual_mixture,0.03632342666821734
24,24,low,free_baseline,0.031734629253336415
24,24,medium,closed_mechanism,0.5143099057418732
24,24,medium,invariant_residual_MAP,0.03488383915800571
24,24,medium,invariant_residual_ensemble,0.05969047314798815
24,24,medium,evidence_weighted_residual_mixture,0.017414797290154316
24,24,medium,free_baseline,0.010515432693288076
25,25,high,closed_mechanism,0.49957468645820396
25,25,high,invariant_residual_MAP,0.0604201626570382
25,25,high,invariant_residual_ensemble,0.056315999091063766
25,25,high,evidence_weighted_residual_mixture,0.027937097696557764
25,25,high,free_baseline,0.018048355746976625
25,25,low,closed_mechanism,0.49957468645820396
25,25,low,invariant_residual_MAP,0.20589223661812914
25,25,low,invariant_residual_ensemble,0.011231119045502135
25,25,low,evidence_weighted_residual_mixture,0.05268310312327889
25,25,low,free_baseline,0.05366622539975093
25,25,medium,closed_mechanism,0.49957468645820396
25,25,medium,invariant_residual_MAP,0.08931500456604856
25,25,medium,invariant_residual_ensemble,0.06327887217204803
25,25,medium,evidence_weighted_residual_mixture,0.036497179313100085
25,25,medium,free_baseline,0.035932454443918294
26,26,high,closed_mechanism,0.16719245026090687
26,26,high,invariant_residual_MAP,0.04195992868531171
26,26,high,invariant_residual_ensemble,0.03905458382559321
26,26,high,evidence_weighted_residual_mixture,0.033624503833422414
26,26,high,free_baseline,0.01404732432314692
26,26,low,closed_mechanism,0.16719245026090687
26,26,low,invariant_residual_MAP,0.696714772378346
26,26,low,invariant_residual_ensemble,0.6058442240641772
26,26,low,evidence_weighted_residual_mixture,0.6102822811199989
26,26,low,free_baseline,0.6431573979749156
26,26,medium,closed_mechanism,0.16719245026090687
26,26,medium,invariant_residual_MAP,0.20717835964796652
26,26,medium,invariant_residual_ensemble,0.2268116466627974
26,26,medium,evidence_weighted_residual_mixture,0.22651903907890827
26,26,medium,free_baseline,0.10883678625725818
27,27,high,closed_mechanism,0.4262089472532852
27,27,high,invariant_residual_MAP,0.014243995667133495
27,27,high,invariant_residual_ensemble,0.013689986202800007
27,27,high,evidence_weighted_residual_mixture,0.024275706600422817
27,27,high,free_baseline,0.021048019928824515
27,27,low,closed_mechanism,0.4262089472532852
27,27,low,invariant_residual_MAP,0.26571430139322766
27,27,low,invariant_residual_ensemble,0.0848172999216897
27,27,low,evidence_weighted_residual_mixture,0.1156012533663087
27,27,low,free_baseline,0.12424393223569451
27,27,medium,closed_mechanism,0.4262089472532852
27,27,medium,invariant_residual_MAP,0.013022126256342326
27,27,medium,invariant_residual_ensemble,0.023851609311665283
27,27,medium,evidence_weighted_residual_mixture,0.05408393848182225
27,27,medium,free_baseline,0.013769009326059675
28,28,high,closed_mechanism,0.2651127184061003
28,28,high,invariant_residual_MAP,0.06280107022488529
28,28,high,invariant_residual_ensemble,0.04280598592912459
28,28,high,evidence_weighted_residual_mixture,0.0485697390142327
28,28,high,free_baseline,0.028873010091756645
28,28,low,closed_mechanism,0.2651127184061003
28,28,low,invariant_residual_MAP,0.8593753655297326
28,28,low,invariant_residual_ensemble,0.7471789306947171
28,28,low,evidence_weighted_residual_mixture,0.7600760709745688
28,28,low,free_baseline,0.7842077211245959
28,28,medium,closed_mechanism,0.2651127184061003
28,28,medium,invariant_residual_MAP,0.10662529931409444
28,28,medium,invariant_residual_ensemble,0.03516172816488756
28,28,medium,evidence_weighted_residual_mixture,0.03238922235249517
28,28,medium,free_baseline,0.14741576584667437
29,29,high,closed_mechanism,0.44140118774942627
29,29,high,invariant_residual_MAP,0.04747615787736629
29,29,high,invariant_residual_ensemble,0.03194384191976129
29,29,high,evidence_weighted_residual_mixture,0.020651030193110893
29,29,high,free_baseline,0.09386642803631139
29,29,low,closed_mechanism,0.44140118774942627
29,29,low,invariant_residual_MAP,0.262115472265086
29,29,low,invariant_residual_ensemble,0.07119484818960162
29,29,low,evidence_weighted_residual_mixture,0.15947401860873126
29,29,low,free_baseline,0.2411905520506039
29,29,medium,closed_mechanism,0.44140118774942627
29,29,medium,invariant_residual_MAP,0.17777416455802242
29,29,medium,invariant_residual_ensemble,0.05479775162873254
29,29,medium,evidence_weighted_residual_mixture,0.14318400305923426
29,29,medium,free_baseline,0.10148360925945397
30,30,high,closed_mechanism,0.378007249048907
30,30,high,invariant_residual_MAP,0.038248456624246065
30,30,high,invariant_residual_ensemble,0.028404074033666044
30,30,high,evidence_weighted_residual_mixture,0.025859100067825973
30,30,high,free_baseline,0.04822003006499698
30,30,low,closed_mechanism,0.378007249048907
30,30,low,invariant_residual_MAP,0.3291373347683867
30,30,low,invariant_residual_ensemble,0.134377469036755
30,30,low,evidence_weighted_residual_mixture,0.20180749751610597
30,30,low,free_baseline,0.6555068375540901
30,30,medium,closed_mechanism,0.378007249048907
30,30,medium,invariant_residual_MAP,0.10538523889903176
30,30,medium,invariant_residual_ensemble,0.033791408344619675
30,30,medium,evidence_weighted_residual_mixture,0.04123270696376589
30,30,medium,free_baseline,0.5246313109470574
31,31,high,closed_mechanism,0.21313525689851945
31,31,high,invariant_residual_MAP,0.14021438021881677
31,31,high,invariant_residual_ensemble,0.04661460337246717
31,31,high,evidence_weighted_residual_mixture,0.05599552186980981
31,31,high,free_baseline,0.08065116324903607
31,31,low,closed_mechanism,0.21313525689851945
31,31,low,invariant_residual_MAP,0.5701629233954747
31,31,low,invariant_residual_ensemble,0.4388009709172959
31,31,low,evidence_weighted_residual_mixture,0.4386137538360259
31,31,low,free_baseline,0.5383908150631825
31,31,medium,closed_mechanism,0.21313525689851945
31,31,medium,invariant_residual_MAP,0.15145946573900684
31,31,medium,invariant_residual_ensemble,0.043538511736438246
31,31,medium,evidence_weighted_residual_mixture,0.04126330868217249
31,31,medium,free_baseline,0.10176451147820197
32,32,high,closed_mechanism,0.4271016873618433
32,32,high,invariant_residual_MAP,0.04397935387289226
32,32,high,invariant_residual_ensemble,0.014925492453498015
32,32,high,evidence_weighted_residual_mixture,0.03361499189865899
32,32,high,free_baseline,0.035866908991798965
32,32,low,closed_mechanism,0.4271016873618433
32,32,low,invariant_residual_MAP,0.05914513145543601
32,32,low,invariant_residual_ensemble,0.045260214331176433
32,32,low,evidence_weighted_residual_mixture,0.05449787615268567
32,32,low,free_baseline,0.7874220073610904
32,32,medium,closed_mechanism,0.4271016873618433
32,32,medium,invariant_residual_MAP,0.0845515557113195
32,32,medium,invariant_residual_ensemble,0.014927923859506498
32,32,medium,evidence_weighted_residual_mixture,0.017133031568325578
32,32,medium,free_baseline,0.014495908894646805
33,33,high,closed_mechanism,0.34076303007308323
33,33,high,invariant_residual_MAP,0.12929386025980724
33,33,high,invariant_residual_ensemble,0.07820834547018128
33,33,high,evidence_weighted_residual_mixture,0.09807422956475913
33,33,high,free_baseline,0.15695618458202482
33,33,low,closed_mechanism,0.34076303007308323
33,33,low,invariant_residual_MAP,0.023667814134586535
33,33,low,invariant_residual_ensemble,0.06453617468898629
33,33,low,evidence_weighted_residual_mixture,0.06642834507083052
33,33,low,free_baseline,0.024380379036515014
33,33,medium,closed_mechanism,0.34076303007308323
33,33,medium,invariant_residual_MAP,0.08270654837985178
33,33,medium,invariant_residual_ensemble,0.008355565100539057
33,33,medium,evidence_weighted_residual_mixture,0.01632639092709757
33,33,medium,free_baseline,0.285793713682721
34,34,high,closed_mechanism,0.28010517288093206
34,34,high,invariant_residual_MAP,0.10100963452316084
34,34,high,invariant_residual_ensemble,0.01964074565246721
34,34,high,evidence_weighted_residual_mixture,0.03160829661223368
34,34,high,free_baseline,0.06926044275110368
34,34,low,closed_mechanism,0.28010517288093206
34,34,low,invariant_residual_MAP,0.1552541609180086
34,34,low,invariant_residual_ensemble,0.0556101776539763
34,34,low,evidence_weighted_residual_mixture,0.055640307307007315
34,34,low,free_baseline,0.2026045533060469
34,34,medium,closed_mechanism,0.28010517288093206
34,34,medium,invariant_residual_MAP,0.10100963452316084
34,34,medium,invariant_residual_ensemble,0.04141602086029578
34,34,medium,evidence_weighted_residual_mixture,0.04134707555041312
34,34,medium,free_baseline,0.08043801979524239
35,35,high,closed_mechanism,0.4589108279898218
35,35,high,invariant_residual_MAP,0.023406506986271346
35,35,high,invariant_residual_ensemble,0.03973884174870421
35,35,high,evidence_weighted_residual_mixture,0.013346943419827553
35,35,high,free_baseline,0.024878243587745968
35,35,low,closed_mechanism,0.4589108279898218
35,35,low,invariant_residual_MAP,0.7066502826649689
35,35,low,invariant_residual_ensemble,0.7922588784032244
35,35,low,evidence_weighted_residual_mixture,0.7920091306317465
35,35,low,free_baseline,0.15837066248557377
35,35,medium,closed_mechanism,0.4589108279898218
35,35,medium,invariant_residual_MAP,0.025499538633279657
35,35,medium,invariant_residual_ensemble,0.08892442460428546
35,35,medium,evidence_weighted_residual_mixture,0.08359444348518842
35,35,medium,free_baseline,0.02559920576297819
36,36,high,closed_mechanism,0.2559375610442893
36,36,high,invariant_residual_MAP,0.11643407658327391
36,36,high,invariant_residual_ensemble,0.11921258103487856
36,36,high,evidence_weighted_residual_mixture,0.12005392499573586
36,36,high,free_baseline,0.12479453026876326
36,36,low,closed_mechanism,0.2559375610442893
36,36,low,invariant_residual_MAP,0.3905241211886216
36,36,low,invariant_residual_ensemble,0.24531921288516503
36,36,low,evidence_weighted_residual_mixture,0.2668393521522684
36,36,low,free_baseline,0.2628666784429713
36,36,medium,closed_mechanism,0.2559375610442893
36,36,medium,invariant_residual_MAP,0.5321730876452399
36,36,medium,invariant_residual_ensemble,0.31977196150738035
36,36,medium,evidence_weighted_residual_mixture,0.3222403915283098
36,36,medium,free_baseline,0.5342536095068641
37,37,high,closed_mechanism,0.4496771299183399
37,37,high,invariant_residual_MAP,0.03307922389168513
37,37,high,invariant_residual_ensemble,0.03646554788560057
37,37,high,evidence_weighted_residual_mixture,0.007971984000424396
37,37,high,free_baseline,0.009041681024456209
37,37,low,closed_mechanism,0.4496771299183399
37,37,low,invariant_residual_MAP,0.8838273408145837
37,37,low,invariant_residual_ensemble,0.7820947064582849
37,37,low,evidence_weighted_residual_mixture,0.7821909187027664
37,37,low,free_baseline,0.9273397804203506
37,37,medium,closed_mechanism,0.4496771299183399
37,37,medium,invariant_residual_MAP,0.06136807542285406
37,37,medium,invariant_residual_ensemble,0.023097027597837844
37,37,medium,evidence_weighted_residual_mixture,0.003221935824734642
37,37,medium,free_baseline,0.030024911837324652
38,38,high,closed_mechanism,0.43317444629564766
38,38,high,invariant_residual_MAP,0.01686117977391346
38,38,high,invariant_residual_ensemble,0.052483356653264944
38,38,high,evidence_weighted_residual_mixture,0.03324602611334654
38,38,high,free_baseline,0.00486514540575143
38,38,low,closed_mechanism,0.43317444629564766
38,38,low,invariant_residual_MAP,0.6783034309964687
38,38,low,invariant_residual_ensemble,0.7648124884735095
38,38,low,evidence_weighted_residual_mixture,0.7645215331519266
38,38,low,free_baseline,0.015570379655249397
38,38,medium,closed_mechanism,0.43317444629564766
38,38,medium,invariant_residual_MAP,0.020497092149233728
38,38,medium,invariant_residual_ensemble,0.07387486529240958
38,38,medium,evidence_weighted_residual_mixture,0.0696795525995667
38,38,medium,free_baseline,0.04029968506591675
39,39,high,closed_mechanism,0.32121668809672127
39,39,high,invariant_residual_MAP,0.1252713309734331
39,39,high,invariant_residual_ensemble,0.08083253465067344
39,39,high,evidence_weighted_residual_mixture,0.09068087441815807
39,39,high,free_baseline,0.12416231044037898
39,39,low,closed_mechanism,0.32121668809672127
39,39,low,invariant_residual_MAP,0.2766761976505482
39,39,low,invariant_residual_ensemble,0.27121975702852524
39,39,low,evidence_weighted_residual_mixture,0.2712191495730526
39,39,low,free_baseline,0.27121975702843654
39,39,medium,closed_mechanism,0.32121668809672127
39,39,medium,invariant_residual_MAP,0.1438843768638055
39,39,medium,invariant_residual_ensemble,0.0701517955308069
39,39,medium,evidence_weighted_residual_mixture,0.08177328168265835
39,39,medium,free_baseline,0.3979516071033769
40,40,high,closed_mechanism,0.518484390062283
40,40,high,invariant_residual_MAP,0.03972971787346352
40,40,high,invariant_residual_ensemble,0.052436170711787806
40,40,high,evidence_weighted_residual_mixture,0.012121163483961875
40,40,high,free_baseline,0.013318567481741813
40,40,low,closed_mechanism,0.518484390062283
40,40,low,invariant_residual_MAP,0.18518151112385936
40,40,low,invariant_residual_ensemble,0.01823283363370715
40,40,low,evidence_weighted_residual_mixture,0.042324417763844414
40,40,low,free_baseline,0.7782513132318473
40,40,medium,closed_mechanism,0.518484390062283
40,40,medium,invariant_residual_MAP,0.024826184445939245
40,40,medium,invariant_residual_ensemble,0.10452897103649851
40,40,medium,evidence_weighted_residual_mixture,0.08413128976649004
40,40,medium,free_baseline,0.05872760028462821
41,41,high,closed_mechanism,0.2933067122395624
41,41,high,invariant_residual_MAP,0.032537216280313745
41,41,high,invariant_residual_ensemble,0.07699727548556745
41,41,high,evidence_weighted_residual_mixture,0.06499057573124
41,41,high,free_baseline,0.020242942471368163
41,41,low,closed_mechanism,0.2933067122395624
41,41,low,invariant_residual_MAP,0.41005022217598364
41,41,low,invariant_residual_ensemble,0.21833418299541266
41,41,low,evidence_weighted_residual_mixture,0.2821561211488718
41,41,low,free_baseline,0.5908669903060049
41,41,medium,closed_mechanism,0.2933067122395624
41,41,medium,invariant_residual_MAP,0.29988200623839467
41,41,medium,invariant_residual_ensemble,0.19142263317500327
41,41,medium,evidence_weighted_residual_mixture,0.26424906275336324
41,41,medium,free_baseline,0.18845242558515105
42,42,high,closed_mechanism,0.4933328640571326
42,42,high,invariant_residual_MAP,0.04015194843172384
42,42,high,invariant_residual_ensemble,0.04853937576487961
42,42,high,evidence_weighted_residual_mixture,0.013565504222595023
42,42,high,free_baseline,0.08143750425514487
42,42,low,closed_mechanism,0.4933328640571326
42,42,low,invariant_residual_MAP,0.2102778724824785
42,42,low,invariant_residual_ensemble,0.023838665333752704
42,42,low,evidence_weighted_residual_mixture,0.05727970215096091
42,42,low,free_baseline,0.804668521771143
42,42,medium,closed_mechanism,0.4933328640571326
42,42,medium,invariant_residual_MAP,0.08214674721271922
42,42,medium,invariant_residual_ensemble,0.01676919227907831
42,42,medium,evidence_weighted_residual_mixture,0.09604200687078567
42,42,medium,free_baseline,0.14998108217929212
43,43,high,closed_mechanism,0.3035420460437251
43,43,high,invariant_residual_MAP,0.06513407855570184
43,43,high,invariant_residual_ensemble,0.019406287537319666
43,43,high,evidence_weighted_residual_mixture,0.020683865050502764
43,43,high,free_baseline,0.01846245725214016
43,43,low,closed_mechanism,0.3035420460437251
43,43,low,invariant_residual_MAP,0.171500268725321
43,43,low,invariant_residual_ensemble,0.16277602617499123
43,43,low,evidence_weighted_residual_mixture,0.17186199388863446
43,43,low,free_baseline,0.7010941292420692
43,43,medium,closed_mechanism,0.3035420460437251
43,43,medium,invariant_residual_MAP,0.1689795019826445
43,43,medium,invariant_residual_ensemble,0.07972770075065796
43,43,medium,evidence_weighted_residual_mixture,0.08657334915614429
43,43,medium,free_baseline,0.09234847631512474
44,44,high,closed_mechanism,0.3550841890055746
44,44,high,invariant_residual_MAP,0.06416447281026572
44,44,high,invariant_residual_ensemble,0.014363497877153563
44,44,high,evidence_weighted_residual_mixture,0.010666585556166132
44,44,high,free_baseline,0.03930187798698923
44,44,low,closed_mechanism,0.3550841890055746
44,44,low,invariant_residual_MAP,0.0908276774265505
44,44,low,invariant_residual_ensemble,0.012899507572511158
44,44,low,evidence_weighted_residual_mixture,0.012565967457034847
44,44,low,free_baseline,0.6454388573143268
44,44,medium,closed_mechanism,0.3550841890055746
44,44,medium,invariant_residual_MAP,0.048383911883977844
44,44,medium,invariant_residual_ensemble,0.06219858363401271
44,44,medium,evidence_weighted_residual_mixture,0.06319911965815365
44,44,medium,free_baseline,0.013353454337176465
45,45,high,closed_mechanism,0.3393216830542871
45,45,high,invariant_residual_MAP,0.017949923211146274
45,45,high,invariant_residual_ensemble,0.0059971213631437046
45,45,high,evidence_weighted_residual_mixture,0.00956549203458238
45,45,high,free_baseline,0.016091764420776956
45,45,low,closed_mechanism,0.3393216830542871
45,45,low,invariant_residual_MAP,0.2693240296821152
45,45,low,invariant_residual_ensemble,0.16263916563219208
45,45,low,evidence_weighted_residual_mixture,0.18507310753967102
45,45,low,free_baseline,0.1939548115121581
45,45,medium,closed_mechanism,0.3393216830542871
45,45,medium,invariant_residual_MAP,0.032231048241394895
45,45,medium,invariant_residual_ensemble,0.06782277497120454
45,45,medium,evidence_weighted_residual_mixture,0.08160540173290974
45,45,medium,free_baseline,0.04140610350340534
46,46,high,closed_mechanism,0.3273913816381251
46,46,high,invariant_residual_MAP,0.0037771673070955063
46,46,high,invariant_residual_ensemble,0.04399187922187761
46,46,high,evidence_weighted_residual_mixture,0.034839770000102264
46,46,high,free_baseline,0.020462448884947228
46,46,low,closed_mechanism,0.3273913816381251
46,46,low,invariant_residual_MAP,0.31806546108312955
46,46,low,invariant_residual_ensemble,0.17590625056497214
46,46,low,evidence_weighted_residual_mixture,0.19750505045437639
46,46,low,free_baseline,0.1824164337654405
46,46,medium,closed_mechanism,0.3273913816381251
46,46,medium,invariant_residual_MAP,0.0021446759616777886
46,46,medium,invariant_residual_ensemble,0.06065966036922464
46,46,medium,evidence_weighted_residual_mixture,0.06205051083213142
46,46,medium,free_baseline,0.052450383168921484
47,47,high,closed_mechanism,0.19915090153387302
47,47,high,invariant_residual_MAP,0.00784968508684035
47,47,high,invariant_residual_ensemble,0.030297678835459318
47,47,high,evidence_weighted_residual_mixture,0.022278583582947733
47,47,high,free_baseline,0.011352895832393028
47,47,low,closed_mechanism,0.19915090153387302
47,47,low,invariant_residual_MAP,0.16417437353332964
47,47,low,invariant_residual_ensemble,0.21431420432373188
47,47,low,evidence_weighted_residual_mixture,0.2167043019252021
47,47,low,free_baseline,0.59493735336994
47,47,medium,closed_mechanism,0.19915090153387302
47,47,medium,invariant_residual_MAP,0.05458314939457739
47,47,medium,invariant_residual_ensemble,0.019394733486314448
47,47,medium,evidence_weighted_residual_mixture,0.015187305769394732
47,47,medium,free_baseline,0.30614499630709424
48,48,high,closed_mechanism,0.3058756579719803
48,48,high,invariant_residual_MAP,0.009522303554029042
48,48,high,invariant_residual_ensemble,0.01348864701433848
48,48,high,evidence_weighted_residual_mixture,0.015421453130832109
48,48,high,free_baseline,0.010110424857783086
48,48,low,closed_mechanism,0.3058756579719803
48,48,low,invariant_residual_MAP,0.6290665213262213
48,48,low,invariant_residual_ensemble,0.6946874986645835
48,48,low,evidence_weighted_residual_mixture,0.6957055752949681
48,48,low,free_baseline,0.11220800635356439
48,48,medium,closed_mechanism,0.3058756579719803
48,48,medium,invariant_residual_MAP,0.052998443426967023
48,48,medium,invariant_residual_ensemble,0.024638016389158225
48,48,medium,evidence_weighted_residual_mixture,0.019094097443542717
48,48,medium,free_baseline,0.10435578371655815
49,49,high,closed_mechanism,0.34911673112745745
49,49,high,invariant_residual_MAP,0.030343818320936276
49,49,high,invariant_residual_ensemble,0.05107334664106838
49,49,high,evidence_weighted_residual_mixture,0.029665798567945552
49,49,high,free_baseline,0.0019082703912552254
49,49,low,closed_mechanism,0.34911673112745745
49,49,low,invariant_residual_MAP,0.06264599044303466
49,49,low,invariant_residual_ensemble,0.04826663731061651
49,49,low,evidence_weighted_residual_mixture,0.04855216168416751
49,49,low,free_baseline,0.1185187351685163
49,49,medium,closed_mechanism,0.34911673112745745
49,49,medium,invariant_residual_MAP,0.056388377520771145
49,49,medium,invariant_residual_ensemble,0.051272036016640925
49,49,medium,evidence_weighted_residual_mixture,0.053421966445815774
49,49,medium,free_baseline,0.03999075205648564
50,50,high,closed_mechanism,0.23776184011809792
50,50,high,invariant_residual_MAP,0.026160453596978515
50,50,high,invariant_residual_ensemble,0.010309998587158854
50,50,high,evidence_weighted_residual_mixture,0.005225242268719108
50,50,high,free_baseline,0.022178806078570396
50,50,low,closed_mechanism,0.23776184011809792
50,50,low,invariant_residual_MAP,0.5583628667308935
50,50,low,invariant_residual_ensemble,0.2962677791750456
50,50,low,evidence_weighted_residual_mixture,0.29640990708552845
50,50,low,free_baseline,0.4924870966026598
50,50,medium,closed_mechanism,0.23776184011809792
50,50,medium,invariant_residual_MAP,0.14008970970611043
50,50,medium,invariant_residual_ensemble,0.024550540768799884
50,50,medium,evidence_weighted_residual_mixture,0.03278997707490035
50,50,medium,free_baseline,0.1903328270612662
51,51,high,closed_mechanism,0.31828349875723455
51,51,high,invariant_residual_MAP,0.03892280402831927
51,51,high,invariant_residual_ensemble,0.016036617221048856
51,51,high,evidence_weighted_residual_mixture,0.011989033958224631
51,51,high,free_baseline,0.013556186553996555
51,51,low,closed_mechanism,0.31828349875723455
51,51,low,invariant_residual_MAP,0.11943874117147375
51,51,low,invariant_residual_ensemble,0.13403548424038572
51,51,low,evidence_weighted_residual_mixture,0.14035015389050629
51,51,low,free_baseline,0.716156714989203
51,51,medium,closed_mechanism,0.31828349875723455
51,51,medium,invariant_residual_MAP,0.1091323345225055
51,51,medium,invariant_residual_ensemble,0.03635817004000747
51,51,medium,evidence_weighted_residual_mixture,0.04317924554034358
51,51,medium,free_baseline,0.43670546918314584
52,52,high,closed_mechanism,0.14433252977155028
52,52,high,invariant_residual_MAP,0.015056836602448139
52,52,high,invariant_residual_ensemble,0.055433469581046564
52,52,high,evidence_weighted_residual_mixture,0.04835678225982548
52,52,high,free_baseline,0.0076343336035182095
52,52,low,closed_mechanism,0.14433252977155028
52,52,low,invariant_residual_MAP,0.6357083090318222
52,52,low,invariant_residual_ensemble,0.5519240764720768
52,52,low,evidence_weighted_residual_mixture,0.5538859214570279
52,52,low,free_baseline,0.6034059207433663
52,52,medium,closed_mechanism,0.14433252977155028
52,52,medium,invariant_residual_MAP,0.16344776553703302
52,52,medium,invariant_residual_ensemble,0.1602241621896289
52,52,medium,evidence_weighted_residual_mixture,0.16026337279918837
52,52,medium,free_baseline,0.052129165584070006
53,53,high,closed_mechanism,0.30957664494332776
53,53,high,invariant_residual_MAP,0.09508451904859341
53,53,high,invariant_residual_ensemble,0.04357919110016009
53,53,high,evidence_weighted_residual_mixture,0.05917657380809026
53,53,high,free_baseline,0.11442133746741924
53,53,low,closed_mechanism,0.30957664494332776
53,53,low,invariant_residual_MAP,0.3372122796071674
53,53,low,invariant_residual_ensemble,0.1974211831400956
53,53,low,evidence_weighted_residual_mixture,0.2243438903804233
53,53,low,free_baseline,0.6812704622738909
53,53,medium,closed_mechanism,0.30957664494332776
53,53,medium,invariant_residual_MAP,0.16316425208185262
53,53,medium,invariant_residual_ensemble,0.07765791055630028
53,53,medium,evidence_weighted_residual_mixture,0.08529987542013076
53,53,medium,free_baseline,0.023471847276569757
54,54,high,closed_mechanism,0.3017815433889694
54,54,high,invariant_residual_MAP,0.015264699133209757
54,54,high,invariant_residual_ensemble,0.06268129625203653
54,54,high,evidence_weighted_residual_mixture,0.05300213042694516
54,54,high,free_baseline,0.01832849520504837
54,54,low,closed_mechanism,0.3017815433889694
54,54,low,invariant_residual_MAP,0.40157617499711584
54,54,low,invariant_residual_ensemble,0.20987289110815502
54,54,low,evidence_weighted_residual_mixture,0.255172536581113
54,54,low,free_baseline,0.08049171390737059
54,54,medium,closed_mechanism,0.3017815433889694
54,54,medium,invariant_residual_MAP,0.08620958926212664
54,54,medium,invariant_residual_ensemble,0.12294665136840405
54,54,medium,evidence_weighted_residual_mixture,0.14238257633463583
54,54,medium,free_baseline,0.044948807143653735
55,55,high,closed_mechanism,0.22333539806231625
55,55,high,invariant_residual_MAP,0.09526683329054116
55,55,high,invariant_residual_ensemble,0.0708183770383688
55,55,high,evidence_weighted_residual_mixture,0.0806758902592258
55,55,high,free_baseline,0.22466763640286874
55,55,low,closed_mechanism,0.22333539806231625
55,55,low,invariant_residual_MAP,0.4805239847800813
55,55,low,invariant_residual_ensemble,0.28747597489862625
55,55,low,evidence_weighted_residual_mixture,0.3375831275911817
55,55,low,free_baseline,0.35044733619424223
55,55,medium,closed_mechanism,0.22333539806231625
55,55,medium,invariant_residual_MAP,0.0639149013785076
55,55,medium,invariant_residual_ensemble,0.12877130864589223
55,55,medium,evidence_weighted_residual_mixture,0.12255157939852739
55,55,medium,free_baseline,0.34006675075712717
56,56,high,closed_mechanism,0.4530291939411651
56,56,high,invariant_residual_MAP,0.00913890318278633
56,56,high,invariant_residual_ensemble,0.05809904953419878
56,56,high,evidence_weighted_residual_mixture,0.03689212876338504
56,56,high,free_baseline,0.04106882637724244
56,56,low,closed_mechanism,0.4530291939411651
56,56,low,invariant_residual_MAP,0.25196673511430484
56,56,low,invariant_residual_ensemble,0.05777793754618696
56,56,low,evidence_weighted_residual_mixture,0.09784792969781402
56,56,low,free_baseline,0.6931549729856238
56,56,medium,closed_mechanism,0.4530291939411651
56,56,medium,invariant_residual_MAP,0.13643929500017346
56,56,medium,invariant_residual_ensemble,0.07596297199902581
56,56,medium,evidence_weighted_residual_mixture,0.07547291443243492
56,56,medium,free_baseline,0.4908434118837823
57,57,high,closed_mechanism,0.5409579493452652
57,57,high,invariant_residual_MAP,0.03648162909592754
57,57,high,invariant_residual_ensemble,0.06502723182735184
57,57,high,evidence_weighted_residual_mixture,0.011676883246413515
57,57,high,free_baseline,0.01474494397541316
57,57,low,closed_mechanism,0.5409579493452652
57,57,low,invariant_residual_MAP,0.3725838477222551
57,57,low,invariant_residual_ensemble,0.2846996060013374
57,57,low,evidence_weighted_residual_mixture,0.2852764275309819
57,57,low,free_baseline,0.9660249784981922
57,57,medium,closed_mechanism,0.5409579493452652
57,57,medium,invariant_residual_MAP,0.08523390526684592
57,57,medium,invariant_residual_ensemble,0.04811569396972492
57,57,medium,evidence_weighted_residual_mixture,0.05450471672191589
57,57,medium,free_baseline,0.03174907831379607
58,58,high,closed_mechanism,0.3995239295823458
58,58,high,invariant_residual_MAP,0.012514220916588442
58,58,high,invariant_residual_ensemble,0.08044199066489831
58,58,high,evidence_weighted_residual_mixture,0.0653331379326759
58,58,high,free_baseline,0.022031809374000035
58,58,low,closed_mechanism,0.3995239295823458
58,58,low,invariant_residual_MAP,0.48526530070842644
58,58,low,invariant_residual_ensemble,0.5561336269196908
58,58,low,evidence_weighted_residual_mixture,0.5559321813119842
58,58,low,free_baseline,0.01979337327617951
58,58,medium,closed_mechanism,0.3995239295823458
58,58,medium,invariant_residual_MAP,0.027552513556329834
58,58,medium,invariant_residual_ensemble,0.14050319388923857
58,58,medium,evidence_weighted_residual_mixture,0.13880525734301066
58,58,medium,free_baseline,0.0055916019663761985
59,59,high,closed_mechanism,0.3452280665617452
59,59,high,invariant_residual_MAP,0.1009113803788741
59,59,high,invariant_residual_ensemble,0.04773624858820683
59,59,high,evidence_weighted_residual_mixture,0.06799983146919088
59,59,high,free_baseline,0.09646537816424029
59,59,low,closed_mechanism,0.3452280665617452
59,59,low,invariant_residual_MAP,0.026477196774025102
59,59,low,invariant_residual_ensemble,0.17015794803284576
59,59,low,evidence_weighted_residual_mixture,0.17006273051692752
59,59,low,free_baseline,0.01601372724564691
59,59,medium,closed_mechanism,0.3452280665617452
59,59,medium,invariant_residual_MAP,0.09042799281914762
59,59,medium,invariant_residual_ensemble,0.00416931425735849
59,59,medium,evidence_weighted_residual_mixture,0.006035469398551725
59,59,medium,free_baseline,0.04938846257119415
60,60,high,closed_mechanism,0.3247102017714913
60,60,high,invariant_residual_MAP,0.01172545533632877
60,60,high,invariant_residual_ensemble,0.03701284870511786
60,60,high,evidence_weighted_residual_mixture,0.02225685974261188
60,60,high,free_baseline,0.03014915755945076
60,60,low,closed_mechanism,0.3247102017714913
60,60,low,invariant_residual_MAP,0.14893978524696092
60,60,low,invariant_residual_ensemble,0.06039004671480237
60,60,low,evidence_weighted_residual_mixture,0.061220490235725164
60,60,low,free_baseline,0.14869922342213848
60,60,medium,closed_mechanism,0.3247102017714913
60,60,medium,invariant_residual_MAP,0.15720755013719528
60,60,medium,invariant_residual_ensemble,0.07428740945842452
60,60,medium,evidence_weighted_residual_mixture,0.08412921851554267
60,60,medium,free_baseline,0.16331108780014938
61,61,high,closed_mechanism,0.36853439046184344
61,61,high,invariant_residual_MAP,0.035181058507482245
61,61,high,invariant_residual_ensemble,0.003683332984425748
61,61,high,evidence_weighted_residual_mixture,0.006693855339930699
61,61,high,free_baseline,0.009377246738322615
61,61,low,closed_mechanism,0.36853439046184344
61,61,low,invariant_residual_MAP,0.33594911453767257
61,61,low,invariant_residual_ensemble,0.14228220542557712
61,61,low,evidence_weighted_residual_mixture,0.18443612668833045
61,61,low,free_baseline,0.624651054136896
61,61,medium,closed_mechanism,0.36853439046184344
61,61,medium,invariant_residual_MAP,0.03351851549674473
61,61,medium,invariant_residual_ensemble,0.08985930839942415
61,61,medium,evidence_weighted_residual_mixture,0.09262243930642541
61,61,medium,free_baseline,0.2679711609215548
62,62,high,closed_mechanism,0.5890364776532516
62,62,high,invariant_residual_MAP,0.007646833466959879
62,62,high,invariant_residual_ensemble,0.09543355643820277
62,62,high,evidence_weighted_residual_mixture,0.0143856367760223
62,62,high,free_baseline,0.025538019084526124
62,62,low,closed_mechanism,0.5890364776532516
62,62,low,invariant_residual_MAP,0.9154896188821011
62,62,low,invariant_residual_ensemble,0.9810118581803302
62,62,low,evidence_weighted_residual_mixture,0.9822286904489611
62,62,low,free_baseline,0.32776228045427724
62,62,medium,closed_mechanism,0.5890364776532516
62,62,medium,invariant_residual_MAP,0.0475553815362869
62,62,medium,invariant_residual_ensemble,0.10507104487573021
62,62,medium,evidence_weighted_residual_mixture,0.02479182245871655
62,62,medium,free_baseline,0.05554103825345223
63,63,high,closed_mechanism,0.3289994135570715
63,63,high,invariant_residual_MAP,0.019675048840015228
63,63,high,invariant_residual_ensemble,0.04816996202300677
63,63,high,evidence_weighted_residual_mixture,0.05052322543195697
63,63,high,free_baseline,0.0593884375521838
63,63,low,closed_mechanism,0.3289994135570715
63,63,low,invariant_residual_MAP,0.2605569691362274
63,63,low,invariant_residual_ensemble,0.15100460223185105
63,63,low,evidence_weighted_residual_mixture,0.16316809148376377
63,63,low,free_baseline,0.17678154013734865
63,63,medium,closed_mechanism,0.3289994135570715
63,63,medium,invariant_residual_MAP,0.11936068679306265
63,63,medium,invariant_residual_ensemble,0.028929002708479628
63,63,medium,evidence_weighted_residual_mixture,0.032168871200385814
63,63,medium,free_baseline,0.03519720341950753
64,64,high,closed_mechanism,0.39172021305656174
64,64,high,invariant_residual_MAP,0.12104391223843339
64,64,high,invariant_residual_ensemble,0.05086692768707997
64,64,high,evidence_weighted_residual_mixture,0.08017029983164098
64,64,high,free_baseline,0.09728883516547467
64,64,low,closed_mechanism,0.39172021305656174
64,64,low,invariant_residual_MAP,0.31597283617549016
64,64,low,invariant_residual_ensemble,0.2877441115308885
64,64,low,evidence_weighted_residual_mixture,0.28765621092441734
64,64,low,free_baseline,0.8132134052331208
64,64,medium,closed_mechanism,0.39172021305656174
64,64,medium,invariant_residual_MAP,0.07488620628217366
64,64,medium,invariant_residual_ensemble,0.0974501556110449
64,64,medium,evidence_weighted_residual_mixture,0.10076462724401353
64,64,medium,free_baseline,0.16478675555110397
65,65,high,closed_mechanism,0.26311698006636197
65,65,high,invariant_residual_MAP,0.15802451890746874
65,65,high,invariant_residual_ensemble,0.1352715216056908
65,65,high,evidence_weighted_residual_mixture,0.13709059046564698
65,65,high,free_baseline,0.15578812561536962
65,65,low,closed_mechanism,0.26311698006636197
65,65,low,invariant_residual_MAP,0.33203687487835254
65,65,low,invariant_residual_ensemble,0.23709378268484993
65,65,low,evidence_weighted_residual_mixture,0.2583271957684405
65,65,low,free_baseline,0.6332482327991285
65,65,medium,closed_mechanism,0.26311698006636197
65,65,medium,invariant_residual_MAP,0.24933530886287755
65,65,medium,invariant_residual_ensemble,0.2477770311285619
65,65,medium,evidence_weighted_residual_mixture,0.24777197002258045
65,65,medium,free_baseline,0.5145781696724101
66,66,high,closed_mechanism,0.2373034509714258
66,66,high,invariant_residual_MAP,0.08914977862611945
66,66,high,invariant_residual_ensemble,0.024307743210313138
66,66,high,evidence_weighted_residual_mixture,0.010568786314572287
66,66,high,free_baseline,0.04199258858528418
66,66,low,closed_mechanism,0.2373034509714258
66,66,low,invariant_residual_MAP,0.19735421591814556
66,66,low,invariant_residual_ensemble,0.09004821089652766
66,66,low,evidence_weighted_residual_mixture,0.0900877402809329
66,66,low,free_baseline,0.24661877363565918
66,66,medium,closed_mechanism,0.2373034509714258
66,66,medium,invariant_residual_MAP,0.3061417257988371
66,66,medium,invariant_residual_ensemble,0.25959786795841877
66,66,medium,evidence_weighted_residual_mixture,0.2596135771439034
66,66,medium,free_baseline,0.2595978679584195
67,67,high,closed_mechanism,0.43832272646137405
67,67,high,invariant_residual_MAP,0.06792599956018683
67,67,high,invariant_residual_ensemble,0.043492024729322544
67,67,high,evidence_weighted_residual_mixture,0.04007153130120878
67,67,high,free_baseline,0.09330277029919062
67,67,low,closed_mechanism,0.43832272646137405
67,67,low,invariant_residual_MAP,0.2651182035837295
67,67,low,invariant_residual_ensemble,0.07465867149235367
67,67,low,evidence_weighted_residual_mixture,0.1250302383432092
67,67,low,free_baseline,0.15460455822227293
67,67,medium,closed_mechanism,0.43832272646137405
67,67,medium,invariant_residual_MAP,0.08788184039800313
67,67,medium,invariant_residual_ensemble,0.03110117801793507
67,67,medium,evidence_weighted_residual_mixture,0.07360381094340021
67,67,medium,free_baseline,0.03564173016506153
68,68,high,closed_mechanism,0.22143131322817636
68,68,high,invariant_residual_MAP,0.04023630333558593
68,68,high,invariant_residual_ensemble,0.015423849804321788
68,68,high,evidence_weighted_residual_mixture,0.013142474013262078
68,68,high,free_baseline,0.05202392141275486
68,68,low,closed_mechanism,0.22143131322817636
68,68,low,invariant_residual_MAP,0.4844162288185228
68,68,low,invariant_residual_ensemble,0.2904574826945847
68,68,low,evidence_weighted_residual_mixture,0.32668382560460896
68,68,low,free_baseline,0.5283370563106492
68,68,medium,closed_mechanism,0.22143131322817636
68,68,medium,invariant_residual_MAP,0.06689926702073548
68,68,medium,invariant_residual_ensemble,0.012945423211907874
68,68,medium,evidence_weighted_residual_mixture,0.014253216571646887
68,68,medium,free_baseline,0.47101716956180306
69,69,high,closed_mechanism,0.2684959623910765
69,69,high,invariant_residual_MAP,0.04691966170365613
69,69,high,invariant_residual_ensemble,0.008463528478765612
69,69,high,evidence_weighted_residual_mixture,0.02491697223614601
69,69,high,free_baseline,0.11815434602892715
69,69,low,closed_mechanism,0.2684959623910765
69,69,low,invariant_residual_MAP,0.43653843182337876
69,69,low,invariant_residual_ensemble,0.24272102234154108
69,69,low,evidence_weighted_residual_mixture,0.2862023299877105
69,69,low,free_baseline,0.30318245033874697
69,69,medium,closed_mechanism,0.2684959623910765
69,69,medium,invariant_residual_MAP,0.1176144276350244
69,69,medium,invariant_residual_ensemble,0.15169210455233995
69,69,medium,evidence_weighted_residual_mixture,0.1707726491458274
69,69,medium,free_baseline,0.1298316836858175
70,70,high,closed_mechanism,0.3916130265543753
70,70,high,invariant_residual_MAP,0.004435288508454282
70,70,high,invariant_residual_ensemble,0.029053194333683946
70,70,high,evidence_weighted_residual_mixture,0.025360069364810205
70,70,high,free_baseline,0.009382817836622656
70,70,low,closed_mechanism,0.3916130265543753
70,70,low,invariant_residual_MAP,0.050541371131139885
70,70,low,invariant_residual_ensemble,0.06319003036640547
70,70,low,evidence_weighted_residual_mixture,0.06320136821178159
70,70,low,free_baseline,0.09695491857201245
70,70,medium,closed_mechanism,0.3916130265543753
70,70,medium,invariant_residual_MAP,0.050875606781493624
70,70,medium,invariant_residual_ensemble,0.0626394809848006
70,70,medium,evidence_weighted_residual_mixture,0.09667434544244984
70,70,medium,free_baseline,0.06409943552083483
71,71,high,closed_mechanism,0.2789062245986375
71,71,high,invariant_residual_MAP,0.058931857217813646
71,71,high,invariant_residual_ensemble,0.014458905297710517
71,71,high,evidence_weighted_residual_mixture,0.02011137295169106
71,71,high,free_baseline,0.05727229252471049
71,71,low,closed_mechanism,0.2789062245986375
71,71,low,invariant_residual_MAP,0.4245372912074899
71,71,low,invariant_residual_ensemble,0.23218407048182485
71,71,low,evidence_weighted_residual_mixture,0.2837506090217945
71,71,low,free_baseline,0.255423123386502
71,71,medium,closed_mechanism,0.2789062245986375
71,71,medium,invariant_residual_MAP,0.055879619437228176
71,71,medium,invariant_residual_ensemble,0.025717534877686153
71,71,medium,evidence_weighted_residual_mixture,0.018585425711612386
71,71,medium,free_baseline,0.2729190402226626
72,72,high,closed_mechanism,0.2942795717521031
72,72,high,invariant_residual_MAP,0.021211480565260073
72,72,high,invariant_residual_ensemble,0.021025073353068736
72,72,high,evidence_weighted_residual_mixture,0.021967935832937133
72,72,high,free_baseline,0.029414951533534912
72,72,low,closed_mechanism,0.2942795717521031
72,72,low,invariant_residual_MAP,0.0508201236665453
72,72,low,invariant_residual_ensemble,0.10951739577823395
72,72,low,evidence_weighted_residual_mixture,0.11113108626244157
72,72,low,free_baseline,0.6746076266866498
72,72,medium,closed_mechanism,0.2942795717521031
72,72,medium,invariant_residual_MAP,0.11187399152138874
72,72,medium,invariant_residual_ensemble,0.037372562168513895
72,72,medium,evidence_weighted_residual_mixture,0.042476514995870476
72,72,medium,free_baseline,0.2263915689780965
73,73,high,closed_mechanism,0.2159291558517242
73,73,high,invariant_residual_MAP,0.03424036790197123
73,73,high,invariant_residual_ensemble,0.08134192085389425
73,73,high,evidence_weighted_residual_mixture,0.07015792094730314
73,73,high,free_baseline,0.07585261241416885
73,73,low,closed_mechanism,0.2159291558517242
73,73,low,invariant_residual_MAP,0.1382416750761101
73,73,low,invariant_residual_ensemble,0.06590472057298447
73,73,low,evidence_weighted_residual_mixture,0.06587329483880874
73,73,low,free_baseline,0.6267087410061898
73,73,medium,closed_mechanism,0.2159291558517242
73,73,medium,invariant_residual_MAP,0.06144679202300921
73,73,medium,invariant_residual_ensemble,0.015051762923970046
73,73,medium,evidence_weighted_residual_mixture,0.010396057414748559
73,73,medium,free_baseline,0.03195107017975425
74,74,high,closed_mechanism,0.28988638753206497
74,74,high,invariant_residual_MAP,0.012817478711752506
74,74,high,invariant_residual_ensemble,0.0465280412622883
74,74,high,evidence_weighted_residual_mixture,0.03920633673155708
74,74,high,free_baseline,0.056999619141286546
74,74,low,closed_mechanism,0.28988638753206497
74,74,low,invariant_residual_MAP,0.40178272534408715
74,74,low,invariant_residual_ensemble,0.4708793968241915
74,74,low,evidence_weighted_residual_mixture,0.47069626712321866
74,74,low,free_baseline,0.12618325072107367
74,74,medium,closed_mechanism,0.28988638753206497
74,74,medium,invariant_residual_MAP,0.06991199296943909
74,74,medium,invariant_residual_ensemble,0.012521540359224162
74,74,medium,evidence_weighted_residual_mixture,0.006867101362065329
74,74,medium,free_baseline,0.02394315727904055
75,75,high,closed_mechanism,0.2996713380068497
75,75,high,invariant_residual_MAP,0.12686286675534966
75,75,high,invariant_residual_ensemble,0.05718044692256147
75,75,high,evidence_weighted_residual_mixture,0.0765596891336096
75,75,high,free_baseline,0.10652333521566304
75,75,low,closed_mechanism,0.2996713380068497
75,75,low,invariant_residual_MAP,0.08067283117752105
75,75,low,invariant_residual_ensemble,0.0776127069955254
75,75,low,evidence_weighted_residual_mixture,0.07752107869105528
75,75,low,free_baseline,0.28460123783204583
75,75,medium,closed_mechanism,0.2996713380068497
75,75,medium,invariant_residual_MAP,0.10370256196085714
75,75,medium,invariant_residual_ensemble,0.006982227235586277
75,75,medium,evidence_weighted_residual_mixture,0.006089255453866774
75,75,medium,free_baseline,0.08679993459309296
76,76,high,closed_mechanism,0.4658795930910464
76,76,high,invariant_residual_MAP,0.10359893781350495
76,76,high,invariant_residual_ensemble,0.025154233119977533
76,76,high,evidence_weighted_residual_mixture,0.07752554827039937
76,76,high,free_baseline,0.06804259301182067
76,76,low,closed_mechanism,0.4658795930910464
76,76,low,invariant_residual_MAP,0.13663867894620005
76,76,low,invariant_residual_ensemble,0.0758731521218163
76,76,low,evidence_weighted_residual_mixture,0.07437475632250197
76,76,low,free_baseline,0.5440681888728011
76,76,medium,closed_mechanism,0.4658795930910464
76,76,medium,invariant_residual_MAP,0.06357552706082624
76,76,medium,invariant_residual_ensemble,0.04295812444962171
76,76,medium,evidence_weighted_residual_mixture,0.017746772211420656
76,76,medium,free_baseline,0.061494521730534615
77,77,high,closed_mechanism,0.21633320442308349
77,77,high,invariant_residual_MAP,0.035184794829257564
77,77,high,invariant_residual_ensemble,0.020917251791079547
77,77,high,evidence_weighted_residual_mixture,0.019416583501034895
77,77,high,free_baseline,0.012212426482427943
77,77,low,closed_mechanism,0.21633320442308349
77,77,low,invariant_residual_MAP,0.16324441208259113
77,77,low,invariant_residual_ensemble,0.01285918111379811
77,77,low,evidence_weighted_residual_mixture,0.01277146955177729
77,77,low,free_baseline,0.14501874118729582
77,77,medium,closed_mechanism,0.21633320442308349
77,77,medium,invariant_residual_MAP,0.12766348310428757
77,77,medium,invariant_residual_ensemble,0.045087452163901205
77,77,medium,evidence_weighted_residual_mixture,0.04480618982085942
77,77,medium,free_baseline,0.030136604054770477
78,78,high,closed_mechanism,0.14767739997328677
78,78,high,invariant_residual_MAP,0.07102871784957061
78,78,high,invariant_residual_ensemble,0.0297385207695661
78,78,high,evidence_weighted_residual_mixture,0.003633008332218739
78,78,high,free_baseline,0.04097085256898965
78,78,low,closed_mechanism,0.14767739997328677
78,78,low,invariant_residual_MAP,0.5567795790129789
78,78,low,invariant_residual_ensemble,0.36348606256399835
78,78,low,evidence_weighted_residual_mixture,0.41040342103779626
78,78,low,free_baseline,0.33881865426566365
78,78,medium,closed_mechanism,0.14767739997328677
78,78,medium,invariant_residual_MAP,0.4608747508630503
78,78,medium,invariant_residual_ensemble,0.2908374163147246
78,78,medium,evidence_weighted_residual_mixture,0.29281063319160444
78,78,medium,free_baseline,0.5015966757964653
79,79,high,closed_mechanism,0.2310564283965384
79,79,high,invariant_residual_MAP,0.05367373860145182
79,79,high,invariant_residual_ensemble,0.018544264125943014
79,79,high,evidence_weighted_residual_mixture,0.025562734295911615
79,79,high,free_baseline,0.01655716036616674
79,79,low,closed_mechanism,0.2310564283965384
79,79,low,invariant_residual_MAP,0.7003675071559636
79,79,low,invariant_residual_ensemble,0.6959550102801326
79,79,low,evidence_weighted_residual_mixture,0.7047216257865858
79,79,low,free_baseline,0.021161458935149202
79,79,medium,closed_mechanism,0.2310564283965384
79,79,medium,invariant_residual_MAP,0.14637835504083507
79,79,medium,invariant_residual_ensemble,0.01274427371097851
79,79,medium,evidence_weighted_residual_mixture,0.020497544693106762
79,79,medium,free_baseline,0.1809898516085553
80,80,high,closed_mechanism,0.4023772559102114
80,80,high,invariant_residual_MAP,0.05366385190543981
80,80,high,invariant_residual_ensemble,0.02046031243002229
80,80,high,evidence_weighted_residual_mixture,0.004891950423453142
80,80,high,free_baseline,0.006679041505642149
80,80,low,closed_mechanism,0.4023772559102114
80,80,low,invariant_residual_MAP,0.7220291325604228
80,80,low,invariant_residual_ensemble,0.34934651741901973
80,80,low,evidence_weighted_residual_mixture,0.34946372742886356
80,80,low,free_baseline,0.7943631476708162
80,80,medium,closed_mechanism,0.4023772559102114
80,80,medium,invariant_residual_MAP,0.14108120828999965
80,80,medium,invariant_residual_ensemble,0.06882280204372106
80,80,medium,evidence_weighted_residual_mixture,0.07356098802967825
80,80,medium,free_baseline,0.4406381082908937
81,81,high,closed_mechanism,0.3143867861197322
81,81,high,invariant_residual_MAP,0.07906820952562651
81,81,high,invariant_residual_ensemble,0.02532978096890165
81,81,high,evidence_weighted_residual_mixture,0.03953409493203414
81,81,high,free_baseline,0.045851640296456705
81,81,low,closed_mechanism,0.3143867861197322
81,81,low,invariant_residual_MAP,0.8209867631109787
81,81,low,invariant_residual_ensemble,0.7366684648432651
81,81,low,evidence_weighted_residual_mixture,0.7396774227016552
81,81,low,free_baseline,0.7984114881215196
81,81,medium,closed_mechanism,0.3143867861197322
81,81,medium,invariant_residual_MAP,0.0965926473112068
81,81,medium,invariant_residual_ensemble,0.019449359820442713
81,81,medium,evidence_weighted_residual_mixture,0.026490148707157303
81,81,medium,free_baseline,0.07288681148567977
82,82,high,closed_mechanism,0.19809640616563948
82,82,high,invariant_residual_MAP,0.08949090302101129
82,82,high,invariant_residual_ensemble,0.062077925954724195
82,82,high,evidence_weighted_residual_mixture,0.06779848224787444
82,82,high,free_baseline,0.12015323229436134
82,82,low,closed_mechanism,0.19809640616563948
82,82,low,invariant_residual_MAP,0.351750503533029
82,82,low,invariant_residual_ensemble,0.2514489992882184
82,82,low,evidence_weighted_residual_mixture,0.25733486009421697
82,82,low,free_baseline,0.2981021218802418
82,82,medium,closed_mechanism,0.19809640616563948
82,82,medium,invariant_residual_MAP,0.06855462038260167
82,82,medium,invariant_residual_ensemble,0.005449073934261285
82,82,medium,evidence_weighted_residual_mixture,0.007050045534819898
82,82,medium,free_baseline,0.21744853488553342
83,83,high,closed_mechanism,0.21881549415958607
83,83,high,invariant_residual_MAP,0.007959307124715237
83,83,high,invariant_residual_ensemble,0.026764586021081758
83,83,high,evidence_weighted_residual_mixture,0.01796334881736921
83,83,high,free_baseline,0.018643878938186014
83,83,low,closed_mechanism,0.21881549415958607
83,83,low,invariant_residual_MAP,0.48476916105361
83,83,low,invariant_residual_ensemble,0.29201706004563754
83,83,low,evidence_weighted_residual_mixture,0.3411662943533956
83,83,low,free_baseline,0.20785213099662656
83,83,medium,closed_mechanism,0.21881549415958607
83,83,medium,invariant_residual_MAP,0.07859897150016412
83,83,medium,invariant_residual_ensemble,0.01305728845271213
83,83,medium,evidence_weighted_residual_mixture,0.018409379581056165
83,83,medium,free_baseline,0.43755381806879534
84,84,high,closed_mechanism,0.37656167350916775
84,84,high,invariant_residual_MAP,0.13945568703177733
84,84,high,invariant_residual_ensemble,0.08382527312278246
84,84,high,evidence_weighted_residual_mixture,0.09687169173153026
84,84,high,free_baseline,0.07525820871762684
84,84,low,closed_mechanism,0.37656167350916775
84,84,low,invariant_residual_MAP,0.5955323642370729
84,84,low,invariant_residual_ensemble,0.6811953598999528
84,84,low,evidence_weighted_residual_mixture,0.680722925459149
84,84,low,free_baseline,0.049434074697038075
84,84,medium,closed_mechanism,0.37656167350916775
84,84,medium,invariant_residual_MAP,0.05792721593598276
84,84,medium,invariant_residual_ensemble,0.0390001786576144
84,84,medium,evidence_weighted_residual_mixture,0.03883698286298655
84,84,medium,free_baseline,0.08899687531253417
85,85,high,closed_mechanism,0.23326267131136683
85,85,high,invariant_residual_MAP,0.06199157629932336
85,85,high,invariant_residual_ensemble,0.08582527945017987
85,85,high,evidence_weighted_residual_mixture,0.0781851555354199
85,85,high,free_baseline,0.11855732726653083
85,85,low,closed_mechanism,0.23326267131136683
85,85,low,invariant_residual_MAP,0.8812886725904707
85,85,low,invariant_residual_ensemble,0.7366930159758108
85,85,low,evidence_weighted_residual_mixture,0.7601916057517142
85,85,low,free_baseline,0.7452118869875417
85,85,medium,closed_mechanism,0.23326267131136683
85,85,medium,invariant_residual_MAP,0.18366149243411745
85,85,medium,invariant_residual_ensemble,0.0840647767259319
85,85,medium,evidence_weighted_residual_mixture,0.08362542973951194
85,85,medium,free_baseline,0.20416341525540777
86,86,high,closed_mechanism,0.5398672973876618
86,86,high,invariant_residual_MAP,0.0031149073825224643
86,86,high,invariant_residual_ensemble,0.06183639126777386
86,86,high,evidence_weighted_residual_mixture,0.02467163180093453
86,86,high,free_baseline,0.02178985494134261
86,86,low,closed_mechanism,0.5398672973876618
86,86,low,invariant_residual_MAP,0.16348964389771004
86,86,low,invariant_residual_ensemble,0.03901885561872522
86,86,low,evidence_weighted_residual_mixture,0.02387955355113191
86,86,low,free_baseline,0.24393887377161255
86,86,medium,closed_mechanism,0.5398672973876618
86,86,medium,invariant_residual_MAP,0.003368621341013038
86,86,medium,invariant_residual_ensemble,0.06114628162324326
86,86,medium,evidence_weighted_residual_mixture,0.022838182204458914
86,86,medium,free_baseline,0.3409860763003613
87,87,high,closed_mechanism,0.3124488062263304
87,87,high,invariant_residual_MAP,0.025826388080626782
87,87,high,invariant_residual_ensemble,0.00852230410184187
87,87,high,evidence_weighted_residual_mixture,0.0048179319526315285
87,87,high,free_baseline,0.03995009210682972
87,87,low,closed_mechanism,0.3124488062263304
87,87,low,invariant_residual_MAP,0.771972720292672
87,87,low,invariant_residual_ensemble,0.7734790145321822
87,87,low,evidence_weighted_residual_mixture,0.7815142395845968
87,87,low,free_baseline,0.054886861247076986
87,87,medium,closed_mechanism,0.3124488062263304
87,87,medium,invariant_residual_MAP,0.1554572858779863
87,87,medium,invariant_residual_ensemble,0.08174286046809552
87,87,medium,evidence_weighted_residual_mixture,0.08761960678990255
87,87,medium,free_baseline,0.03231148925972429
88,88,high,closed_mechanism,0.4584243361290548
88,88,high,invariant_residual_MAP,0.09964313150614482
88,88,high,invariant_residual_ensemble,0.06538792542398118
88,88,high,evidence_weighted_residual_mixture,0.06407522324573542
88,88,high,free_baseline,0.09640692254727552
88,88,low,closed_mechanism,0.4584243361290548
88,88,low,invariant_residual_MAP,0.10373631159230369
88,88,low,invariant_residual_ensemble,0.04803705565544973
88,88,low,evidence_weighted_residual_mixture,0.04574666450950403
88,88,low,free_baseline,0.7556117809910848
88,88,medium,closed_mechanism,0.4584243361290548
88,88,medium,invariant_residual_MAP,0.10741697477815998
88,88,medium,invariant_residual_ensemble,0.008078349683428559
88,88,medium,evidence_weighted_residual_mixture,0.05921111265436058
88,88,medium,free_baseline,0.0352823580391632
89,89,high,closed_mechanism,0.40379351675201175
89,89,high,invariant_residual_MAP,0.0696007012271936
89,89,high,invariant_residual_ensemble,0.00777584707749939
89,89,high,evidence_weighted_residual_mixture,0.026909594713425095
89,89,high,free_baseline,0.05793269301588061
89,89,low,closed_mechanism,0.40379351675201175
89,89,low,invariant_residual_MAP,0.024407602207229505
89,89,low,invariant_residual_ensemble,0.11683899188446459
89,89,low,evidence_weighted_residual_mixture,0.1169684918618393
89,89,low,free_baseline,0.055608737346480835
89,89,medium,closed_mechanism,0.40379351675201175
89,89,medium,invariant_residual_MAP,0.032520934290614284
89,89,medium,invariant_residual_ensemble,0.07633781906060289
89,89,medium,evidence_weighted_residual_mixture,0.07434180485488398
89,89,medium,free_baseline,0.04122212869413045
90,90,high,closed_mechanism,0.2569412456999017
90,90,high,invariant_residual_MAP,0.04316094784837939
90,90,high,invariant_residual_ensemble,0.08959107100914082
90,90,high,evidence_weighted_residual_mixture,0.07227777940415774
90,90,high,free_baseline,0.008259598418528233
90,90,low,closed_mechanism,0.2569412456999017
90,90,low,invariant_residual_MAP,0.44657202989429123
90,90,low,invariant_residual_ensemble,0.25398946809588374
90,90,low,evidence_weighted_residual_mixture,0.3148934617237501
90,90,low,free_baseline,0.31404879991044765
90,90,medium,closed_mechanism,0.2569412456999017
90,90,medium,invariant_residual_MAP,0.16395176163827166
90,90,medium,invariant_residual_ensemble,0.18351410131396836
90,90,medium,evidence_weighted_residual_mixture,0.21363842710760902
90,90,medium,free_baseline,0.1196203259817649
91,91,high,closed_mechanism,0.14586001052245554
91,91,high,invariant_residual_MAP,0.09988959843480613
91,91,high,invariant_residual_ensemble,0.09089324747040042
91,91,high,evidence_weighted_residual_mixture,0.0915425529554286
91,91,high,free_baseline,0.12805425229867676
91,91,low,closed_mechanism,0.14586001052245554
91,91,low,invariant_residual_MAP,0.1785500564992602
91,91,low,invariant_residual_ensemble,0.2071498611573252
91,91,low,evidence_weighted_residual_mixture,0.20713552744603747
91,91,low,free_baseline,0.14503668402699288
91,91,medium,closed_mechanism,0.14586001052245554
91,91,medium,invariant_residual_MAP,0.07395635943441893
91,91,medium,invariant_residual_ensemble,0.03934288380435139
91,91,medium,evidence_weighted_residual_mixture,0.041012874830480994
91,91,medium,free_baseline,0.1571823538232235
92,92,high,closed_mechanism,0.1301356188556078
92,92,high,invariant_residual_MAP,0.05593803658812359
92,92,high,invariant_residual_ensemble,0.036333729304299595
92,92,high,evidence_weighted_residual_mixture,0.038324142013631796
92,92,high,free_baseline,0.061222639472735124
92,92,low,closed_mechanism,0.1301356188556078
92,92,low,invariant_residual_MAP,0.4511790700096834
92,92,low,invariant_residual_ensemble,0.1694676078917899
92,92,low,evidence_weighted_residual_mixture,0.1698511763905135
92,92,low,free_baseline,0.5506011014346622
92,92,medium,closed_mechanism,0.1301356188556078
92,92,medium,invariant_residual_MAP,0.15299120520744708
92,92,medium,invariant_residual_ensemble,0.05090054982129439
92,92,medium,evidence_weighted_residual_mixture,0.0490139124238601
92,92,medium,free_baseline,0.050900549821292766
93,93,high,closed_mechanism,0.4347995414868681
93,93,high,invariant_residual_MAP,0.016358211981620536
93,93,high,invariant_residual_ensemble,0.0433525877397703
93,93,high,evidence_weighted_residual_mixture,0.033488641925025174
93,93,high,free_baseline,0.026491020122017126
93,93,low,closed_mechanism,0.4347995414868681
93,93,low,invariant_residual_MAP,0.17108689708664185
93,93,low,invariant_residual_ensemble,0.06666981782338152
93,93,low,evidence_weighted_residual_mixture,0.08892145387919356
93,93,low,free_baseline,0.060743650679480364
93,93,medium,closed_mechanism,0.4347995414868681
93,93,medium,invariant_residual_MAP,0.09177271639677105
93,93,medium,invariant_residual_ensemble,0.03683709462595584
93,93,medium,evidence_weighted_residual_mixture,0.028852965355796817
93,93,medium,free_baseline,0.07179792690287899
94,94,high,closed_mechanism,0.562786672878836
94,94,high,invariant_residual_MAP,0.058623054340139785
94,94,high,invariant_residual_ensemble,0.09309600236925258
94,94,high,evidence_weighted_residual_mixture,0.03322716287701002
94,94,high,free_baseline,0.04151943569825422
94,94,low,closed_mechanism,0.562786672878836
94,94,low,invariant_residual_MAP,1.1227456113916863
94,94,low,invariant_residual_ensemble,1.0292172755642242
94,94,low,evidence_weighted_residual_mixture,1.0381870206755466
94,94,low,free_baseline,0.929219319023317
94,94,medium,closed_mechanism,0.562786672878836
94,94,medium,invariant_residual_MAP,0.06355721252895333
94,94,medium,invariant_residual_ensemble,0.06695721714106023
94,94,medium,evidence_weighted_residual_mixture,0.032956144096807055
94,94,medium,free_baseline,0.022473112766662588
95,95,high,closed_mechanism,0.30104286463984364
95,95,high,invariant_residual_MAP,0.09259287723761496
95,95,high,invariant_residual_ensemble,0.04266636060453975
95,95,high,evidence_weighted_residual_mixture,0.059850759815719926
95,95,high,free_baseline,0.07648650329969087
95,95,low,closed_mechanism,0.30104286463984364
95,95,low,invariant_residual_MAP,0.05091563588613589
95,95,low,invariant_residual_ensemble,0.185165851048124
95,95,low,evidence_weighted_residual_mixture,0.1846993676346471
95,95,low,free_baseline,0.13198295624529968
95,95,medium,closed_mechanism,0.30104286463984364
95,95,medium,invariant_residual_MAP,0.17174398743777194
95,95,medium,invariant_residual_ensemble,0.08565432127260422
95,95,medium,evidence_weighted_residual_mixture,0.09333394925766302
95,95,medium,free_baseline,0.17350265695795705
96,96,high,closed_mechanism,0.2007126326638655
96,96,high,invariant_residual_MAP,0.00461451614952311
96,96,high,invariant_residual_ensemble,0.03240388219689104
96,96,high,evidence_weighted_residual_mixture,0.024170490024458743
96,96,high,free_baseline,0.04531573089861446
96,96,low,closed_mechanism,0.2007126326638655
96,96,low,invariant_residual_MAP,0.7822508123348653
96,96,low,invariant_residual_ensemble,0.6737051561036107
96,96,low,evidence_weighted_residual_mixture,0.68400798290442
96,96,low,free_baseline,0.7103529617464183
96,96,medium,closed_mechanism,0.2007126326638655
96,96,medium,invariant_residual_MAP,0.19623583921527293
96,96,medium,invariant_residual_ensemble,0.08364311203681213
96,96,medium,evidence_weighted_residual_mixture,0.08815687619566218
96,96,medium,free_baseline,0.2502049509044489
97,97,high,closed_mechanism,0.5618929942704672
97,97,high,invariant_residual_MAP,0.043266566591060936
97,97,high,invariant_residual_ensemble,0.07378259349235333
97,97,high,evidence_weighted_residual_mixture,0.0213079717263233
97,97,high,free_baseline,0.01788491087144855
97,97,low,closed_mechanism,0.5618929942704672
97,97,low,invariant_residual_MAP,0.08362819164716435
97,97,low,invariant_residual_ensemble,0.06249222010913013
97,97,low,evidence_weighted_residual_mixture,0.04011585667743574
97,97,low,free_baseline,0.3389204922759021
97,97,medium,closed_mechanism,0.5618929942704672
97,97,medium,invariant_residual_MAP,0.05540334371229441
97,97,medium,invariant_residual_ensemble,0.13398645829580924
97,97,medium,evidence_weighted_residual_mixture,0.10848749034549059
97,97,medium,free_baseline,0.14498124877949178
98,98,high,closed_mechanism,0.17794244936724102
98,98,high,invariant_residual_MAP,0.10251746896625831
98,98,high,invariant_residual_ensemble,0.13791586989073448
98,98,high,evidence_weighted_residual_mixture,0.13696513809381664
98,98,high,free_baseline,0.07950028663522764
98,98,low,closed_mechanism,0.17794244936724102
98,98,low,invariant_residual_MAP,0.5931409742779757
98,98,low,invariant_residual_ensemble,0.46464677357350703
98,98,low,evidence_weighted_residual_mixture,0.46464606451282636
98,98,low,free_baseline,0.6429726700550247
98,98,medium,closed_mechanism,0.17794244936724102
98,98,medium,invariant_residual_MAP,0.28051297045668716
98,98,medium,invariant_residual_ensemble,0.3388525969765088
98,98,medium,evidence_weighted_residual_mixture,0.33574560754203847
98,98,medium,free_baseline,0.22421682921745345
99,99,high,closed_mechanism,0.3624882203375631
99,99,high,invariant_residual_MAP,0.015723944744917256
99,99,high,invariant_residual_ensemble,0.04552365134245721
99,99,high,evidence_weighted_residual_mixture,0.05320106954293777
99,99,high,free_baseline,0.040593419695205864
99,99,low,closed_mechanism,0.3624882203375631
99,99,low,invariant_residual_MAP,0.0851887925793718
99,99,low,invariant_residual_ensemble,0.017957943084212644
99,99,low,evidence_weighted_residual_mixture,0.01740458831372814
99,99,low,free_baseline,0.7860895888271323
99,99,medium,closed_mechanism,0.3624882203375631
99,99,medium,invariant_residual_MAP,0.01494853745803945
99,99,medium,invariant_residual_ensemble,0.03921100114918225
99,99,medium,evidence_weighted_residual_mixture,0.04326319596852741
99,99,medium,free_baseline,0.2889848177240251
100,100,high,closed_mechanism,0.22984894320864127
100,100,high,invariant_residual_MAP,0.1500433672270912
100,100,high,invariant_residual_ensemble,0.06120248282474553
100,100,high,evidence_weighted_residual_mixture,0.0820656062058343
100,100,high,free_baseline,0.10619654125585357
100,100,low,closed_mechanism,0.22984894320864127
100,100,low,invariant_residual_MAP,0.702235578550214
100,100,low,invariant_residual_ensemble,0.5996627969511712
100,100,low,evidence_weighted_residual_mixture,0.6002023902587477
100,100,low,free_baseline,0.6844333230981667
100,100,medium,closed_mechanism,0.22984894320864127
100,100,medium,invariant_residual_MAP,0.1914182286816385
100,100,medium,invariant_residual_ensemble,0.17153736225659144
100,100,medium,evidence_weighted_residual_mixture,0.1717781364421721
100,100,medium,free_baseline,0.40823326678924216
101,101,high,closed_mechanism,0.3225225523439119
101,101,high,invariant_residual_MAP,0.02469643053410657
101,101,high,invariant_residual_ensemble,0.029763393213435588
101,101,high,evidence_weighted_residual_mixture,0.013981358944772232
101,101,high,free_baseline,0.011712033813810056
101,101,low,closed_mechanism,0.3225225523439119
101,101,low,invariant_residual_MAP,0.6315392513675848
101,101,low,invariant_residual_ensemble,0.7013371094016361
101,101,low,evidence_weighted_residual_mixture,0.7019751896710249
101,101,low,free_baseline,0.06850002208527854
101,101,medium,closed_mechanism,0.3225225523439119
101,101,medium,invariant_residual_MAP,0.2461194130603285
101,101,medium,invariant_residual_ensemble,0.14630407289905603
101,101,medium,evidence_weighted_residual_mixture,0.19874860464093055
101,101,medium,free_baseline,0.20555144350940813
102,102,high,closed_mechanism,0.183130663276495
102,102,high,invariant_residual_MAP,0.09143749983136717
102,102,high,invariant_residual_ensemble,0.06480547340865796
102,102,high,evidence_weighted_residual_mixture,0.06649987924668485
102,102,high,free_baseline,0.07534584606925916
102,102,low,closed_mechanism,0.183130663276495
102,102,low,invariant_residual_MAP,0.45501933272741435
102,102,low,invariant_residual_ensemble,0.3170923585642904
102,102,low,evidence_weighted_residual_mixture,0.33759463138077583
102,102,low,free_baseline,0.3456225442545225
102,102,medium,closed_mechanism,0.183130663276495
102,102,medium,invariant_residual_MAP,0.15877158387448956
102,102,medium,invariant_residual_ensemble,0.014580940450590983
102,102,medium,evidence_weighted_residual_mixture,0.014936312844325821
102,102,medium,free_baseline,0.07326781354378956
103,103,high,closed_mechanism,0.5756028544280589
103,103,high,invariant_residual_MAP,0.05312325124730866
103,103,high,invariant_residual_ensemble,0.09889756107841945
103,103,high,evidence_weighted_residual_mixture,0.028584117445978403
103,103,high,free_baseline,0.03557616535348549
103,103,low,closed_mechanism,0.5756028544280589
103,103,low,invariant_residual_MAP,0.37119152229169183
103,103,low,invariant_residual_ensemble,0.28282047585324105
103,103,low,evidence_weighted_residual_mixture,0.2834306868043843
103,103,low,free_baseline,0.9931127556538446
103,103,medium,closed_mechanism,0.5756028544280589
103,103,medium,invariant_residual_MAP,0.07774698117200854
103,103,medium,invariant_residual_ensemble,0.07240834826036496
103,103,medium,evidence_weighted_residual_mixture,0.048094935923720585
103,103,medium,free_baseline,0.009897312738400199
104,104,high,closed_mechanism,0.4107192052891593
104,104,high,invariant_residual_MAP,0.04142782559705607
104,104,high,invariant_residual_ensemble,0.03178660224908262
104,104,high,evidence_weighted_residual_mixture,0.01880746605979948
104,104,high,free_baseline,0.010195723162367424
104,104,low,closed_mechanism,0.4107192052891593
104,104,low,invariant_residual_MAP,0.2886567742162496
104,104,low,invariant_residual_ensemble,0.10021657938114396
104,104,low,evidence_weighted_residual_mixture,0.13232404539121667
104,104,low,free_baseline,0.12374315683609775
104,104,medium,closed_mechanism,0.4107192052891593
104,104,medium,invariant_residual_MAP,0.2530965546400366
104,104,medium,invariant_residual_ensemble,0.18226373472667612
104,104,medium,evidence_weighted_residual_mixture,0.1902861383610403
104,104,medium,free_baseline,0.5553296186910285
105,105,high,closed_mechanism,0.4864391417063587
105,105,high,invariant_residual_MAP,0.028707745844947383
105,105,high,invariant_residual_ensemble,0.042483890958874664
105,105,high,evidence_weighted_residual_mixture,0.006835743155591377
105,105,high,free_baseline,0.016050009605102545
105,105,low,closed_mechanism,0.4864391417063587
105,105,low,invariant_residual_MAP,0.05124946152648956
105,105,low,invariant_residual_ensemble,0.04919062059512801
105,105,low,evidence_weighted_residual_mixture,0.04401847046686149
105,105,low,free_baseline,0.019883477930563564
105,105,medium,closed_mechanism,0.4864391417063587
105,105,medium,invariant_residual_MAP,0.08296902645124013
105,105,medium,invariant_residual_ensemble,0.027614668020358522
105,105,medium,evidence_weighted_residual_mixture,0.04085190720886498
105,105,medium,free_baseline,0.05018510670082126
106,106,high,closed_mechanism,0.4724591961484698
106,106,high,invariant_residual_MAP,0.02301685689805658
106,106,high,invariant_residual_ensemble,0.080557188533224
106,106,high,evidence_weighted_residual_mixture,0.05989153808061636
106,106,high,free_baseline,0.03751742028347263
106,106,low,closed_mechanism,0.4724591961484698
106,106,low,invariant_residual_MAP,0.039493998652677345
106,106,low,invariant_residual_ensemble,0.04847567877201573
106,106,low,evidence_weighted_residual_mixture,0.04519380092597837
106,106,low,free_baseline,0.02924727770878149
106,106,medium,closed_mechanism,0.4724591961484698
106,106,medium,invariant_residual_MAP,0.02301685689805658
106,106,medium,invariant_residual_ensemble,0.1097241417587486
106,106,medium,evidence_weighted_residual_mixture,0.10733160184920557
106,106,medium,free_baseline,0.06973354317344894
107,107,high,closed_mechanism,0.44971012200301513
107,107,high,invariant_residual_MAP,0.08298756337287413
107,107,high,invariant_residual_ensemble,0.024907296043216714
107,107,high,evidence_weighted_residual_mixture,0.05188416312615871
107,107,high,free_baseline,0.06771483228984206
107,107,low,closed_mechanism,0.44971012200301513
107,107,low,invariant_residual_MAP,0.05932772489519933
107,107,low,invariant_residual_ensemble,0.1799496723210776
107,107,low,evidence_weighted_residual_mixture,0.18006215153073576
107,107,low,free_baseline,0.031097391045261772
107,107,medium,closed_mechanism,0.44971012200301513
107,107,medium,invariant_residual_MAP,0.06557809887988086
107,107,medium,invariant_residual_ensemble,0.03682804392368271
107,107,medium,evidence_weighted_residual_mixture,0.016698930589325863
107,107,medium,free_baseline,0.04424918478813875
108,108,high,closed_mechanism,0.2869721068784928
108,108,high,invariant_residual_MAP,0.043882410008615626
108,108,high,invariant_residual_ensemble,0.013916524885885493
108,108,high,evidence_weighted_residual_mixture,0.009400909615402919
108,108,high,free_baseline,0.033915793589983534
108,108,low,closed_mechanism,0.2869721068784928
108,108,low,invariant_residual_MAP,0.41776476400674184
108,108,low,invariant_residual_ensemble,0.22404909659730854
108,108,low,evidence_weighted_residual_mixture,0.28133187156223477
108,108,low,free_baseline,0.27143965113083357
108,108,medium,closed_mechanism,0.2869721068784928
108,108,medium,invariant_residual_MAP,0.03942932770907635
108,108,medium,invariant_residual_ensemble,0.04058814213344046
108,108,medium,evidence_weighted_residual_mixture,0.035919285805973686
108,108,medium,free_baseline,0.120805785713235
109,109,high,closed_mechanism,0.42601011217112145
109,109,high,invariant_residual_MAP,0.05544195365297699
109,109,high,invariant_residual_ensemble,0.04565210158431203
109,109,high,evidence_weighted_residual_mixture,0.043096466654627893
109,109,high,free_baseline,0.05431460570684131
109,109,low,closed_mechanism,0.42601011217112145
109,109,low,invariant_residual_MAP,0.27943677995536187
109,109,low,invariant_residual_ensemble,0.08499484167584855
109,109,low,evidence_weighted_residual_mixture,0.1623555296276906
109,109,low,free_baseline,0.1688710925902974
109,109,medium,closed_mechanism,0.42601011217112145
109,109,medium,invariant_residual_MAP,0.11441232789260329
109,109,medium,invariant_residual_ensemble,0.0507852204254587
109,109,medium,evidence_weighted_residual_mixture,0.0494555852784217
109,109,medium,free_baseline,0.3479374873045102
110,110,high,closed_mechanism,0.27138265407593365
110,110,high,invariant_residual_MAP,0.0095715332510818
110,110,high,invariant_residual_ensemble,0.02047616441033882
110,110,high,evidence_weighted_residual_mixture,0.023023716519729533
110,110,high,free_baseline,0.023643893834446383
110,110,low,closed_mechanism,0.27138265407593365
110,110,low,invariant_residual_MAP,0.5060705949061053
110,110,low,invariant_residual_ensemble,0.5942554417158171
110,110,low,evidence_weighted_residual_mixture,0.5939115638839914
110,110,low,free_baseline,0.13678709780114734
110,110,medium,closed_mechanism,0.27138265407593365
110,110,medium,invariant_residual_MAP,0.03403878640443948
110,110,medium,invariant_residual_ensemble,0.045531429499580424
110,110,medium,evidence_weighted_residual_mixture,0.04144885215534142
110,110,medium,free_baseline,0.09877638483359319
111,111,high,closed_mechanism,0.2410136874668283
111,111,high,invariant_residual_MAP,0.08021213501479833
111,111,high,invariant_residual_ensemble,0.045381085548303314
111,111,high,evidence_weighted_residual_mixture,0.007722551605527928
111,111,high,free_baseline,0.05434168066222695
111,111,low,closed_mechanism,0.2410136874668283
111,111,low,invariant_residual_MAP,0.23289394431932092
111,111,low,invariant_residual_ensemble,0.12983740156109985
111,111,low,evidence_weighted_residual_mixture,0.1304521656753578
111,111,low,free_baseline,0.22428763511973632
111,111,medium,closed_mechanism,0.2410136874668283
111,111,medium,invariant_residual_MAP,0.26457146651869573
111,111,medium,invariant_residual_ensemble,0.25851591009547437
111,111,medium,evidence_weighted_residual_mixture,0.2585742850455428
111,111,medium,free_baseline,0.03891447676734577
112,112,high,closed_mechanism,0.3130061582742157
112,112,high,invariant_residual_MAP,0.010155755555864565
112,112,high,invariant_residual_ensemble,0.11528662716278032
112,112,high,evidence_weighted_residual_mixture,0.07632328396092314
112,112,high,free_baseline,0.05697723464985588
112,112,low,closed_mechanism,0.3130061582742157
112,112,low,invariant_residual_MAP,0.14264102884810906
112,112,low,invariant_residual_ensemble,0.04499500937156296
112,112,low,evidence_weighted_residual_mixture,0.04530807542706016
112,112,low,free_baseline,0.17408722043175207
112,112,medium,closed_mechanism,0.3130061582742157
112,112,medium,invariant_residual_MAP,0.23612189216294366
112,112,medium,invariant_residual_ensemble,0.19507108724449454
112,112,medium,evidence_weighted_residual_mixture,0.19706543494683473
112,112,medium,free_baseline,0.3107423713906101
113,113,high,closed_mechanism,0.2367062266027408
113,113,high,invariant_residual_MAP,0.0693064518239962
113,113,high,invariant_residual_ensemble,0.0323568068964112
113,113,high,evidence_weighted_residual_mixture,0.031544146638318976
113,113,high,free_baseline,0.009670629037898537
113,113,low,closed_mechanism,0.2367062266027408
113,113,low,invariant_residual_MAP,0.4679221965814702
113,113,low,invariant_residual_ensemble,0.27436384915929707
113,113,low,evidence_weighted_residual_mixture,0.34009199692430075
113,113,low,free_baseline,0.3786911670498939
113,113,medium,closed_mechanism,0.2367062266027408
113,113,medium,invariant_residual_MAP,0.04533747993766794
113,113,medium,invariant_residual_ensemble,0.034416044908368394
113,113,medium,evidence_weighted_residual_mixture,0.02594463467280324
113,113,medium,free_baseline,0.3625799063303257
114,114,high,closed_mechanism,0.2751022407684412
114,114,high,invariant_residual_MAP,0.09412255449467999
114,114,high,invariant_residual_ensemble,0.1391482394239068
114,114,high,evidence_weighted_residual_mixture,0.13772237283838917
114,114,high,free_baseline,0.12044262610724166
114,114,low,closed_mechanism,0.2751022407684412
114,114,low,invariant_residual_MAP,0.2780199316521326
114,114,low,invariant_residual_ensemble,0.180353300775725
114,114,low,evidence_weighted_residual_mixture,0.18661117650299888
114,114,low,free_baseline,0.2110695417049682
114,114,medium,closed_mechanism,0.2751022407684412
114,114,medium,invariant_residual_MAP,0.2221174034555684
114,114,medium,invariant_residual_ensemble,0.20651806523401847
114,114,medium,evidence_weighted_residual_mixture,0.20687107306032324
114,114,medium,free_baseline,0.2699218464555589
115,115,high,closed_mechanism,0.5395165218887291
115,115,high,invariant_residual_MAP,0.014473504845570986
115,115,high,invariant_residual_ensemble,0.08998081866196869
115,115,high,evidence_weighted_residual_mixture,0.04297155532952377
115,115,high,free_baseline,0.029884721529677773
115,115,low,closed_mechanism,0.5395165218887291
115,115,low,invariant_residual_MAP,0.43133239416580854
115,115,low,invariant_residual_ensemble,0.35583565796728306
115,115,low,evidence_weighted_residual_mixture,0.35615110343394757
115,115,low,free_baseline,0.9567121961996976
115,115,medium,closed_mechanism,0.5395165218887291
115,115,medium,invariant_residual_MAP,0.07678518922188025
115,115,medium,invariant_residual_ensemble,0.1622484894751829
115,115,medium,evidence_weighted_residual_mixture,0.15635731573947528
115,115,medium,free_baseline,0.11433040602933411
116,116,high,closed_mechanism,0.3596400017110291
116,116,high,invariant_residual_MAP,0.009335052734334555
116,116,high,invariant_residual_ensemble,0.07842402748363649
116,116,high,evidence_weighted_residual_mixture,0.07473975786649634
116,116,high,free_baseline,0.03718409940809215
116,116,low,closed_mechanism,0.3596400017110291
116,116,low,invariant_residual_MAP,0.3235476289255291
116,116,low,invariant_residual_ensemble,0.15012498136774047
116,116,low,evidence_weighted_residual_mixture,0.17883739784744654
116,116,low,free_baseline,0.1673682592232626
116,116,medium,closed_mechanism,0.3596400017110291
116,116,medium,invariant_residual_MAP,0.04529127817947272
116,116,medium,invariant_residual_ensemble,0.23564100771647467
116,116,medium,evidence_weighted_residual_mixture,0.23038526560010025
116,116,medium,free_baseline,0.14942268535716077
117,117,high,closed_mechanism,0.2084862966414639
117,117,high,invariant_residual_MAP,0.02574903176418334
117,117,high,invariant_residual_ensemble,0.01235314160678237
117,117,high,evidence_weighted_residual_mixture,0.016395456551221578
117,117,high,free_baseline,0.006829987246037453
117,117,low,closed_mechanism,0.2084862966414639
117,117,low,invariant_residual_MAP,0.1512458135679457
117,117,low,invariant_residual_ensemble,0.058853830276423
117,117,low,evidence_weighted_residual_mixture,0.05874981618335934
117,117,low,free_baseline,0.17905456840665765
117,117,medium,closed_mechanism,0.2084862966414639
117,117,medium,invariant_residual_MAP,0.1512458135679457
117,117,medium,invariant_residual_ensemble,0.005247571565580169
117,117,medium,evidence_weighted_residual_mixture,0.004554793612831056
117,117,medium,free_baseline,0.06366217271086207
118,118,high,closed_mechanism,0.4832028001987389
118,118,high,invariant_residual_MAP,0.04011205851783605
118,118,high,invariant_residual_ensemble,0.041270622977486494
118,118,high,evidence_weighted_residual_mixture,0.005507658660543113
118,118,high,free_baseline,0.01947332960920444
118,118,low,closed_mechanism,0.4832028001987389
118,118,low,invariant_residual_MAP,0.09046770557701257
118,118,low,invariant_residual_ensemble,0.054981372968035166
118,118,low,evidence_weighted_residual_mixture,0.050931866978411365
118,118,low,free_baseline,0.20670596999304944
118,118,medium,closed_mechanism,0.4832028001987389
118,118,medium,invariant_residual_MAP,0.024472957970999302
118,118,medium,invariant_residual_ensemble,0.10201002406771155
118,118,medium,evidence_weighted_residual_mixture,0.094634839468907
118,118,medium,free_baseline,0.05631570465769272
119,119,high,closed_mechanism,0.48670752251085064
119,119,high,invariant_residual_MAP,0.05080613490401222
119,119,high,invariant_residual_ensemble,0.05260361463500329
119,119,high,evidence_weighted_residual_mixture,0.020962117258750704
119,119,high,free_baseline,0.04215489776084565
119,119,low,closed_mechanism,0.48670752251085064
119,119,low,invariant_residual_MAP,0.21668445369230277
119,119,low,invariant_residual_ensemble,0.03231241971882593
119,119,low,evidence_weighted_residual_mixture,0.06977371725931744
119,119,low,free_baseline,0.07315241191137818
119,119,medium,closed_mechanism,0.48670752251085064
119,119,medium,invariant_residual_MAP,0.029588794204056378
119,119,medium,invariant_residual_ensemble,0.0235805563901167
119,119,medium,evidence_weighted_residual_mixture,0.05928540935676147
119,119,medium,free_baseline,0.026684262484770727
120,120,high,closed_mechanism,0.29037125623374205
120,120,high,invariant_residual_MAP,0.029446622102863456
120,120,high,invariant_residual_ensemble,0.04219887169307442
120,120,high,evidence_weighted_residual_mixture,0.03698799295585141
120,120,high,free_baseline,0.05307402748815898
120,120,low,closed_mechanism,0.29037125623374205
120,120,low,invariant_residual_MAP,0.537590872585423
120,120,low,invariant_residual_ensemble,0.6224369456510068
120,120,low,evidence_weighted_residual_mixture,0.6220615107013403
120,120,low,free_baseline,0.038426993597250464
120,120,medium,closed_mechanism,0.29037125623374205
120,120,medium,invariant_residual_MAP,0.16761324046622775
120,120,medium,invariant_residual_ensemble,0.08412643539012211
120,120,medium,evidence_weighted_residual_mixture,0.08834321768358107
120,120,medium,free_baseline,0.181005672190939
121,121,high,closed_mechanism,0.39991958224940827
121,121,high,invariant_residual_MAP,0.046567893725703566
121,121,high,invariant_residual_ensemble,0.03481653448578085
121,121,high,evidence_weighted_residual_mixture,0.021023853108903593
121,121,high,free_baseline,0.03710686490330186
121,121,low,closed_mechanism,0.39991958224940827
121,121,low,invariant_residual_MAP,0.4796425757689666
121,121,low,invariant_residual_ensemble,0.5111811896354435
121,121,low,evidence_weighted_residual_mixture,0.511285421023087
121,121,low,free_baseline,0.031033730640903603
121,121,medium,closed_mechanism,0.39991958224940827
121,121,medium,invariant_residual_MAP,0.03796137719473806
121,121,medium,invariant_residual_ensemble,0.07842404968110811
121,121,medium,evidence_weighted_residual_mixture,0.07488513000663144
121,121,medium,free_baseline,0.05096281115126881
122,122,high,closed_mechanism,0.3000235018735498
122,122,high,invariant_residual_MAP,0.02988863153771146
122,122,high,invariant_residual_ensemble,0.0416740966265022
122,122,high,evidence_weighted_residual_mixture,0.03557502676011267
122,122,high,free_baseline,0.00801257842455968
122,122,low,closed_mechanism,0.3000235018735498
122,122,low,invariant_residual_MAP,0.34652252717456866
122,122,low,invariant_residual_ensemble,0.2011865988974677
122,122,low,evidence_weighted_residual_mixture,0.2227837246680082
122,122,low,free_baseline,0.22297639772359
122,122,medium,closed_mechanism,0.3000235018735498
122,122,medium,invariant_residual_MAP,0.07858687756197832
122,122,medium,invariant_residual_ensemble,0.058633313557867744
122,122,medium,evidence_weighted_residual_mixture,0.05344854930206412
122,122,medium,free_baseline,0.06923605342122995
123,123,high,closed_mechanism,0.45019525738655
123,123,high,invariant_residual_MAP,0.036065412798112324
123,123,high,invariant_residual_ensemble,0.035598963108895265
123,123,high,evidence_weighted_residual_mixture,0.005376247411203664
123,123,high,free_baseline,0.026022886986240553
123,123,low,closed_mechanism,0.45019525738655
123,123,low,invariant_residual_MAP,0.21728571973936037
123,123,low,invariant_residual_ensemble,0.12860439205938984
123,123,low,evidence_weighted_residual_mixture,0.12887453041414343
123,123,low,free_baseline,0.015130070584991792
123,123,medium,closed_mechanism,0.45019525738655
123,123,medium,invariant_residual_MAP,0.04226909786548249
123,123,medium,invariant_residual_ensemble,0.1362543687702481
123,123,medium,evidence_weighted_residual_mixture,0.13427154703674846
123,123,medium,free_baseline,0.020960747177525767
124,124,high,closed_mechanism,0.3018572724372253
124,124,high,invariant_residual_MAP,0.1497955830225113
124,124,high,invariant_residual_ensemble,0.10786473350648174
124,124,high,evidence_weighted_residual_mixture,0.11745121558466803
124,124,high,free_baseline,0.1706742808136824
124,124,low,closed_mechanism,0.3018572724372253
124,124,low,invariant_residual_MAP,0.03521496699196117
124,124,low,invariant_residual_ensemble,0.08073193845930642
124,124,low,evidence_weighted_residual_mixture,0.08156101211705023
124,124,low,free_baseline,0.6831595276436205
124,124,medium,closed_mechanism,0.3018572724372253
124,124,medium,invariant_residual_MAP,0.12763358534607308
124,124,medium,invariant_residual_ensemble,0.04873129553145463
124,124,medium,evidence_weighted_residual_mixture,0.053726302558967494
124,124,medium,free_baseline,0.2585042148011628
