task_id,prefix_exposure,policy,e_kappa,e_lambda,nrmse_clean_far
0,L,joint_uniform,0.0009449703775303853,5.045662110347848e-09,0.3380951310615819
0,L,kappa_selective,0.0009449703775303853,5.045662110347848e-09,0.34789358964648737
0,L,factorized_joint_weighted,0.0009449703775303853,5.045662110347848e-09,0.3479221957678327
0,L,joint_MAP,0.0009449703775303853,5.045662110347848e-09,0.7011359648687593
0,S,joint_uniform,0.3306874195101438,9.224545355568381e-06,0.3380951310615819
0,S,kappa_selective,0.3306874195101438,9.224545355568381e-06,0.23922585058330734
0,S,factorized_joint_weighted,0.3306874195101438,9.224545355568381e-06,0.23851445711665356
0,S,joint_MAP,0.3306874195101438,9.224545355568381e-06,0.14786769713920367
0,J,joint_uniform,0.5289003161936157,0.30160489707657445,0.3380951310615819
0,J,kappa_selective,0.5289003161936157,0.30160489707657445,0.1970018086544778
0,J,factorized_joint_weighted,0.5289003161936157,0.30160489707657445,0.002701939470125295
0,J,joint_MAP,0.5289003161936157,0.30160489707657445,0.06858532406711158
1,L,joint_uniform,0.0016029401708989033,6.063539459422174e-08,0.3506782554896772
1,L,kappa_selective,0.0016029401708989033,6.063539459422174e-08,0.33437760746035494
1,L,factorized_joint_weighted,0.0016029401708989033,6.063539459422174e-08,0.3342788054934942
1,L,joint_MAP,0.0016029401708989033,6.063539459422174e-08,0.060426340852128724
1,S,joint_uniform,0.3631012268901296,0.0014673268638883963,0.3506782554896772
1,S,kappa_selective,0.3631012268901296,0.0014673268638883963,0.11907065441660157
1,S,factorized_joint_weighted,0.3631012268901296,0.0014673268638883963,0.10367750173137552
1,S,joint_MAP,0.3631012268901296,0.0014673268638883963,0.14320473028427222
1,J,joint_uniform,0.4307735939083024,0.07761067706355396,0.3506782554896772
1,J,kappa_selective,0.4307735939083024,0.07761067706355396,0.1279641466503129
1,J,factorized_joint_weighted,0.4307735939083024,0.07761067706355396,0.04357503892324704
1,J,joint_MAP,0.4307735939083024,0.07761067706355396,0.03022959687361245
2,L,joint_uniform,0.0007491900085027092,2.1795169002913894e-09,0.10106472567051741
2,L,kappa_selective,0.0007491900085027092,2.1795169002913894e-09,0.10729066687104388
2,L,factorized_joint_weighted,0.0007491900085027092,2.1795169002913894e-09,0.10727230347130767
2,L,joint_MAP,0.0007491900085027092,2.1795169002913894e-09,0.13768536134172035
2,S,joint_uniform,0.3357151472543225,0.001380744328319028,0.10106472567051741
2,S,kappa_selective,0.3357151472543225,0.001380744328319028,0.2722998620859382
2,S,factorized_joint_weighted,0.3357151472543225,0.001380744328319028,0.25733723678062875
2,S,joint_MAP,0.3357151472543225,0.001380744328319028,0.037078509517166396
2,J,joint_uniform,0.4874269437957428,0.20275734793487055,0.10106472567051741
2,J,kappa_selective,0.4874269437957428,0.20275734793487055,0.23004682534366172
2,J,factorized_joint_weighted,0.4874269437957428,0.20275734793487055,0.06459741925702557
2,J,joint_MAP,0.4874269437957428,0.20275734793487055,0.009345488107154657
3,L,joint_uniform,0.02464072770312198,1.104932778606127e-08,0.276562915881907
3,L,kappa_selective,0.02464072770312198,1.104932778606127e-08,0.19877600743565565
3,L,factorized_joint_weighted,0.02464072770312198,1.104932778606127e-08,0.19873358771852845
3,L,joint_MAP,0.02464072770312198,1.104932778606127e-08,0.2134452283263753
3,S,joint_uniform,0.33358771381643515,0.0026936089684101994,0.276562915881907
3,S,kappa_selective,0.33358771381643515,0.0026936089684101994,0.11526152936473369
3,S,factorized_joint_weighted,0.33358771381643515,0.0026936089684101994,0.09437270947176679
3,S,joint_MAP,0.33358771381643515,0.0026936089684101994,0.13003118006236938
3,J,joint_uniform,0.4385061121097801,0.10263528754351658,0.276562915881907
3,J,kappa_selective,0.4385061121097801,0.10263528754351658,0.1173635887143885
3,J,factorized_joint_weighted,0.4385061121097801,0.10263528754351658,0.009942709365983399
3,J,joint_MAP,0.4385061121097801,0.10263528754351658,0.026113185426723612
4,L,joint_uniform,0.0911332070848706,3.25298921799444e-07,0.4288032495789318
4,L,kappa_selective,0.0911332070848706,3.25298921799444e-07,0.2806770267126228
4,L,factorized_joint_weighted,0.0911332070848706,3.25298921799444e-07,0.2804469742342577
4,L,joint_MAP,0.0911332070848706,3.25298921799444e-07,0.19411506109307008
4,S,joint_uniform,0.3345059800126593,3.8962892854099707e-05,0.4288032495789318
4,S,kappa_selective,0.3345059800126593,3.8962892854099707e-05,0.2592490554932904
4,S,factorized_joint_weighted,0.3345059800126593,3.8962892854099707e-05,0.26153344082176544
4,S,joint_MAP,0.3345059800126593,3.8962892854099707e-05,0.32485981814528253
4,J,joint_uniform,0.4911575937309475,0.2082230155356385,0.4288032495789318
4,J,kappa_selective,0.4911575937309475,0.2082230155356385,0.22669931251303022
4,J,factorized_joint_weighted,0.4911575937309475,0.2082230155356385,0.05937840056345485
4,J,joint_MAP,0.4911575937309475,0.2082230155356385,0.016904197746031177
5,L,joint_uniform,0.13363124103511925,7.682365658068235e-07,0.15409910859875853
5,L,kappa_selective,0.13363124103511925,7.682365658068235e-07,0.0450152578948528
5,L,factorized_joint_weighted,0.13363124103511925,7.682365658068235e-07,0.04528156158939352
5,L,joint_MAP,0.13363124103511925,7.682365658068235e-07,0.4783953003846502
5,S,joint_uniform,0.41299967789702186,0.017903845133794172,0.15409910859875853
5,S,kappa_selective,0.41299967789702186,0.017903845133794172,0.12253862184095864
5,S,factorized_joint_weighted,0.41299967789702186,0.017903845133794172,0.06943354928142137
5,S,joint_MAP,0.41299967789702186,0.017903845133794172,0.11893063324832834
5,J,joint_uniform,0.5999110797634145,0.12138638762189191,0.15409910859875853
5,J,kappa_selective,0.5999110797634145,0.12138638762189191,0.17009303351976868
5,J,factorized_joint_weighted,0.5999110797634145,0.12138638762189191,0.09843050182607513
5,J,joint_MAP,0.5999110797634145,0.12138638762189191,0.06271845737313761
6,L,joint_uniform,0.04901439018511278,6.120508289075843e-08,0.1539514738581464
6,L,kappa_selective,0.04901439018511278,6.120508289075843e-08,0.04570518678007159
6,L,factorized_joint_weighted,0.04901439018511278,6.120508289075843e-08,0.04560680647220796
6,L,joint_MAP,0.04901439018511278,6.120508289075843e-08,0.46902776673935304
6,S,joint_uniform,0.33065548196947003,0.003398077846136549,0.1539514738581464
6,S,kappa_selective,0.33065548196947003,0.003398077846136549,0.09834079636615281
6,S,factorized_joint_weighted,0.33065548196947003,0.003398077846136549,0.12184285161060578
6,S,joint_MAP,0.33065548196947003,0.003398077846136549,0.3449766706074562
6,J,joint_uniform,0.4695468697445889,0.16475464816199392,0.1539514738581464
6,J,kappa_selective,0.4695468697445889,0.16475464816199392,0.0846129441927976
6,J,factorized_joint_weighted,0.4695468697445889,0.16475464816199392,0.06324564175356463
6,J,joint_MAP,0.4695468697445889,0.16475464816199392,0.09722179376936649
7,L,joint_uniform,0.029903155966610195,1.3529860565242302e-09,0.2823695001063899
7,L,kappa_selective,0.029903155966610195,1.3529860565242302e-09,0.19636921916364733
7,L,factorized_joint_weighted,0.029903155966610195,1.3529860565242302e-09,0.1963544090511187
7,L,joint_MAP,0.029903155966610195,1.3529860565242302e-09,0.21707661532595932
7,S,joint_uniform,0.330548974785281,0.00019988637721657376,0.2823695001063899
7,S,kappa_selective,0.330548974785281,0.00019988637721657376,0.24900467404432133
7,S,factorized_joint_weighted,0.330548974785281,0.00019988637721657376,0.24341076322527866
7,S,joint_MAP,0.330548974785281,0.00019988637721657376,0.031180591128044582
7,J,joint_uniform,0.5488416430591916,0.35601264851790504,0.2823695001063899
7,J,kappa_selective,0.5488416430591916,0.35601264851790504,0.16733115809069338
7,J,factorized_joint_weighted,0.5488416430591916,0.35601264851790504,0.04794095497433585
7,J,joint_MAP,0.5488416430591916,0.35601264851790504,0.08364234230509192
8,L,joint_uniform,0.024688770797184345,7.60072695893399e-08,0.2541841092581848
8,L,kappa_selective,0.024688770797184345,7.60072695893399e-08,0.1762959102927094
8,L,factorized_joint_weighted,0.024688770797184345,7.60072695893399e-08,0.1761846587530136
8,L,joint_MAP,0.024688770797184345,7.60072695893399e-08,0.3687650479502642
8,S,joint_uniform,0.33173946514153185,0.00024179265577606301,0.2541841092581848
8,S,kappa_selective,0.33173946514153185,0.00024179265577606301,0.11364834059825128
8,S,factorized_joint_weighted,0.33173946514153185,0.00024179265577606301,0.10745257663845491
8,S,joint_MAP,0.33173946514153185,0.00024179265577606301,0.0831490008458365
8,J,joint_uniform,0.45167675998175183,0.12834886049500693,0.2541841092581848
8,J,kappa_selective,0.45167675998175183,0.12834886049500693,0.1269239760223306
8,J,factorized_joint_weighted,0.45167675998175183,0.12834886049500693,0.0007157738331283869
8,J,joint_MAP,0.45167675998175183,0.12834886049500693,0.07521743529708604
9,L,joint_uniform,0.004553080528641007,4.998980995818414e-08,0.24356096863758459
9,L,kappa_selective,0.004553080528641007,4.998980995818414e-08,0.21208518453420902
9,L,factorized_joint_weighted,0.004553080528641007,4.998980995818414e-08,0.21199489061768254
9,L,joint_MAP,0.004553080528641007,4.998980995818414e-08,0.29413538207987694
9,S,joint_uniform,0.330554954479105,0.0003916597256310439,0.24356096863758459
9,S,kappa_selective,0.330554954479105,0.0003916597256310439,0.20998578587440084
9,S,factorized_joint_weighted,0.330554954479105,0.0003916597256310439,0.21791461218415928
9,S,joint_MAP,0.330554954479105,0.0003916597256310439,0.4086073444879678
9,J,joint_uniform,0.46290199943350396,0.15105356242286627,0.24356096863758459
9,J,kappa_selective,0.46290199943350396,0.15105356242286627,0.1843326200153978
9,J,factorized_joint_weighted,0.46290199943350396,0.15105356242286627,0.04460048913292225
9,J,joint_MAP,0.46290199943350396,0.15105356242286627,0.00994724317699227
10,L,joint_uniform,0.021539807440257297,7.872725660273971e-08,0.03784211922922785
10,L,kappa_selective,0.021539807440257297,7.872725660273971e-08,0.08167870035934853
10,L,factorized_joint_weighted,0.021539807440257297,7.872725660273971e-08,0.08178680744660345
10,L,joint_MAP,0.021539807440257297,7.872725660273971e-08,0.6262752819300776
10,S,joint_uniform,0.36101951589483394,0.00193010087727441,0.03784211922922785
10,S,kappa_selective,0.36101951589483394,0.00193010087727441,0.2328041233628574
10,S,factorized_joint_weighted,0.36101951589483394,0.00193010087727441,0.2504781530683513
10,S,joint_MAP,0.36101951589483394,0.00193010087727441,0.49727828666155355
10,J,joint_uniform,0.4972363198674634,0.22492207407419895,0.03784211922922785
10,J,kappa_selective,0.4972363198674634,0.22492207407419895,0.21766426310842363
10,J,factorized_joint_weighted,0.4972363198674634,0.22492207407419895,0.04328409303287006
10,J,joint_MAP,0.4972363198674634,0.22492207407419895,0.01642568874410613
11,L,joint_uniform,0.01054960841611563,5.1972200987293604e-09,0.49566477625710065
11,L,kappa_selective,0.01054960841611563,5.1972200987293604e-09,0.4453283521797701
11,L,factorized_joint_weighted,0.01054960841611563,5.1972200987293604e-09,0.445357408201519
11,L,joint_MAP,0.01054960841611563,5.1972200987293604e-09,0.4290382749458173
11,S,joint_uniform,0.37556218262235097,0.0026121728965686764,0.49566477625710065
11,S,kappa_selective,0.37556218262235097,0.0026121728965686764,0.25362417067624526
11,S,factorized_joint_weighted,0.37556218262235097,0.0026121728965686764,0.27418645744251235
11,S,joint_MAP,0.37556218262235097,0.0026121728965686764,0.5142085849265746
11,J,joint_uniform,0.45892835238732155,0.08509448993696878,0.49566477625710065
11,J,kappa_selective,0.45892835238732155,0.08509448993696878,0.23362540113820676
11,J,factorized_joint_weighted,0.45892835238732155,0.08509448993696878,0.15588667328337996
11,J,joint_MAP,0.45892835238732155,0.08509448993696878,0.13330697308951475
12,L,joint_uniform,0.0066175783594421,7.283021963289116e-09,0.02610737559191791
12,L,kappa_selective,0.0066175783594421,7.283021963289116e-09,0.030420766580398585
12,L,factorized_joint_weighted,0.0066175783594421,7.283021963289116e-09,0.030442229354530153
12,L,joint_MAP,0.0066175783594421,7.283021963289116e-09,0.07038133391739351
12,S,joint_uniform,0.34202453274414335,0.00626830025381786,0.02610737559191791
12,S,kappa_selective,0.34202453274414335,0.00626830025381786,0.216543513999548
12,S,factorized_joint_weighted,0.34202453274414335,0.00626830025381786,0.24835061819419338
12,S,joint_MAP,0.34202453274414335,0.00626830025381786,0.46861644333409985
12,J,joint_uniform,0.517044237528695,0.2715532949481374,0.02610737559191791
12,J,kappa_selective,0.517044237528695,0.2715532949481374,0.15670631426694812
12,J,factorized_joint_weighted,0.517044237528695,0.2715532949481374,0.03490111927962317
12,J,joint_MAP,0.517044237528695,0.2715532949481374,0.0868928999144808
13,L,joint_uniform,0.004370504739733327,2.08092885145561e-08,0.5565416869411752
13,L,kappa_selective,0.004370504739733327,2.08092885145561e-08,0.5877160589712558
13,L,factorized_joint_weighted,0.004370504739733327,2.08092885145561e-08,0.5877740765111072
13,L,joint_MAP,0.004370504739733327,2.08092885145561e-08,1.0927167150510626
13,S,joint_uniform,0.5448117307546942,0.01207902727459409,0.5565416869411752
13,S,kappa_selective,0.5448117307546942,0.01207902727459409,0.25178673595728673
13,S,factorized_joint_weighted,0.5448117307546942,0.01207902727459409,0.20767937789443594
13,S,joint_MAP,0.5448117307546942,0.01207902727459409,0.06659774939214946
13,J,joint_uniform,0.6019531052124457,0.3084568950621426,0.5565416869411752
13,J,kappa_selective,0.6019531052124457,0.3084568950621426,0.2531742441540506
13,J,factorized_joint_weighted,0.6019531052124457,0.3084568950621426,0.056278035116538
13,J,joint_MAP,0.6019531052124457,0.3084568950621426,0.012565486897554346
14,L,joint_uniform,0.008954398374856787,1.1259604193458728e-07,0.3176800444429224
14,L,kappa_selective,0.008954398374856787,1.1259604193458728e-07,0.36368124872601215
14,L,factorized_joint_weighted,0.008954398374856787,1.1259604193458728e-07,0.3638166103904999
14,L,joint_MAP,0.008954398374856787,1.1259604193458728e-07,0.940171614410425
14,S,joint_uniform,0.33084738851602935,0.008294516246953543,0.3176800444429224
14,S,kappa_selective,0.33084738851602935,0.008294516246953543,0.23736764112038716
14,S,factorized_joint_weighted,0.33084738851602935,0.008294516246953543,0.20068207573043045
14,S,joint_MAP,0.33084738851602935,0.008294516246953543,0.004166569458793264
14,J,joint_uniform,0.4950657066082196,0.219806591290859,0.3176800444429224
14,J,kappa_selective,0.4950657066082196,0.219806591290859,0.23558335458288054
14,J,factorized_joint_weighted,0.4950657066082196,0.219806591290859,0.06325586952350164
14,J,joint_MAP,0.4950657066082196,0.219806591290859,0.004166569458793264
15,L,joint_uniform,0.007568658520350158,1.8520670663768612e-08,0.004246808257500325
15,L,kappa_selective,0.007568658520350158,1.8520670663768612e-08,0.04222579300913525
15,L,factorized_joint_weighted,0.007568658520350158,1.8520670663768612e-08,0.04227868164569607
15,L,joint_MAP,0.007568658520350158,1.8520670663768612e-08,0.0917047887276379
15,S,joint_uniform,0.33061628373293683,0.0023395675423619755,0.004246808257500325
15,S,kappa_selective,0.33061628373293683,0.0023395675423619755,0.04050335728448696
15,S,factorized_joint_weighted,0.33061628373293683,0.0023395675423619755,0.059486237296759045
15,S,joint_MAP,0.33061628373293683,0.0023395675423619755,0.2760104413337684
15,J,joint_uniform,0.4082061640179313,0.04645765953853731,0.004246808257500325
15,J,kappa_selective,0.4082061640179313,0.04645765953853731,0.031210843571061166
15,J,factorized_joint_weighted,0.4082061640179313,0.04645765953853731,0.011233907429636385
15,J,joint_MAP,0.4082061640179313,0.04645765953853731,0.025538241142375684
16,L,joint_uniform,0.025570373543918334,3.8599193175059554e-08,0.5385724749911155
16,L,kappa_selective,0.025570373543918334,3.8599193175059554e-08,0.459109994517756
16,L,factorized_joint_weighted,0.025570373543918334,3.8599193175059554e-08,0.45903091412590763
16,L,joint_MAP,0.025570373543918334,3.8599193175059554e-08,0.0843444821370103
16,S,joint_uniform,0.48304250885855937,0.00583539854122439,0.5385724749911155
16,S,kappa_selective,0.48304250885855937,0.00583539854122439,0.24770600804870518
16,S,factorized_joint_weighted,0.48304250885855937,0.00583539854122439,0.2170352161954581
16,S,joint_MAP,0.48304250885855937,0.00583539854122439,0.04109132117629221
16,J,joint_uniform,0.6391925603885408,0.3895674226271957,0.5385724749911155
16,J,kappa_selective,0.6391925603885408,0.3895674226271957,0.2269675682103282
16,J,factorized_joint_weighted,0.6391925603885408,0.3895674226271957,0.008419220596088607
16,J,joint_MAP,0.6391925603885408,0.3895674226271957,0.04109132117629221
17,L,joint_uniform,0.11288135587408787,5.786095618187659e-07,0.1459911747967646
17,L,kappa_selective,0.11288135587408787,5.786095618187659e-07,0.03792208727879442
17,L,factorized_joint_weighted,0.11288135587408787,5.786095618187659e-07,0.038054453776500526
17,L,joint_MAP,0.11288135587408787,5.786095618187659e-07,0.4786639459380088
17,S,joint_uniform,0.330666683252791,1.714714581413368e-05,0.1459911747967646
17,S,kappa_selective,0.330666683252791,1.714714581413368e-05,0.05537100671741403
17,S,factorized_joint_weighted,0.330666683252791,1.714714581413368e-05,0.05414643574540121
17,S,joint_MAP,0.330666683252791,1.714714581413368e-05,0.04836982723203886
17,J,joint_uniform,0.4091281363100202,0.048091618653386736,0.1459911747967646
17,J,kappa_selective,0.4091281363100202,0.048091618653386736,0.0644690344018607
17,J,factorized_joint_weighted,0.4091281363100202,0.048091618653386736,0.025567830107002063
17,J,joint_MAP,0.4091281363100202,0.048091618653386736,0.0328683793930366
18,L,joint_uniform,0.000579722565674845,1.141614636157584e-08,0.3171350745369642
18,L,kappa_selective,0.000579722565674845,1.141614636157584e-08,0.3187708717634701
18,L,factorized_joint_weighted,0.000579722565674845,1.141614636157584e-08,0.318813990169758
18,L,joint_MAP,0.000579722565674845,1.141614636157584e-08,0.5941105529139626
18,S,joint_uniform,0.33097112001761564,0.004924143310320095,0.3171350745369642
18,S,kappa_selective,0.33097112001761564,0.004924143310320095,0.2070145261184567
18,S,factorized_joint_weighted,0.33097112001761564,0.004924143310320095,0.1787374539814801
18,S,joint_MAP,0.33097112001761564,0.004924143310320095,0.04600799540630026
18,J,joint_uniform,0.5623162385671319,0.3967824501265558,0.3171350745369642
18,J,kappa_selective,0.5623162385671319,0.3967824501265558,0.20509960758638016
18,J,factorized_joint_weighted,0.5623162385671319,0.3967824501265558,0.018653970726472173
18,J,joint_MAP,0.5623162385671319,0.3967824501265558,0.04600799540630026
19,L,joint_uniform,0.15124338655891034,4.510931771450899e-07,0.4932999429455857
19,L,kappa_selective,0.15124338655891034,4.510931771450899e-07,0.30531720242604277
19,L,factorized_joint_weighted,0.15124338655891034,4.510931771450899e-07,0.305046963668843
19,L,joint_MAP,0.15124338655891034,4.510931771450899e-07,0.130301741982033
19,S,joint_uniform,0.5576993209326963,0.015469628416555858,0.4932999429455857
19,S,kappa_selective,0.5576993209326963,0.015469628416555858,0.18465899896801177
19,S,factorized_joint_weighted,0.5576993209326963,0.015469628416555858,0.13479009946206383
19,S,joint_MAP,0.5576993209326963,0.015469628416555858,0.130301741982033
19,J,joint_uniform,0.7122913002089952,0.1956593975231813,0.4932999429455857
19,J,kappa_selective,0.7122913002089952,0.1956593975231813,0.16425025077393543
19,J,factorized_joint_weighted,0.7122913002089952,0.1956593975231813,0.060770198846091576
19,J,joint_MAP,0.7122913002089952,0.1956593975231813,0.07754510817879101
20,L,joint_uniform,0.03631999117178197,7.99490570413397e-08,0.11169793631134155
20,L,kappa_selective,0.03631999117178197,7.99490570413397e-08,0.20659067691734273
20,L,factorized_joint_weighted,0.03631999117178197,7.99490570413397e-08,0.20670390252893717
20,L,joint_MAP,0.03631999117178197,7.99490570413397e-08,0.734614244245971
20,S,joint_uniform,0.33055010773300775,0.00012513689603921296,0.11169793631134155
20,S,kappa_selective,0.33055010773300775,0.00012513689603921296,0.15786004053878436
20,S,factorized_joint_weighted,0.33055010773300775,0.00012513689603921296,0.1534844100128004
20,S,joint_MAP,0.33055010773300775,0.00012513689603921296,0.12078438300018199
20,J,joint_uniform,0.46963698309316015,0.1649408612404648,0.11169793631134155
20,J,kappa_selective,0.46963698309316015,0.1649408612404648,0.08526245624033395
20,J,factorized_joint_weighted,0.46963698309316015,0.1649408612404648,0.06315564523113135
20,J,joint_MAP,0.46963698309316015,0.1649408612404648,0.09721143904732497
21,L,joint_uniform,0.011122474951754446,5.049545859225901e-08,0.2518470944782593
21,L,kappa_selective,0.011122474951754446,5.049545859225901e-08,0.30379521400593024
21,L,factorized_joint_weighted,0.011122474951754446,5.049545859225901e-08,0.30388365552506524
21,L,joint_MAP,0.011122474951754446,5.049545859225901e-08,0.8730184779410679
21,S,joint_uniform,0.735430091878601,0.024631166843113395,0.2518470944782593
21,S,kappa_selective,0.735430091878601,0.024631166843113395,0.08354566825918046
21,S,factorized_joint_weighted,0.735430091878601,0.024631166843113395,0.14635138748904844
21,S,joint_MAP,0.735430091878601,0.024631166843113395,0.3751582548209542
21,J,joint_uniform,0.5884379583190782,0.13072704122418066,0.2518470944782593
21,J,kappa_selective,0.5884379583190782,0.13072704122418066,0.06497737389196341
21,J,factorized_joint_weighted,0.5884379583190782,0.13072704122418066,0.037865745315490765
21,J,joint_MAP,0.5884379583190782,0.13072704122418066,0.07518261167413366
22,L,joint_uniform,0.01833761192591077,2.5680526738458553e-07,0.3629564349881362
22,L,kappa_selective,0.01833761192591077,2.5680526738458553e-07,0.2955949533471964
22,L,factorized_joint_weighted,0.01833761192591077,2.5680526738458553e-07,0.2953927707636607
22,L,joint_MAP,0.01833761192591077,2.5680526738458553e-07,0.2616573658110655
22,S,joint_uniform,0.5326472592371483,0.0014873869934798334,0.3629564349881362
22,S,kappa_selective,0.5326472592371483,0.0014873869934798334,0.05831560130247142
22,S,factorized_joint_weighted,0.5326472592371483,0.0014873869934798334,0.0431643676067426
22,S,joint_MAP,0.5326472592371483,0.0014873869934798334,0.15406468698700423
22,J,joint_uniform,0.7081090173632973,0.1782633157050072,0.3629564349881362
22,J,kappa_selective,0.7081090173632973,0.1782633157050072,0.03308894215024701
22,J,factorized_joint_weighted,0.7081090173632973,0.1782633157050072,0.034224539104625466
22,J,joint_MAP,0.7081090173632973,0.1782633157050072,0.019389644632379816
23,L,joint_uniform,0.0017224420327069945,3.9341427005012974e-08,0.2791460891828233
23,L,kappa_selective,0.0017224420327069945,3.9341427005012974e-08,0.29638931056581774
23,L,factorized_joint_weighted,0.0017224420327069945,3.9341427005012974e-08,0.29646792480113815
23,L,joint_MAP,0.0017224420327069945,3.9341427005012974e-08,0.683857762704619
23,S,joint_uniform,0.3976205941121628,2.4137848569361076e-05,0.2791460891828233
23,S,kappa_selective,0.3976205941121628,2.4137848569361076e-05,0.02049452474253695
23,S,factorized_joint_weighted,0.3976205941121628,2.4137848569361076e-05,0.02023987008998801
23,S,joint_MAP,0.3976205941121628,2.4137848569361076e-05,0.2509952034137824
23,J,joint_uniform,0.4549762928839356,0.10296085594448234,0.2791460891828233
23,J,kappa_selective,0.4549762928839356,0.10296085594448234,0.029897609259148198
23,J,factorized_joint_weighted,0.4549762928839356,0.10296085594448234,0.07523790474473584
23,J,joint_MAP,0.4549762928839356,0.10296085594448234,0.11475521368476034
24,L,joint_uniform,0.006931894091498525,1.540425894619446e-07,0.3964871635795925
24,L,kappa_selective,0.006931894091498525,1.540425894619446e-07,0.4368031816509754
24,L,factorized_joint_weighted,0.006931894091498525,1.540425894619446e-07,0.43696094917126255
24,L,joint_MAP,0.006931894091498525,1.540425894619446e-07,1.0193983955025048
24,S,joint_uniform,0.3623505653051705,0.0030118896559657715,0.3964871635795925
24,S,kappa_selective,0.3623505653051705,0.0030118896559657715,0.16660685303676537
24,S,factorized_joint_weighted,0.3623505653051705,0.0030118896559657715,0.14451658768933384
24,S,joint_MAP,0.3623505653051705,0.0030118896559657715,0.09655283827260074
24,J,joint_uniform,0.5397116804581863,0.33068670811069734,0.3964871635795925
24,J,kappa_selective,0.5397116804581863,0.33068670811069734,0.22484866704750706
24,J,factorized_joint_weighted,0.5397116804581863,0.33068670811069734,0.01825117164599334
24,J,joint_MAP,0.5397116804581863,0.33068670811069734,0.017116358938685003
25,L,joint_uniform,0.0014021429071369163,4.3941523197865706e-08,0.04773845217934202
25,L,kappa_selective,0.0014021429071369163,4.3941523197865706e-08,0.03348691159627839
25,L,factorized_joint_weighted,0.0014021429071369163,4.3941523197865706e-08,0.033411021731091256
25,L,joint_MAP,0.0014021429071369163,4.3941523197865706e-08,0.3612585567064044
25,S,joint_uniform,0.359244709989876,1.9341293033048323e-05,0.04773845217934202
25,S,kappa_selective,0.359244709989876,1.9341293033048323e-05,0.1819205504157293
25,S,factorized_joint_weighted,0.359244709989876,1.9341293033048323e-05,0.18089620222193356
25,S,joint_MAP,0.359244709989876,1.9341293033048323e-05,0.07043952572848926
25,J,joint_uniform,0.463264809979682,0.15173080604763511,0.04773845217934202
25,J,kappa_selective,0.463264809979682,0.15173080604763511,0.09513984521261507
25,J,factorized_joint_weighted,0.463264809979682,0.15173080604763511,0.04668990003832865
25,J,joint_MAP,0.463264809979682,0.15173080604763511,0.11627155076929863
26,L,joint_uniform,0.006024574808155103,1.896695664971304e-07,0.19402686946853923
26,L,kappa_selective,0.006024574808155103,1.896695664971304e-07,0.15707773195349092
26,L,factorized_joint_weighted,0.006024574808155103,1.896695664971304e-07,0.1569018105098511
26,L,joint_MAP,0.006024574808155103,1.896695664971304e-07,0.3861266875328563
26,S,joint_uniform,0.33583217837831625,0.002568326040527702,0.19402686946853923
26,S,kappa_selective,0.33583217837831625,0.002568326040527702,0.03223267236105314
26,S,factorized_joint_weighted,0.33583217837831625,0.002568326040527702,0.02587013086735779
26,S,joint_MAP,0.33583217837831625,0.002568326040527702,0.25581247418639563
26,J,joint_uniform,0.4043396122396562,0.03951969106294506,0.19402686946853923
26,J,kappa_selective,0.4043396122396562,0.03951969106294506,0.12977554224476154
26,J,factorized_joint_weighted,0.4043396122396562,0.03951969106294506,0.15149866542488624
26,J,joint_MAP,0.4043396122396562,0.03951969106294506,0.1778159059498802
27,L,joint_uniform,0.008456724791544246,6.273372410436906e-08,0.06803345267395026
27,L,kappa_selective,0.008456724791544246,6.273372410436906e-08,0.043005662554933724
27,L,factorized_joint_weighted,0.008456724791544246,6.273372410436906e-08,0.043003819657640045
27,L,joint_MAP,0.008456724791544246,6.273372410436906e-08,0.5748557453881142
27,S,joint_uniform,0.624251785171987,0.015070347999199152,0.06803345267395026
27,S,kappa_selective,0.624251785171987,0.015070347999199152,0.27063679187209216
27,S,factorized_joint_weighted,0.624251785171987,0.015070347999199152,0.31985602522403633
27,S,joint_MAP,0.624251785171987,0.015070347999199152,0.5748557453881142
27,J,joint_uniform,0.5307293115270195,0.2840161879392191,0.06803345267395026
27,J,kappa_selective,0.5307293115270195,0.2840161879392191,0.23263723376170115
27,J,factorized_joint_weighted,0.5307293115270195,0.2840161879392191,0.03823258360285665
27,J,joint_MAP,0.5307293115270195,0.2840161879392191,0.022462939439218302
28,L,joint_uniform,0.001070825979235801,7.116413014429668e-09,0.06265087277999727
28,L,kappa_selective,0.001070825979235801,7.116413014429668e-09,0.051610438681423024
28,L,factorized_joint_weighted,0.001070825979235801,7.116413014429668e-09,0.051644369550333996
28,L,joint_MAP,0.001070825979235801,7.116413014429668e-09,0.2546473153322509
28,S,joint_uniform,0.33066008461863217,0.0038962688415398183,0.06265087277999727
28,S,kappa_selective,0.33066008461863217,0.0038962688415398183,0.058732950531019824
28,S,factorized_joint_weighted,0.33066008461863217,0.0038962688415398183,0.08386934690669301
28,S,joint_MAP,0.33066008461863217,0.0038962688415398183,0.2970395803062055
28,J,joint_uniform,0.4481157132455862,0.12128758271836959,0.06265087277999727
28,J,kappa_selective,0.4481157132455862,0.12128758271836959,0.09473109248430872
28,J,factorized_joint_weighted,0.4481157132455862,0.12128758271836959,0.027981767690919798
28,J,joint_MAP,0.4481157132455862,0.12128758271836959,0.06793287271279135
29,L,joint_uniform,0.05327113653948101,1.1853016201879285e-07,0.10463486322394996
29,L,kappa_selective,0.05327113653948101,1.1853016201879285e-07,0.21781466209416148
29,L,factorized_joint_weighted,0.05327113653948101,1.1853016201879285e-07,0.2179534986957899
29,L,joint_MAP,0.05327113653948101,1.1853016201879285e-07,0.7262775207820245
29,S,joint_uniform,0.33157934550509605,0.000686997998129546,0.10463486322394996
29,S,kappa_selective,0.33157934550509605,0.000686997998129546,0.24133973524449015
29,S,factorized_joint_weighted,0.33157934550509605,0.000686997998129546,0.23082938912127457
29,S,joint_MAP,0.33157934550509605,0.000686997998129546,0.02318198131381738
29,J,joint_uniform,0.565628123789294,0.4066207606420098,0.10463486322394996
29,J,kappa_selective,0.565628123789294,0.4066207606420098,0.1738422137812518
29,J,factorized_joint_weighted,0.565628123789294,0.4066207606420098,0.05113669794200906
29,J,joint_MAP,0.565628123789294,0.4066207606420098,0.08739986354989045
30,L,joint_uniform,0.012550409174097221,9.391076027931433e-09,0.08694414046240656
30,L,kappa_selective,0.012550409174097221,9.391076027931433e-09,0.13741888601574873
30,L,factorized_joint_weighted,0.012550409174097221,9.391076027931433e-09,0.1374530740426414
30,L,joint_MAP,0.012550409174097221,9.391076027931433e-09,0.17659868756793023
30,S,joint_uniform,0.4182726571912154,0.000417613832010999,0.08694414046240656
30,S,kappa_selective,0.4182726571912154,0.000417613832010999,0.2005166007065177
30,S,factorized_joint_weighted,0.4182726571912154,0.000417613832010999,0.20845715111281427
30,S,joint_MAP,0.4182726571912154,0.000417613832010999,0.06141763784518445
30,J,joint_uniform,0.5242191146301804,0.24037483999634246,0.08694414046240656
30,J,kappa_selective,0.5242191146301804,0.24037483999634246,0.21995871921513827
30,J,factorized_joint_weighted,0.5242191146301804,0.24037483999634246,0.040569212288707635
30,J,joint_MAP,0.5242191146301804,0.24037483999634246,0.008842611216241
31,L,joint_uniform,0.014500334696243788,9.559675917536481e-08,0.10881797474569058
31,L,kappa_selective,0.014500334696243788,9.559675917536481e-08,0.16768822907146824
31,L,factorized_joint_weighted,0.014500334696243788,9.559675917536481e-08,0.167807099498578
31,L,joint_MAP,0.014500334696243788,9.559675917536481e-08,0.7279026418384567
31,S,joint_uniform,0.39220124122784483,0.002728523867998711,0.10881797474569058
31,S,kappa_selective,0.39220124122784483,0.002728523867998711,0.1513760318141816
31,S,factorized_joint_weighted,0.39220124122784483,0.002728523867998711,0.13038211902723232
31,S,joint_MAP,0.39220124122784483,0.002728523867998711,0.07894312963420584
31,J,joint_uniform,0.4142296386403739,0.04004340528656025,0.10881797474569058
31,J,kappa_selective,0.4142296386403739,0.04004340528656025,0.13588550603305338
31,J,factorized_joint_weighted,0.4142296386403739,0.04004340528656025,0.14469894822922014
31,J,joint_MAP,0.4142296386403739,0.04004340528656025,0.12176027888443484
32,L,joint_uniform,0.13770019401158096,6.259954711262949e-07,0.4160875940732155
32,L,kappa_selective,0.13770019401158096,6.259954711262949e-07,0.23570380011261785
32,L,factorized_joint_weighted,0.13770019401158096,6.259954711262949e-07,0.23538658240421223
32,L,joint_MAP,0.13770019401158096,6.259954711262949e-07,0.20824138711270107
32,S,joint_uniform,0.6055173576434847,0.00905716256990452,0.4160875940732155
32,S,kappa_selective,0.6055173576434847,0.00905716256990452,0.09875725614832288
32,S,factorized_joint_weighted,0.6055173576434847,0.00905716256990452,0.06066779714051907
32,S,joint_MAP,0.6055173576434847,0.00905716256990452,0.20824138711270107
32,J,joint_uniform,0.628662067992261,0.25710389128111144,0.4160875940732155
32,J,kappa_selective,0.628662067992261,0.25710389128111144,0.10085607991189935
32,J,factorized_joint_weighted,0.628662067992261,0.25710389128111144,0.0734002877438718
32,J,joint_MAP,0.628662067992261,0.25710389128111144,0.09636547580157091
33,L,joint_uniform,0.026736175842577148,7.92302322638605e-08,0.03161509168709249
33,L,kappa_selective,0.026736175842577148,7.92302322638605e-08,0.11129543878892181
33,L,factorized_joint_weighted,0.026736175842577148,7.92302322638605e-08,0.11140443393271743
33,L,joint_MAP,0.026736175842577148,7.92302322638605e-08,0.6510496148778591
33,S,joint_uniform,0.33073006465528143,0.005290602102848596,0.03161509168709249
33,S,kappa_selective,0.33073006465528143,0.005290602102848596,0.04308570151317408
33,S,factorized_joint_weighted,0.33073006465528143,0.005290602102848596,0.0722845227523477
33,S,joint_MAP,0.33073006465528143,0.005290602102848596,0.29374514187748013
33,J,joint_uniform,0.4033946806296781,0.03781392225883795,0.03161509168709249
33,J,kappa_selective,0.4033946806296781,0.03781392225883795,0.057421603030993536
33,J,factorized_joint_weighted,0.4033946806296781,0.03781392225883795,0.04536438286682692
33,J,joint_MAP,0.4033946806296781,0.03781392225883795,0.059353252103965096
34,L,joint_uniform,0.003763052197048755,9.822666457992568e-08,0.04157845878352781
34,L,kappa_selective,0.003763052197048755,9.822666457992568e-08,0.05209352994028478
34,L,factorized_joint_weighted,0.003763052197048755,9.822666457992568e-08,0.05218667425856432
34,L,joint_MAP,0.003763052197048755,9.822666457992568e-08,0.5014300355148843
34,S,joint_uniform,0.3544212810796944,0.00921173486254756,0.04157845878352781
34,S,kappa_selective,0.3544212810796944,0.00921173486254756,0.2288066625050685
34,S,factorized_joint_weighted,0.3544212810796944,0.00921173486254756,0.19016133731481333
34,S,joint_MAP,0.3544212810796944,0.00921173486254756,0.011352242624994595
34,J,joint_uniform,0.4427208421206825,0.11090429274498537,0.04157845878352781
34,J,kappa_selective,0.4427208421206825,0.11090429274498537,0.19388290545564907
34,J,factorized_joint_weighted,0.4427208421206825,0.11090429274498537,0.07884539402463187
34,J,joint_MAP,0.4427208421206825,0.11090429274498537,0.016613291227161778
35,L,joint_uniform,0.001082351212106425,4.592147995197138e-09,0.1667531527993102
35,L,kappa_selective,0.001082351212106425,4.592147995197138e-09,0.17825760556947254
35,L,factorized_joint_weighted,0.001082351212106425,4.592147995197138e-09,0.17823057235729609
35,L,joint_MAP,0.001082351212106425,4.592147995197138e-09,0.049177698583539826
35,S,joint_uniform,0.3312131949468293,0.0030184582397665416,0.1667531527993102
35,S,kappa_selective,0.3312131949468293,0.0030184582397665416,0.04012587741506672
35,S,factorized_joint_weighted,0.3312131949468293,0.0030184582397665416,0.062213318191143355
35,S,joint_MAP,0.3312131949468293,0.0030184582397665416,0.3132927538097499
35,J,joint_uniform,0.4345020488767689,0.09504289565223367,0.1667531527993102
35,J,kappa_selective,0.4345020488767689,0.09504289565223367,0.02561233434297715
35,J,factorized_joint_weighted,0.4345020488767689,0.09504289565223367,0.07881355563751397
35,J,joint_MAP,0.4345020488767689,0.09504289565223367,0.12425128434566125
36,L,joint_uniform,0.023214870957367184,1.7519123063358677e-07,0.3807858520439822
36,L,kappa_selective,0.023214870957367184,1.7519123063358677e-07,0.4565103599650222
36,L,factorized_joint_weighted,0.023214870957367184,1.7519123063358677e-07,0.4566784939442242
36,L,joint_MAP,0.023214870957367184,1.7519123063358677e-07,1.0036979971880904
36,S,joint_uniform,0.33077612169494963,0.0033555380894970677,0.3807858520439822
36,S,kappa_selective,0.33077612169494963,0.0033555380894970677,0.2831517586506603
36,S,factorized_joint_weighted,0.33077612169494963,0.0033555380894970677,0.3064660823728199
36,S,joint_MAP,0.33077612169494963,0.0033555380894970677,0.5278874108730401
36,J,joint_uniform,0.5558411126880813,0.3757996123321663,0.3807858520439822
36,J,kappa_selective,0.5558411126880813,0.3757996123321663,0.17041208389753362
36,J,factorized_joint_weighted,0.5558411126880813,0.3757996123321663,0.04783389717977381
36,J,joint_MAP,0.5558411126880813,0.3757996123321663,0.06947303140350629
37,L,joint_uniform,0.037709852661578114,9.681857249255188e-08,0.0072452413018125154
37,L,kappa_selective,0.037709852661578114,9.681857249255188e-08,0.1040897497872228
37,L,factorized_joint_weighted,0.037709852661578114,9.681857249255188e-08,0.10421341156145957
37,L,joint_MAP,0.037709852661578114,9.681857249255188e-08,0.6300976359688267
37,S,joint_uniform,0.33058858258483614,6.9396627840889735e-06,0.0072452413018125154
37,S,kappa_selective,0.33058858258483614,6.9396627840889735e-06,0.08697448774128383
37,S,factorized_joint_weighted,0.33058858258483614,6.9396627840889735e-06,0.08661032061081511
37,S,joint_MAP,0.33058858258483614,6.9396627840889735e-06,0.02894128763876464
37,J,joint_uniform,0.452878887743406,0.13072193832889045,0.0072452413018125154
37,J,kappa_selective,0.452878887743406,0.13072193832889045,0.08250506517441068
37,J,factorized_joint_weighted,0.452878887743406,0.13072193832889045,0.04975124113363236
37,J,joint_MAP,0.452878887743406,0.13072193832889045,0.0822112222518269
38,L,joint_uniform,0.012999690231681793,2.539136860768565e-07,0.3253796653840975
38,L,kappa_selective,0.012999690231681793,2.539136860768565e-07,0.38147322876830525
38,L,factorized_joint_weighted,0.012999690231681793,2.539136860768565e-07,0.3816762204738577
38,L,joint_MAP,0.012999690231681793,2.539136860768565e-07,0.9481124879583304
38,S,joint_uniform,0.33086969885705475,0.0005712571971995262,0.3253796653840975
38,S,kappa_selective,0.33086969885705475,0.0005712571971995262,0.21278232771738811
38,S,factorized_joint_weighted,0.33086969885705475,0.0005712571971995262,0.2031812425049489
38,S,joint_MAP,0.33086969885705475,0.0005712571971995262,0.03809188932870292
38,J,joint_uniform,0.49478031162678626,0.21919808631176918,0.3253796653840975
38,J,kappa_selective,0.49478031162678626,0.21919808631176918,0.17435011785363896
38,J,factorized_joint_weighted,0.49478031162678626,0.21919808631176918,0.008647736038206013
38,J,joint_MAP,0.49478031162678626,0.21919808631176918,0.04638637892794
39,L,joint_uniform,0.028307256855171437,1.784523004921823e-07,0.02195597033644051
39,L,kappa_selective,0.028307256855171437,1.784523004921823e-07,0.06276552671522496
39,L,factorized_joint_weighted,0.028307256855171437,1.784523004921823e-07,0.06293539107040451
39,L,joint_MAP,0.028307256855171437,1.784523004921823e-07,0.6020425814193967
39,S,joint_uniform,0.3313205809062877,6.375806711589327e-05,0.02195597033644051
39,S,kappa_selective,0.3313205809062877,6.375806711589327e-05,0.11133971604275776
39,S,factorized_joint_weighted,0.3313205809062877,6.375806711589327e-05,0.11437748840416567
39,S,joint_MAP,0.3313205809062877,6.375806711589327e-05,0.1782398203819438
39,J,joint_uniform,0.42098962183441,0.06972943203247073,0.02195597033644051
39,J,kappa_selective,0.42098962183441,0.06972943203247073,0.05313860798466071
39,J,factorized_joint_weighted,0.42098962183441,0.06972943203247073,0.02552531764746402
39,J,joint_MAP,0.42098962183441,0.06972943203247073,0.038930109461009554
40,L,joint_uniform,0.05105002713909257,5.655625969769318e-07,0.1633925747475239
40,L,kappa_selective,0.05105002713909257,5.655625969769318e-07,0.27285052740507565
40,L,factorized_joint_weighted,0.05105002713909257,5.655625969769318e-07,0.27315431772575
40,L,joint_MAP,0.05105002713909257,5.655625969769318e-07,0.7830935569330655
40,S,joint_uniform,0.3310373002286965,0.006209598790246518,0.1633925747475239
40,S,kappa_selective,0.3310373002286965,0.006209598790246518,0.27444075884412866
40,S,factorized_joint_weighted,0.3310373002286965,0.006209598790246518,0.24268043984165694
40,S,joint_MAP,0.3310373002286965,0.006209598790246518,0.013783868350662738
40,J,joint_uniform,0.4484725980299962,0.1219868886589367,0.1633925747475239
40,J,kappa_selective,0.4484725980299962,0.1219868886589367,0.2439695016926247
40,J,factorized_joint_weighted,0.4484725980299962,0.1219868886589367,0.12105929463304176
40,J,joint_MAP,0.4484725980299962,0.1219868886589367,0.10937832227062708
41,L,joint_uniform,0.025264725159609425,7.365021292837781e-08,0.10951483449145724
41,L,kappa_selective,0.025264725159609425,7.365021292837781e-08,0.1881070154737333
41,L,factorized_joint_weighted,0.025264725159609425,7.365021292837781e-08,0.18821631997217794
41,L,joint_MAP,0.025264725159609425,7.365021292837781e-08,0.7320277252664698
41,S,joint_uniform,0.3305786241796608,0.0012347085073539654,0.10951483449145724
41,S,kappa_selective,0.3305786241796608,0.0012347085073539654,0.11188694988259242
41,S,factorized_joint_weighted,0.3305786241796608,0.0012347085073539654,0.09773304323703015
41,S,joint_MAP,0.3305786241796608,0.0012347085073539654,0.12502232019392812
41,J,joint_uniform,0.4124760251219497,0.054125473011045644,0.10951483449145724
41,J,kappa_selective,0.4124760251219497,0.054125473011045644,0.0800361221210872
41,J,factorized_joint_weighted,0.4124760251219497,0.054125473011045644,0.02350589888545823
41,J,joint_MAP,0.4124760251219497,0.054125473011045644,0.03279790773192386
42,L,joint_uniform,0.003087574301292917,3.493890714523218e-07,0.32406202046166943
42,L,kappa_selective,0.003087574301292917,3.493890714523218e-07,0.2985885939135392
42,L,factorized_joint_weighted,0.003087574301292917,3.493890714523218e-07,0.2983540898637689
42,L,joint_MAP,0.003087574301292917,3.493890714523218e-07,0.17449360473857609
42,S,joint_uniform,0.5766374133833563,0.015003771656653453,0.32406202046166943
42,S,kappa_selective,0.5766374133833563,0.015003771656653453,0.011461120567067029
42,S,factorized_joint_weighted,0.5766374133833563,0.015003771656653453,0.03963756522029837
42,S,joint_MAP,0.5766374133833563,0.015003771656653453,0.30158568955318416
42,J,joint_uniform,0.5117254374587331,0.08823274368592715,0.32406202046166943
42,J,kappa_selective,0.5117254374587331,0.08823274368592715,0.029452399402752988
42,J,factorized_joint_weighted,0.5117254374587331,0.08823274368592715,0.012055600393840696
42,J,joint_MAP,0.5117254374587331,0.08823274368592715,0.01779957973399798
43,L,joint_uniform,0.027477275741595975,3.222130771085574e-07,0.3414219178994302
43,L,kappa_selective,0.027477275741595975,3.222130771085574e-07,0.2588258846010593
43,L,factorized_joint_weighted,0.027477275741595975,3.222130771085574e-07,0.2585982961297687
43,L,joint_MAP,0.027477275741595975,3.222130771085574e-07,0.2820159051312172
43,S,joint_uniform,0.3463547536735804,0.003368380003367144,0.3414219178994302
43,S,kappa_selective,0.3463547536735804,0.003368380003367144,0.13293926044106066
43,S,factorized_joint_weighted,0.3463547536735804,0.003368380003367144,0.10962208277971092
43,S,joint_MAP,0.3463547536735804,0.003368380003367144,0.11130650388921799
43,J,joint_uniform,0.49261697191707143,0.15357844105524043,0.3414219178994302
43,J,kappa_selective,0.49261697191707143,0.15357844105524043,0.0736406619891678
43,J,factorized_joint_weighted,0.49261697191707143,0.15357844105524043,0.060477975961926035
43,J,joint_MAP,0.49261697191707143,0.15357844105524043,0.09199832736771144
44,L,joint_uniform,0.0006164233657565132,1.197354060344935e-08,0.366176086762357
44,L,kappa_selective,0.0006164233657565132,1.197354060344935e-08,0.36966624206778104
44,L,factorized_joint_weighted,0.0006164233657565132,1.197354060344935e-08,0.36970998897189994
44,L,joint_MAP,0.0006164233657565132,1.197354060344935e-08,0.685015244869834
44,S,joint_uniform,0.3371227350408862,0.0022896825497492612,0.366176086762357
44,S,kappa_selective,0.3371227350408862,0.0022896825497492612,0.18274816135150587
44,S,factorized_joint_weighted,0.3371227350408862,0.0022896825497492612,0.2019279051834832
44,S,joint_MAP,0.3371227350408862,0.0022896825497492612,0.42552243353784097
44,J,joint_uniform,0.4813758501906964,0.16211060559888557,0.366176086762357
44,J,kappa_selective,0.4813758501906964,0.16211060559888557,0.1175142467812144
44,J,factorized_joint_weighted,0.4813758501906964,0.16211060559888557,0.027361086488741974
44,J,joint_MAP,0.4813758501906964,0.16211060559888557,0.09536729343175974
45,L,joint_uniform,0.023318399320756633,3.565644246528166e-08,0.04837456010462102
45,L,kappa_selective,0.023318399320756633,3.565644246528166e-08,0.08526867404288012
45,L,factorized_joint_weighted,0.023318399320756633,3.565644246528166e-08,0.08533825904299874
45,L,joint_MAP,0.023318399320756633,3.565644246528166e-08,0.6228860063808742
45,S,joint_uniform,0.3761609471390839,4.3738056466291475e-05,0.04837456010462102
45,S,kappa_selective,0.3761609471390839,4.3738056466291475e-05,0.2439186889211295
45,S,factorized_joint_weighted,0.3761609471390839,4.3738056466291475e-05,0.2418441051436784
45,S,joint_MAP,0.3761609471390839,4.3738056466291475e-05,0.08677473182445009
45,J,joint_uniform,0.4702541772467508,0.14723965588215882,0.04837456010462102
45,J,kappa_selective,0.4702541772467508,0.14723965588215882,0.26781880293615457
45,J,factorized_joint_weighted,0.4702541772467508,0.14723965588215882,0.1297094256069451
45,J,joint_MAP,0.4702541772467508,0.14723965588215882,0.06052697674073664
46,L,joint_uniform,0.0010795299735996133,9.530098266097298e-09,0.2230630734628393
46,L,kappa_selective,0.0010795299735996133,9.530098266097298e-09,0.2115942886288514
46,L,factorized_joint_weighted,0.0010795299735996133,9.530098266097298e-09,0.21163286075531546
46,L,joint_MAP,0.0010795299735996133,9.530098266097298e-09,0.4108324195108531
46,S,joint_uniform,0.45254103971111626,0.00018540932519728326,0.2230630734628393
46,S,kappa_selective,0.45254103971111626,0.00018540932519728326,0.06089223539576117
46,S,factorized_joint_weighted,0.45254103971111626,0.00018540932519728326,0.06573557507275236
46,S,joint_MAP,0.45254103971111626,0.00018540932519728326,0.15331494030379517
46,J,joint_uniform,0.5357818190999639,0.22613527955850288,0.2230630734628393
46,J,kappa_selective,0.5357818190999639,0.22613527955850288,0.07537296530685633
46,J,factorized_joint_weighted,0.5357818190999639,0.22613527955850288,0.099129987993252
46,J,joint_MAP,0.5357818190999639,0.22613527955850288,0.15331494030379517
47,L,joint_uniform,0.013035211649455869,9.207901463526014e-08,0.12234325582688414
47,L,kappa_selective,0.013035211649455869,9.207901463526014e-08,0.0664751964992327
47,L,factorized_joint_weighted,0.013035211649455869,9.207901463526014e-08,0.066361492407953
47,L,joint_MAP,0.013035211649455869,9.207901463526014e-08,0.5032943997842707
47,S,joint_uniform,0.3337917278200737,0.0007264973232500305,0.12234325582688414
47,S,kappa_selective,0.3337917278200737,0.0007264973232500305,0.04569880591486896
47,S,factorized_joint_weighted,0.3337917278200737,0.0007264973232500305,0.0564640546143741
47,S,joint_MAP,0.3337917278200737,0.0007264973232500305,0.2885976776672784
47,J,joint_uniform,0.4029782157109486,0.037058783996588684,0.12234325582688414
47,J,kappa_selective,0.4029782157109486,0.037058783996588684,0.04811552321808461
47,J,factorized_joint_weighted,0.4029782157109486,0.037058783996588684,0.04863828466582405
47,J,joint_MAP,0.4029782157109486,0.037058783996588684,0.05424976217039382
48,L,joint_uniform,0.02994964434144476,1.9124860828334533e-07,0.05803368880131249
48,L,kappa_selective,0.02994964434144476,1.9124860828334533e-07,0.046507907784970305
48,L,factorized_joint_weighted,0.02994964434144476,1.9124860828334533e-07,0.04662399081338185
48,L,joint_MAP,0.02994964434144476,1.9124860828334533e-07,0.5711999286556736
48,S,joint_uniform,0.33058692454023597,0.001097968017884754,0.05803368880131249
48,S,kappa_selective,0.33058692454023597,0.001097968017884754,0.11195934172815153
48,S,factorized_joint_weighted,0.33058692454023597,0.001097968017884754,0.12525765454598767
48,S,joint_MAP,0.33058692454023597,0.001097968017884754,0.3746632460783821
48,J,joint_uniform,0.4062751891763784,0.04296652990257166,0.05803368880131249
48,J,kappa_selective,0.4062751891763784,0.04296652990257166,0.15494616723363702
48,J,factorized_joint_weighted,0.4062751891763784,0.04296652990257166,0.12131993524651657
48,J,joint_MAP,0.4062751891763784,0.04296652990257166,0.14027106961560973
49,L,joint_uniform,0.0257404003809929,4.3670812188700836e-08,0.1519122664086591
49,L,kappa_selective,0.0257404003809929,4.3670812188700836e-08,0.0769945044524677
49,L,factorized_joint_weighted,0.0257404003809929,4.3670812188700836e-08,0.0769147806739924
49,L,joint_MAP,0.0257404003809929,4.3670812188700836e-08,0.47397490791414765
49,S,joint_uniform,0.3308471581522494,0.009332101477104726,0.1519122664086591
49,S,kappa_selective,0.3308471581522494,0.009332101477104726,0.08795244993436893
49,S,factorized_joint_weighted,0.3308471581522494,0.009332101477104726,0.12590546556877832
49,S,joint_MAP,0.3308471581522494,0.009332101477104726,0.3439366020087748
49,J,joint_uniform,0.4119823799638267,0.053257078475908326,0.1519122664086591
49,J,kappa_selective,0.4119823799638267,0.053257078475908326,0.1086668650431596
49,J,factorized_joint_weighted,0.4119823799638267,0.053257078475908326,0.1635145369476814
49,J,joint_MAP,0.4119823799638267,0.053257078475908326,0.17892439249047187
50,L,joint_uniform,0.000587255860478253,3.806928106087071e-10,0.14987203752060352
50,L,kappa_selective,0.000587255860478253,3.806928106087071e-10,0.15197658859961458
50,L,factorized_joint_weighted,0.000587255860478253,3.806928106087071e-10,0.15196933674693217
50,L,joint_MAP,0.000587255860478253,3.806928106087071e-10,0.15143593986318502
50,S,joint_uniform,0.3576660376761859,0.00014464616172848999,0.14987203752060352
50,S,kappa_selective,0.3576660376761859,0.00014464616172848999,0.08752567762180354
50,S,factorized_joint_weighted,0.3576660376761859,0.00014464616172848999,0.09205978907623667
50,S,joint_MAP,0.3576660376761859,0.00014464616172848999,0.21612134151165666
50,J,joint_uniform,0.4061921817770394,0.038195702509015717,0.14987203752060352
50,J,kappa_selective,0.4061921817770394,0.038195702509015717,0.0810515699771151
50,J,factorized_joint_weighted,0.4061921817770394,0.038195702509015717,0.09154363191611364
50,J,joint_MAP,0.4061921817770394,0.038195702509015717,0.07936575062270197
51,L,joint_uniform,0.047256099024375,3.791547168452425e-07,0.2719950347068638
51,L,kappa_selective,0.047256099024375,3.791547168452425e-07,0.38007777186829517
51,L,factorized_joint_weighted,0.047256099024375,3.791547168452425e-07,0.3803245907772654
51,L,joint_MAP,0.047256099024375,3.791547168452425e-07,0.894909087171055
51,S,joint_uniform,0.405745566312701,0.0021785109743193143,0.2719950347068638
51,S,kappa_selective,0.405745566312701,0.0021785109743193143,0.02108796939764422
51,S,factorized_joint_weighted,0.405745566312701,0.0021785109743193143,0.03465776258748176
51,S,joint_MAP,0.405745566312701,0.0021785109743193143,0.2489869215190424
51,J,joint_uniform,0.4092823780115423,0.03870408500887712,0.2719950347068638
51,J,kappa_selective,0.4092823780115423,0.03870408500887712,0.04225575525491859
51,J,factorized_joint_weighted,0.4092823780115423,0.03870408500887712,0.052165531381513294
51,J,joint_MAP,0.4092823780115423,0.03870408500887712,0.023843183641412344
52,L,joint_uniform,0.004677777978287723,1.7441662558681514e-09,0.03426819519408398
52,L,kappa_selective,0.004677777978287723,1.7441662558681514e-09,0.06335314516677511
52,L,factorized_joint_weighted,0.004677777978287723,1.7441662558681514e-09,0.06333647676351008
52,L,joint_MAP,0.004677777978287723,1.7441662558681514e-09,0.03209868939432781
52,S,joint_uniform,0.33086161264619307,0.0006465197338711981,0.03426819519408398
52,S,kappa_selective,0.33086161264619307,0.0006465197338711981,0.14206202529649306
52,S,factorized_joint_weighted,0.33086161264619307,0.0006465197338711981,0.1522780563110891
52,S,joint_MAP,0.33086161264619307,0.0006465197338711981,0.39339218934241793
52,J,joint_uniform,0.42658314538736286,0.08016588367211963,0.03426819519408398
52,J,kappa_selective,0.42658314538736286,0.08016588367211963,0.12148402750498394
52,J,factorized_joint_weighted,0.42658314538736286,0.08016588367211963,0.0321809087322517
52,J,joint_MAP,0.42658314538736286,0.08016588367211963,0.015909853716714367
53,L,joint_uniform,0.10183542521753486,2.5871152542489284e-07,0.4284823968453503
53,L,kappa_selective,0.10183542521753486,2.5871152542489284e-07,0.2721185833803195
53,L,factorized_joint_weighted,0.10183542521753486,2.5871152542489284e-07,0.27191368512431735
53,L,joint_MAP,0.10183542521753486,2.5871152542489284e-07,0.1945591472321364
53,S,joint_uniform,0.41010844288174153,0.00081294465900561,0.4284823968453503
53,S,kappa_selective,0.41010844288174153,0.00081294465900561,0.1639155280439356
53,S,factorized_joint_weighted,0.41010844288174153,0.00081294465900561,0.17523724691855078
53,S,joint_MAP,0.41010844288174153,0.00081294465900561,0.40302288704617534
53,J,joint_uniform,0.5701932657905955,0.28597609222702014,0.4284823968453503
53,J,kappa_selective,0.5701932657905955,0.28597609222702014,0.1362573894988924
53,J,factorized_joint_weighted,0.5701932657905955,0.28597609222702014,0.05508762893885244
53,J,joint_MAP,0.5701932657905955,0.28597609222702014,0.10842056092630464
54,L,joint_uniform,0.009702281722306472,2.9393030775981543e-07,0.2422292177850881
54,L,kappa_selective,0.009702281722306472,2.9393030775981543e-07,0.29034910202848285
54,L,factorized_joint_weighted,0.009702281722306472,2.9393030775981543e-07,0.2905675064087611
54,L,joint_MAP,0.009702281722306472,2.9393030775981543e-07,0.8649747513689833
54,S,joint_uniform,0.3365197479206993,0.0027380433619444977,0.2422292177850881
54,S,kappa_selective,0.3365197479206993,0.0027380433619444977,0.06662636253414451
54,S,factorized_joint_weighted,0.3365197479206993,0.0027380433619444977,0.04675170687267235
54,S,joint_MAP,0.3365197479206993,0.0027380433619444977,0.20737865307235165
54,J,joint_uniform,0.4057969438608794,0.042100674350528666,0.2422292177850881
54,J,kappa_selective,0.4057969438608794,0.042100674350528666,0.1054418781931893
54,J,factorized_joint_weighted,0.4057969438608794,0.042100674350528666,0.13638566215015596
54,J,joint_MAP,0.4057969438608794,0.042100674350528666,0.1137566587579167
55,L,joint_uniform,0.05813045625917512,3.196920559389582e-07,0.20473007033711302
55,L,kappa_selective,0.05813045625917512,3.196920559389582e-07,0.08583370266179949
55,L,factorized_joint_weighted,0.05813045625917512,3.196920559389582e-07,0.08560534239049775
55,L,joint_MAP,0.05813045625917512,3.196920559389582e-07,0.41818867325810327
55,S,joint_uniform,0.33503568528181016,4.125770186358402e-05,0.20473007033711302
55,S,kappa_selective,0.33503568528181016,4.125770186358402e-05,0.03465744375855065
55,S,factorized_joint_weighted,0.33503568528181016,4.125770186358402e-05,0.03690426424096887
55,S,joint_MAP,0.33503568528181016,4.125770186358402e-05,0.06797393347923654
55,J,joint_uniform,0.4112159627953137,0.05187629922940418,0.20473007033711302
55,J,kappa_selective,0.4112159627953137,0.05187629922940418,0.036251624632922225
55,J,factorized_joint_weighted,0.4112159627953137,0.05187629922940418,0.08831809905771135
55,J,joint_MAP,0.4112159627953137,0.05187629922940418,0.10230188749205137
56,L,joint_uniform,0.06228734587752305,4.1604777567538775e-07,0.02174468897955136
56,L,kappa_selective,0.06228734587752305,4.1604777567538775e-07,0.10259416771490755
56,L,factorized_joint_weighted,0.06228734587752305,4.1604777567538775e-07,0.10284887555375676
56,L,joint_MAP,0.06228734587752305,4.1604777567538775e-07,0.6012721381577139
56,S,joint_uniform,0.3305602691083763,0.0006322698895195877,0.02174468897955136
56,S,kappa_selective,0.3305602691083763,0.0006322698895195877,0.011464607873460764
56,S,factorized_joint_weighted,0.3305602691083763,0.0006322698895195877,0.021506920180990714
56,S,joint_MAP,0.3305602691083763,0.0006322698895195877,0.2561236218051835
56,J,joint_uniform,0.4521762662568023,0.12946875021543802,0.02174468897955136
56,J,kappa_selective,0.4521762662568023,0.12946875021543802,0.03555627113673209
56,J,factorized_joint_weighted,0.4521762662568023,0.12946875021543802,0.09240571333262666
56,J,joint_MAP,0.4521762662568023,0.12946875021543802,0.14345171959795447
57,L,joint_uniform,0.028459581805966305,9.425643310301268e-08,0.09770993733115518
57,L,kappa_selective,0.028459581805966305,9.425643310301268e-08,0.03319401879332274
57,L,factorized_joint_weighted,0.028459581805966305,9.425643310301268e-08,0.03314334428822648
57,L,joint_MAP,0.028459581805966305,9.425643310301268e-08,0.5290184588520437
57,S,joint_uniform,0.3309721497111586,0.0002307090538806733,0.09770993733115518
57,S,kappa_selective,0.3309721497111586,0.0002307090538806733,0.21470599140125748
57,S,factorized_joint_weighted,0.3309721497111586,0.0002307090538806733,0.22075673667772017
57,S,joint_MAP,0.3309721497111586,0.0002307090538806733,0.4592879537042344
57,J,joint_uniform,0.5329166184555011,0.3123613535209583,0.09770993733115518
57,J,kappa_selective,0.5329166184555011,0.3123613535209583,0.1876539445452684
57,J,factorized_joint_weighted,0.5329166184555011,0.3123613535209583,0.015009973097110482
57,J,joint_MAP,0.5329166184555011,0.3123613535209583,0.052617830020845587
58,L,joint_uniform,0.0016251691461790507,1.8981362759351583e-07,0.03287214986228225
58,L,kappa_selective,0.0016251691461790507,1.8981362759351583e-07,0.02198662459787555
58,L,factorized_joint_weighted,0.0016251691461790507,1.8981362759351583e-07,0.021937319834937737
58,L,joint_MAP,0.0016251691461790507,1.8981362759351583e-07,0.38318106510656225
58,S,joint_uniform,0.33061047609732275,0.0022667231595806525,0.03287214986228225
58,S,kappa_selective,0.33061047609732275,0.0022667231595806525,0.04367261234733865
58,S,factorized_joint_weighted,0.33061047609732275,0.0022667231595806525,0.06014321419725736
58,S,joint_MAP,0.33061047609732275,0.0022667231595806525,0.3005640693670819
58,J,joint_uniform,0.49152644860421246,0.21216737060516555,0.03287214986228225
58,J,kappa_selective,0.49152644860421246,0.21216737060516555,0.05774149610659129
58,J,factorized_joint_weighted,0.49152644860421246,0.21216737060516555,0.1227999924858091
58,J,joint_MAP,0.49152644860421246,0.21216737060516555,0.17993772125817284
59,L,joint_uniform,0.05401424019136769,1.910261854254358e-07,0.5408534211061422
59,L,kappa_selective,0.05401424019136769,1.910261854254358e-07,0.4257201311727067
59,L,factorized_joint_weighted,0.05401424019136769,1.910261854254358e-07,0.42554403290515724
59,L,joint_MAP,0.05401424019136769,1.910261854254358e-07,0.08209544036630133
59,S,joint_uniform,0.47739759588510555,0.0069765594666636455,0.5408534211061422
59,S,kappa_selective,0.47739759588510555,0.0069765594666636455,0.2517560722586884
59,S,factorized_joint_weighted,0.47739759588510555,0.0069765594666636455,0.21820161513584382
59,S,joint_MAP,0.47739759588510555,0.0069765594666636455,0.0386966772431574
59,J,joint_uniform,0.6332524324401999,0.2672810585601566,0.5408534211061422
59,J,kappa_selective,0.6332524324401999,0.2672810585601566,0.22689923679907542
59,J,factorized_joint_weighted,0.6332524324401999,0.2672810585601566,0.048625640349702036
59,J,joint_MAP,0.6332524324401999,0.2672810585601566,0.030770419540153374
60,L,joint_uniform,0.03264601661340083,7.908785470966961e-08,0.5489956495288761
60,L,kappa_selective,0.03264601661340083,7.908785470966961e-08,0.4591748545141499
60,L,factorized_joint_weighted,0.03264601661340083,7.908785470966961e-08,0.45906164811895855
60,L,joint_MAP,0.03264601661340083,7.908785470966961e-08,0.07392213489298452
60,S,joint_uniform,0.5911766008891344,0.016864962704733255,0.5489956495288761
60,S,kappa_selective,0.5911766008891344,0.016864962704733255,0.23551732154690921
60,S,factorized_joint_weighted,0.5911766008891344,0.016864962704733255,0.18343817360521597
60,S,joint_MAP,0.5911766008891344,0.016864962704733255,0.07392213489298452
60,J,joint_uniform,0.6619622784763668,0.22510145061456444,0.5489956495288761
60,J,kappa_selective,0.6619622784763668,0.22510145061456444,0.22825552443462643
60,J,factorized_joint_weighted,0.6619622784763668,0.22510145061456444,0.07808691828840797
60,J,joint_MAP,0.6619622784763668,0.22510145061456444,0.09984089190322695
61,L,joint_uniform,0.01744162189315246,1.6301574701227395e-07,0.034113236042869394
61,L,kappa_selective,0.01744162189315246,1.6301574701227395e-07,0.05409873495808436
61,L,factorized_joint_weighted,0.01744162189315246,1.6301574701227395e-07,0.05425089317555904
61,L,joint_MAP,0.01744162189315246,1.6301574701227395e-07,0.6064706823800865
61,S,joint_uniform,0.35099257811208406,0.0008136397878477641,0.034113236042869394
61,S,kappa_selective,0.35099257811208406,0.0008136397878477641,0.1998725630833906
61,S,factorized_joint_weighted,0.35099257811208406,0.0008136397878477641,0.18843551122679883
61,S,joint_MAP,0.35099257811208406,0.0008136397878477641,0.037260885252304934
61,J,joint_uniform,0.516025683305287,0.2692367903447215,0.034113236042869394
61,J,kappa_selective,0.516025683305287,0.2692367903447215,0.20355297856414825
61,J,factorized_joint_weighted,0.516025683305287,0.2692367903447215,0.015571455474903146
61,J,joint_MAP,0.516025683305287,0.2692367903447215,0.037260885252304934
62,L,joint_uniform,0.05328022868779414,2.8165609078367737e-07,0.28957509927211356
62,L,kappa_selective,0.05328022868779414,2.8165609078367737e-07,0.40441782322123926
62,L,factorized_joint_weighted,0.05328022868779414,2.8165609078367737e-07,0.40462935057323485
62,L,joint_MAP,0.05328022868779414,2.8165609078367737e-07,0.9121330081025192
62,S,joint_uniform,0.5474837112227391,0.0034720383515791653,0.28957509927211356
62,S,kappa_selective,0.5474837112227391,0.0034720383515791653,0.01907957560991176
62,S,factorized_joint_weighted,0.5474837112227391,0.0034720383515791653,0.041549812866297615
62,S,joint_MAP,0.5474837112227391,0.0034720383515791653,0.09277266889324921
62,J,joint_uniform,0.6031250359005964,0.1194273501352553,0.28957509927211356
62,J,kappa_selective,0.6031250359005964,0.1194273501352553,0.02785028360170357
62,J,factorized_joint_weighted,0.6031250359005964,0.1194273501352553,0.029279218149178516
62,J,joint_MAP,0.6031250359005964,0.1194273501352553,0.04951129261618977
63,L,joint_uniform,0.060148434692504193,2.8348860703353296e-07,0.2937843313577069
63,L,kappa_selective,0.060148434692504193,2.8348860703353296e-07,0.17227759075686905
63,L,factorized_joint_weighted,0.060148434692504193,2.8348860703353296e-07,0.1720631428176464
63,L,joint_MAP,0.060148434692504193,2.8348860703353296e-07,0.32924133178820747
63,S,joint_uniform,0.36382446512637723,0.004462553966563809,0.2937843313577069
63,S,kappa_selective,0.36382446512637723,0.004462553966563809,0.06227078524065704
63,S,factorized_joint_weighted,0.36382446512637723,0.004462553966563809,0.03560944035456905
63,S,joint_MAP,0.36382446512637723,0.004462553966563809,0.19965681683600753
63,J,joint_uniform,0.45507818594553084,0.1278860002613733,0.2937843313577069
63,J,kappa_selective,0.45507818594553084,0.1278860002613733,0.07853378105970453
63,J,factorized_joint_weighted,0.45507818594553084,0.1278860002613733,0.04746120889102348
63,J,joint_MAP,0.45507818594553084,0.1278860002613733,0.12220177895580892
64,L,joint_uniform,0.005803758871021691,2.1599536936811603e-08,0.21376513544615883
64,L,kappa_selective,0.005803758871021691,2.1599536936811603e-08,0.17708764559300924
64,L,factorized_joint_weighted,0.005803758871021691,2.1599536936811603e-08,0.17702884212032138
64,L,joint_MAP,0.005803758871021691,2.1599536936811603e-08,0.19005186471672197
64,S,joint_uniform,0.41155152020885477,0.001182934292641935,0.21376513544615883
64,S,kappa_selective,0.41155152020885477,0.001182934292641935,0.053475656173536244
64,S,factorized_joint_weighted,0.41155152020885477,0.001182934292641935,0.06669860536593075
64,S,joint_MAP,0.41155152020885477,0.001182934292641935,0.3230318851756713
64,J,joint_uniform,0.43188247975008054,0.08863620748916556,0.21376513544615883
64,J,kappa_selective,0.43188247975008054,0.08863620748916556,0.018606135466470823
64,J,factorized_joint_weighted,0.43188247975008054,0.08863620748916556,0.08196152834306188
64,J,joint_MAP,0.43188247975008054,0.08863620748916556,0.12850878142859865
65,L,joint_uniform,0.000677449815861042,1.1640674979496168e-08,0.17784786723146848
65,L,kappa_selective,0.000677449815861042,1.1640674979496168e-08,0.1726160338128273
65,L,factorized_joint_weighted,0.000677449815861042,1.1640674979496168e-08,0.17257468731392206
65,L,joint_MAP,0.000677449815861042,1.1640674979496168e-08,0.15841537296338504
65,S,joint_uniform,0.35278644475812315,0.0013725105119939407,0.17784786723146848
65,S,kappa_selective,0.35278644475812315,0.0013725105119939407,0.05048221295126514
65,S,factorized_joint_weighted,0.35278644475812315,0.0013725105119939407,0.06470891951194124
65,S,joint_MAP,0.35278644475812315,0.0013725105119939407,0.28828896817624317
65,J,joint_uniform,0.46181609124121437,0.13801496360204735,0.17784786723146848
65,J,kappa_selective,0.46181609124121437,0.13801496360204735,0.08843272748528222
65,J,factorized_joint_weighted,0.46181609124121437,0.13801496360204735,0.04605463589609892
65,J,joint_MAP,0.46181609124121437,0.13801496360204735,0.11150991405003388
66,L,joint_uniform,0.02041050043442727,9.931024935738719e-08,0.23498717488712176
66,L,kappa_selective,0.02041050043442727,9.931024935738719e-08,0.30595705303773996
66,L,factorized_joint_weighted,0.02041050043442727,9.931024935738719e-08,0.30608352986175075
66,L,joint_MAP,0.02041050043442727,9.931024935738719e-08,0.8579032723176201
66,S,joint_uniform,0.3307188858982981,3.468983614207666e-05,0.23498717488712176
66,S,kappa_selective,0.3307188858982981,3.468983614207666e-05,0.13243847431412448
66,S,factorized_joint_weighted,0.3307188858982981,3.468983614207666e-05,0.13459637092095292
66,S,joint_MAP,0.3307188858982981,3.468983614207666e-05,0.3824960006314217
66,J,joint_uniform,0.4082585602891867,0.04651325772013126,0.23498717488712176
66,J,kappa_selective,0.4082585602891867,0.04651325772013126,0.09853666610894643
66,J,factorized_joint_weighted,0.4082585602891867,0.04651325772013126,0.14100989311384576
66,J,joint_MAP,0.4082585602891867,0.04651325772013126,0.1400186437947831
67,L,joint_uniform,0.019348278587613787,5.9586674816536345e-08,0.38357941201073575
67,L,kappa_selective,0.019348278587613787,5.9586674816536345e-08,0.3143806694138467
67,L,factorized_joint_weighted,0.019348278587613787,5.9586674816536345e-08,0.31428299708436414
67,L,joint_MAP,0.019348278587613787,5.9586674816536345e-08,0.24041752514808173
67,S,joint_uniform,0.39007732691045083,0.0002664147454862764,0.38357941201073575
67,S,kappa_selective,0.39007732691045083,0.0002664147454862764,0.1292285169796636
67,S,factorized_joint_weighted,0.39007732691045083,0.0002664147454862764,0.1229302374940031
67,S,joint_MAP,0.39007732691045083,0.0002664147454862764,0.08834500620901259
67,J,joint_uniform,0.49952776093816154,0.10534345848442228,0.38357941201073575
67,J,kappa_selective,0.49952776093816154,0.10534345848442228,0.09762938985718389
67,J,factorized_joint_weighted,0.49952776093816154,0.10534345848442228,0.01698082022328318
67,J,joint_MAP,0.49952776093816154,0.10534345848442228,0.04501916153589125
68,L,joint_uniform,0.015764659306167772,2.1167615438244525e-09,0.08784003653272246
68,L,kappa_selective,0.015764659306167772,2.1167615438244525e-09,0.03230068273297021
68,L,factorized_joint_weighted,0.015764659306167772,2.1167615438244525e-09,0.03228567853024472
68,L,joint_MAP,0.015764659306167772,2.1167615438244525e-09,0.07252551982730397
68,S,joint_uniform,0.3306069831902658,0.0005545527089354518,0.08784003653272246
68,S,kappa_selective,0.3306069831902658,0.0005545527089354518,0.023767405912421234
68,S,factorized_joint_weighted,0.3306069831902658,0.0005545527089354518,0.022200308561822632
68,S,joint_MAP,0.3306069831902658,0.0005545527089354518,0.23303763216850618
68,J,joint_uniform,0.4231731326823982,0.0738090287529678,0.08784003653272246
68,J,kappa_selective,0.4231731326823982,0.0738090287529678,0.024244536423090043
68,J,factorized_joint_weighted,0.4231731326823982,0.0738090287529678,0.08386024442956443
68,J,joint_MAP,0.4231731326823982,0.0738090287529678,0.07479366550515192
69,L,joint_uniform,0.004406259966954651,1.262926992984248e-07,0.06321771972319568
69,L,kappa_selective,0.004406259966954651,1.262926992984248e-07,0.03609707136442402
69,L,factorized_joint_weighted,0.004406259966954651,1.262926992984248e-07,0.03600764089728417
69,L,joint_MAP,0.004406259966954651,1.262926992984248e-07,0.4808917025510119
69,S,joint_uniform,0.3831763948935669,0.00367237597441894,0.06321771972319568
69,S,kappa_selective,0.3831763948935669,0.00367237597441894,0.1929220406274299
69,S,factorized_joint_weighted,0.3831763948935669,0.00367237597441894,0.21728084804834216
69,S,joint_MAP,0.3831763948935669,0.00367237597441894,0.4379126232262023
69,J,joint_uniform,0.45219361728081875,0.12852410666513414,0.06321771972319568
69,J,kappa_selective,0.45219361728081875,0.12852410666513414,0.177916462527057
69,J,factorized_joint_weighted,0.45219361728081875,0.12852410666513414,0.05108579609578263
69,J,joint_MAP,0.45219361728081875,0.12852410666513414,0.01279108213444559
70,L,joint_uniform,0.007965303291443848,3.345309695923504e-09,0.40506701002317974
70,L,kappa_selective,0.007965303291443848,3.345309695923504e-09,0.36164805018052637
70,L,factorized_joint_weighted,0.007965303291443848,3.345309695923504e-09,0.3616247618885442
70,L,joint_MAP,0.007965303291443848,3.345309695923504e-09,0.3385831632572955
70,S,joint_uniform,0.6614603903422202,0.021592739961470042,0.40506701002317974
70,S,kappa_selective,0.6614603903422202,0.021592739961470042,0.08529933603941278
70,S,factorized_joint_weighted,0.6614603903422202,0.021592739961470042,0.031431503608461475
70,S,joint_MAP,0.6614603903422202,0.021592739961470042,0.21788035185217194
70,J,joint_uniform,0.5722326712680306,0.18474511993072806,0.40506701002317974
70,J,kappa_selective,0.5722326712680306,0.18474511993072806,0.10451402210948994
70,J,factorized_joint_weighted,0.5722326712680306,0.18474511993072806,0.03826760354574292
70,J,joint_MAP,0.5722326712680306,0.18474511993072806,0.038859142616528494
71,L,joint_uniform,0.07253449929775746,3.4991956221475107e-07,0.1637910714521071
71,L,kappa_selective,0.07253449929775746,3.4991956221475107e-07,0.0363025334192155
71,L,factorized_joint_weighted,0.07253449929775746,3.4991956221475107e-07,0.036141253989281176
71,L,joint_MAP,0.07253449929775746,3.4991956221475107e-07,0.46411340838797954
71,S,joint_uniform,0.33558792274983107,0.0011210834188660757,0.1637910714521071
71,S,kappa_selective,0.33558792274983107,0.0011210834188660757,0.02614920045053516
71,S,factorized_joint_weighted,0.33558792274983107,0.0011210834188660757,0.03666490850657286
71,S,joint_MAP,0.33558792274983107,0.0011210834188660757,0.25868840928988035
71,J,joint_uniform,0.404382570949517,0.03959298156382962,0.1637910714521071
71,J,kappa_selective,0.404382570949517,0.03959298156382962,0.025439868337335265
71,J,factorized_joint_weighted,0.404382570949517,0.03959298156382962,0.038965097953277225
71,J,joint_MAP,0.404382570949517,0.03959298156382962,0.05726997255875773
72,L,joint_uniform,0.029457077478674765,2.1287853302354165e-07,0.29591006733186764
72,L,kappa_selective,0.029457077478674765,2.1287853302354165e-07,0.21053458227858315
72,L,factorized_joint_weighted,0.029457077478674765,2.1287853302354165e-07,0.2103488836486714
72,L,joint_MAP,0.029457077478674765,2.1287853302354165e-07,0.3270588863039742
72,S,joint_uniform,0.3976001278400748,0.0012505487704921325,0.29591006733186764
72,S,kappa_selective,0.3976001278400748,0.0012505487704921325,0.04071791526127163
72,S,factorized_joint_weighted,0.3976001278400748,0.0012505487704921325,0.05435837365166925
72,S,joint_MAP,0.3976001278400748,0.0012505487704921325,0.27199995730922927
72,J,joint_uniform,0.43113168418012127,0.05955707691062939,0.29591006733186764
72,J,kappa_selective,0.43113168418012127,0.05955707691062939,0.05188745862390239
72,J,factorized_joint_weighted,0.43113168418012127,0.05955707691062939,0.01107669159798488
72,J,joint_MAP,0.43113168418012127,0.05955707691062939,0.012999288067897229
73,L,joint_uniform,0.0921532230682951,2.750588482536287e-07,0.2547675981492596
73,L,kappa_selective,0.0921532230682951,2.750588482536287e-07,0.4030656058031331
73,L,factorized_joint_weighted,0.0921532230682951,2.750588482536287e-07,0.40327694533438146
73,L,joint_MAP,0.0921532230682951,2.750588482536287e-07,0.8769464922230803
73,S,joint_uniform,0.330551831626002,0.0003471667475997142,0.2547675981492596
73,S,kappa_selective,0.330551831626002,0.0003471667475997142,0.23691155686550835
73,S,factorized_joint_weighted,0.330551831626002,0.0003471667475997142,0.2443711831960245
73,S,joint_MAP,0.330551831626002,0.0003471667475997142,0.4890603420020236
73,J,joint_uniform,0.5329149706110355,0.3121993389858455,0.2547675981492596
73,J,kappa_selective,0.5329149706110355,0.3121993389858455,0.2023651418001076
73,J,factorized_joint_weighted,0.5329149706110355,0.3121993389858455,0.007376387381827325
73,J,joint_MAP,0.5329149706110355,0.3121993389858455,0.06545180720260838
74,L,joint_uniform,0.012734902472761545,3.209258792047365e-08,0.37022577407860335
74,L,kappa_selective,0.012734902472761545,3.209258792047365e-08,0.31447063903919886
74,L,factorized_joint_weighted,0.012734902472761545,3.209258792047365e-08,0.3143987710315602
74,L,joint_MAP,0.012734902472761545,3.209258792047365e-08,0.2530517024852112
74,S,joint_uniform,0.3461454300416048,0.0003169572500902884,0.37022577407860335
74,S,kappa_selective,0.3461454300416048,0.0003169572500902884,0.1620357163717105
74,S,factorized_joint_weighted,0.3461454300416048,0.0003169572500902884,0.16910521572708243
74,S,joint_MAP,0.3461454300416048,0.0003169572500902884,0.32633619255792506
74,J,joint_uniform,0.47433104639135315,0.06858416915697818,0.37022577407860335
74,J,kappa_selective,0.47433104639135315,0.06858416915697818,0.09009383247198854
74,J,factorized_joint_weighted,0.47433104639135315,0.06858416915697818,0.061277029354689976
74,J,joint_MAP,0.47433104639135315,0.06858416915697818,0.10219311848298492
75,L,joint_uniform,0.020760013046602688,6.099914351409552e-09,0.21029573915541422
75,L,kappa_selective,0.020760013046602688,6.099914351409552e-09,0.2816044548693246
75,L,factorized_joint_weighted,0.020760013046602688,6.099914351409552e-09,0.2816359071444013
75,L,joint_MAP,0.020760013046602688,6.099914351409552e-09,0.2846528526573954
75,S,joint_uniform,0.33063099914789706,0.0026482834890566576,0.21029573915541422
75,S,kappa_selective,0.33063099914789706,0.0026482834890566576,0.15789477525857384
75,S,factorized_joint_weighted,0.33063099914789706,0.0026482834890566576,0.13714598986158896
75,S,joint_MAP,0.33063099914789706,0.0026482834890566576,0.1099050417730189
75,J,joint_uniform,0.5071890871050745,0.24815195617115393,0.21029573915541422
75,J,kappa_selective,0.5071890871050745,0.24815195617115393,0.16256747773505895
75,J,factorized_joint_weighted,0.5071890871050745,0.24815195617115393,0.02031873800676462
75,J,joint_MAP,0.5071890871050745,0.24815195617115393,0.06771350574542787
76,L,joint_uniform,0.0024211474299843383,1.5533271335854693e-09,0.11997300291617137
76,L,kappa_selective,0.0024211474299843383,1.5533271335854693e-09,0.09990788826322489
76,L,factorized_joint_weighted,0.0024211474299843383,1.5533271335854693e-09,0.09992322327890678
76,L,joint_MAP,0.0024211474299843383,1.5533271335854693e-09,0.2297877835057356
76,S,joint_uniform,0.33218223281333503,4.2802039712630524e-05,0.11997300291617137
76,S,kappa_selective,0.33218223281333503,4.2802039712630524e-05,0.26457889143164576
76,S,factorized_joint_weighted,0.33218223281333503,4.2802039712630524e-05,0.2621427708757644
76,S,joint_MAP,0.33218223281333503,4.2802039712630524e-05,0.04726506408777818
76,J,joint_uniform,0.5352370916433576,0.3187028389053025,0.11997300291617137
76,J,kappa_selective,0.5352370916433576,0.3187028389053025,0.2022373638719278
76,J,factorized_joint_weighted,0.5352370916433576,0.3187028389053025,0.008318844686038721
76,J,joint_MAP,0.5352370916433576,0.3187028389053025,0.03082464485236131
77,L,joint_uniform,0.004905124441577424,2.4651393815133815e-08,0.1343228015022032
77,L,kappa_selective,0.004905124441577424,2.4651393815133815e-08,0.16766743710174506
77,L,factorized_joint_weighted,0.004905124441577424,2.4651393815133815e-08,0.16760571554841466
77,L,joint_MAP,0.004905124441577424,2.4651393815133815e-08,0.1353558959055691
77,S,joint_uniform,0.3714062240877173,0.0013605476617098988,0.1343228015022032
77,S,kappa_selective,0.3714062240877173,0.0013605476617098988,0.10718461672450018
77,S,factorized_joint_weighted,0.3714062240877173,0.0013605476617098988,0.1219386716402878
77,S,joint_MAP,0.3714062240877173,0.0013605476617098988,0.3611331430856377
77,J,joint_uniform,0.5504559591980702,0.360012196010254,0.1343228015022032
77,J,kappa_selective,0.5504559591980702,0.360012196010254,0.11065821135473444
77,J,factorized_joint_weighted,0.5504559591980702,0.360012196010254,0.10493633429049505
77,J,joint_MAP,0.5504559591980702,0.360012196010254,0.15086043465725296
78,L,joint_uniform,0.012121655701331724,7.225598230853336e-09,0.27962604128165275
78,L,kappa_selective,0.012121655701331724,7.225598230853336e-09,0.2253488572649185
78,L,factorized_joint_weighted,0.012121655701331724,7.225598230853336e-09,0.2253146749241431
78,L,joint_MAP,0.012121655701331724,7.225598230853336e-09,0.2143497277848955
78,S,joint_uniform,0.36128171787045127,0.00018088251273173928,0.27962604128165275
78,S,kappa_selective,0.36128171787045127,0.00018088251273173928,0.05152883210111151
78,S,factorized_joint_weighted,0.36128171787045127,0.00018088251273173928,0.05667650540789885
78,S,joint_MAP,0.36128171787045127,0.00018088251273173928,0.29829492740646696
78,J,joint_uniform,0.4367062233371186,0.09918510667799685,0.27962604128165275
78,J,kappa_selective,0.4367062233371186,0.09918510667799685,0.1275994044968871
78,J,factorized_joint_weighted,0.4367062233371186,0.09918510667799685,0.021649671380892417
78,J,joint_MAP,0.4367062233371186,0.09918510667799685,0.025165799841739972
79,L,joint_uniform,0.019456195697577283,2.9464270911994106e-08,0.14783338335144844
79,L,kappa_selective,0.019456195697577283,2.9464270911994106e-08,0.07859780233001872
79,L,factorized_joint_weighted,0.019456195697577283,2.9464270911994106e-08,0.07852864065896348
79,L,joint_MAP,0.019456195697577283,2.9464270911994106e-08,0.4751328451705708
79,S,joint_uniform,0.33780809577763893,0.004433561674338504,0.14783338335144844
79,S,kappa_selective,0.33780809577763893,0.004433561674338504,0.03915347881861469
79,S,factorized_joint_weighted,0.33780809577763893,0.004433561674338504,0.06480307008837116
79,S,joint_MAP,0.33780809577763893,0.004433561674338504,0.3020284700534288
79,J,joint_uniform,0.4030935588717589,0.03728978872259259,0.14783338335144844
79,J,kappa_selective,0.4030935588717589,0.03728978872259259,0.03223589485808802
79,J,factorized_joint_weighted,0.4030935588717589,0.03728978872259259,0.025563825412523316
79,J,joint_MAP,0.4030935588717589,0.03728978872259259,0.05309204758973214
80,L,joint_uniform,0.11742349692940268,5.545242839355424e-07,0.05285115017714295
80,L,kappa_selective,0.11742349692940268,5.545242839355424e-07,0.13296938182331397
80,L,factorized_joint_weighted,0.11742349692940268,5.545242839355424e-07,0.13326894540651196
80,L,joint_MAP,0.11742349692940268,5.545242839355424e-07,0.5875446149107658
80,S,joint_uniform,0.331301516946767,0.0047864433379603,0.05285115017714295
80,S,kappa_selective,0.331301516946767,0.0047864433379603,0.0952535115868904
80,S,factorized_joint_weighted,0.331301516946767,0.0047864433379603,0.06815655125389244
80,S,joint_MAP,0.331301516946767,0.0047864433379603,0.1822204268046487
80,J,joint_uniform,0.40803581131432753,0.045955372690714924,0.05285115017714295
80,J,kappa_selective,0.40803581131432753,0.045955372690714924,0.16222414421587456
80,J,factorized_joint_weighted,0.40803581131432753,0.045955372690714924,0.12108509414078701
80,J,joint_MAP,0.40803581131432753,0.045955372690714924,0.07770566796643598
81,L,joint_uniform,0.017836263683224884,4.57921096597147e-08,0.2888093864670924
81,L,kappa_selective,0.017836263683224884,4.57921096597147e-08,0.22326426731005358
81,L,factorized_joint_weighted,0.017836263683224884,4.57921096597147e-08,0.22317782787631005
81,L,joint_MAP,0.017836263683224884,4.57921096597147e-08,0.3352395794858201
81,S,joint_uniform,0.3315279784092686,0.006143906529906262,0.2888093864670924
81,S,kappa_selective,0.3315279784092686,0.006143906529906262,0.1577273827706989
81,S,factorized_joint_weighted,0.3315279784092686,0.006143906529906262,0.18921820254123634
81,S,joint_MAP,0.3315279784092686,0.006143906529906262,0.39492227059076496
81,J,joint_uniform,0.4858866136715797,0.19962224107377635,0.2888093864670924
81,J,kappa_selective,0.4858866136715797,0.19962224107377635,0.23883266740844833
81,J,factorized_joint_weighted,0.4858866136715797,0.19962224107377635,0.07469793040635984
81,J,joint_MAP,0.4858866136715797,0.19962224107377635,0.015007259860372815
82,L,joint_uniform,0.003008025317076002,1.0264636585155529e-08,0.19874068474803433
82,L,kappa_selective,0.003008025317076002,1.0264636585155529e-08,0.22358213578835312
82,L,factorized_joint_weighted,0.003008025317076002,1.0264636585155529e-08,0.22354125782090267
82,L,joint_MAP,0.003008025317076002,1.0264636585155529e-08,0.14292402110677618
82,S,joint_uniform,0.3305421181965845,4.2046349391755555e-05,0.19874068474803433
82,S,kappa_selective,0.3305421181965845,4.2046349391755555e-05,0.1890150168216886
82,S,factorized_joint_weighted,0.3305421181965845,4.2046349391755555e-05,0.18659354307558285
82,S,joint_MAP,0.3305421181965845,4.2046349391755555e-05,0.060426411722851334
82,J,joint_uniform,0.48924777805068165,0.20686476404710874,0.19874068474803433
82,J,kappa_selective,0.48924777805068165,0.20686476404710874,0.12998677876028736
82,J,factorized_joint_weighted,0.48924777805068165,0.20686476404710874,0.03776846914655843
82,J,joint_MAP,0.48924777805068165,0.20686476404710874,0.08670129154374784
83,L,joint_uniform,0.018569278507974296,3.7160846511063994e-08,0.4102468898551069
83,L,kappa_selective,0.018569278507974296,3.7160846511063994e-08,0.34251785462578227
83,L,factorized_joint_weighted,0.018569278507974296,3.7160846511063994e-08,0.3424405867446947
83,L,joint_MAP,0.018569278507974296,3.7160846511063994e-08,0.2134017876271835
83,S,joint_uniform,0.36790034802722626,0.00517133455872032,0.4102468898551069
83,S,kappa_selective,0.36790034802722626,0.00517133455872032,0.17316508834008823
83,S,factorized_joint_weighted,0.36790034802722626,0.00517133455872032,0.20206354668389864
83,S,joint_MAP,0.36790034802722626,0.00517133455872032,0.42672417069831503
83,J,joint_uniform,0.5641358307945706,0.24145917773101333,0.4102468898551069
83,J,kappa_selective,0.5641358307945706,0.24145917773101333,0.11461801211918018
83,J,factorized_joint_weighted,0.5641358307945706,0.24145917773101333,0.05870686711111956
83,J,joint_MAP,0.5641358307945706,0.24145917773101333,0.12789244818699955
84,L,joint_uniform,0.03419439895103615,7.378459976337126e-08,0.12288898456528746
84,L,kappa_selective,0.03419439895103615,7.378459976337126e-08,0.21441624244855906
84,L,factorized_joint_weighted,0.03419439895103615,7.378459976337126e-08,0.2145219655714899
84,L,joint_MAP,0.03419439895103615,7.378459976337126e-08,0.7427583121927056
84,S,joint_uniform,0.3623792415205892,0.00010866824961697219,0.12288898456528746
84,S,kappa_selective,0.3623792415205892,0.00010866824961697219,0.11266956787833189
84,S,factorized_joint_weighted,0.3623792415205892,0.00010866824961697219,0.11660619184510937
84,S,joint_MAP,0.3623792415205892,0.00010866824961697219,0.2717029666020485
84,J,joint_uniform,0.5093693229076288,0.24373866343397232,0.12288898456528746
84,J,kappa_selective,0.5093693229076288,0.24373866343397232,0.1499222294957954
84,J,factorized_joint_weighted,0.5093693229076288,0.24373866343397232,0.03204739918107927
84,J,joint_MAP,0.5093693229076288,0.24373866343397232,0.0937263391250961
85,L,joint_uniform,0.029960281292620516,3.57449279064781e-08,0.06763422019207306
85,L,kappa_selective,0.029960281292620516,3.57449279064781e-08,0.04797278826317608
85,L,factorized_joint_weighted,0.029960281292620516,3.57449279064781e-08,0.04803030810052658
85,L,joint_MAP,0.029960281292620516,3.57449279064781e-08,0.5711934425868945
85,S,joint_uniform,0.6142078432812725,0.004520741919069482,0.06763422019207306
85,S,kappa_selective,0.6142078432812725,0.004520741919069482,0.26557228512362213
85,S,factorized_joint_weighted,0.6142078432812725,0.004520741919069482,0.2924087629671839
85,S,joint_MAP,0.6142078432812725,0.004520741919069482,0.46731421888199093
85,J,joint_uniform,0.5992815755972446,0.30648028579147313,0.06763422019207306
85,J,kappa_selective,0.5992815755972446,0.30648028579147313,0.25937230019076785
85,J,factorized_joint_weighted,0.5992815755972446,0.30648028579147313,0.059534936547956226
85,J,joint_MAP,0.5992815755972446,0.30648028579147313,0.022066429428263635
86,L,joint_uniform,0.023698942219162578,2.414406442552419e-07,0.17395526254677385
86,L,kappa_selective,0.023698942219162578,2.414406442552419e-07,0.09789638816955441
86,L,factorized_joint_weighted,0.023698942219162578,2.414406442552419e-07,0.0977103101313634
86,L,joint_MAP,0.023698942219162578,2.414406442552419e-07,0.4527762333129369
86,S,joint_uniform,0.3558911958404548,0.001240029135492482,0.17395526254677385
86,S,kappa_selective,0.3558911958404548,0.001240029135492482,0.05412745844008317
86,S,factorized_joint_weighted,0.3558911958404548,0.001240029135492482,0.04019377978552634
86,S,joint_MAP,0.3558911958404548,0.001240029135492482,0.187370266257696
86,J,joint_uniform,0.4877666489201503,0.10983019599139021,0.17395526254677385
86,J,kappa_selective,0.4877666489201503,0.10983019599139021,0.11704590327440009
86,J,factorized_joint_weighted,0.4877666489201503,0.10983019599139021,0.008168447150068583
86,J,joint_MAP,0.4877666489201503,0.10983019599139021,0.008396707882403218
87,L,joint_uniform,0.011061857857908364,8.600375556166995e-08,0.1451593210155601
87,L,kappa_selective,0.011061857857908364,8.600375556166995e-08,0.19676730279422816
87,L,factorized_joint_weighted,0.011061857857908364,8.600375556166995e-08,0.19688165642966715
87,L,joint_MAP,0.011061857857908364,8.600375556166995e-08,0.7657817112433768
87,S,joint_uniform,0.3473730990952463,0.002387438554153798,0.1451593210155601
87,S,kappa_selective,0.3473730990952463,0.002387438554153798,0.06902282349358356
87,S,factorized_joint_weighted,0.3473730990952463,0.002387438554153798,0.0886605896811884
87,S,joint_MAP,0.3473730990952463,0.002387438554153798,0.3098862765240161
87,J,joint_uniform,0.49103377007476234,0.21055452197030433,0.1451593210155601
87,J,kappa_selective,0.49103377007476234,0.21055452197030433,0.09073674638089198
87,J,factorized_joint_weighted,0.49103377007476234,0.21055452197030433,0.07799276056837465
87,J,joint_MAP,0.49103377007476234,0.21055452197030433,0.12428272741644694
88,L,joint_uniform,0.033855835963008896,2.835147120405779e-07,0.04443201920467806
88,L,kappa_selective,0.033855835963008896,2.835147120405779e-07,0.10292475616907497
88,L,factorized_joint_weighted,0.033855835963008896,2.835147120405779e-07,0.10313207172046697
88,L,joint_MAP,0.033855835963008896,2.835147120405779e-07,0.6289839184565246
88,S,joint_uniform,0.34934658096929516,0.000667166423150567,0.04443201920467806
88,S,kappa_selective,0.34934658096929516,0.000667166423150567,0.2201256732074489
88,S,factorized_joint_weighted,0.34934658096929516,0.000667166423150567,0.230472496851253
88,S,joint_MAP,0.34934658096929516,0.000667166423150567,0.4575256524678291
88,J,joint_uniform,0.4860437404703558,0.19966875843503507,0.04443201920467806
88,J,kappa_selective,0.4860437404703558,0.19966875843503507,0.22681566182923368
88,J,factorized_joint_weighted,0.4860437404703558,0.19966875843503507,0.06278558446187195
88,J,joint_MAP,0.4860437404703558,0.19966875843503507,0.011417932534650576
89,L,joint_uniform,0.007944558163350712,6.299009791543853e-08,0.14687999809418611
89,L,kappa_selective,0.007944558163350712,6.299009791543853e-08,0.1053045383988235
89,L,factorized_joint_weighted,0.007944558163350712,6.299009791543853e-08,0.10520481622899068
89,L,joint_MAP,0.007944558163350712,6.299009791543853e-08,0.4789802781370229
89,S,joint_uniform,0.33055918776288806,0.0005915331598586038,0.14687999809418611
89,S,kappa_selective,0.33055918776288806,0.0005915331598586038,0.16166436108537027
89,S,factorized_joint_weighted,0.33055918776288806,0.0005915331598586038,0.1519067919064543
89,S,joint_MAP,0.33055918776288806,0.0005915331598586038,0.08790551260503497
89,J,joint_uniform,0.4234039255389509,0.07420736168900954,0.14687999809418611
89,J,kappa_selective,0.4234039255389509,0.07420736168900954,0.19947055727632054
89,J,factorized_joint_weighted,0.4234039255389509,0.07420736168900954,0.11634086335535734
89,J,joint_MAP,0.4234039255389509,0.07420736168900954,0.059072188704453125
90,L,joint_uniform,0.011292361657201822,1.3791293529408222e-07,0.29139648666453993
90,L,kappa_selective,0.011292361657201822,1.3791293529408222e-07,0.23895309432860448
90,L,factorized_joint_weighted,0.011292361657201822,1.3791293529408222e-07,0.23880525017697155
90,L,joint_MAP,0.011292361657201822,1.3791293529408222e-07,0.33298391073802486
90,S,joint_uniform,0.3880301302120108,0.0003550290950184998,0.29139648666453993
90,S,kappa_selective,0.3880301302120108,0.0003550290950184998,0.03799808045345563
90,S,factorized_joint_weighted,0.3880301302120108,0.0003550290950184998,0.045325130717387
90,S,joint_MAP,0.3880301302120108,0.0003550290950184998,0.2643219321333049
90,J,joint_uniform,0.4894528591147501,0.08232729984821241,0.29139648666453993
90,J,kappa_selective,0.4894528591147501,0.08232729984821241,0.005383570766841983
90,J,factorized_joint_weighted,0.4894528591147501,0.08232729984821241,0.04186753333437071
90,J,joint_MAP,0.4894528591147501,0.08232729984821241,0.013352636517359271
91,L,joint_uniform,0.15967959292895528,8.269161783092116e-07,0.13230042831952135
91,L,kappa_selective,0.15967959292895528,8.269161783092116e-07,0.07557368398861602
91,L,factorized_joint_weighted,0.15967959292895528,8.269161783092116e-07,0.07592106271766065
91,L,joint_MAP,0.15967959292895528,8.269161783092116e-07,0.5012547035205227
91,S,joint_uniform,0.5075965113899108,0.0060416138884575865,0.13230042831952135
91,S,kappa_selective,0.5075965113899108,0.0060416138884575865,0.1760104941841054
91,S,factorized_joint_weighted,0.5075965113899108,0.0060416138884575865,0.14483463239184405
91,S,joint_MAP,0.5075965113899108,0.0060416138884575865,0.0530497236727468
91,J,joint_uniform,0.5688547676446224,0.21120472854223937,0.13230042831952135
91,J,kappa_selective,0.5688547676446224,0.21120472854223937,0.18567848071180645
91,J,factorized_joint_weighted,0.5688547676446224,0.21120472854223937,0.019754536392929647
91,J,joint_MAP,0.5688547676446224,0.21120472854223937,0.0530497236727468
92,L,joint_uniform,0.005803002164767812,7.707682969648744e-08,0.38060650474239166
92,L,kappa_selective,0.005803002164767812,7.707682969648744e-08,0.3439284962754021
92,L,factorized_joint_weighted,0.005803002164767812,7.707682969648744e-08,0.3438174824315495
92,L,joint_MAP,0.005803002164767812,7.707682969648744e-08,0.20050020999020818
92,S,joint_uniform,0.36341735333266345,0.0011595111295524818,0.38060650474239166
92,S,kappa_selective,0.36341735333266345,0.0011595111295524818,0.1477994964485608
92,S,factorized_joint_weighted,0.36341735333266345,0.0011595111295524818,0.13420363071253852
92,S,joint_MAP,0.36341735333266345,0.0011595111295524818,0.11605656925259088
92,J,joint_uniform,0.4609444810234793,0.0576123576349411,0.38060650474239166
92,J,kappa_selective,0.4609444810234793,0.0576123576349411,0.10381566802185596
92,J,factorized_joint_weighted,0.4609444810234793,0.0576123576349411,0.09588833697501968
92,J,joint_MAP,0.4609444810234793,0.0576123576349411,0.11128066925909957
93,L,joint_uniform,0.017053599327589875,9.056415173347432e-09,0.04166818562248782
93,L,kappa_selective,0.017053599327589875,9.056415173347432e-09,0.033668229960227766
93,L,factorized_joint_weighted,0.017053599327589875,9.056415173347432e-09,0.03363316773900547
93,L,joint_MAP,0.017053599327589875,9.056415173347432e-09,0.048393962497861494
93,S,joint_uniform,0.3349495370429222,0.0008630255603867543,0.04166818562248782
93,S,kappa_selective,0.3349495370429222,0.0008630255603867543,0.1373064541226586
93,S,factorized_joint_weighted,0.3349495370429222,0.0008630255603867543,0.12549937877910752
93,S,joint_MAP,0.3349495370429222,0.0008630255603867543,0.09693964726969241
93,J,joint_uniform,0.4279407292825591,0.08261402121249017,0.04166818562248782
93,J,kappa_selective,0.4279407292825591,0.08261402121249017,0.07913487367345405
93,J,factorized_joint_weighted,0.4279407292825591,0.08261402121249017,0.013769731439622507
93,J,joint_MAP,0.4279407292825591,0.08261402121249017,0.04326845997195686
94,L,joint_uniform,0.046991399413864876,1.689647074476497e-07,0.09408188950144561
94,L,kappa_selective,0.046991399413864876,1.689647074476497e-07,0.20130899421853313
94,L,factorized_joint_weighted,0.046991399413864876,1.689647074476497e-07,0.20147428963442365
94,L,joint_MAP,0.046991399413864876,1.689647074476497e-07,0.716623196289805
94,S,joint_uniform,0.3305761818199763,0.0011265087614423797,0.09408188950144561
94,S,kappa_selective,0.3305761818199763,0.0011265087614423797,0.07100845454812797
94,S,factorized_joint_weighted,0.3305761818199763,0.0011265087614423797,0.05751653882363084
94,S,joint_MAP,0.3305761818199763,0.0011265087614423797,0.18303640186769948
94,J,joint_uniform,0.4217892639889642,0.07117931283513201,0.09408188950144561
94,J,kappa_selective,0.4217892639889642,0.07117931283513201,0.11001024647434941
94,J,factorized_joint_weighted,0.4217892639889642,0.07117931283513201,0.03033295127136902
94,J,joint_MAP,0.4217892639889642,0.07117931283513201,0.008012404711857693
95,L,joint_uniform,0.01638671854210283,1.0082866030991511e-07,0.10396659101765914
95,L,kappa_selective,0.01638671854210283,1.0082866030991511e-07,0.1639118176903254
95,L,factorized_joint_weighted,0.01638671854210283,1.0082866030991511e-07,0.16403954370330276
95,L,joint_MAP,0.01638671854210283,1.0082866030991511e-07,0.7213576267325607
95,S,joint_uniform,0.33064107401536313,0.0032740746829534872,0.10396659101765914
95,S,kappa_selective,0.33064107401536313,0.0032740746829534872,0.10614619008788023
95,S,factorized_joint_weighted,0.33064107401536313,0.0032740746829534872,0.1286468348433955
95,S,joint_MAP,0.33064107401536313,0.0032740746829534872,0.37862813726331196
95,J,joint_uniform,0.40473567487813056,0.04020467275355566,0.10396659101765914
95,J,kappa_selective,0.40473567487813056,0.04020467275355566,0.15170792603909097
95,J,factorized_joint_weighted,0.40473567487813056,0.04020467275355566,0.1273220849626865
95,J,joint_MAP,0.40473567487813056,0.04020467275355566,0.14465203564072104
96,L,joint_uniform,0.04616248414550883,1.120955372968524e-07,0.16395734876258036
96,L,kappa_selective,0.04616248414550883,1.120955372968524e-07,0.26997633008340527
96,L,factorized_joint_weighted,0.04616248414550883,1.120955372968524e-07,0.2701112608862847
96,L,joint_MAP,0.04616248414550883,1.120955372968524e-07,0.7862254206762896
96,S,joint_uniform,0.33079299028155695,0.008258095534469323,0.16395734876258036
96,S,kappa_selective,0.33079299028155695,0.008258095534469323,0.17940017998577829
96,S,factorized_joint_weighted,0.33079299028155695,0.008258095534469323,0.14279500184075491
96,S,joint_MAP,0.33079299028155695,0.008258095534469323,0.07069183329872923
96,J,joint_uniform,0.4452385778549034,0.11568149929465621,0.16395734876258036
96,J,kappa_selective,0.4452385778549034,0.11568149929465621,0.16169426987750585
96,J,factorized_joint_weighted,0.4452385778549034,0.11568149929465621,0.043029017842740575
96,J,joint_MAP,0.4452385778549034,0.11568149929465621,0.025399909055249772
97,L,joint_uniform,0.002646955941980389,4.716996748754809e-08,0.11963127187084888
97,L,kappa_selective,0.002646955941980389,4.716996748754809e-08,0.0979487902543028
97,L,factorized_joint_weighted,0.002646955941980389,4.716996748754809e-08,0.09786317519482526
97,L,joint_MAP,0.002646955941980389,4.716996748754809e-08,0.3335987482649971
97,S,joint_uniform,0.33071487394983723,0.003267467005271474,0.11963127187084888
97,S,kappa_selective,0.33071487394983723,0.003267467005271474,0.20411744400638385
97,S,factorized_joint_weighted,0.33071487394983723,0.003267467005271474,0.22716441392973669
97,S,joint_MAP,0.33071487394983723,0.003267467005271474,0.43844465558858914
97,J,joint_uniform,0.41520257945112227,0.05909118247743028,0.11963127187084888
97,J,kappa_selective,0.41520257945112227,0.05909118247743028,0.17131966986975875
97,J,factorized_joint_weighted,0.41520257945112227,0.05909118247743028,0.10695985517545856
97,J,joint_MAP,0.41520257945112227,0.05909118247743028,0.12695067179413957
98,L,joint_uniform,0.12597374515670456,8.414209379248305e-07,0.24282538147854088
98,L,kappa_selective,0.12597374515670456,8.414209379248305e-07,0.41503227946457444
98,L,factorized_joint_weighted,0.12597374515670456,8.414209379248305e-07,0.4154012833182233
98,L,joint_MAP,0.12597374515670456,8.414209379248305e-07,0.8653446709521838
98,S,joint_uniform,0.33104219776223776,0.016563052966161118,0.24282538147854088
98,S,kappa_selective,0.33104219776223776,0.016563052966161118,0.24157343784944396
98,S,factorized_joint_weighted,0.33104219776223776,0.016563052966161118,0.18987013298981745
98,S,joint_MAP,0.33104219776223776,0.016563052966161118,0.035204748186741464
98,J,joint_uniform,0.5338493609895096,0.31458991111708734,0.24282538147854088
98,J,kappa_selective,0.5338493609895096,0.31458991111708734,0.18894364063396413
98,J,factorized_joint_weighted,0.5338493609895096,0.31458991111708734,0.014476299221069465
98,J,joint_MAP,0.5338493609895096,0.31458991111708734,0.07725711604645646
99,L,joint_uniform,0.018829425015186363,4.1581940224411085e-08,0.15466673417009064
99,L,kappa_selective,0.018829425015186363,4.1581940224411085e-08,0.08701935252605725
99,L,factorized_joint_weighted,0.018829425015186363,4.1581940224411085e-08,0.08694224319980078
99,L,joint_MAP,0.018829425015186363,4.1581940224411085e-08,0.47158693633776416
99,S,joint_uniform,0.3311815840319633,0.000664493429391122,0.15466673417009064
99,S,kappa_selective,0.3311815840319633,0.000664493429391122,0.030341180575565736
99,S,factorized_joint_weighted,0.3311815840319633,0.000664493429391122,0.03870998421179382
99,S,joint_MAP,0.3311815840319633,0.000664493429391122,0.19434040643096875
99,J,joint_uniform,0.45666417978425833,0.13831524809416584,0.15466673417009064
99,J,kappa_selective,0.45666417978425833,0.13831524809416584,0.017902891501908522
99,J,factorized_joint_weighted,0.45666417978425833,0.13831524809416584,0.128964157619349
99,J,joint_MAP,0.45666417978425833,0.13831524809416584,0.1543147234131691
100,L,joint_uniform,0.038614640278533785,2.2789378828491635e-07,0.13857024979190594
100,L,kappa_selective,0.038614640278533785,2.2789378828491635e-07,0.048166913207101876
100,L,factorized_joint_weighted,0.038614640278533785,2.2789378828491635e-07,0.04804233347254285
100,L,joint_MAP,0.038614640278533785,2.2789378828491635e-07,0.4923132008818574
100,S,joint_uniform,0.45146470968750674,0.0010727941593761114,0.13857024979190594
100,S,kappa_selective,0.45146470968750674,0.0010727941593761114,0.15109229743423405
100,S,factorized_joint_weighted,0.45146470968750674,0.0010727941593761114,0.13811978326767377
100,S,joint_MAP,0.45146470968750674,0.0010727941593761114,0.062385668372764456
100,J,joint_uniform,0.5507162839256883,0.16107886161080776,0.13857024979190594
100,J,kappa_selective,0.5507162839256883,0.16107886161080776,0.17384427620573037
100,J,factorized_joint_weighted,0.5507162839256883,0.16107886161080776,0.033553532390138835
100,J,joint_MAP,0.5507162839256883,0.16107886161080776,0.028254505672382985
101,L,joint_uniform,0.0017254778543857041,1.1567946045509814e-08,0.028741014608019314
101,L,kappa_selective,0.0017254778543857041,1.1567946045509814e-08,0.01415075065088919
101,L,factorized_joint_weighted,0.0017254778543857041,1.1567946045509814e-08,0.014116451870920572
101,L,joint_MAP,0.0017254778543857041,1.1567946045509814e-08,0.378564763250498
101,S,joint_uniform,0.33056586994797443,0.0003394611338175535,0.028741014608019314
101,S,kappa_selective,0.33056586994797443,0.0003394611338175535,0.03560277571786906
101,S,factorized_joint_weighted,0.33056586994797443,0.0003394611338175535,0.029242215314150038
101,S,joint_MAP,0.33056586994797443,0.0003394611338175535,0.22059197753239987
101,J,joint_uniform,0.4180568877767009,0.06430001120430096,0.028741014608019314
101,J,kappa_selective,0.4180568877767009,0.06430001120430096,0.014251415445604014
101,J,factorized_joint_weighted,0.4180568877767009,0.06430001120430096,0.0832936150742462
101,J,joint_MAP,0.4180568877767009,0.06430001120430096,0.12459928752528134
102,L,joint_uniform,0.009300930423746134,4.283059129583933e-09,0.07267357012508228
102,L,kappa_selective,0.009300930423746134,4.283059129583933e-09,0.03109496864460255
102,L,factorized_joint_weighted,0.009300930423746134,4.283059129583933e-09,0.031116582202772546
102,L,joint_MAP,0.009300930423746134,4.283059129583933e-09,0.0709478196902881
102,S,joint_uniform,0.33058196028615006,0.0013358360489412746,0.07267357012508228
102,S,kappa_selective,0.33058196028615006,0.0013358360489412746,0.06037974968792533
102,S,factorized_joint_weighted,0.33058196028615006,0.0013358360489412746,0.046034796386612134
102,S,joint_MAP,0.33058196028615006,0.0013358360489412746,0.2053075203193102
102,J,joint_uniform,0.4279534156082728,0.08268189822517202,0.07267357012508228
102,J,kappa_selective,0.4279534156082728,0.08268189822517202,0.046229938810333625
102,J,factorized_joint_weighted,0.4279534156082728,0.08268189822517202,0.05010545947019423
102,J,joint_MAP,0.4279534156082728,0.08268189822517202,0.10161867359778004
103,L,joint_uniform,0.005361526388509286,2.390241049532449e-08,0.11639465746168129
103,L,kappa_selective,0.005361526388509286,2.390241049532449e-08,0.08181344115170544
103,L,factorized_joint_weighted,0.005361526388509286,2.390241049532449e-08,0.08175558032461903
103,L,joint_MAP,0.005361526388509286,2.390241049532449e-08,0.08908325636016903
103,S,joint_uniform,0.3310900702743209,0.00317935772103628,0.11639465746168129
103,S,kappa_selective,0.3310900702743209,0.00317935772103628,0.018211365193446093
103,S,factorized_joint_weighted,0.3310900702743209,0.00317935772103628,0.020546322881779114
103,S,joint_MAP,0.3310900702743209,0.00317935772103628,0.2593259059569032
103,J,joint_uniform,0.4417080486961724,0.1089038860770053,0.11639465746168129
103,J,kappa_selective,0.4417080486961724,0.1089038860770053,0.07904059999910229
103,J,factorized_joint_weighted,0.4417080486961724,0.1089038860770053,0.03496537799672547
103,J,joint_MAP,0.4417080486961724,0.1089038860770053,0.06933679992641294
104,L,joint_uniform,0.0009447905531448919,4.651208751482727e-08,0.011416589437294782
104,L,kappa_selective,0.0009447905531448919,4.651208751482727e-08,0.021224210139726682
104,L,factorized_joint_weighted,0.0009447905531448919,4.651208751482727e-08,0.021308847042320674
104,L,joint_MAP,0.0009447905531448919,4.651208751482727e-08,0.3742040726447316
104,S,joint_uniform,0.3305439641947785,9.027327678823305e-05,0.011416589437294782
104,S,kappa_selective,0.3305439641947785,9.027327678823305e-05,0.029908576422144287
104,S,factorized_joint_weighted,0.3305439641947785,9.027327678823305e-05,0.02630528357368438
104,S,joint_MAP,0.3305439641947785,9.027327678823305e-05,0.22361131993605338
104,J,joint_uniform,0.4049506968215555,0.04061255652694207,0.011416589437294782
104,J,kappa_selective,0.4049506968215555,0.04061255652694207,0.0036062901437431687
104,J,factorized_joint_weighted,0.4049506968215555,0.04061255652694207,0.029655038885920266
104,J,joint_MAP,0.4049506968215555,0.04061255652694207,0.05844884063761419
105,L,joint_uniform,0.002661097156759107,2.9420906821897574e-08,0.0790076106471421
105,L,kappa_selective,0.002661097156759107,2.9420906821897574e-08,0.062248276596954664
105,L,factorized_joint_weighted,0.002661097156759107,2.9420906821897574e-08,0.062300841278149326
105,L,joint_MAP,0.002661097156759107,2.9420906821897574e-08,0.18813367583870144
105,S,joint_uniform,0.330860398766327,0.002415866045425985,0.0790076106471421
105,S,kappa_selective,0.330860398766327,0.002415866045425985,0.17837610652699992
105,S,factorized_joint_weighted,0.330860398766327,0.002415866045425985,0.19810774164321324
105,S,joint_MAP,0.330860398766327,0.002415866045425985,0.43340888510330117
105,J,joint_uniform,0.46498631312716654,0.15528935350828066,0.0790076106471421
105,J,kappa_selective,0.46498631312716654,0.15528935350828066,0.1859409106170429
105,J,factorized_joint_weighted,0.46498631312716654,0.15528935350828066,0.045280772556650695
105,J,joint_MAP,0.46498631312716654,0.15528935350828066,0.028833878940302128
106,L,joint_uniform,0.05472904260590339,4.532029388437664e-07,0.3811904897101713
106,L,kappa_selective,0.05472904260590339,4.532029388437664e-07,0.2648419642599417
106,L,factorized_joint_weighted,0.05472904260590339,4.532029388437664e-07,0.26457313408421657
106,L,joint_MAP,0.05472904260590339,4.532029388437664e-07,0.2435367008504038
106,S,joint_uniform,0.6268354194720652,0.004225195974476792,0.3811904897101713
106,S,kappa_selective,0.6268354194720652,0.004225195974476792,0.06042023426904943
106,S,factorized_joint_weighted,0.6268354194720652,0.004225195974476792,0.03459120495241901
106,S,joint_MAP,0.6268354194720652,0.004225195974476792,0.1396182242648319
106,J,joint_uniform,0.8055483113110742,0.22426135717747286,0.3811904897101713
106,J,kappa_selective,0.8055483113110742,0.22426135717747286,0.042645993427239785
106,J,factorized_joint_weighted,0.8055483113110742,0.22426135717747286,0.06681028044855938
106,J,joint_MAP,0.8055483113110742,0.22426135717747286,0.07034046247882715
107,L,joint_uniform,0.008049151780140096,1.0953452811435227e-08,0.02571840254837745
107,L,kappa_selective,0.008049151780140096,1.0953452811435227e-08,0.047809708448068526
107,L,factorized_joint_weighted,0.008049151780140096,1.0953452811435227e-08,0.04784887557526281
107,L,joint_MAP,0.008049151780140096,1.0953452811435227e-08,0.07558865022067866
107,S,joint_uniform,0.3343869879661534,0.0011824161270065359,0.02571840254837745
107,S,kappa_selective,0.3343869879661534,0.0011824161270065359,0.16808177256631604
107,S,factorized_joint_weighted,0.3343869879661534,0.0011824161270065359,0.15424043540421659
107,S,joint_MAP,0.3343869879661534,0.0011824161270065359,0.07011856039388806
107,J,joint_uniform,0.4604984803578185,0.14611636724026655,0.02571840254837745
107,J,kappa_selective,0.4604984803578185,0.14611636724026655,0.15781016823957383
107,J,factorized_joint_weighted,0.4604984803578185,0.14611636724026655,0.020100142976643396
107,J,joint_MAP,0.4604984803578185,0.14611636724026655,0.0048793697620189225
108,L,joint_uniform,0.012104222840329526,5.623099541551824e-09,0.47710840466945464
108,L,kappa_selective,0.012104222840329526,5.623099541551824e-09,0.5313868935407646
108,L,factorized_joint_weighted,0.012104222840329526,5.623099541551824e-09,0.5313568133674336
108,L,joint_MAP,0.012104222840329526,5.623099541551824e-09,0.5517670774901628
108,S,joint_uniform,0.5485396441761946,0.011598634068328062,0.47710840466945464
108,S,kappa_selective,0.5485396441761946,0.011598634068328062,0.17082006115837253
108,S,factorized_joint_weighted,0.5485396441761946,0.011598634068328062,0.12759269604177517
108,S,joint_MAP,0.5485396441761946,0.011598634068328062,0.14599220170683302
108,J,joint_uniform,0.5959816888213179,0.17689025808093994,0.47710840466945464
108,J,kappa_selective,0.5959816888213179,0.17689025808093994,0.16710439926555282
108,J,factorized_joint_weighted,0.5959816888213179,0.17689025808093994,0.042798947516678384
108,J,joint_MAP,0.5959816888213179,0.17689025808093994,0.06256443969142175
109,L,joint_uniform,0.004295254692858186,4.908977224715727e-08,0.18637979589352482
109,L,kappa_selective,0.004295254692858186,4.908977224715727e-08,0.1562826054291142
109,L,factorized_joint_weighted,0.004295254692858186,4.908977224715727e-08,0.15637178377092018
109,L,joint_MAP,0.004295254692858186,4.908977224715727e-08,0.2130920531982958
109,S,joint_uniform,0.33054193070633486,2.2165768435611355e-05,0.18637979589352482
109,S,kappa_selective,0.33054193070633486,2.2165768435611355e-05,0.16742194914270467
109,S,factorized_joint_weighted,0.33054193070633486,2.2165768435611355e-05,0.16903795856791068
109,S,joint_MAP,0.33054193070633486,2.2165768435611355e-05,0.38615309784246804
109,J,joint_uniform,0.4577909305037763,0.1405106051117173,0.18637979589352482
109,J,kappa_selective,0.4577909305037763,0.1405106051117173,0.18590318192468844
109,J,factorized_joint_weighted,0.4577909305037763,0.1405106051117173,0.05176757773142751
109,J,joint_MAP,0.4577909305037763,0.1405106051117173,0.013415036019022372
110,L,joint_uniform,0.008608386416057101,2.070787985530842e-12,0.0977147951097971
110,L,kappa_selective,0.008608386416057101,2.070787985530842e-12,0.14203046649308892
110,L,factorized_joint_weighted,0.008608386416057101,2.070787985530842e-12,0.14202988834552538
110,L,joint_MAP,0.008608386416057101,2.070787985530842e-12,0.1710332158121176
110,S,joint_uniform,0.33059018805047247,0.00015399487687539626,0.0977147951097971
110,S,kappa_selective,0.33059018805047247,0.00015399487687539626,0.1748634113523135
110,S,factorized_joint_weighted,0.33059018805047247,0.00015399487687539626,0.16995274821830425
110,S,joint_MAP,0.33059018805047247,0.00015399487687539626,0.04484519230932124
110,J,joint_uniform,0.5038947348541676,0.2403684015845069,0.0977147951097971
110,J,kappa_selective,0.5038947348541676,0.2403684015845069,0.17952740278744958
110,J,factorized_joint_weighted,0.5038947348541676,0.2403684015845069,0.005522705791456484
110,J,joint_MAP,0.5038947348541676,0.2403684015845069,0.05309264309308137
111,L,joint_uniform,0.0005796614601616401,3.256505953785904e-08,0.06723216292887255
111,L,kappa_selective,0.0005796614601616401,3.256505953785904e-08,0.06561465697480377
111,L,factorized_joint_weighted,0.0005796614601616401,3.256505953785904e-08,0.06554176370049253
111,L,joint_MAP,0.0005796614601616401,3.256505953785904e-08,0.20988725071246378
111,S,joint_uniform,0.33113828606803974,5.581474538651765e-05,0.06723216292887255
111,S,kappa_selective,0.33113828606803974,5.581474538651765e-05,0.06207727122783765
111,S,factorized_joint_weighted,0.33113828606803974,5.581474538651765e-05,0.06473432873384666
111,S,joint_MAP,0.33113828606803974,5.581474538651765e-05,0.06559096258523645
111,J,joint_uniform,0.4723396810446422,0.17037144482850397,0.06723216292887255
111,J,kappa_selective,0.4723396810446422,0.17037144482850397,0.027314107939673857
111,J,factorized_joint_weighted,0.4723396810446422,0.17037144482850397,0.12975886118363233
111,J,joint_MAP,0.4723396810446422,0.17037144482850397,0.18264952158738568
112,L,joint_uniform,0.016317066584638718,1.6175661921025153e-09,0.14134271970501208
112,L,kappa_selective,0.016317066584638718,1.6175661921025153e-09,0.20445355902840456
112,L,factorized_joint_weighted,0.016317066584638718,1.6175661921025153e-09,0.2044373763817109
112,L,joint_MAP,0.016317066584638718,1.6175661921025153e-09,0.21775741821757305
112,S,joint_uniform,0.33060142242291213,0.0019751963442584675,0.14134271970501208
112,S,kappa_selective,0.33060142242291213,0.0019751963442584675,0.14983774703534042
112,S,factorized_joint_weighted,0.33060142242291213,0.0019751963442584675,0.16772750120111013
112,S,joint_MAP,0.33060142242291213,0.0019751963442584675,0.4183458675120926
112,J,joint_uniform,0.4436990300432214,0.1126981994265267,0.14134271970501208
112,J,kappa_selective,0.4436990300432214,0.1126981994265267,0.1396616473993993
112,J,factorized_joint_weighted,0.4436990300432214,0.1126981994265267,0.02390356972450312
112,J,joint_MAP,0.4436990300432214,0.1126981994265267,0.007468058992744488
113,L,joint_uniform,0.057936795748962044,5.147859272192079e-08,0.15918907254464976
113,L,kappa_selective,0.057936795748962044,5.147859272192079e-08,0.0487105270706342
113,L,factorized_joint_weighted,0.057936795748962044,5.147859272192079e-08,0.048654388510918335
113,L,joint_MAP,0.057936795748962044,5.147859272192079e-08,0.4722539842649915
113,S,joint_uniform,0.3737124554900104,8.172255081273505e-05,0.15918907254464976
113,S,kappa_selective,0.3737124554900104,8.172255081273505e-05,0.09291620426158177
113,S,factorized_joint_weighted,0.3737124554900104,8.172255081273505e-05,0.09611944851227189
113,S,joint_MAP,0.3737124554900104,8.172255081273505e-05,0.014742626227260828
113,J,joint_uniform,0.4110228322387942,0.04881546799078318,0.15918907254464976
113,J,kappa_selective,0.4110228322387942,0.04881546799078318,0.0597970268222703
113,J,factorized_joint_weighted,0.4110228322387942,0.04881546799078318,0.10429413016149046
113,J,joint_MAP,0.4110228322387942,0.04881546799078318,0.10344080454880125
114,L,joint_uniform,0.010004973257670469,1.9145383944874084e-08,0.4214007805765197
114,L,kappa_selective,0.010004973257670469,1.9145383944874084e-08,0.37222574799500835
114,L,factorized_joint_weighted,0.010004973257670469,1.9145383944874084e-08,0.37217035570127915
114,L,joint_MAP,0.010004973257670469,1.9145383944874084e-08,0.35166319590726636
114,S,joint_uniform,0.5899304103410113,0.019219636681673147,0.4214007805765197
114,S,kappa_selective,0.5899304103410113,0.019219636681673147,0.10677435791033886
114,S,factorized_joint_weighted,0.5899304103410113,0.019219636681673147,0.05124536406280967
114,S,joint_MAP,0.5899304103410113,0.019219636681673147,0.20260012282243087
114,J,joint_uniform,0.577783525808624,0.23446330445029373,0.4214007805765197
114,J,kappa_selective,0.577783525808624,0.23446330445029373,0.1193666272855018
114,J,factorized_joint_weighted,0.577783525808624,0.23446330445029373,0.04919863750253766
114,J,joint_MAP,0.577783525808624,0.23446330445029373,0.05603470075765942
115,L,joint_uniform,0.01069840543306022,3.5863347846998295e-09,0.08362916159880823
115,L,kappa_selective,0.01069840543306022,3.5863347846998295e-09,0.03691874430817457
115,L,factorized_joint_weighted,0.01069840543306022,3.5863347846998295e-09,0.03689704882821152
115,L,joint_MAP,0.01069840543306022,3.5863347846998295e-09,0.07067309950944402
115,S,joint_uniform,0.33101754125604366,0.005564812603700009,0.08362916159880823
115,S,kappa_selective,0.33101754125604366,0.005564812603700009,0.1953552140021697
115,S,factorized_joint_weighted,0.33101754125604366,0.005564812603700009,0.2253718436355376
115,S,joint_MAP,0.33101754125604366,0.005564812603700009,0.4461895539167103
115,J,joint_uniform,0.4269663993202705,0.08085584345241492,0.08362916159880823
115,J,kappa_selective,0.4269663993202705,0.08085584345241492,0.12074646832688907
115,J,factorized_joint_weighted,0.4269663993202705,0.08085584345241492,0.030760772841969753
115,J,joint_MAP,0.4269663993202705,0.08085584345241492,0.022234258666680103
116,L,joint_uniform,0.05354624578957423,7.934664969511118e-07,0.17118287175041777
116,L,kappa_selective,0.05354624578957423,7.934664969511118e-07,0.2852081557946994
116,L,factorized_joint_weighted,0.05354624578957423,7.934664969511118e-07,0.2855536163291453
116,L,joint_MAP,0.05354624578957423,7.934664969511118e-07,0.7896496849280134
116,S,joint_uniform,0.36748205039685133,0.0018555932549256804,0.17118287175041777
116,S,kappa_selective,0.36748205039685133,0.0018555932549256804,0.07523133525146482
116,S,factorized_joint_weighted,0.36748205039685133,0.0018555932549256804,0.09213863173321021
116,S,joint_MAP,0.36748205039685133,0.0018555932549256804,0.33161440816588716
116,J,joint_uniform,0.4996693018049264,0.11011274790923886,0.17118287175041777
116,J,kappa_selective,0.4996693018049264,0.11011274790923886,0.12857985691070262
116,J,factorized_joint_weighted,0.4996693018049264,0.11011274790923886,0.02237289082349717
116,J,joint_MAP,0.4996693018049264,0.11011274790923886,0.006306521249490158
117,L,joint_uniform,0.02071194051225056,8.44808749622672e-08,0.4228588421759856
117,L,kappa_selective,0.02071194051225056,8.44808749622672e-08,0.3512488712180281
117,L,factorized_joint_weighted,0.02071194051225056,8.44808749622672e-08,0.351132404195922
117,L,joint_MAP,0.02071194051225056,8.44808749622672e-08,0.20096440539292013
117,S,joint_uniform,0.5656896164624591,0.008056306508651523,0.4228588421759856
117,S,kappa_selective,0.5656896164624591,0.008056306508651523,0.11250870865231503
117,S,factorized_joint_weighted,0.5656896164624591,0.008056306508651523,0.0765189965022368
117,S,joint_MAP,0.5656896164624591,0.008056306508651523,0.16633298786547693
117,J,joint_uniform,0.4910457147626379,0.09665227397796727,0.4228588421759856
117,J,kappa_selective,0.4910457147626379,0.09665227397796727,0.13968606103808437
117,J,factorized_joint_weighted,0.4910457147626379,0.09665227397796727,0.06636702630916237
117,J,joint_MAP,0.4910457147626379,0.09665227397796727,0.08448148888376916
118,L,joint_uniform,0.07735062671890358,5.161620111326926e-07,0.13271248476358183
118,L,kappa_selective,0.07735062671890358,5.161620111326926e-07,0.017290054184315933
118,L,factorized_joint_weighted,0.07735062671890358,5.161620111326926e-07,0.01743738118005684
118,L,joint_MAP,0.07735062671890358,5.161620111326926e-07,0.49358200393200247
118,S,joint_uniform,0.36113683311190603,9.486496006971823e-05,0.13271248476358183
118,S,kappa_selective,0.36113683311190603,9.486496006971823e-05,0.10028918466972989
118,S,factorized_joint_weighted,0.36113683311190603,9.486496006971823e-05,0.09664048431059095
118,S,joint_MAP,0.36113683311190603,9.486496006971823e-05,0.14699535425938653
118,J,joint_uniform,0.4251030361596705,0.07262461186053204,0.13271248476358183
118,J,kappa_selective,0.4251030361596705,0.07262461186053204,0.07991655070957533
118,J,factorized_joint_weighted,0.4251030361596705,0.07262461186053204,0.16035906882917036
118,J,joint_MAP,0.4251030361596705,0.07262461186053204,0.15670755496199795
119,L,joint_uniform,0.007246358537947528,1.0477709477818564e-07,0.017402149990392017
119,L,kappa_selective,0.007246358537947528,1.0477709477818564e-07,0.024506149327674663
119,L,factorized_joint_weighted,0.007246358537947528,1.0477709477818564e-07,0.0246309731366716
119,L,joint_MAP,0.007246358537947528,1.0477709477818564e-07,0.6056063689946086
119,S,joint_uniform,0.33057078328642475,0.00010669845393440625,0.017402149990392017
119,S,kappa_selective,0.33057078328642475,0.00010669845393440625,0.05307610166268889
119,S,factorized_joint_weighted,0.33057078328642475,0.00010669845393440625,0.05702440925725504
119,S,joint_MAP,0.33057078328642475,0.00010669845393440625,0.3026633951411505
119,J,joint_uniform,0.4046545965885934,0.04008348805077089,0.017402149990392017
119,J,kappa_selective,0.4046545965885934,0.04008348805077089,0.010740256362281129
119,J,factorized_joint_weighted,0.4046545965885934,0.04008348805077089,0.015313114548703792
119,J,joint_MAP,0.4046545965885934,0.04008348805077089,0.04450003399229756
120,L,joint_uniform,0.022850326345112082,3.2585656339900737e-07,0.12691323288934608
120,L,kappa_selective,0.022850326345112082,3.2585656339900737e-07,0.2007698555500099
120,L,factorized_joint_weighted,0.022850326345112082,3.2585656339900737e-07,0.2010004099683725
120,L,joint_MAP,0.022850326345112082,3.2585656339900737e-07,0.7482548125513202
120,S,joint_uniform,0.3307144695350407,0.005553356233935158,0.12691323288934608
120,S,kappa_selective,0.3307144695350407,0.005553356233935158,0.0869890499730705
120,S,factorized_joint_weighted,0.3307144695350407,0.005553356233935158,0.11660581992222938
120,S,joint_MAP,0.3307144695350407,0.005553356233935158,0.36123192966092554
120,J,joint_uniform,0.40577122397601406,0.04208318132058786,0.12691323288934608
120,J,kappa_selective,0.40577122397601406,0.04208318132058786,0.10990233370154075
120,J,factorized_joint_weighted,0.40577122397601406,0.04208318132058786,0.07915906465689863
120,J,joint_MAP,0.40577122397601406,0.04208318132058786,0.05805905957260609
121,L,joint_uniform,0.0010702146705854343,1.3930526177041713e-08,0.44493335091077585
121,L,kappa_selective,0.0010702146705854343,1.3930526177041713e-08,0.45629130562629316
121,L,factorized_joint_weighted,0.0010702146705854343,1.3930526177041713e-08,0.45624403884274733
121,L,joint_MAP,0.0010702146705854343,1.3930526177041713e-08,0.260213816390634
121,S,joint_uniform,0.47536131954008176,0.0035755796184425703,0.44493335091077585
121,S,kappa_selective,0.47536131954008176,0.0035755796184425703,0.15518664784081043
121,S,factorized_joint_weighted,0.47536131954008176,0.0035755796184425703,0.1312491247352831
121,S,joint_MAP,0.47536131954008176,0.0035755796184425703,0.10136041370748551
121,J,joint_uniform,0.5972097432769022,0.1650529101793644,0.44493335091077585
121,J,kappa_selective,0.5972097432769022,0.1650529101793644,0.1332315452068568
121,J,factorized_joint_weighted,0.5972097432769022,0.1650529101793644,0.022237825943253842
121,J,joint_MAP,0.5972097432769022,0.1650529101793644,0.06380561002930392
122,L,joint_uniform,0.03280619664462214,1.0633596425613234e-07,0.12449913423818514
122,L,kappa_selective,0.03280619664462214,1.0633596425613234e-07,0.038748454079027106
122,L,factorized_joint_weighted,0.03280619664462214,1.0633596425613234e-07,0.03865332833612931
122,L,joint_MAP,0.03280619664462214,1.0633596425613234e-07,0.5032772961377335
122,S,joint_uniform,0.3458298354086944,0.006423160419188778,0.12449913423818514
122,S,kappa_selective,0.3458298354086944,0.006423160419188778,0.08797771465371305
122,S,factorized_joint_weighted,0.3458298354086944,0.006423160419188778,0.055809574971500756
122,S,joint_MAP,0.3458298354086944,0.006423160419188778,0.17990156347411174
122,J,joint_uniform,0.45762980255298846,0.1294170567258892,0.12449913423818514
122,J,kappa_selective,0.45762980255298846,0.1294170567258892,0.13888950501621025
122,J,factorized_joint_weighted,0.45762980255298846,0.1294170567258892,0.011658989368018846
122,J,joint_MAP,0.45762980255298846,0.1294170567258892,0.060479750095321916
123,L,joint_uniform,0.002379950335898662,2.7838866878404644e-08,0.039490457262265306
123,L,kappa_selective,0.002379950335898662,2.7838866878404644e-08,0.05940039793038496
123,L,factorized_joint_weighted,0.002379950335898662,2.7838866878404644e-08,0.05945964481559706
123,L,joint_MAP,0.002379950335898662,2.7838866878404644e-08,0.482606075856467
123,S,joint_uniform,0.33064075759776457,0.0032613310794628037,0.039490457262265306
123,S,kappa_selective,0.33064075759776457,0.0032613310794628037,0.033005373205138334
123,S,factorized_joint_weighted,0.33064075759776457,0.0032613310794628037,0.02321839817869599
123,S,joint_MAP,0.33064075759776457,0.0032613310794628037,0.24740285011323598
123,J,joint_uniform,0.4111775221833529,0.051774913723117266,0.039490457262265306
123,J,kappa_selective,0.4111775221833529,0.051774913723117266,0.028513838929653874
123,J,factorized_joint_weighted,0.4111775221833529,0.051774913723117266,0.03199134212398849
123,J,joint_MAP,0.4111775221833529,0.051774913723117266,0.02832884075033767
124,L,joint_uniform,0.04675618449097296,4.963051712936206e-07,0.4611011339942494
124,L,kappa_selective,0.04675618449097296,4.963051712936206e-07,0.353835099342191
124,L,factorized_joint_weighted,0.04675618449097296,4.963051712936206e-07,0.3535512387296192
124,L,joint_MAP,0.04675618449097296,4.963051712936206e-07,0.1618210762632934
124,S,joint_uniform,0.5967915180645174,0.027399619888064164,0.4611011339942494
124,S,kappa_selective,0.5967915180645174,0.027399619888064164,0.14774699131650054
124,S,factorized_joint_weighted,0.5967915180645174,0.027399619888064164,0.08186316199056173
124,S,joint_MAP,0.5967915180645174,0.027399619888064164,0.1618210762632934
124,J,joint_uniform,0.6064908806991405,0.2050203951251831,0.4611011339942494
124,J,kappa_selective,0.6064908806991405,0.2050203951251831,0.15130637935887
124,J,factorized_joint_weighted,0.6064908806991405,0.2050203951251831,0.012025996881125222
124,J,joint_MAP,0.6064908806991405,0.2050203951251831,0.016964847980867385
125,L,joint_uniform,0.005561529684253275,3.7171125066848276e-09,0.2595696432295682
125,L,kappa_selective,0.005561529684253275,3.7171125066848276e-09,0.2950868557013162
125,L,factorized_joint_weighted,0.005561529684253275,3.7171125066848276e-09,0.29506225777823003
125,L,joint_MAP,0.005561529684253275,3.7171125066848276e-09,0.2889552138693127
125,S,joint_uniform,0.3425282372779791,0.00310671749310798,0.2595696432295682
125,S,kappa_selective,0.3425282372779791,0.00310671749310798,0.06756296171651924
125,S,factorized_joint_weighted,0.3425282372779791,0.00310671749310798,0.04777253928883604
125,S,joint_MAP,0.3425282372779791,0.00310671749310798,0.19037491060245512
125,J,joint_uniform,0.40298112521991203,0.03705933886967505,0.2595696432295682
125,J,kappa_selective,0.40298112521991203,0.03705933886967505,0.09513520307356264
125,J,factorized_joint_weighted,0.40298112521991203,0.03705933886967505,0.09570868826716443
125,J,joint_MAP,0.40298112521991203,0.03705933886967505,0.0907735886211116
126,L,joint_uniform,0.0015615068840814095,1.264492122121652e-08,0.12709682835675232
126,L,kappa_selective,0.0015615068840814095,1.264492122121652e-08,0.11224114843818386
126,L,factorized_joint_weighted,0.0015615068840814095,1.264492122121652e-08,0.1121969165988647
126,L,joint_MAP,0.0015615068840814095,1.264492122121652e-08,0.2843094724680535
126,S,joint_uniform,0.33142496992268944,0.0013267993218992746,0.12709682835675232
126,S,kappa_selective,0.33142496992268944,0.0013267993218992746,0.25747378474397514
126,S,factorized_joint_weighted,0.33142496992268944,0.0013267993218992746,0.2427997688269369
126,S,joint_MAP,0.33142496992268944,0.0013267993218992746,0.020835573092381415
126,J,joint_uniform,0.5212642592357821,0.28237160761215396,0.12709682835675232
126,J,kappa_selective,0.5212642592357821,0.28237160761215396,0.2549278489400379
126,J,factorized_joint_weighted,0.5212642592357821,0.28237160761215396,0.06093685696184641
126,J,joint_MAP,0.5212642592357821,0.28237160761215396,0.020835573092381415
127,L,joint_uniform,0.008132375263433467,4.61685371044851e-08,0.039962955329751366
127,L,kappa_selective,0.008132375263433467,4.61685371044851e-08,0.07953314316138248
127,L,factorized_joint_weighted,0.008132375263433467,4.61685371044851e-08,0.07960977393811386
127,L,joint_MAP,0.008132375263433467,4.61685371044851e-08,0.653052192208946
127,S,joint_uniform,0.33434670980183767,4.9641754577223196e-05,0.039962955329751366
127,S,kappa_selective,0.33434670980183767,4.9641754577223196e-05,0.13997396980101615
127,S,factorized_joint_weighted,0.33434670980183767,4.9641754577223196e-05,0.13733258152777222
127,S,joint_MAP,0.33434670980183767,4.9641754577223196e-05,0.07531928143743681
127,J,joint_uniform,0.4647583912872588,0.15485787731331846,0.039962955329751366
127,J,kappa_selective,0.4647583912872588,0.15485787731331846,0.08637290315135353
127,J,factorized_joint_weighted,0.4647583912872588,0.15485787731331846,0.05761537151384341
127,J,joint_MAP,0.4647583912872588,0.15485787731331846,0.10630901127811956
128,L,joint_uniform,0.0077449182195357125,9.940257272855746e-08,0.18198425230631038
128,L,kappa_selective,0.0077449182195357125,9.940257272855746e-08,0.13930032112486546
128,L,factorized_joint_weighted,0.0077449182195357125,9.940257272855746e-08,0.13917874517212084
128,L,joint_MAP,0.0077449182195357125,9.940257272855746e-08,0.4448215820519237
128,S,joint_uniform,0.40604339061765204,0.004638067977465465,0.18198425230631038
128,S,kappa_selective,0.40604339061765204,0.004638067977465465,0.084642290813351
128,S,factorized_joint_weighted,0.40604339061765204,0.004638067977465465,0.0572631178482452
128,S,joint_MAP,0.40604339061765204,0.004638067977465465,0.15249082262298846
128,J,joint_uniform,0.41480807512135187,0.04723902558042892,0.18198425230631038
128,J,kappa_selective,0.41480807512135187,0.04723902558042892,0.06330221366103433
128,J,factorized_joint_weighted,0.41480807512135187,0.04723902558042892,0.022097634294634735
128,J,joint_MAP,0.41480807512135187,0.04723902558042892,0.012968849103515276
129,L,joint_uniform,0.07201323921216152,5.276010506261031e-08,0.028949118181178388
129,L,kappa_selective,0.07201323921216152,5.276010506261031e-08,0.11990289530941634
129,L,factorized_joint_weighted,0.07201323921216152,5.276010506261031e-08,0.11999564426366623
129,L,joint_MAP,0.07201323921216152,5.276010506261031e-08,0.609826452399656
129,S,joint_uniform,0.3553834392001878,0.0009725945208362008,0.028949118181178388
129,S,kappa_selective,0.3553834392001878,0.0009725945208362008,0.2095070984670977
129,S,factorized_joint_weighted,0.3553834392001878,0.0009725945208362008,0.19701184342504935
129,S,joint_MAP,0.3553834392001878,0.0009725945208362008,0.03644143510709428
129,J,joint_uniform,0.4476825839380191,0.12046239297912664,0.028949118181178388
129,J,kappa_selective,0.4476825839380191,0.12046239297912664,0.11658157401931683
129,J,factorized_joint_weighted,0.4476825839380191,0.12046239297912664,0.006775977691790084
129,J,joint_MAP,0.4476825839380191,0.12046239297912664,0.02141628833958972
130,L,joint_uniform,0.0023341340780922426,4.578374346309033e-10,0.207649006676407
130,L,kappa_selective,0.0023341340780922426,4.578374346309033e-10,0.22892478135777972
130,L,factorized_joint_weighted,0.0023341340780922426,4.578374346309033e-10,0.2289333748436671
130,L,joint_MAP,0.0023341340780922426,4.578374346309033e-10,0.11319423142305414
130,S,joint_uniform,0.3357667146942812,1.6665026918105674e-05,0.207649006676407
130,S,kappa_selective,0.3357667146942812,1.6665026918105674e-05,0.03340950463972579
130,S,factorized_joint_weighted,0.3357667146942812,1.6665026918105674e-05,0.03223008333168223
130,S,joint_MAP,0.3357667146942812,1.6665026918105674e-05,0.009737964155714889
130,J,joint_uniform,0.42854852758253104,0.08383617315488212,0.207649006676407
130,J,kappa_selective,0.42854852758253104,0.08383617315488212,0.08743770634944356
130,J,factorized_joint_weighted,0.42854852758253104,0.08383617315488212,0.005458176841429928
130,J,joint_MAP,0.42854852758253104,0.08383617315488212,0.05258735035912511
131,L,joint_uniform,0.0012871683037518622,7.490605580251497e-09,0.10266437254722487
131,L,kappa_selective,0.0012871683037518622,7.490605580251497e-09,0.11623428669351162
131,L,factorized_joint_weighted,0.0012871683037518622,7.490605580251497e-09,0.11619951576276726
131,L,joint_MAP,0.0012871683037518622,7.490605580251497e-09,0.05669896124112236
131,S,joint_uniform,0.338513863434597,0.0013215608541539137,0.10266437254722487
131,S,kappa_selective,0.338513863434597,0.0013215608541539137,0.08709165112910025
131,S,factorized_joint_weighted,0.338513863434597,0.0013215608541539137,0.07309921950496293
131,S,joint_MAP,0.338513863434597,0.0013215608541539137,0.16749815591343273
131,J,joint_uniform,0.4066013878242589,0.04356468252284429,0.10266437254722487
131,J,kappa_selective,0.4066013878242589,0.04356468252284429,0.01025500954801639
131,J,factorized_joint_weighted,0.4066013878242589,0.04356468252284429,0.03221347078359522
131,J,joint_MAP,0.4066013878242589,0.04356468252284429,0.044901791318992364
132,L,joint_uniform,0.00402416526833671,6.839158683824564e-09,0.29176116345902176
132,L,kappa_selective,0.00402416526833671,6.839158683824564e-09,0.2619430130105466
132,L,factorized_joint_weighted,0.00402416526833671,6.839158683824564e-09,0.2619757061388608
132,L,joint_MAP,0.00402416526833671,6.839158683824564e-09,0.3060219541398679
132,S,joint_uniform,0.71776760484625,0.015662024809603214,0.29176116345902176
132,S,kappa_selective,0.71776760484625,0.015662024809603214,0.04093935189361463
132,S,factorized_joint_weighted,0.71776760484625,0.015662024809603214,0.09108134125688234
132,S,joint_MAP,0.71776760484625,0.015662024809603214,0.3342087911155684
132,J,joint_uniform,0.7431175136476711,0.1883080358506981,0.29176116345902176
132,J,kappa_selective,0.7431175136476711,0.1883080358506981,0.043013602137263886
132,J,factorized_joint_weighted,0.7431175136476711,0.1883080358506981,0.10370650582717353
132,J,joint_MAP,0.7431175136476711,0.1883080358506981,0.0917458431188229
133,L,joint_uniform,0.00478752289229778,7.774510857316841e-08,0.1390025855239643
133,L,kappa_selective,0.00478752289229778,7.774510857316841e-08,0.1703298623692474
133,L,factorized_joint_weighted,0.00478752289229778,7.774510857316841e-08,0.17044184367621476
133,L,joint_MAP,0.00478752289229778,7.774510857316841e-08,0.671465379603953
133,S,joint_uniform,0.3312900486279071,0.006916547782858995,0.1390025855239643
133,S,kappa_selective,0.3312900486279071,0.006916547782858995,0.2603223565171151
133,S,factorized_joint_weighted,0.3312900486279071,0.006916547782858995,0.22680927684678076
133,S,joint_MAP,0.3312900486279071,0.006916547782858995,0.011732964898116562
133,J,joint_uniform,0.46895796492532205,0.16347829766871547,0.1390025855239643
133,J,kappa_selective,0.46895796492532205,0.16347829766871547,0.2790628599442631
133,J,factorized_joint_weighted,0.46895796492532205,0.16347829766871547,0.131873406457546
133,J,joint_MAP,0.46895796492532205,0.16347829766871547,0.06613181581512584
134,L,joint_uniform,0.022464945565205285,4.1499207703576957e-07,0.1397018477466595
134,L,kappa_selective,0.022464945565205285,4.1499207703576957e-07,0.06643654804336845
134,L,factorized_joint_weighted,0.022464945565205285,4.1499207703576957e-07,0.06620370322343683
134,L,joint_MAP,0.022464945565205285,4.1499207703576957e-07,0.487250538486384
134,S,joint_uniform,0.33785906142782995,1.055093141821839e-05,0.1397018477466595
134,S,kappa_selective,0.33785906142782995,1.055093141821839e-05,0.051751525302883246
134,S,factorized_joint_weighted,0.33785906142782995,1.055093141821839e-05,0.051077424188346064
134,S,joint_MAP,0.33785906142782995,1.055093141821839e-05,0.14282726485725644
134,J,joint_uniform,0.405926886623177,0.04121554395080462,0.1397018477466595
134,J,kappa_selective,0.405926886623177,0.04121554395080462,0.06326970967939405
134,J,factorized_joint_weighted,0.405926886623177,0.04121554395080462,0.09095072874268155
134,J,joint_MAP,0.405926886623177,0.04121554395080462,0.08136482166075397
135,L,joint_uniform,0.0014039348690664255,1.9710485910096054e-08,0.15016062377073208
135,L,kappa_selective,0.0014039348690664255,1.9710485910096054e-08,0.13560256207160282
135,L,factorized_joint_weighted,0.0014039348690664255,1.9710485910096054e-08,0.13554853077841114
135,L,joint_MAP,0.0014039348690664255,1.9710485910096054e-08,0.2628584754823264
135,S,joint_uniform,0.3945071348769319,0.0032837221775057213,0.15016062377073208
135,S,kappa_selective,0.3945071348769319,0.0032837221775057213,0.10987373470443873
135,S,factorized_joint_weighted,0.3945071348769319,0.0032837221775057213,0.08682655235374054
135,S,joint_MAP,0.3945071348769319,0.0032837221775057213,0.12119258105793336
135,J,joint_uniform,0.5470188498474687,0.28975119837412877,0.15016062377073208
135,J,kappa_selective,0.5470188498474687,0.28975119837412877,0.14716538636885113
135,J,factorized_joint_weighted,0.5470188498474687,0.28975119837412877,0.049699505309540176
135,J,joint_MAP,0.5470188498474687,0.28975119837412877,0.08670673628565627
136,L,joint_uniform,0.0027939365638036673,1.106033709064036e-09,0.13286945530271502
136,L,kappa_selective,0.0027939365638036673,1.106033709064036e-09,0.1099482872477669
136,L,factorized_joint_weighted,0.0027939365638036673,1.106033709064036e-09,0.1099349987270933
136,L,joint_MAP,0.0027939365638036673,1.106033709064036e-09,0.20152835396735394
136,S,joint_uniform,0.33061209910312184,0.0021896360553254057,0.13286945530271502
136,S,kappa_selective,0.33061209910312184,0.0021896360553254057,0.17380524578841022
136,S,factorized_joint_weighted,0.33061209910312184,0.0021896360553254057,0.19266400991834243
136,S,joint_MAP,0.33061209910312184,0.0021896360553254057,0.40962307012712723
136,J,joint_uniform,0.47662529470782844,0.1794631774636336,0.13286945530271502
136,J,kappa_selective,0.47662529470782844,0.1794631774636336,0.21626347280277355
136,J,factorized_joint_weighted,0.47662529470782844,0.1794631774636336,0.06124437111414837
136,J,joint_MAP,0.47662529470782844,0.1794631774636336,0.0195799267341111
137,L,joint_uniform,0.04292320891733392,3.4712693786076443e-07,0.06702449498745297
137,L,kappa_selective,0.04292320891733392,3.4712693786076443e-07,0.04168301739959492
137,L,factorized_joint_weighted,0.04292320891733392,3.4712693786076443e-07,0.04191481091600901
137,L,joint_MAP,0.04292320891733392,3.4712693786076443e-07,0.559837016958697
137,S,joint_uniform,0.3473024943834081,0.002391915935436084,0.06702449498745297
137,S,kappa_selective,0.3473024943834081,0.002391915935436084,0.14691404047509676
137,S,factorized_joint_weighted,0.3473024943834081,0.002391915935436084,0.12725737079943256
137,S,joint_MAP,0.3473024943834081,0.002391915935436084,0.12439919295461631
137,J,joint_uniform,0.4434089067770587,0.11224140707248365,0.06702449498745297
137,J,kappa_selective,0.4434089067770587,0.11224140707248365,0.12200196118930959
137,J,factorized_joint_weighted,0.4434089067770587,0.11224140707248365,0.00756155309266206
137,J,joint_MAP,0.4434089067770587,0.11224140707248365,0.05568187796942584
138,L,joint_uniform,0.05264324571631551,3.955193649263222e-07,0.08624111212983367
138,L,kappa_selective,0.05264324571631551,3.955193649263222e-07,0.03031368030879384
138,L,factorized_joint_weighted,0.05264324571631551,3.955193649263222e-07,0.03056422601467486
138,L,joint_MAP,0.05264324571631551,3.955193649263222e-07,0.5386016442798732
138,S,joint_uniform,0.3473032879417741,6.065360232820893e-05,0.08624111212983367
138,S,kappa_selective,0.3473032879417741,6.065360232820893e-05,0.12578001798157748
138,S,factorized_joint_weighted,0.3473032879417741,6.065360232820893e-05,0.1229132153393753
138,S,joint_MAP,0.3473032879417741,6.065360232820893e-05,0.030741114499992367
138,J,joint_uniform,0.4148160502967345,0.058413686739405724,0.08624111212983367
138,J,kappa_selective,0.4148160502967345,0.058413686739405724,0.07348765942891002
138,J,factorized_joint_weighted,0.4148160502967345,0.058413686739405724,0.010316656247484643
138,J,joint_MAP,0.4148160502967345,0.058413686739405724,0.016002590806904804
139,L,joint_uniform,0.0022320991132962487,2.861231329642777e-08,0.4702055970748816
139,L,kappa_selective,0.0022320991132962487,2.861231329642777e-08,0.44958753034970195
139,L,factorized_joint_weighted,0.0022320991132962487,2.861231329642777e-08,0.44951942895680114
139,L,joint_MAP,0.0022320991132962487,2.861231329642777e-08,0.022247892872583473
139,S,joint_uniform,0.3319095045187944,0.001513268573914428,0.4702055970748816
139,S,kappa_selective,0.3319095045187944,0.001513268573914428,0.32694294331342255
139,S,factorized_joint_weighted,0.3319095045187944,0.001513268573914428,0.3112860309345672
139,S,joint_MAP,0.3319095045187944,0.001513268573914428,0.06518762417520499
139,J,joint_uniform,0.5428691023110981,0.3060233541973405,0.4702055970748816
139,J,kappa_selective,0.5428691023110981,0.3060233541973405,0.20889787498366047
139,J,factorized_joint_weighted,0.5428691023110981,0.3060233541973405,0.010697015466714468
139,J,joint_MAP,0.5428691023110981,0.3060233541973405,0.02300514621265143
140,L,joint_uniform,0.02268646827417009,6.174153222016088e-08,0.26268541704865134
140,L,kappa_selective,0.02268646827417009,6.174153222016088e-08,0.18778209589859232
140,L,factorized_joint_weighted,0.02268646827417009,6.174153222016088e-08,0.18768497440957
140,L,joint_MAP,0.02268646827417009,6.174153222016088e-08,0.36431115544617587
140,S,joint_uniform,0.4034848220123648,0.0030228767435637183,0.26268541704865134
140,S,kappa_selective,0.4034848220123648,0.0030228767435637183,0.014815337350625781
140,S,factorized_joint_weighted,0.4034848220123648,0.0030228767435637183,0.028881147785351752
140,S,joint_MAP,0.4034848220123648,0.0030228767435637183,0.27900263491097366
140,J,joint_uniform,0.5376507341346715,0.0958206594994292,0.26268541704865134
140,J,kappa_selective,0.5376507341346715,0.0958206594994292,0.043058427609897115
140,J,factorized_joint_weighted,0.5376507341346715,0.0958206594994292,0.06491424307218448
140,J,joint_MAP,0.5376507341346715,0.0958206594994292,0.017919944655447568
141,L,joint_uniform,0.006338644904771651,8.111627591844695e-08,0.3084784351309015
141,L,kappa_selective,0.006338644904771651,8.111627591844695e-08,0.27047530944844494
141,L,factorized_joint_weighted,0.006338644904771651,8.111627591844695e-08,0.27036025887939374
141,L,joint_MAP,0.006338644904771651,8.111627591844695e-08,0.27266710339004074
141,S,joint_uniform,0.3308210717338884,0.0003726138955771896,0.3084784351309015
141,S,kappa_selective,0.3308210717338884,0.0003726138955771896,0.19951892832455814
141,S,factorized_joint_weighted,0.3308210717338884,0.0003726138955771896,0.19180258593048113
141,S,joint_MAP,0.3308210717338884,0.0003726138955771896,0.055057789456689744
141,J,joint_uniform,0.40624276465534137,0.04292148905290827,0.3084784351309015
141,J,kappa_selective,0.40624276465534137,0.04292148905290827,0.20259620007953344
141,J,factorized_joint_weighted,0.40624276465534137,0.04292148905290827,0.236046305923467
141,J,joint_MAP,0.40624276465534137,0.04292148905290827,0.24964521010645577
142,L,joint_uniform,0.0008718624025129129,5.923897250514898e-08,0.36412909438304913
142,L,kappa_selective,0.0008718624025129129,5.923897250514898e-08,0.35529404886755167
142,L,factorized_joint_weighted,0.0008718624025129129,5.923897250514898e-08,0.35519686193428307
142,L,joint_MAP,0.0008718624025129129,5.923897250514898e-08,0.040151573265937164
142,S,joint_uniform,0.42935375390185326,0.008722416619262652,0.36412909438304913
142,S,kappa_selective,0.42935375390185326,0.008722416619262652,0.08978415457389265
142,S,factorized_joint_weighted,0.42935375390185326,0.008722416619262652,0.052428607880316634
142,S,joint_MAP,0.42935375390185326,0.008722416619262652,0.17457350199248675
142,J,joint_uniform,0.5318741051625632,0.0932797823774596,0.36412909438304913
142,J,kappa_selective,0.5318741051625632,0.0932797823774596,0.06341384267164836
142,J,factorized_joint_weighted,0.5318741051625632,0.0932797823774596,0.04098966715698973
142,J,joint_MAP,0.5318741051625632,0.0932797823774596,0.08657443138274565
143,L,joint_uniform,0.03155650567794921,2.5059190500442696e-08,0.1280963672069243
143,L,kappa_selective,0.03155650567794921,2.5059190500442696e-08,0.04773020479169261
143,L,factorized_joint_weighted,0.03155650567794921,2.5059190500442696e-08,0.047675999598817895
143,L,joint_MAP,0.03155650567794921,2.5059190500442696e-08,0.49726343967889997
143,S,joint_uniform,0.3306275552379857,0.0021838551710970933,0.1280963672069243
143,S,kappa_selective,0.3306275552379857,0.0021838551710970933,0.19181459728243183
143,S,factorized_joint_weighted,0.3306275552379857,0.0021838551710970933,0.21065366083337608
143,S,joint_MAP,0.3306275552379857,0.0021838551710970933,0.4476964000337678
143,J,joint_uniform,0.4077166766268836,0.04556005452478351,0.1280963672069243
143,J,kappa_selective,0.4077166766268836,0.04556005452478351,0.14714483748237614
143,J,factorized_joint_weighted,0.4077166766268836,0.04556005452478351,0.10690431335037934
143,J,joint_MAP,0.4077166766268836,0.04556005452478351,0.06668838449319182
144,L,joint_uniform,0.0010303636569711783,5.684038795195079e-09,0.21668687706775522
144,L,kappa_selective,0.0010303636569711783,5.684038795195079e-09,0.227588543296009
144,L,factorized_joint_weighted,0.0010303636569711783,5.684038795195079e-09,0.22755875856363544
144,L,joint_MAP,0.0010303636569711783,5.684038795195079e-09,0.06417773489250683
144,S,joint_uniform,0.517470768295687,0.004612509666581444,0.21668687706775522
144,S,kappa_selective,0.517470768295687,0.004612509666581444,0.08531932042905148
144,S,factorized_joint_weighted,0.517470768295687,0.004612509666581444,0.11245702325303676
144,S,joint_MAP,0.517470768295687,0.004612509666581444,0.36531296248104234
144,J,joint_uniform,0.4789076127019074,0.1311401448003453,0.21668687706775522
144,J,kappa_selective,0.4789076127019074,0.1311401448003453,0.06582872207656344
144,J,factorized_joint_weighted,0.4789076127019074,0.1311401448003453,0.06171571737592485
144,J,joint_MAP,0.4789076127019074,0.1311401448003453,0.08544852404262501
145,L,joint_uniform,0.0034172452582142965,6.374565320044212e-10,0.08815890071636903
145,L,kappa_selective,0.0034172452582142965,6.374565320044212e-10,0.11338625059165817
145,L,factorized_joint_weighted,0.0034172452582142965,6.374565320044212e-10,0.11339633439303373
145,L,joint_MAP,0.0034172452582142965,6.374565320044212e-10,0.027911667142599995
145,S,joint_uniform,0.33056109687917745,0.0003826943379521275,0.08815890071636903
145,S,kappa_selective,0.33056109687917745,0.0003826943379521275,0.13787252416552884
145,S,factorized_joint_weighted,0.33056109687917745,0.0003826943379521275,0.1300682250343029
145,S,joint_MAP,0.33056109687917745,0.0003826943379521275,0.10617811028082612
145,J,joint_uniform,0.42480902630565853,0.07684857800546274,0.08815890071636903
145,J,kappa_selective,0.42480902630565853,0.07684857800546274,0.16813355880164613
145,J,factorized_joint_weighted,0.42480902630565853,0.07684857800546274,0.08235481660880285
145,J,joint_MAP,0.42480902630565853,0.07684857800546274,0.06752899639729587
146,L,joint_uniform,0.010375234649122267,1.1640298502868518e-08,0.11868588964740757
146,L,kappa_selective,0.010375234649122267,1.1640298502868518e-08,0.16845578498204147
146,L,factorized_joint_weighted,0.010375234649122267,1.1640298502868518e-08,0.16849765284610954
146,L,joint_MAP,0.010375234649122267,1.1640298502868518e-08,0.2038097339855833
146,S,joint_uniform,0.35753400598297846,0.0005586048621143425,0.11868588964740757
146,S,kappa_selective,0.35753400598297846,0.0005586048621143425,0.11049918614997208
146,S,factorized_joint_weighted,0.35753400598297846,0.0005586048621143425,0.10105965494879103
146,S,joint_MAP,0.35753400598297846,0.0005586048621143425,0.13268442735076527
146,J,joint_uniform,0.41260610316396207,0.05394156290149321,0.11868588964740757
146,J,kappa_selective,0.41260610316396207,0.05394156290149321,0.09421398666779021
146,J,factorized_joint_weighted,0.41260610316396207,0.05394156290149321,0.03770055592744025
146,J,joint_MAP,0.41260610316396207,0.05394156290149321,0.03253318193167549
147,L,joint_uniform,0.001544463069214963,3.97922095274339e-09,0.5033191197864821
147,L,kappa_selective,0.001544463069214963,3.97922095274339e-09,0.4875288432146536
147,L,factorized_joint_weighted,0.001544463069214963,3.97922095274339e-09,0.48750344391665545
147,L,joint_MAP,0.001544463069214963,3.97922095274339e-09,0.6504114755349851
147,S,joint_uniform,0.4394065851737261,0.018732592845826068,0.5033191197864821
147,S,kappa_selective,0.4394065851737261,0.018732592845826068,0.22738430492221565
147,S,factorized_joint_weighted,0.4394065851737261,0.018732592845826068,0.17247835244253534
147,S,joint_MAP,0.4394065851737261,0.018732592845826068,0.03287281104486224
147,J,joint_uniform,0.5347147183662895,0.20499999339519448,0.5033191197864821
147,J,kappa_selective,0.5347147183662895,0.20499999339519448,0.21934485171964124
147,J,factorized_joint_weighted,0.5347147183662895,0.20499999339519448,0.06131362182931931
147,J,joint_MAP,0.5347147183662895,0.20499999339519448,0.004264029908940741
148,L,joint_uniform,0.007278559622946101,2.411440622740457e-07,0.06578033366122847
148,L,kappa_selective,0.007278559622946101,2.411440622740457e-07,0.036002590821465556
148,L,factorized_joint_weighted,0.007278559622946101,2.411440622740457e-07,0.03594909898622053
148,L,joint_MAP,0.007278559622946101,2.411440622740457e-07,0.5695505484283732
148,S,joint_uniform,0.6902248344592289,0.03495740303641959,0.06578033366122847
148,S,kappa_selective,0.6902248344592289,0.03495740303641959,0.2735862755345455
148,S,factorized_joint_weighted,0.6902248344592289,0.03495740303641959,0.3481516327459922
148,S,joint_MAP,0.6902248344592289,0.03495740303641959,0.5695505484283732
148,J,joint_uniform,0.5493959426198358,0.25872081081059706,0.06578033366122847
148,J,kappa_selective,0.5493959426198358,0.25872081081059706,0.24527638284903866
148,J,factorized_joint_weighted,0.5493959426198358,0.25872081081059706,0.06010390351924242
148,J,joint_MAP,0.5493959426198358,0.25872081081059706,0.0243038468851353
149,L,joint_uniform,0.054355077033927945,1.09093856170972e-09,0.318490374907598
149,L,kappa_selective,0.054355077033927945,1.09093856170972e-09,0.20250689370497915
149,L,factorized_joint_weighted,0.054355077033927945,1.09093856170972e-09,0.20249375062309283
149,L,joint_MAP,0.054355077033927945,1.09093856170972e-09,0.2480576373390335
149,S,joint_uniform,0.42883686426807943,0.01950032534585977,0.318490374907598
149,S,kappa_selective,0.42883686426807943,0.01950032534585977,0.04411131171441294
149,S,factorized_joint_weighted,0.42883686426807943,0.01950032534585977,0.014378197457587028
149,S,joint_MAP,0.42883686426807943,0.01950032534585977,0.2207479569048925
149,J,joint_uniform,0.46937474397868717,0.09741558587919352,0.318490374907598
149,J,kappa_selective,0.46937474397868717,0.09741558587919352,0.04941654759188024
149,J,factorized_joint_weighted,0.46937474397868717,0.09741558587919352,0.04050085812071127
149,J,joint_MAP,0.46937474397868717,0.09741558587919352,0.04827450817737725
150,L,joint_uniform,0.012453868650111,7.1527672673710185e-09,0.5712298173140828
150,L,kappa_selective,0.012453868650111,7.1527672673710185e-09,0.5162366091150439
150,L,factorized_joint_weighted,0.012453868650111,7.1527672673710185e-09,0.5162025733069979
150,L,joint_MAP,0.012453868650111,7.1527672673710185e-09,0.5029967567705977
150,S,joint_uniform,0.5318073911125221,8.002634712034329e-05,0.5712298173140828
150,S,kappa_selective,0.5318073911125221,8.002634712034329e-05,0.2686597849971811
150,S,factorized_joint_weighted,0.5318073911125221,8.002634712034329e-05,0.27013887919590857
150,S,joint_MAP,0.5318073911125221,8.002634712034329e-05,0.5029967567705977
150,J,joint_uniform,0.7166665181677652,0.2755156857813965,0.5712298173140828
150,J,kappa_selective,0.7166665181677652,0.2755156857813965,0.24368795364626508
150,J,factorized_joint_weighted,0.7166665181677652,0.2755156857813965,0.06847771297556078
150,J,joint_MAP,0.7166665181677652,0.2755156857813965,0.08752972654621466
151,L,joint_uniform,0.04318321371418754,2.8675215424378564e-08,0.2789626398621803
151,L,kappa_selective,0.04318321371418754,2.8675215424378564e-08,0.17538558135139348
151,L,factorized_joint_weighted,0.04318321371418754,2.8675215424378564e-08,0.17531812885664674
151,L,joint_MAP,0.04318321371418754,2.8675215424378564e-08,0.3452714725192556
151,S,joint_uniform,0.504522958268693,0.0002702750598452264,0.2789626398621803
151,S,kappa_selective,0.504522958268693,0.0002702750598452264,0.019566549916517746
151,S,factorized_joint_weighted,0.504522958268693,0.0002702750598452264,0.025298307846697395
151,S,joint_MAP,0.504522958268693,0.0002702750598452264,0.20968746730183457
151,J,joint_uniform,0.4898677561458049,0.07249508806473282,0.2789626398621803
151,J,kappa_selective,0.4898677561458049,0.07249508806473282,0.009789840582722937
151,J,factorized_joint_weighted,0.4898677561458049,0.07249508806473282,0.026381379451775978
151,J,joint_MAP,0.4898677561458049,0.07249508806473282,0.025762653454929115
152,L,joint_uniform,0.0006354390375064023,1.67546445606348e-08,0.3716396139934498
152,L,kappa_selective,0.0006354390375064023,1.67546445606348e-08,0.3675279602806132
152,L,factorized_joint_weighted,0.0006354390375064023,1.67546445606348e-08,0.36747579483730636
152,L,joint_MAP,0.0006354390375064023,1.67546445606348e-08,0.053947946577696616
152,S,joint_uniform,0.42997390578933437,0.000499875675640582,0.3716396139934498
152,S,kappa_selective,0.42997390578933437,0.000499875675640582,0.10248390913871089
152,S,factorized_joint_weighted,0.42997390578933437,0.000499875675640582,0.09399458062411085
152,S,joint_MAP,0.42997390578933437,0.000499875675640582,0.1768655688464109
152,J,joint_uniform,0.40973018417868134,0.043138039156533026,0.3716396139934498
152,J,kappa_selective,0.40973018417868134,0.043138039156533026,0.1434194905509365
152,J,factorized_joint_weighted,0.40973018417868134,0.043138039156533026,0.17590854915037174
152,J,joint_MAP,0.40973018417868134,0.043138039156533026,0.15696927192930976
