task_id,primitive,separability,eta,generator,seed,dof,E_add,E_obs,E_joint,E_red,E_red_at_risk,E_red_reentry,informational_null,sampler_unresolved_final,joint_unresolved
direction:low:spline:0,direction,low,0.2,spline,0,1,0.2,,,,0,,0,0,1
direction:low:spline:0,direction,low,0.2,spline,0,3,0.2,,,,0,,0,0,1
direction:low:spline:0,direction,low,0.2,spline,0,5,0.2,,,,0,,0,0,1
direction:low:spline:1,direction,low,0.2,spline,1,1,0.2,,,,0,,0,1,0
direction:low:spline:1,direction,low,0.2,spline,1,3,0.2,,,,0,,0,1,0
direction:low:spline:1,direction,low,0.2,spline,1,5,0.2,,,,0,,0,1,0
direction:low:spline:2,direction,low,0.2,spline,2,1,0.2,,,,0,,0,1,0
direction:low:spline:2,direction,low,0.2,spline,2,3,0.2,,,,0,,0,1,0
direction:low:spline:2,direction,low,0.2,spline,2,5,0.2,,,,0,,0,1,0
direction:low:spline:3,direction,low,0.2,spline,3,1,0.2,,,,0,,0,0,1
direction:low:spline:3,direction,low,0.2,spline,3,3,0.2,,,,0,,0,0,1
direction:low:spline:3,direction,low,0.2,spline,3,5,0.2,,,,0,,0,0,1
direction:low:spline:4,direction,low,0.2,spline,4,1,0.2,,,,0,,0,0,1
direction:low:spline:4,direction,low,0.2,spline,4,3,0.2,,,,0,,0,0,1
direction:low:spline:4,direction,low,0.2,spline,4,5,0.2,,,,0,,0,1,0
direction:low:spline:5,direction,low,0.2,spline,5,1,0.2,,,,0,,0,0,1
direction:low:spline:5,direction,low,0.2,spline,5,3,0.2,,,,0,,0,1,0
direction:low:spline:5,direction,low,0.2,spline,5,5,0.2,,,,0,,0,0,1
direction:low:spline:6,direction,low,0.2,spline,6,1,0.2,,,,0,,0,0,1
direction:low:spline:6,direction,low,0.2,spline,6,3,0.2,,,,0,,0,0,1
direction:low:spline:6,direction,low,0.2,spline,6,5,0.2,,,,0,,0,0,1
direction:low:spline:7,direction,low,0.2,spline,7,1,0.2,,,,0,,0,1,0
direction:low:spline:7,direction,low,0.2,spline,7,3,0.2,,,,0,,0,1,0
direction:low:spline:7,direction,low,0.2,spline,7,5,0.2,,,,0,,0,1,0
direction:low:spline:8,direction,low,0.2,spline,8,1,0.2,,,,0,,0,0,1
direction:low:spline:8,direction,low,0.2,spline,8,3,0.2,,,,0,,0,0,1
direction:low:spline:8,direction,low,0.2,spline,8,5,0.2,,,,0,,0,0,1
direction:low:spline:9,direction,low,0.2,spline,9,1,0.2,,,,0,,0,0,1
direction:low:spline:9,direction,low,0.2,spline,9,3,0.2,,,,0,,0,0,1
direction:low:spline:9,direction,low,0.2,spline,9,5,0.2,,,,0,,0,0,1
direction:low:spline:10,direction,low,0.2,spline,10,1,0.2,,,,0,,0,0,1
direction:low:spline:10,direction,low,0.2,spline,10,3,0.2,,,,0,,0,0,1
direction:low:spline:10,direction,low,0.2,spline,10,5,0.2,,,,0,,0,0,1
direction:low:spline:11,direction,low,0.2,spline,11,1,0.2,,,,0,,0,0,1
direction:low:spline:11,direction,low,0.2,spline,11,3,0.2,,,,0,,0,0,1
direction:low:spline:11,direction,low,0.2,spline,11,5,0.2,,,,0,,0,0,1
direction:low:spline:12,direction,low,0.2,spline,12,1,0.2,,,,0,,0,1,0
direction:low:spline:12,direction,low,0.2,spline,12,3,0.2,,,,0,,0,1,0
direction:low:spline:12,direction,low,0.2,spline,12,5,0.2,,,,0,,0,1,0
direction:low:spline:13,direction,low,0.2,spline,13,1,0.2,,,,0,,0,1,0
direction:low:spline:13,direction,low,0.2,spline,13,3,0.2,,,,0,,0,1,0
direction:low:spline:13,direction,low,0.2,spline,13,5,0.2,,,,0,,0,1,0
direction:low:spline:14,direction,low,0.2,spline,14,1,0.2,,,,0,,0,0,1
direction:low:spline:14,direction,low,0.2,spline,14,3,0.2,,,,0,,0,0,1
direction:low:spline:14,direction,low,0.2,spline,14,5,0.2,,,,0,,0,0,1
direction:low:spline:15,direction,low,0.2,spline,15,1,0.2,,,,0,,0,0,1
direction:low:spline:15,direction,low,0.2,spline,15,3,0.2,,,,0,,0,0,1
direction:low:spline:15,direction,low,0.2,spline,15,5,0.2,,,,0,,0,0,1
direction:low:spline:16,direction,low,0.2,spline,16,1,0.2,,,,0,,0,0,1
direction:low:spline:16,direction,low,0.2,spline,16,3,0.2,,,,0,,0,0,1
direction:low:spline:16,direction,low,0.2,spline,16,5,0.2,,,,0,,0,0,1
direction:low:spline:17,direction,low,0.2,spline,17,1,0.2,,,,0,,0,0,1
direction:low:spline:17,direction,low,0.2,spline,17,3,0.2,,,,0,,0,0,1
direction:low:spline:17,direction,low,0.2,spline,17,5,0.2,,,,0,,0,0,1
direction:low:spline:18,direction,low,0.2,spline,18,1,0.2,,,,0,,0,0,1
direction:low:spline:18,direction,low,0.2,spline,18,3,0.2,,,,0,,0,0,1
direction:low:spline:18,direction,low,0.2,spline,18,5,0.2,,,,0,,0,0,1
direction:low:spline:19,direction,low,0.2,spline,19,1,0.2,,,,0,,0,0,1
direction:low:spline:19,direction,low,0.2,spline,19,3,0.2,,,,0,,0,0,1
direction:low:spline:19,direction,low,0.2,spline,19,5,0.2,,,,0,,0,0,1
direction:low:basis:0,direction,low,0.2,basis,0,1,0.2,,,,0,,0,0,1
direction:low:basis:0,direction,low,0.2,basis,0,3,0.2,,,,0,,0,0,1
direction:low:basis:0,direction,low,0.2,basis,0,5,0.2,,,,0,,0,0,1
direction:low:basis:1,direction,low,0.2,basis,1,1,0.2,,,,0,,0,1,0
direction:low:basis:1,direction,low,0.2,basis,1,3,0.2,,,,0,,0,1,0
direction:low:basis:1,direction,low,0.2,basis,1,5,0.2,,,,0,,0,1,0
direction:low:basis:2,direction,low,0.2,basis,2,1,0.2,,,,0,,0,0,1
direction:low:basis:2,direction,low,0.2,basis,2,3,0.2,,,,0,,0,0,1
direction:low:basis:2,direction,low,0.2,basis,2,5,0.2,,,,0,,0,0,1
direction:low:basis:3,direction,low,0.2,basis,3,1,0.2,,,,0,,0,0,1
direction:low:basis:3,direction,low,0.2,basis,3,3,0.2,,,,0,,0,0,1
direction:low:basis:3,direction,low,0.2,basis,3,5,0.2,,,,0,,0,0,1
direction:low:basis:4,direction,low,0.2,basis,4,1,0.2,,,,0,,0,0,1
direction:low:basis:4,direction,low,0.2,basis,4,3,0.2,,,,0,,0,0,1
direction:low:basis:4,direction,low,0.2,basis,4,5,0.2,,,,0,,0,0,1
direction:low:basis:5,direction,low,0.2,basis,5,1,0.2,,,,0,,0,0,1
direction:low:basis:5,direction,low,0.2,basis,5,3,0.2,,,,0,,0,0,1
direction:low:basis:5,direction,low,0.2,basis,5,5,0.2,,,,0,,0,0,1
direction:low:basis:6,direction,low,0.2,basis,6,1,0.2,,,,0,,0,0,1
direction:low:basis:6,direction,low,0.2,basis,6,3,0.2,,,,0,,0,0,1
direction:low:basis:6,direction,low,0.2,basis,6,5,0.2,,,,0,,0,0,1
direction:low:basis:7,direction,low,0.2,basis,7,1,0.2,,,,0,,0,0,1
direction:low:basis:7,direction,low,0.2,basis,7,3,0.2,,,,0,,0,0,1
direction:low:basis:7,direction,low,0.2,basis,7,5,0.2,,,,0,,0,0,1
direction:low:basis:8,direction,low,0.2,basis,8,1,0.2,,,,0,,0,0,1
direction:low:basis:8,direction,low,0.2,basis,8,3,0.2,,,,0,,0,0,1
direction:low:basis:8,direction,low,0.2,basis,8,5,0.2,,,,0,,0,0,1
direction:low:basis:9,direction,low,0.2,basis,9,1,0.2,,,,0,,0,1,0
direction:low:basis:9,direction,low,0.2,basis,9,3,0.2,,,,0,,0,1,0
direction:low:basis:9,direction,low,0.2,basis,9,5,0.2,,,,0,,0,1,0
direction:low:basis:10,direction,low,0.2,basis,10,1,0.2,,,,0,,0,0,1
direction:low:basis:10,direction,low,0.2,basis,10,3,0.2,,,,0,,0,0,1
direction:low:basis:10,direction,low,0.2,basis,10,5,0.2,,,,0,,0,1,0
direction:low:basis:11,direction,low,0.2,basis,11,1,0.2,,,,0,,0,0,1
direction:low:basis:11,direction,low,0.2,basis,11,3,0.2,,,,0,,0,0,1
direction:low:basis:11,direction,low,0.2,basis,11,5,0.2,,,,0,,0,0,1
direction:low:basis:12,direction,low,0.2,basis,12,1,0.2,,,,0,,0,0,1
direction:low:basis:12,direction,low,0.2,basis,12,3,0.2,,,,0,,0,0,1
direction:low:basis:12,direction,low,0.2,basis,12,5,0.2,,,,0,,0,1,0
direction:low:basis:13,direction,low,0.2,basis,13,1,0.2,,,,0,,0,0,1
direction:low:basis:13,direction,low,0.2,basis,13,3,0.2,,,,0,,0,0,1
direction:low:basis:13,direction,low,0.2,basis,13,5,0.2,,,,0,,0,0,1
direction:low:basis:14,direction,low,0.2,basis,14,1,0.2,,,,0,,0,0,1
direction:low:basis:14,direction,low,0.2,basis,14,3,0.2,,,,0,,0,0,1
direction:low:basis:14,direction,low,0.2,basis,14,5,0.2,,,,0,,0,0,1
direction:low:basis:15,direction,low,0.2,basis,15,1,0.2,,,,0,,0,0,1
direction:low:basis:15,direction,low,0.2,basis,15,3,0.2,,,,0,,0,0,1
direction:low:basis:15,direction,low,0.2,basis,15,5,0.2,,,,0,,0,0,1
direction:low:basis:16,direction,low,0.2,basis,16,1,0.2,,,,0,,0,0,1
direction:low:basis:16,direction,low,0.2,basis,16,3,0.2,,,,0,,0,0,1
direction:low:basis:16,direction,low,0.2,basis,16,5,0.2,,,,0,,0,0,1
direction:low:basis:17,direction,low,0.2,basis,17,1,0.2,,,,0,,0,0,1
direction:low:basis:17,direction,low,0.2,basis,17,3,0.2,,,,0,,0,0,1
direction:low:basis:17,direction,low,0.2,basis,17,5,0.2,,,,0,,0,0,1
direction:low:basis:18,direction,low,0.2,basis,18,1,0.2,,,,0,,0,0,1
direction:low:basis:18,direction,low,0.2,basis,18,3,0.2,,,,0,,0,0,1
direction:low:basis:18,direction,low,0.2,basis,18,5,0.2,,,,0,,0,0,1
direction:low:basis:19,direction,low,0.2,basis,19,1,0.2,,,,0,,0,0,1
direction:low:basis:19,direction,low,0.2,basis,19,3,0.2,,,,0,,0,0,1
direction:low:basis:19,direction,low,0.2,basis,19,5,0.2,,,,0,,0,0,1
direction:low:ode:0,direction,low,0.2,ode,0,1,0.2,,,,0,,0,1,0
direction:low:ode:0,direction,low,0.2,ode,0,3,0.2,,,,0,,0,1,0
direction:low:ode:0,direction,low,0.2,ode,0,5,0.2,,,,0,,0,1,0
direction:low:ode:1,direction,low,0.2,ode,1,1,0.2,,,,0,,0,0,1
direction:low:ode:1,direction,low,0.2,ode,1,3,0.2,,,,0,,0,0,1
direction:low:ode:1,direction,low,0.2,ode,1,5,0.2,,,,0,,0,0,1
direction:low:ode:2,direction,low,0.2,ode,2,1,0.2,,,,0,,0,0,1
direction:low:ode:2,direction,low,0.2,ode,2,3,0.2,,,,0,,0,0,1
direction:low:ode:2,direction,low,0.2,ode,2,5,0.2,,,,0,,0,0,1
direction:low:ode:3,direction,low,0.2,ode,3,1,0.2,,,,0,,0,1,0
direction:low:ode:3,direction,low,0.2,ode,3,3,0.2,,,,0,,0,1,0
direction:low:ode:3,direction,low,0.2,ode,3,5,0.2,,,,0,,0,1,0
direction:low:ode:4,direction,low,0.2,ode,4,1,0.2,,,,0,,0,0,1
direction:low:ode:4,direction,low,0.2,ode,4,3,0.2,,,,0,,0,0,1
direction:low:ode:4,direction,low,0.2,ode,4,5,0.2,,,,0,,0,0,1
direction:low:ode:5,direction,low,0.2,ode,5,1,0.2,,,,0,,0,0,1
direction:low:ode:5,direction,low,0.2,ode,5,3,0.2,,,,0,,0,0,1
direction:low:ode:5,direction,low,0.2,ode,5,5,0.2,,,,0,,0,0,1
direction:low:ode:6,direction,low,0.2,ode,6,1,0.2,,,,0,,0,0,1
direction:low:ode:6,direction,low,0.2,ode,6,3,0.2,,,,0,,0,0,1
direction:low:ode:6,direction,low,0.2,ode,6,5,0.2,,,,0,,0,0,1
direction:low:ode:7,direction,low,0.2,ode,7,1,0.2,,,,0,,0,0,1
direction:low:ode:7,direction,low,0.2,ode,7,3,0.2,,,,0,,0,0,1
direction:low:ode:7,direction,low,0.2,ode,7,5,0.2,,,,0,,0,0,1
direction:low:ode:8,direction,low,0.2,ode,8,1,0.2,,,,0,,0,0,1
direction:low:ode:8,direction,low,0.2,ode,8,3,0.2,,,,0,,0,0,1
direction:low:ode:8,direction,low,0.2,ode,8,5,0.2,,,,0,,0,0,1
direction:low:ode:9,direction,low,0.2,ode,9,1,0.2,,,,0,,0,1,0
direction:low:ode:9,direction,low,0.2,ode,9,3,0.2,,,,0,,0,1,0
direction:low:ode:9,direction,low,0.2,ode,9,5,0.2,,,,0,,0,1,0
direction:low:ode:10,direction,low,0.2,ode,10,1,0.2,,,,0,,0,0,1
direction:low:ode:10,direction,low,0.2,ode,10,3,0.2,,,,0,,0,0,1
direction:low:ode:10,direction,low,0.2,ode,10,5,0.2,,,,0,,0,0,1
direction:low:ode:11,direction,low,0.2,ode,11,1,0.2,,,,0,,0,0,1
direction:low:ode:11,direction,low,0.2,ode,11,3,0.2,,,,0,,0,0,1
direction:low:ode:11,direction,low,0.2,ode,11,5,0.2,,,,0,,0,0,1
direction:low:ode:12,direction,low,0.2,ode,12,1,0.2,,,,0,,0,0,1
direction:low:ode:12,direction,low,0.2,ode,12,3,0.2,,,,0,,0,0,1
direction:low:ode:12,direction,low,0.2,ode,12,5,0.2,,,,0,,0,0,1
direction:low:ode:13,direction,low,0.2,ode,13,1,0.2,,,,0,,0,0,1
direction:low:ode:13,direction,low,0.2,ode,13,3,0.2,,,,0,,0,1,0
direction:low:ode:13,direction,low,0.2,ode,13,5,0.2,,,,0,,0,0,1
direction:low:ode:14,direction,low,0.2,ode,14,1,0.2,,,,0,,0,1,0
direction:low:ode:14,direction,low,0.2,ode,14,3,0.2,,,,0,,0,1,0
direction:low:ode:14,direction,low,0.2,ode,14,5,0.2,,,,0,,0,1,0
direction:low:ode:15,direction,low,0.2,ode,15,1,0.2,,,,0,,0,0,1
direction:low:ode:15,direction,low,0.2,ode,15,3,0.2,,,,0,,0,0,1
direction:low:ode:15,direction,low,0.2,ode,15,5,0.2,,,,0,,0,0,1
direction:low:ode:16,direction,low,0.2,ode,16,1,0.2,,,,0,,0,0,1
direction:low:ode:16,direction,low,0.2,ode,16,3,0.2,,,,0,,0,0,1
direction:low:ode:16,direction,low,0.2,ode,16,5,0.2,,,,0,,0,1,0
direction:low:ode:17,direction,low,0.2,ode,17,1,0.2,,,,0,,0,0,1
direction:low:ode:17,direction,low,0.2,ode,17,3,0.2,,,,0,,0,0,1
direction:low:ode:17,direction,low,0.2,ode,17,5,0.2,,,,0,,0,0,1
direction:low:ode:18,direction,low,0.2,ode,18,1,0.2,,,,0,,0,0,1
direction:low:ode:18,direction,low,0.2,ode,18,3,0.2,,,,0,,0,0,1
direction:low:ode:18,direction,low,0.2,ode,18,5,0.2,,,,0,,0,0,1
direction:low:ode:19,direction,low,0.2,ode,19,1,0.2,,,,0,,0,0,1
direction:low:ode:19,direction,low,0.2,ode,19,3,0.2,,,,0,,0,0,1
direction:low:ode:19,direction,low,0.2,ode,19,5,0.2,,,,0,,0,0,1
direction:mid:spline:0,direction,mid,0.5,spline,0,1,0.2,,,,0,,0,0,1
direction:mid:spline:0,direction,mid,0.5,spline,0,3,0.2,,,,0,,0,0,1
direction:mid:spline:0,direction,mid,0.5,spline,0,5,0.2,,,,0,,0,0,1
direction:mid:spline:1,direction,mid,0.5,spline,1,1,0.2,,,,0,,0,0,1
direction:mid:spline:1,direction,mid,0.5,spline,1,3,0.2,,,,0,,0,0,1
direction:mid:spline:1,direction,mid,0.5,spline,1,5,0.2,,,,0,,0,0,1
direction:mid:spline:2,direction,mid,0.5,spline,2,1,0.2,,,,0,,0,0,1
direction:mid:spline:2,direction,mid,0.5,spline,2,3,0.2,,,,0,,0,0,1
direction:mid:spline:2,direction,mid,0.5,spline,2,5,0.2,,,,0,,0,0,1
direction:mid:spline:3,direction,mid,0.5,spline,3,1,0.2,,,,0,,0,0,1
direction:mid:spline:3,direction,mid,0.5,spline,3,3,0.2,,,,0,,0,0,1
direction:mid:spline:3,direction,mid,0.5,spline,3,5,0.2,,,,0,,0,0,1
direction:mid:spline:4,direction,mid,0.5,spline,4,1,0.2,,,,0,,0,0,1
direction:mid:spline:4,direction,mid,0.5,spline,4,3,0.2,,,,0,,0,0,1
direction:mid:spline:4,direction,mid,0.5,spline,4,5,0.2,,,,0,,0,0,1
direction:mid:spline:5,direction,mid,0.5,spline,5,1,0.2,,,,0,,0,0,1
direction:mid:spline:5,direction,mid,0.5,spline,5,3,0.2,,,,0,,0,0,1
direction:mid:spline:5,direction,mid,0.5,spline,5,5,0.2,,,,0,,0,0,1
direction:mid:spline:6,direction,mid,0.5,spline,6,1,0.2,,,,0,,0,0,1
direction:mid:spline:6,direction,mid,0.5,spline,6,3,0.2,,,,0,,0,0,1
direction:mid:spline:6,direction,mid,0.5,spline,6,5,0.2,,,,0,,0,0,1
direction:mid:spline:7,direction,mid,0.5,spline,7,1,0.2,,,,0,,0,0,1
direction:mid:spline:7,direction,mid,0.5,spline,7,3,0.2,,,,0,,0,0,1
direction:mid:spline:7,direction,mid,0.5,spline,7,5,0.2,,,,0,,0,0,1
direction:mid:spline:8,direction,mid,0.5,spline,8,1,0.2,,,,0,,0,0,1
direction:mid:spline:8,direction,mid,0.5,spline,8,3,0.2,,,,0,,0,0,1
direction:mid:spline:8,direction,mid,0.5,spline,8,5,0.2,,,,0,,0,0,1
direction:mid:spline:9,direction,mid,0.5,spline,9,1,0.2,,,,0,,0,0,1
direction:mid:spline:9,direction,mid,0.5,spline,9,3,0.2,,,,0,,0,0,1
direction:mid:spline:9,direction,mid,0.5,spline,9,5,0.2,,,,0,,0,0,1
direction:mid:spline:10,direction,mid,0.5,spline,10,1,0.2,,,,0,,0,0,1
direction:mid:spline:10,direction,mid,0.5,spline,10,3,0.2,,,,0,,0,0,1
direction:mid:spline:10,direction,mid,0.5,spline,10,5,0.2,,,,0,,0,0,1
direction:mid:spline:11,direction,mid,0.5,spline,11,1,0.2,,,,0,,0,0,1
direction:mid:spline:11,direction,mid,0.5,spline,11,3,0.2,,,,0,,0,0,1
direction:mid:spline:11,direction,mid,0.5,spline,11,5,0.2,,,,0,,0,0,1
direction:mid:spline:12,direction,mid,0.5,spline,12,1,0.2,,,,0,,0,0,1
direction:mid:spline:12,direction,mid,0.5,spline,12,3,0.2,,,,0,,0,0,1
direction:mid:spline:12,direction,mid,0.5,spline,12,5,0.2,,,,0,,0,1,0
direction:mid:spline:13,direction,mid,0.5,spline,13,1,0.2,,,,0,,0,1,0
direction:mid:spline:13,direction,mid,0.5,spline,13,3,0.2,,,,0,,0,1,0
direction:mid:spline:13,direction,mid,0.5,spline,13,5,0.2,,,,0,,0,1,0
direction:mid:spline:14,direction,mid,0.5,spline,14,1,0.2,,,,0,,0,0,1
direction:mid:spline:14,direction,mid,0.5,spline,14,3,0.2,,,,0,,0,0,1
direction:mid:spline:14,direction,mid,0.5,spline,14,5,0.2,,,,0,,0,0,1
direction:mid:spline:15,direction,mid,0.5,spline,15,1,0.2,,,,0,,0,0,1
direction:mid:spline:15,direction,mid,0.5,spline,15,3,0.2,,,,0,,0,0,1
direction:mid:spline:15,direction,mid,0.5,spline,15,5,0.2,,,,0,,0,0,1
direction:mid:spline:16,direction,mid,0.5,spline,16,1,0.2,0.4,0.4,,1,,0,0,0
direction:mid:spline:16,direction,mid,0.5,spline,16,3,0.2,0.4,0.4,,1,,0,0,0
direction:mid:spline:16,direction,mid,0.5,spline,16,5,0.2,0.4,0.4,,1,,0,1,0
direction:mid:spline:17,direction,mid,0.5,spline,17,1,0.2,,,,0,,0,0,1
direction:mid:spline:17,direction,mid,0.5,spline,17,3,0.2,,,,0,,0,0,1
direction:mid:spline:17,direction,mid,0.5,spline,17,5,0.2,,,,0,,0,0,1
direction:mid:spline:18,direction,mid,0.5,spline,18,1,0.2,,,,0,,0,0,1
direction:mid:spline:18,direction,mid,0.5,spline,18,3,0.2,,,,0,,0,0,1
direction:mid:spline:18,direction,mid,0.5,spline,18,5,0.2,,,,0,,0,0,1
direction:mid:spline:19,direction,mid,0.5,spline,19,1,0.2,,,,0,,0,0,1
direction:mid:spline:19,direction,mid,0.5,spline,19,3,0.2,,,,0,,0,0,1
direction:mid:spline:19,direction,mid,0.5,spline,19,5,0.2,,,,0,,0,0,1
direction:mid:basis:0,direction,mid,0.5,basis,0,1,0.2,,,,0,,0,1,0
direction:mid:basis:0,direction,mid,0.5,basis,0,3,0.2,,,,0,,0,1,0
direction:mid:basis:0,direction,mid,0.5,basis,0,5,0.2,,,,0,,0,1,0
direction:mid:basis:1,direction,mid,0.5,basis,1,1,0.2,0.5,0.5,,1,,0,0,0
direction:mid:basis:1,direction,mid,0.5,basis,1,3,0.2,0.5,0.5,,1,,0,1,0
direction:mid:basis:1,direction,mid,0.5,basis,1,5,0.2,0.5,0.5,,1,,0,1,0
direction:mid:basis:2,direction,mid,0.5,basis,2,1,0.2,,,,0,,0,0,1
direction:mid:basis:2,direction,mid,0.5,basis,2,3,0.2,,,,0,,0,0,1
direction:mid:basis:2,direction,mid,0.5,basis,2,5,0.2,,,,0,,0,0,1
direction:mid:basis:3,direction,mid,0.5,basis,3,1,0.2,,,,0,,0,0,1
direction:mid:basis:3,direction,mid,0.5,basis,3,3,0.2,,,,0,,0,0,1
direction:mid:basis:3,direction,mid,0.5,basis,3,5,0.2,,,,0,,0,0,1
direction:mid:basis:4,direction,mid,0.5,basis,4,1,0.2,,,,0,,0,0,1
direction:mid:basis:4,direction,mid,0.5,basis,4,3,0.2,,,,0,,0,0,1
direction:mid:basis:4,direction,mid,0.5,basis,4,5,0.2,,,,0,,0,0,1
direction:mid:basis:5,direction,mid,0.5,basis,5,1,0.2,,,,0,,0,0,1
direction:mid:basis:5,direction,mid,0.5,basis,5,3,0.2,,,,0,,0,0,1
direction:mid:basis:5,direction,mid,0.5,basis,5,5,0.2,,,,0,,0,0,1
direction:mid:basis:6,direction,mid,0.5,basis,6,1,0.2,,,,0,,0,0,1
direction:mid:basis:6,direction,mid,0.5,basis,6,3,0.2,,,,0,,0,0,1
direction:mid:basis:6,direction,mid,0.5,basis,6,5,0.2,,,,0,,0,0,1
direction:mid:basis:7,direction,mid,0.5,basis,7,1,0.2,,,,0,,0,1,0
direction:mid:basis:7,direction,mid,0.5,basis,7,3,0.2,,,,0,,0,1,0
direction:mid:basis:7,direction,mid,0.5,basis,7,5,0.2,,,,0,,0,1,0
direction:mid:basis:8,direction,mid,0.5,basis,8,1,0.2,,,,0,,0,1,0
direction:mid:basis:8,direction,mid,0.5,basis,8,3,0.2,,,,0,,0,1,0
direction:mid:basis:8,direction,mid,0.5,basis,8,5,0.2,,,,0,,0,1,0
direction:mid:basis:9,direction,mid,0.5,basis,9,1,0.2,,,,0,,0,0,1
direction:mid:basis:9,direction,mid,0.5,basis,9,3,0.2,,,,0,,0,0,1
direction:mid:basis:9,direction,mid,0.5,basis,9,5,0.2,,,,0,,0,0,1
direction:mid:basis:10,direction,mid,0.5,basis,10,1,0.2,,,,0,,0,0,1
direction:mid:basis:10,direction,mid,0.5,basis,10,3,0.2,,,,0,,0,0,1
direction:mid:basis:10,direction,mid,0.5,basis,10,5,0.2,,,,0,,0,0,1
direction:mid:basis:11,direction,mid,0.5,basis,11,1,0.2,,,,0,,0,0,1
direction:mid:basis:11,direction,mid,0.5,basis,11,3,0.2,,,,0,,0,1,0
direction:mid:basis:11,direction,mid,0.5,basis,11,5,0.2,,,,0,,0,1,0
direction:mid:basis:12,direction,mid,0.5,basis,12,1,0.2,0.6,0.6,,1,,0,0,0
direction:mid:basis:12,direction,mid,0.5,basis,12,3,0.2,0.6,0.6,,1,,0,0,0
direction:mid:basis:12,direction,mid,0.5,basis,12,5,0.2,0.6,0.6,,1,,0,0,0
direction:mid:basis:13,direction,mid,0.5,basis,13,1,0.2,,,,0,,0,0,1
direction:mid:basis:13,direction,mid,0.5,basis,13,3,0.2,,,,0,,0,0,1
direction:mid:basis:13,direction,mid,0.5,basis,13,5,0.2,,,,0,,0,0,1
direction:mid:basis:14,direction,mid,0.5,basis,14,1,0.2,,,,0,,0,0,1
direction:mid:basis:14,direction,mid,0.5,basis,14,3,0.2,,,,0,,0,0,1
direction:mid:basis:14,direction,mid,0.5,basis,14,5,0.2,,,,0,,0,0,1
direction:mid:basis:15,direction,mid,0.5,basis,15,1,0.2,,,,0,,0,0,1
direction:mid:basis:15,direction,mid,0.5,basis,15,3,0.2,,,,0,,0,0,1
direction:mid:basis:15,direction,mid,0.5,basis,15,5,0.2,,,,0,,0,0,1
direction:mid:basis:16,direction,mid,0.5,basis,16,1,0.2,,,,0,,0,1,0
direction:mid:basis:16,direction,mid,0.5,basis,16,3,0.2,,,,0,,0,1,0
direction:mid:basis:16,direction,mid,0.5,basis,16,5,0.2,,,,0,,0,1,0
direction:mid:basis:17,direction,mid,0.5,basis,17,1,0.2,,,,0,,0,0,1
direction:mid:basis:17,direction,mid,0.5,basis,17,3,0.2,,,,0,,0,0,1
direction:mid:basis:17,direction,mid,0.5,basis,17,5,0.2,,,,0,,0,0,1
direction:mid:basis:18,direction,mid,0.5,basis,18,1,0.2,,,,0,,0,1,0
direction:mid:basis:18,direction,mid,0.5,basis,18,3,0.2,,,,0,,0,1,0
direction:mid:basis:18,direction,mid,0.5,basis,18,5,0.2,,,,0,,0,1,0
direction:mid:basis:19,direction,mid,0.5,basis,19,1,0.2,,,,0,,0,0,1
direction:mid:basis:19,direction,mid,0.5,basis,19,3,0.2,,,,0,,0,0,1
direction:mid:basis:19,direction,mid,0.5,basis,19,5,0.2,,,,0,,0,0,1
direction:mid:ode:0,direction,mid,0.5,ode,0,1,0.2,,,,0,,0,0,1
direction:mid:ode:0,direction,mid,0.5,ode,0,3,0.2,,,,0,,0,0,1
direction:mid:ode:0,direction,mid,0.5,ode,0,5,0.2,,,,0,,0,0,1
direction:mid:ode:1,direction,mid,0.5,ode,1,1,0.2,,,,0,,0,0,1
direction:mid:ode:1,direction,mid,0.5,ode,1,3,0.2,,,,0,,0,0,1
direction:mid:ode:1,direction,mid,0.5,ode,1,5,0.2,,,,0,,0,0,1
direction:mid:ode:2,direction,mid,0.5,ode,2,1,0.2,,,,0,,0,1,0
direction:mid:ode:2,direction,mid,0.5,ode,2,3,0.2,,,,0,,0,1,0
direction:mid:ode:2,direction,mid,0.5,ode,2,5,0.2,,,,0,,0,1,0
direction:mid:ode:3,direction,mid,0.5,ode,3,1,0.2,0.6,,,0,,0,1,0
direction:mid:ode:3,direction,mid,0.5,ode,3,3,0.2,0.6,,,0,,0,1,0
direction:mid:ode:3,direction,mid,0.5,ode,3,5,0.2,0.6,,,0,,0,1,0
direction:mid:ode:4,direction,mid,0.5,ode,4,1,0.2,,,,0,,0,0,1
direction:mid:ode:4,direction,mid,0.5,ode,4,3,0.2,,,,0,,0,0,1
direction:mid:ode:4,direction,mid,0.5,ode,4,5,0.2,,,,0,,0,0,1
direction:mid:ode:5,direction,mid,0.5,ode,5,1,0.2,,,,0,,0,0,1
direction:mid:ode:5,direction,mid,0.5,ode,5,3,0.2,,,,0,,0,0,1
direction:mid:ode:5,direction,mid,0.5,ode,5,5,0.2,,,,0,,0,0,1
direction:mid:ode:6,direction,mid,0.5,ode,6,1,0.2,,,,0,,0,0,1
direction:mid:ode:6,direction,mid,0.5,ode,6,3,0.2,,,,0,,0,0,1
direction:mid:ode:6,direction,mid,0.5,ode,6,5,0.2,,,,0,,0,0,1
direction:mid:ode:7,direction,mid,0.5,ode,7,1,0.2,,,,0,,0,0,1
direction:mid:ode:7,direction,mid,0.5,ode,7,3,0.2,,,,0,,0,0,1
direction:mid:ode:7,direction,mid,0.5,ode,7,5,0.2,,,,0,,0,0,1
direction:mid:ode:8,direction,mid,0.5,ode,8,1,0.2,,,,0,,0,0,1
direction:mid:ode:8,direction,mid,0.5,ode,8,3,0.2,,,,0,,0,0,1
direction:mid:ode:8,direction,mid,0.5,ode,8,5,0.2,,,,0,,0,0,1
direction:mid:ode:9,direction,mid,0.5,ode,9,1,0.2,0.5,0.5,,1,,0,1,0
direction:mid:ode:9,direction,mid,0.5,ode,9,3,0.2,0.5,0.5,,1,,0,1,0
direction:mid:ode:9,direction,mid,0.5,ode,9,5,0.2,0.5,,,0,,0,1,0
direction:mid:ode:10,direction,mid,0.5,ode,10,1,0.2,,,,0,,0,0,1
direction:mid:ode:10,direction,mid,0.5,ode,10,3,0.2,,,,0,,0,0,1
direction:mid:ode:10,direction,mid,0.5,ode,10,5,0.2,,,,0,,0,0,1
direction:mid:ode:11,direction,mid,0.5,ode,11,1,0.2,,,,0,,0,1,0
direction:mid:ode:11,direction,mid,0.5,ode,11,3,0.2,,,,0,,0,1,0
direction:mid:ode:11,direction,mid,0.5,ode,11,5,0.2,,,,0,,0,1,0
direction:mid:ode:12,direction,mid,0.5,ode,12,1,0.2,,,,0,,0,0,1
direction:mid:ode:12,direction,mid,0.5,ode,12,3,0.2,,,,0,,0,0,1
direction:mid:ode:12,direction,mid,0.5,ode,12,5,0.2,,,,0,,0,0,1
direction:mid:ode:13,direction,mid,0.5,ode,13,1,0.2,,,,0,,0,0,1
direction:mid:ode:13,direction,mid,0.5,ode,13,3,0.2,,,,0,,0,0,1
direction:mid:ode:13,direction,mid,0.5,ode,13,5,0.2,,,,0,,0,0,1
direction:mid:ode:14,direction,mid,0.5,ode,14,1,0.2,,,,0,,0,0,1
direction:mid:ode:14,direction,mid,0.5,ode,14,3,0.2,,,,0,,0,0,1
direction:mid:ode:14,direction,mid,0.5,ode,14,5,0.2,,,,0,,0,0,1
direction:mid:ode:15,direction,mid,0.5,ode,15,1,0.2,,,,0,,0,0,1
direction:mid:ode:15,direction,mid,0.5,ode,15,3,0.2,,,,0,,0,0,1
direction:mid:ode:15,direction,mid,0.5,ode,15,5,0.2,,,,0,,0,0,1
direction:mid:ode:16,direction,mid,0.5,ode,16,1,0.2,,,,0,,0,0,1
direction:mid:ode:16,direction,mid,0.5,ode,16,3,0.2,,,,0,,0,0,1
direction:mid:ode:16,direction,mid,0.5,ode,16,5,0.2,,,,0,,0,0,1
direction:mid:ode:17,direction,mid,0.5,ode,17,1,0.2,,,,0,,0,0,1
direction:mid:ode:17,direction,mid,0.5,ode,17,3,0.2,,,,0,,0,0,1
direction:mid:ode:17,direction,mid,0.5,ode,17,5,0.2,,,,0,,0,0,1
direction:mid:ode:18,direction,mid,0.5,ode,18,1,0.2,,,,0,,0,0,1
direction:mid:ode:18,direction,mid,0.5,ode,18,3,0.2,,,,0,,0,0,1
direction:mid:ode:18,direction,mid,0.5,ode,18,5,0.2,,,,0,,0,0,1
direction:mid:ode:19,direction,mid,0.5,ode,19,1,0.2,,,,0,,0,0,1
direction:mid:ode:19,direction,mid,0.5,ode,19,3,0.2,,,,0,,0,0,1
direction:mid:ode:19,direction,mid,0.5,ode,19,5,0.2,,,,0,,0,0,1
direction:high:spline:0,direction,high,0.8,spline,0,1,0.2,,,,0,,0,0,1
direction:high:spline:0,direction,high,0.8,spline,0,3,0.2,,,,0,,0,0,1
direction:high:spline:0,direction,high,0.8,spline,0,5,0.2,,,,0,,0,0,1
direction:high:spline:1,direction,high,0.8,spline,1,1,0.2,,,,0,,0,0,1
direction:high:spline:1,direction,high,0.8,spline,1,3,0.2,,,,0,,0,0,1
direction:high:spline:1,direction,high,0.8,spline,1,5,0.2,,,,0,,0,0,1
direction:high:spline:2,direction,high,0.8,spline,2,1,0.2,,,,0,,0,1,0
direction:high:spline:2,direction,high,0.8,spline,2,3,0.2,,,,0,,0,1,0
direction:high:spline:2,direction,high,0.8,spline,2,5,0.2,,,,0,,0,1,0
direction:high:spline:3,direction,high,0.8,spline,3,1,0.2,,,,0,,0,0,1
direction:high:spline:3,direction,high,0.8,spline,3,3,0.2,,,,0,,0,0,1
direction:high:spline:3,direction,high,0.8,spline,3,5,0.2,,,,0,,0,0,1
direction:high:spline:4,direction,high,0.8,spline,4,1,0.2,,,,0,,0,0,1
direction:high:spline:4,direction,high,0.8,spline,4,3,0.2,,,,0,,0,0,1
direction:high:spline:4,direction,high,0.8,spline,4,5,0.2,,,,0,,0,0,1
direction:high:spline:5,direction,high,0.8,spline,5,1,0.2,,,,0,,0,0,1
direction:high:spline:5,direction,high,0.8,spline,5,3,0.2,,,,0,,0,0,1
direction:high:spline:5,direction,high,0.8,spline,5,5,0.2,,,,0,,0,0,1
direction:high:spline:6,direction,high,0.8,spline,6,1,0.2,,,,0,,0,0,1
direction:high:spline:6,direction,high,0.8,spline,6,3,0.2,,,,0,,0,0,1
direction:high:spline:6,direction,high,0.8,spline,6,5,0.2,,,,0,,0,0,1
direction:high:spline:7,direction,high,0.8,spline,7,1,0.2,0.4,0.4,,1,,0,1,0
direction:high:spline:7,direction,high,0.8,spline,7,3,0.2,0.4,0.4,,1,,0,1,0
direction:high:spline:7,direction,high,0.8,spline,7,5,0.2,0.4,0.4,,1,,0,1,0
direction:high:spline:8,direction,high,0.8,spline,8,1,0.2,0.4,0.4,,1,,0,1,0
direction:high:spline:8,direction,high,0.8,spline,8,3,0.2,0.4,0.4,,1,,0,1,0
direction:high:spline:8,direction,high,0.8,spline,8,5,0.2,0.4,,,0,,0,1,0
direction:high:spline:9,direction,high,0.8,spline,9,1,0.2,,,,0,,0,0,1
direction:high:spline:9,direction,high,0.8,spline,9,3,0.2,,,,0,,0,0,1
direction:high:spline:9,direction,high,0.8,spline,9,5,0.2,,,,0,,0,0,1
direction:high:spline:10,direction,high,0.8,spline,10,1,0.2,,,,0,,0,0,1
direction:high:spline:10,direction,high,0.8,spline,10,3,0.2,,,,0,,0,0,1
direction:high:spline:10,direction,high,0.8,spline,10,5,0.2,,,,0,,0,0,1
direction:high:spline:11,direction,high,0.8,spline,11,1,0.2,,,,0,,0,0,1
direction:high:spline:11,direction,high,0.8,spline,11,3,0.2,,,,0,,0,0,1
direction:high:spline:11,direction,high,0.8,spline,11,5,0.2,,,,0,,0,0,1
direction:high:spline:12,direction,high,0.8,spline,12,1,0.2,0.4,0.4,,1,,0,0,0
direction:high:spline:12,direction,high,0.8,spline,12,3,0.2,0.4,0.4,,1,,0,0,0
direction:high:spline:12,direction,high,0.8,spline,12,5,0.2,0.4,0.4,,1,,0,1,0
direction:high:spline:13,direction,high,0.8,spline,13,1,0.2,,,,0,,0,0,1
direction:high:spline:13,direction,high,0.8,spline,13,3,0.2,,,,0,,0,0,1
direction:high:spline:13,direction,high,0.8,spline,13,5,0.2,,,,0,,0,0,1
direction:high:spline:14,direction,high,0.8,spline,14,1,0.2,,,,0,,0,0,1
direction:high:spline:14,direction,high,0.8,spline,14,3,0.2,,,,0,,0,0,1
direction:high:spline:14,direction,high,0.8,spline,14,5,0.2,,,,0,,0,0,1
direction:high:spline:15,direction,high,0.8,spline,15,1,0.2,,,,0,,0,0,1
direction:high:spline:15,direction,high,0.8,spline,15,3,0.2,,,,0,,0,0,1
direction:high:spline:15,direction,high,0.8,spline,15,5,0.2,,,,0,,0,0,1
direction:high:spline:16,direction,high,0.8,spline,16,1,0.2,0.4,0.4,,1,,0,1,0
direction:high:spline:16,direction,high,0.8,spline,16,3,0.2,0.4,0.4,,1,,0,1,0
direction:high:spline:16,direction,high,0.8,spline,16,5,0.2,0.4,0.4,,1,,0,1,0
direction:high:spline:17,direction,high,0.8,spline,17,1,0.2,,,,0,,0,0,1
direction:high:spline:17,direction,high,0.8,spline,17,3,0.2,,,,0,,0,0,1
direction:high:spline:17,direction,high,0.8,spline,17,5,0.2,,,,0,,0,0,1
direction:high:spline:18,direction,high,0.8,spline,18,1,0.2,,,,0,,0,0,1
direction:high:spline:18,direction,high,0.8,spline,18,3,0.2,,,,0,,0,0,1
direction:high:spline:18,direction,high,0.8,spline,18,5,0.2,,,,0,,0,0,1
direction:high:spline:19,direction,high,0.8,spline,19,1,0.2,,,,0,,0,0,1
direction:high:spline:19,direction,high,0.8,spline,19,3,0.2,,,,0,,0,0,1
direction:high:spline:19,direction,high,0.8,spline,19,5,0.2,,,,0,,0,0,1
direction:high:basis:0,direction,high,0.8,basis,0,1,0.2,,,,0,,0,0,1
direction:high:basis:0,direction,high,0.8,basis,0,3,0.2,,,,0,,0,0,1
direction:high:basis:0,direction,high,0.8,basis,0,5,0.2,,,,0,,0,0,1
direction:high:basis:1,direction,high,0.8,basis,1,1,0.2,,,,0,,0,0,1
direction:high:basis:1,direction,high,0.8,basis,1,3,0.2,,,,0,,0,0,1
direction:high:basis:1,direction,high,0.8,basis,1,5,0.2,,,,0,,0,0,1
direction:high:basis:2,direction,high,0.8,basis,2,1,0.2,,,,0,,0,0,1
direction:high:basis:2,direction,high,0.8,basis,2,3,0.2,,,,0,,0,0,1
direction:high:basis:2,direction,high,0.8,basis,2,5,0.2,,,,0,,0,0,1
direction:high:basis:3,direction,high,0.8,basis,3,1,0.2,,,,0,,0,1,0
direction:high:basis:3,direction,high,0.8,basis,3,3,0.2,,,,0,,0,1,0
direction:high:basis:3,direction,high,0.8,basis,3,5,0.2,,,,0,,0,1,0
direction:high:basis:4,direction,high,0.8,basis,4,1,0.2,,,,0,,0,1,0
direction:high:basis:4,direction,high,0.8,basis,4,3,0.2,,,,0,,0,1,0
direction:high:basis:4,direction,high,0.8,basis,4,5,0.2,,,,0,,0,1,0
direction:high:basis:5,direction,high,0.8,basis,5,1,0.2,,,,0,,0,0,1
direction:high:basis:5,direction,high,0.8,basis,5,3,0.2,,,,0,,0,0,1
direction:high:basis:5,direction,high,0.8,basis,5,5,0.2,,,,0,,0,0,1
direction:high:basis:6,direction,high,0.8,basis,6,1,0.2,,,,0,,0,0,1
direction:high:basis:6,direction,high,0.8,basis,6,3,0.2,,,,0,,0,0,1
direction:high:basis:6,direction,high,0.8,basis,6,5,0.2,,,,0,,0,0,1
direction:high:basis:7,direction,high,0.8,basis,7,1,0.2,,,,0,,0,0,1
direction:high:basis:7,direction,high,0.8,basis,7,3,0.2,,,,0,,0,0,1
direction:high:basis:7,direction,high,0.8,basis,7,5,0.2,,,,0,,0,0,1
direction:high:basis:8,direction,high,0.8,basis,8,1,0.2,,,,0,,0,0,1
direction:high:basis:8,direction,high,0.8,basis,8,3,0.2,,,,0,,0,0,1
direction:high:basis:8,direction,high,0.8,basis,8,5,0.2,,,,0,,0,0,1
direction:high:basis:9,direction,high,0.8,basis,9,1,0.2,0.6,0.6,,1,,0,0,0
direction:high:basis:9,direction,high,0.8,basis,9,3,0.2,0.6,0.6,,1,,0,0,0
direction:high:basis:9,direction,high,0.8,basis,9,5,0.2,0.6,0.6,,1,,0,0,0
direction:high:basis:10,direction,high,0.8,basis,10,1,0.2,,,,0,,0,1,0
direction:high:basis:10,direction,high,0.8,basis,10,3,0.2,,,,0,,0,1,0
direction:high:basis:10,direction,high,0.8,basis,10,5,0.2,,,,0,,0,1,0
direction:high:basis:11,direction,high,0.8,basis,11,1,0.2,,,,0,,0,0,1
direction:high:basis:11,direction,high,0.8,basis,11,3,0.2,,,,0,,0,0,1
direction:high:basis:11,direction,high,0.8,basis,11,5,0.2,,,,0,,0,0,1
direction:high:basis:12,direction,high,0.8,basis,12,1,0.2,,,,0,,0,0,1
direction:high:basis:12,direction,high,0.8,basis,12,3,0.2,,,,0,,0,0,1
direction:high:basis:12,direction,high,0.8,basis,12,5,0.2,,,,0,,0,0,1
direction:high:basis:13,direction,high,0.8,basis,13,1,0.2,0.4,0.4,,1,,0,0,0
direction:high:basis:13,direction,high,0.8,basis,13,3,0.2,0.4,0.4,,1,,0,0,0
direction:high:basis:13,direction,high,0.8,basis,13,5,0.2,0.4,0.4,,1,,0,1,0
direction:high:basis:14,direction,high,0.8,basis,14,1,0.2,,,,0,,0,1,0
direction:high:basis:14,direction,high,0.8,basis,14,3,0.2,,,,0,,0,1,0
direction:high:basis:14,direction,high,0.8,basis,14,5,0.2,,,,0,,0,1,0
direction:high:basis:15,direction,high,0.8,basis,15,1,0.2,,,,0,,0,0,1
direction:high:basis:15,direction,high,0.8,basis,15,3,0.2,,,,0,,0,0,1
direction:high:basis:15,direction,high,0.8,basis,15,5,0.2,,,,0,,0,0,1
direction:high:basis:16,direction,high,0.8,basis,16,1,0.2,,,,0,,0,0,1
direction:high:basis:16,direction,high,0.8,basis,16,3,0.2,,,,0,,0,0,1
direction:high:basis:16,direction,high,0.8,basis,16,5,0.2,,,,0,,0,1,0
direction:high:basis:17,direction,high,0.8,basis,17,1,0.2,,,,0,,0,0,1
direction:high:basis:17,direction,high,0.8,basis,17,3,0.2,,,,0,,0,0,1
direction:high:basis:17,direction,high,0.8,basis,17,5,0.2,,,,0,,0,1,0
direction:high:basis:18,direction,high,0.8,basis,18,1,0.2,,,,0,,0,1,0
direction:high:basis:18,direction,high,0.8,basis,18,3,0.2,,,,0,,0,1,0
direction:high:basis:18,direction,high,0.8,basis,18,5,0.2,,,,0,,0,1,0
direction:high:basis:19,direction,high,0.8,basis,19,1,0.2,,,,0,,0,0,1
direction:high:basis:19,direction,high,0.8,basis,19,3,0.2,,,,0,,0,0,1
direction:high:basis:19,direction,high,0.8,basis,19,5,0.2,,,,0,,0,0,1
direction:high:ode:0,direction,high,0.8,ode,0,1,0.2,,,,0,,0,0,1
direction:high:ode:0,direction,high,0.8,ode,0,3,0.2,,,,0,,0,0,1
direction:high:ode:0,direction,high,0.8,ode,0,5,0.2,,,,0,,0,0,1
direction:high:ode:1,direction,high,0.8,ode,1,1,0.2,,,,0,,0,0,1
direction:high:ode:1,direction,high,0.8,ode,1,3,0.2,,,,0,,0,0,1
direction:high:ode:1,direction,high,0.8,ode,1,5,0.2,,,,0,,0,0,1
direction:high:ode:2,direction,high,0.8,ode,2,1,0.2,,,,0,,0,0,1
direction:high:ode:2,direction,high,0.8,ode,2,3,0.2,,,,0,,0,0,1
direction:high:ode:2,direction,high,0.8,ode,2,5,0.2,,,,0,,0,0,1
direction:high:ode:3,direction,high,0.8,ode,3,1,0.2,0.4,0.4,,1,,0,0,0
direction:high:ode:3,direction,high,0.8,ode,3,3,0.2,0.4,0.4,,1,,0,0,0
direction:high:ode:3,direction,high,0.8,ode,3,5,0.2,0.4,0.4,,1,,0,0,0
direction:high:ode:4,direction,high,0.8,ode,4,1,0.2,,,,0,,0,0,1
direction:high:ode:4,direction,high,0.8,ode,4,3,0.2,,,,0,,0,0,1
direction:high:ode:4,direction,high,0.8,ode,4,5,0.2,,,,0,,0,0,1
direction:high:ode:5,direction,high,0.8,ode,5,1,0.2,,,,0,,0,0,1
direction:high:ode:5,direction,high,0.8,ode,5,3,0.2,,,,0,,0,0,1
direction:high:ode:5,direction,high,0.8,ode,5,5,0.2,,,,0,,0,0,1
direction:high:ode:6,direction,high,0.8,ode,6,1,0.2,,,,0,,0,0,1
direction:high:ode:6,direction,high,0.8,ode,6,3,0.2,,,,0,,0,0,1
direction:high:ode:6,direction,high,0.8,ode,6,5,0.2,,,,0,,0,0,1
direction:high:ode:7,direction,high,0.8,ode,7,1,0.2,,,,0,,0,0,1
direction:high:ode:7,direction,high,0.8,ode,7,3,0.2,,,,0,,0,0,1
direction:high:ode:7,direction,high,0.8,ode,7,5,0.2,,,,0,,0,0,1
direction:high:ode:8,direction,high,0.8,ode,8,1,0.2,,,,0,,0,0,1
direction:high:ode:8,direction,high,0.8,ode,8,3,0.2,,,,0,,0,0,1
direction:high:ode:8,direction,high,0.8,ode,8,5,0.2,,,,0,,0,0,1
direction:high:ode:9,direction,high,0.8,ode,9,1,0.2,,,,0,,0,0,1
direction:high:ode:9,direction,high,0.8,ode,9,3,0.2,,,,0,,0,0,1
direction:high:ode:9,direction,high,0.8,ode,9,5,0.2,,,,0,,0,0,1
direction:high:ode:10,direction,high,0.8,ode,10,1,0.2,0.4,0.4,,1,,0,1,0
direction:high:ode:10,direction,high,0.8,ode,10,3,0.2,0.4,0.4,,1,,0,1,0
direction:high:ode:10,direction,high,0.8,ode,10,5,0.2,0.4,0.4,,1,,0,1,0
direction:high:ode:11,direction,high,0.8,ode,11,1,0.2,,,,0,,0,0,1
direction:high:ode:11,direction,high,0.8,ode,11,3,0.2,,,,0,,0,0,1
direction:high:ode:11,direction,high,0.8,ode,11,5,0.2,,,,0,,0,0,1
direction:high:ode:12,direction,high,0.8,ode,12,1,0.2,0.4,0.4,,1,,0,0,0
direction:high:ode:12,direction,high,0.8,ode,12,3,0.2,0.4,0.4,,1,,0,1,0
direction:high:ode:12,direction,high,0.8,ode,12,5,0.2,0.4,0.4,,1,,0,1,0
direction:high:ode:13,direction,high,0.8,ode,13,1,0.2,,,,0,,0,1,0
direction:high:ode:13,direction,high,0.8,ode,13,3,0.2,,,,0,,0,1,0
direction:high:ode:13,direction,high,0.8,ode,13,5,0.2,,,,0,,0,1,0
direction:high:ode:14,direction,high,0.8,ode,14,1,0.2,,,,0,,0,0,1
direction:high:ode:14,direction,high,0.8,ode,14,3,0.2,,,,0,,0,0,1
direction:high:ode:14,direction,high,0.8,ode,14,5,0.2,,,,0,,0,0,1
direction:high:ode:15,direction,high,0.8,ode,15,1,0.2,,,,0,,0,0,1
direction:high:ode:15,direction,high,0.8,ode,15,3,0.2,,,,0,,0,0,1
direction:high:ode:15,direction,high,0.8,ode,15,5,0.2,,,,0,,0,0,1
direction:high:ode:16,direction,high,0.8,ode,16,1,0.2,,,,0,,0,0,1
direction:high:ode:16,direction,high,0.8,ode,16,3,0.2,,,,0,,0,0,1
direction:high:ode:16,direction,high,0.8,ode,16,5,0.2,,,,0,,0,0,1
direction:high:ode:17,direction,high,0.8,ode,17,1,0.2,,,,0,,0,0,1
direction:high:ode:17,direction,high,0.8,ode,17,3,0.2,,,,0,,0,0,1
direction:high:ode:17,direction,high,0.8,ode,17,5,0.2,,,,0,,0,0,1
direction:high:ode:18,direction,high,0.8,ode,18,1,0.2,,,,0,,0,0,1
direction:high:ode:18,direction,high,0.8,ode,18,3,0.2,,,,0,,0,0,1
direction:high:ode:18,direction,high,0.8,ode,18,5,0.2,,,,0,,0,0,1
direction:high:ode:19,direction,high,0.8,ode,19,1,0.2,,,,0,,0,0,1
direction:high:ode:19,direction,high,0.8,ode,19,3,0.2,,,,0,,0,0,1
direction:high:ode:19,direction,high,0.8,ode,19,5,0.2,,,,0,,0,0,1
curvature:low:spline:0,curvature,low,0.2,spline,0,1,0.2,,,,0,,0,0,1
curvature:low:spline:0,curvature,low,0.2,spline,0,3,0.2,,,,0,,0,0,1
curvature:low:spline:0,curvature,low,0.2,spline,0,5,0.2,,,,0,,0,0,1
curvature:low:spline:1,curvature,low,0.2,spline,1,1,0.2,,,,0,,0,0,1
curvature:low:spline:1,curvature,low,0.2,spline,1,3,0.2,,,,0,,0,0,1
curvature:low:spline:1,curvature,low,0.2,spline,1,5,0.2,,,,0,,0,0,1
curvature:low:spline:2,curvature,low,0.2,spline,2,1,0.2,,,,0,,0,0,1
curvature:low:spline:2,curvature,low,0.2,spline,2,3,0.2,,,,0,,0,0,1
curvature:low:spline:2,curvature,low,0.2,spline,2,5,0.2,,,,0,,0,0,1
curvature:low:spline:3,curvature,low,0.2,spline,3,1,0.2,,,,0,,0,0,1
curvature:low:spline:3,curvature,low,0.2,spline,3,3,0.2,,,,0,,0,1,0
curvature:low:spline:3,curvature,low,0.2,spline,3,5,0.2,,,,0,,0,1,0
curvature:low:spline:4,curvature,low,0.2,spline,4,1,0.2,,,,0,,0,1,0
curvature:low:spline:4,curvature,low,0.2,spline,4,3,0.2,,,,0,,0,1,0
curvature:low:spline:4,curvature,low,0.2,spline,4,5,0.2,,,,0,,0,1,0
curvature:low:spline:5,curvature,low,0.2,spline,5,1,0.2,,,,0,,0,1,0
curvature:low:spline:5,curvature,low,0.2,spline,5,3,0.2,,,,0,,0,1,0
curvature:low:spline:5,curvature,low,0.2,spline,5,5,0.2,,,,0,,0,1,0
curvature:low:spline:6,curvature,low,0.2,spline,6,1,0.2,,,,0,,0,1,0
curvature:low:spline:6,curvature,low,0.2,spline,6,3,0.2,,,,0,,0,1,0
curvature:low:spline:6,curvature,low,0.2,spline,6,5,0.2,,,,0,,0,1,0
curvature:low:spline:7,curvature,low,0.2,spline,7,1,0.2,,,,0,,0,1,0
curvature:low:spline:7,curvature,low,0.2,spline,7,3,0.2,,,,0,,0,1,0
curvature:low:spline:7,curvature,low,0.2,spline,7,5,0.2,,,,0,,0,1,0
curvature:low:spline:8,curvature,low,0.2,spline,8,1,0.2,,,,0,,0,0,1
curvature:low:spline:8,curvature,low,0.2,spline,8,3,0.2,,,,0,,0,0,1
curvature:low:spline:8,curvature,low,0.2,spline,8,5,0.2,,,,0,,0,1,0
curvature:low:spline:9,curvature,low,0.2,spline,9,1,0.2,,,,0,,0,0,1
curvature:low:spline:9,curvature,low,0.2,spline,9,3,0.2,,,,0,,0,0,1
curvature:low:spline:9,curvature,low,0.2,spline,9,5,0.2,,,,0,,0,1,0
curvature:low:spline:10,curvature,low,0.2,spline,10,1,0.2,,,,0,,0,0,1
curvature:low:spline:10,curvature,low,0.2,spline,10,3,0.2,,,,0,,0,0,1
curvature:low:spline:10,curvature,low,0.2,spline,10,5,0.2,,,,0,,0,0,1
curvature:low:spline:11,curvature,low,0.2,spline,11,1,0.2,,,,0,,0,1,0
curvature:low:spline:11,curvature,low,0.2,spline,11,3,0.2,,,,0,,0,1,0
curvature:low:spline:11,curvature,low,0.2,spline,11,5,0.2,,,,0,,0,1,0
curvature:low:spline:12,curvature,low,0.2,spline,12,1,0.2,,,,0,,0,0,1
curvature:low:spline:12,curvature,low,0.2,spline,12,3,0.2,,,,0,,0,0,1
curvature:low:spline:12,curvature,low,0.2,spline,12,5,0.2,,,,0,,0,1,0
curvature:low:spline:13,curvature,low,0.2,spline,13,1,0.2,,,,0,,0,0,1
curvature:low:spline:13,curvature,low,0.2,spline,13,3,0.2,,,,0,,0,0,1
curvature:low:spline:13,curvature,low,0.2,spline,13,5,0.2,,,,0,,0,0,1
curvature:low:spline:14,curvature,low,0.2,spline,14,1,0.2,,,,0,,0,0,1
curvature:low:spline:14,curvature,low,0.2,spline,14,3,0.2,,,,0,,0,0,1
curvature:low:spline:14,curvature,low,0.2,spline,14,5,0.2,,,,0,,0,1,0
curvature:low:spline:15,curvature,low,0.2,spline,15,1,0.2,,,,0,,0,1,0
curvature:low:spline:15,curvature,low,0.2,spline,15,3,0.2,,,,0,,0,1,0
curvature:low:spline:15,curvature,low,0.2,spline,15,5,0.2,,,,0,,0,1,0
curvature:low:spline:16,curvature,low,0.2,spline,16,1,0.2,,,,0,,0,0,1
curvature:low:spline:16,curvature,low,0.2,spline,16,3,0.2,,,,0,,0,0,1
curvature:low:spline:16,curvature,low,0.2,spline,16,5,0.2,,,,0,,0,1,0
curvature:low:spline:17,curvature,low,0.2,spline,17,1,0.2,,,,0,,0,0,1
curvature:low:spline:17,curvature,low,0.2,spline,17,3,0.2,,,,0,,0,0,1
curvature:low:spline:17,curvature,low,0.2,spline,17,5,0.2,,,,0,,0,0,1
curvature:low:spline:18,curvature,low,0.2,spline,18,1,0.2,,,,0,,0,1,0
curvature:low:spline:18,curvature,low,0.2,spline,18,3,0.2,,,,0,,0,1,0
curvature:low:spline:18,curvature,low,0.2,spline,18,5,0.2,,,,0,,0,1,0
curvature:low:spline:19,curvature,low,0.2,spline,19,1,0.2,,,,0,,0,0,1
curvature:low:spline:19,curvature,low,0.2,spline,19,3,0.2,,,,0,,0,0,1
curvature:low:spline:19,curvature,low,0.2,spline,19,5,0.2,,,,0,,0,0,1
curvature:low:basis:0,curvature,low,0.2,basis,0,1,0.2,,,,0,,0,0,1
curvature:low:basis:0,curvature,low,0.2,basis,0,3,0.2,,,,0,,0,0,1
curvature:low:basis:0,curvature,low,0.2,basis,0,5,0.2,,,,0,,0,0,1
curvature:low:basis:1,curvature,low,0.2,basis,1,1,0.2,,,,0,,0,0,1
curvature:low:basis:1,curvature,low,0.2,basis,1,3,0.2,,,,0,,0,0,1
curvature:low:basis:1,curvature,low,0.2,basis,1,5,0.2,,,,0,,0,0,1
curvature:low:basis:2,curvature,low,0.2,basis,2,1,0.2,,,,0,,0,1,0
curvature:low:basis:2,curvature,low,0.2,basis,2,3,0.2,,,,0,,0,1,0
curvature:low:basis:2,curvature,low,0.2,basis,2,5,0.2,,,,0,,0,1,0
curvature:low:basis:3,curvature,low,0.2,basis,3,1,0.2,,,,0,,0,1,0
curvature:low:basis:3,curvature,low,0.2,basis,3,3,0.2,,,,0,,0,1,0
curvature:low:basis:3,curvature,low,0.2,basis,3,5,0.2,,,,0,,0,1,0
curvature:low:basis:4,curvature,low,0.2,basis,4,1,0.2,,,,0,,0,0,1
curvature:low:basis:4,curvature,low,0.2,basis,4,3,0.2,,,,0,,0,0,1
curvature:low:basis:4,curvature,low,0.2,basis,4,5,0.2,,,,0,,0,0,1
curvature:low:basis:5,curvature,low,0.2,basis,5,1,0.2,,,,0,,0,0,1
curvature:low:basis:5,curvature,low,0.2,basis,5,3,0.2,,,,0,,0,1,0
curvature:low:basis:5,curvature,low,0.2,basis,5,5,0.2,,,,0,,0,1,0
curvature:low:basis:6,curvature,low,0.2,basis,6,1,0.2,,,,0,,0,0,1
curvature:low:basis:6,curvature,low,0.2,basis,6,3,0.2,,,,0,,0,1,0
curvature:low:basis:6,curvature,low,0.2,basis,6,5,0.2,,,,0,,0,1,0
curvature:low:basis:7,curvature,low,0.2,basis,7,1,0.2,,,,0,,0,0,1
curvature:low:basis:7,curvature,low,0.2,basis,7,3,0.2,,,,0,,0,0,1
curvature:low:basis:7,curvature,low,0.2,basis,7,5,0.2,,,,0,,0,0,1
curvature:low:basis:8,curvature,low,0.2,basis,8,1,0.2,,,,0,,0,0,1
curvature:low:basis:8,curvature,low,0.2,basis,8,3,0.2,,,,0,,0,0,1
curvature:low:basis:8,curvature,low,0.2,basis,8,5,0.2,,,,0,,0,0,1
curvature:low:basis:9,curvature,low,0.2,basis,9,1,0.2,,,,0,,0,0,1
curvature:low:basis:9,curvature,low,0.2,basis,9,3,0.2,,,,0,,0,1,0
curvature:low:basis:9,curvature,low,0.2,basis,9,5,0.2,,,,0,,0,1,0
curvature:low:basis:10,curvature,low,0.2,basis,10,1,0.2,,,,0,,0,0,1
curvature:low:basis:10,curvature,low,0.2,basis,10,3,0.2,,,,0,,0,0,1
curvature:low:basis:10,curvature,low,0.2,basis,10,5,0.2,,,,0,,0,1,0
curvature:low:basis:11,curvature,low,0.2,basis,11,1,0.2,,,,0,,0,0,1
curvature:low:basis:11,curvature,low,0.2,basis,11,3,0.2,,,,0,,0,0,1
curvature:low:basis:11,curvature,low,0.2,basis,11,5,0.2,,,,0,,0,0,1
curvature:low:basis:12,curvature,low,0.2,basis,12,1,0.2,,,,0,,0,0,1
curvature:low:basis:12,curvature,low,0.2,basis,12,3,0.2,,,,0,,0,0,1
curvature:low:basis:12,curvature,low,0.2,basis,12,5,0.2,,,,0,,0,0,1
curvature:low:basis:13,curvature,low,0.2,basis,13,1,0.2,,,,0,,0,1,0
curvature:low:basis:13,curvature,low,0.2,basis,13,3,0.2,,,,0,,0,1,0
curvature:low:basis:13,curvature,low,0.2,basis,13,5,0.2,,,,0,,0,1,0
curvature:low:basis:14,curvature,low,0.2,basis,14,1,0.2,,,,0,,0,1,0
curvature:low:basis:14,curvature,low,0.2,basis,14,3,0.2,,,,0,,0,1,0
curvature:low:basis:14,curvature,low,0.2,basis,14,5,0.2,,,,0,,0,1,0
curvature:low:basis:15,curvature,low,0.2,basis,15,1,0.2,,,,0,,0,0,1
curvature:low:basis:15,curvature,low,0.2,basis,15,3,0.2,,,,0,,0,0,1
curvature:low:basis:15,curvature,low,0.2,basis,15,5,0.2,,,,0,,0,0,1
curvature:low:basis:16,curvature,low,0.2,basis,16,1,0.2,,,,0,,0,0,1
curvature:low:basis:16,curvature,low,0.2,basis,16,3,0.2,,,,0,,0,0,1
curvature:low:basis:16,curvature,low,0.2,basis,16,5,0.2,,,,0,,0,0,1
curvature:low:basis:17,curvature,low,0.2,basis,17,1,0.2,,,,0,,0,0,1
curvature:low:basis:17,curvature,low,0.2,basis,17,3,0.2,,,,0,,0,0,1
curvature:low:basis:17,curvature,low,0.2,basis,17,5,0.2,,,,0,,0,0,1
curvature:low:basis:18,curvature,low,0.2,basis,18,1,0.2,,,,0,,0,0,1
curvature:low:basis:18,curvature,low,0.2,basis,18,3,0.2,,,,0,,0,0,1
curvature:low:basis:18,curvature,low,0.2,basis,18,5,0.2,,,,0,,0,0,1
curvature:low:basis:19,curvature,low,0.2,basis,19,1,0.2,,,,0,,0,0,1
curvature:low:basis:19,curvature,low,0.2,basis,19,3,0.2,,,,0,,0,0,1
curvature:low:basis:19,curvature,low,0.2,basis,19,5,0.2,,,,0,,0,0,1
curvature:low:ode:0,curvature,low,0.2,ode,0,1,0.2,,,,0,,0,0,1
curvature:low:ode:0,curvature,low,0.2,ode,0,3,0.2,,,,0,,0,0,1
curvature:low:ode:0,curvature,low,0.2,ode,0,5,0.2,,,,0,,0,0,1
curvature:low:ode:1,curvature,low,0.2,ode,1,1,0.2,,,,0,,0,0,1
curvature:low:ode:1,curvature,low,0.2,ode,1,3,0.2,,,,0,,0,0,1
curvature:low:ode:1,curvature,low,0.2,ode,1,5,0.2,,,,0,,0,0,1
curvature:low:ode:2,curvature,low,0.2,ode,2,1,0.2,,,,0,,0,1,0
curvature:low:ode:2,curvature,low,0.2,ode,2,3,0.2,,,,0,,0,1,0
curvature:low:ode:2,curvature,low,0.2,ode,2,5,0.2,,,,0,,0,1,0
curvature:low:ode:3,curvature,low,0.2,ode,3,1,0.2,,,,0,,0,0,1
curvature:low:ode:3,curvature,low,0.2,ode,3,3,0.2,,,,0,,0,0,1
curvature:low:ode:3,curvature,low,0.2,ode,3,5,0.2,,,,0,,0,0,1
curvature:low:ode:4,curvature,low,0.2,ode,4,1,0.2,,,,0,,0,0,1
curvature:low:ode:4,curvature,low,0.2,ode,4,3,0.2,,,,0,,0,0,1
curvature:low:ode:4,curvature,low,0.2,ode,4,5,0.2,,,,0,,0,0,1
curvature:low:ode:5,curvature,low,0.2,ode,5,1,0.2,,,,0,,0,0,1
curvature:low:ode:5,curvature,low,0.2,ode,5,3,0.2,,,,0,,0,0,1
curvature:low:ode:5,curvature,low,0.2,ode,5,5,0.2,,,,0,,0,1,0
curvature:low:ode:6,curvature,low,0.2,ode,6,1,0.2,,,,0,,0,1,0
curvature:low:ode:6,curvature,low,0.2,ode,6,3,0.2,,,,0,,0,1,0
curvature:low:ode:6,curvature,low,0.2,ode,6,5,0.2,,,,0,,0,1,0
curvature:low:ode:7,curvature,low,0.2,ode,7,1,0.2,,,,0,,0,1,0
curvature:low:ode:7,curvature,low,0.2,ode,7,3,0.2,,,,0,,0,1,0
curvature:low:ode:7,curvature,low,0.2,ode,7,5,0.2,,,,0,,0,1,0
curvature:low:ode:8,curvature,low,0.2,ode,8,1,0.2,,,,0,,0,1,0
curvature:low:ode:8,curvature,low,0.2,ode,8,3,0.2,,,,0,,0,1,0
curvature:low:ode:8,curvature,low,0.2,ode,8,5,0.2,,,,0,,0,1,0
curvature:low:ode:9,curvature,low,0.2,ode,9,1,0.2,,,,0,,0,0,1
curvature:low:ode:9,curvature,low,0.2,ode,9,3,0.2,,,,0,,0,0,1
curvature:low:ode:9,curvature,low,0.2,ode,9,5,0.2,,,,0,,0,0,1
curvature:low:ode:10,curvature,low,0.2,ode,10,1,0.2,,,,0,,0,0,1
curvature:low:ode:10,curvature,low,0.2,ode,10,3,0.2,,,,0,,0,0,1
curvature:low:ode:10,curvature,low,0.2,ode,10,5,0.2,,,,0,,0,0,1
curvature:low:ode:11,curvature,low,0.2,ode,11,1,0.2,,,,0,,0,0,1
curvature:low:ode:11,curvature,low,0.2,ode,11,3,0.2,,,,0,,0,0,1
curvature:low:ode:11,curvature,low,0.2,ode,11,5,0.2,,,,0,,0,0,1
curvature:low:ode:12,curvature,low,0.2,ode,12,1,0.2,,,,0,,0,0,1
curvature:low:ode:12,curvature,low,0.2,ode,12,3,0.2,,,,0,,0,0,1
curvature:low:ode:12,curvature,low,0.2,ode,12,5,0.2,,,,0,,0,0,1
curvature:low:ode:13,curvature,low,0.2,ode,13,1,0.2,,,,0,,0,1,0
curvature:low:ode:13,curvature,low,0.2,ode,13,3,0.2,,,,0,,0,1,0
curvature:low:ode:13,curvature,low,0.2,ode,13,5,0.2,,,,0,,0,1,0
curvature:low:ode:14,curvature,low,0.2,ode,14,1,0.2,,,,0,,0,0,1
curvature:low:ode:14,curvature,low,0.2,ode,14,3,0.2,,,,0,,0,0,1
curvature:low:ode:14,curvature,low,0.2,ode,14,5,0.2,,,,0,,0,0,1
curvature:low:ode:15,curvature,low,0.2,ode,15,1,0.2,,,,0,,0,0,1
curvature:low:ode:15,curvature,low,0.2,ode,15,3,0.2,,,,0,,0,0,1
curvature:low:ode:15,curvature,low,0.2,ode,15,5,0.2,,,,0,,0,0,1
curvature:low:ode:16,curvature,low,0.2,ode,16,1,0.2,,,,0,,0,0,1
curvature:low:ode:16,curvature,low,0.2,ode,16,3,0.2,,,,0,,0,0,1
curvature:low:ode:16,curvature,low,0.2,ode,16,5,0.2,,,,0,,0,0,1
curvature:low:ode:17,curvature,low,0.2,ode,17,1,0.2,,,,0,,0,1,0
curvature:low:ode:17,curvature,low,0.2,ode,17,3,0.2,,,,0,,0,1,0
curvature:low:ode:17,curvature,low,0.2,ode,17,5,0.2,,,,0,,0,1,0
curvature:low:ode:18,curvature,low,0.2,ode,18,1,0.2,,,,0,,0,0,1
curvature:low:ode:18,curvature,low,0.2,ode,18,3,0.2,,,,0,,0,0,1
curvature:low:ode:18,curvature,low,0.2,ode,18,5,0.2,,,,0,,0,0,1
curvature:low:ode:19,curvature,low,0.2,ode,19,1,0.2,,,,0,,0,0,1
curvature:low:ode:19,curvature,low,0.2,ode,19,3,0.2,,,,0,,0,0,1
curvature:low:ode:19,curvature,low,0.2,ode,19,5,0.2,,,,0,,0,0,1
curvature:mid:spline:0,curvature,mid,0.5,spline,0,1,0.2,,,,0,,0,0,1
curvature:mid:spline:0,curvature,mid,0.5,spline,0,3,0.2,,,,0,,0,0,1
curvature:mid:spline:0,curvature,mid,0.5,spline,0,5,0.2,,,,0,,0,0,1
curvature:mid:spline:1,curvature,mid,0.5,spline,1,1,0.2,,,,0,,0,0,1
curvature:mid:spline:1,curvature,mid,0.5,spline,1,3,0.2,,,,0,,0,0,1
curvature:mid:spline:1,curvature,mid,0.5,spline,1,5,0.2,,,,0,,0,0,1
curvature:mid:spline:2,curvature,mid,0.5,spline,2,1,0.2,,,,0,,0,0,1
curvature:mid:spline:2,curvature,mid,0.5,spline,2,3,0.2,,,,0,,0,0,1
curvature:mid:spline:2,curvature,mid,0.5,spline,2,5,0.2,,,,0,,0,0,1
curvature:mid:spline:3,curvature,mid,0.5,spline,3,1,0.2,,,,0,,0,1,0
curvature:mid:spline:3,curvature,mid,0.5,spline,3,3,0.2,,,,0,,0,1,0
curvature:mid:spline:3,curvature,mid,0.5,spline,3,5,0.2,,,,0,,0,1,0
curvature:mid:spline:4,curvature,mid,0.5,spline,4,1,0.2,,,,0,,0,1,0
curvature:mid:spline:4,curvature,mid,0.5,spline,4,3,0.2,,,,0,,0,1,0
curvature:mid:spline:4,curvature,mid,0.5,spline,4,5,0.2,,,,0,,0,1,0
curvature:mid:spline:5,curvature,mid,0.5,spline,5,1,0.2,,,,0,,0,0,1
curvature:mid:spline:5,curvature,mid,0.5,spline,5,3,0.2,,,,0,,0,0,1
curvature:mid:spline:5,curvature,mid,0.5,spline,5,5,0.2,,,,0,,0,0,1
curvature:mid:spline:6,curvature,mid,0.5,spline,6,1,0.2,0.6,0.6,,1,,0,0,0
curvature:mid:spline:6,curvature,mid,0.5,spline,6,3,0.2,0.6,0.6,,1,,0,1,0
curvature:mid:spline:6,curvature,mid,0.5,spline,6,5,0.2,0.6,,,0,,0,1,0
curvature:mid:spline:7,curvature,mid,0.5,spline,7,1,0.2,,,,0,,0,1,0
curvature:mid:spline:7,curvature,mid,0.5,spline,7,3,0.2,,,,0,,0,1,0
curvature:mid:spline:7,curvature,mid,0.5,spline,7,5,0.2,,,,0,,0,1,0
curvature:mid:spline:8,curvature,mid,0.5,spline,8,1,0.2,,,,0,,0,0,1
curvature:mid:spline:8,curvature,mid,0.5,spline,8,3,0.2,,,,0,,0,0,1
curvature:mid:spline:8,curvature,mid,0.5,spline,8,5,0.2,,,,0,,0,0,1
curvature:mid:spline:9,curvature,mid,0.5,spline,9,1,0.2,,,,0,,0,0,1
curvature:mid:spline:9,curvature,mid,0.5,spline,9,3,0.2,,,,0,,0,0,1
curvature:mid:spline:9,curvature,mid,0.5,spline,9,5,0.2,,,,0,,0,1,0
curvature:mid:spline:10,curvature,mid,0.5,spline,10,1,0.2,,,,0,,0,0,1
curvature:mid:spline:10,curvature,mid,0.5,spline,10,3,0.2,,,,0,,0,1,0
curvature:mid:spline:10,curvature,mid,0.5,spline,10,5,0.2,,,,0,,0,1,0
curvature:mid:spline:11,curvature,mid,0.5,spline,11,1,0.2,,,,0,,0,0,1
curvature:mid:spline:11,curvature,mid,0.5,spline,11,3,0.2,,,,0,,0,0,1
curvature:mid:spline:11,curvature,mid,0.5,spline,11,5,0.2,,,,0,,0,0,1
curvature:mid:spline:12,curvature,mid,0.5,spline,12,1,0.2,,,,0,,0,0,1
curvature:mid:spline:12,curvature,mid,0.5,spline,12,3,0.2,,,,0,,0,0,1
curvature:mid:spline:12,curvature,mid,0.5,spline,12,5,0.2,,,,0,,0,0,1
curvature:mid:spline:13,curvature,mid,0.5,spline,13,1,0.2,,,,0,,0,0,1
curvature:mid:spline:13,curvature,mid,0.5,spline,13,3,0.2,,,,0,,0,0,1
curvature:mid:spline:13,curvature,mid,0.5,spline,13,5,0.2,,,,0,,0,0,1
curvature:mid:spline:14,curvature,mid,0.5,spline,14,1,0.2,,,,0,,0,1,0
curvature:mid:spline:14,curvature,mid,0.5,spline,14,3,0.2,,,,0,,0,1,0
curvature:mid:spline:14,curvature,mid,0.5,spline,14,5,0.2,,,,0,,0,1,0
curvature:mid:spline:15,curvature,mid,0.5,spline,15,1,0.2,,,,0,,0,1,0
curvature:mid:spline:15,curvature,mid,0.5,spline,15,3,0.2,,,,0,,0,1,0
curvature:mid:spline:15,curvature,mid,0.5,spline,15,5,0.2,,,,0,,0,1,0
curvature:mid:spline:16,curvature,mid,0.5,spline,16,1,0.2,,,,0,,0,0,1
curvature:mid:spline:16,curvature,mid,0.5,spline,16,3,0.2,,,,0,,0,0,1
curvature:mid:spline:16,curvature,mid,0.5,spline,16,5,0.2,,,,0,,0,0,1
curvature:mid:spline:17,curvature,mid,0.5,spline,17,1,0.2,,,,0,,0,0,1
curvature:mid:spline:17,curvature,mid,0.5,spline,17,3,0.2,,,,0,,0,0,1
curvature:mid:spline:17,curvature,mid,0.5,spline,17,5,0.2,,,,0,,0,0,1
curvature:mid:spline:18,curvature,mid,0.5,spline,18,1,0.2,,,,0,,0,1,0
curvature:mid:spline:18,curvature,mid,0.5,spline,18,3,0.2,,,,0,,0,1,0
curvature:mid:spline:18,curvature,mid,0.5,spline,18,5,0.2,,,,0,,0,1,0
curvature:mid:spline:19,curvature,mid,0.5,spline,19,1,0.2,,,,0,,0,0,1
curvature:mid:spline:19,curvature,mid,0.5,spline,19,3,0.2,,,,0,,0,0,1
curvature:mid:spline:19,curvature,mid,0.5,spline,19,5,0.2,,,,0,,0,0,1
curvature:mid:basis:0,curvature,mid,0.5,basis,0,1,0.2,0.6,0.6,,1,,0,0,0
curvature:mid:basis:0,curvature,mid,0.5,basis,0,3,0.2,0.6,0.6,,1,,0,0,0
curvature:mid:basis:0,curvature,mid,0.5,basis,0,5,0.2,0.6,0.6,,1,,0,1,0
curvature:mid:basis:1,curvature,mid,0.5,basis,1,1,0.2,,,,0,,0,1,0
curvature:mid:basis:1,curvature,mid,0.5,basis,1,3,0.2,,,,0,,0,1,0
curvature:mid:basis:1,curvature,mid,0.5,basis,1,5,0.2,,,,0,,0,1,0
curvature:mid:basis:2,curvature,mid,0.5,basis,2,1,0.2,,,,0,,0,1,0
curvature:mid:basis:2,curvature,mid,0.5,basis,2,3,0.2,,,,0,,0,1,0
curvature:mid:basis:2,curvature,mid,0.5,basis,2,5,0.2,,,,0,,0,1,0
curvature:mid:basis:3,curvature,mid,0.5,basis,3,1,0.2,,,,0,,0,1,0
curvature:mid:basis:3,curvature,mid,0.5,basis,3,3,0.2,,,,0,,0,1,0
curvature:mid:basis:3,curvature,mid,0.5,basis,3,5,0.2,,,,0,,0,1,0
curvature:mid:basis:4,curvature,mid,0.5,basis,4,1,0.2,,,,0,,0,0,1
curvature:mid:basis:4,curvature,mid,0.5,basis,4,3,0.2,,,,0,,0,0,1
curvature:mid:basis:4,curvature,mid,0.5,basis,4,5,0.2,,,,0,,0,0,1
curvature:mid:basis:5,curvature,mid,0.5,basis,5,1,0.2,,,,0,,0,1,0
curvature:mid:basis:5,curvature,mid,0.5,basis,5,3,0.2,,,,0,,0,1,0
curvature:mid:basis:5,curvature,mid,0.5,basis,5,5,0.2,,,,0,,0,1,0
curvature:mid:basis:6,curvature,mid,0.5,basis,6,1,0.2,0.6,,,0,,0,1,0
curvature:mid:basis:6,curvature,mid,0.5,basis,6,3,0.2,0.6,,,0,,0,1,0
curvature:mid:basis:6,curvature,mid,0.5,basis,6,5,0.2,0.6,,,0,,0,1,0
curvature:mid:basis:7,curvature,mid,0.5,basis,7,1,0.2,,,,0,,0,1,0
curvature:mid:basis:7,curvature,mid,0.5,basis,7,3,0.2,,,,0,,0,1,0
curvature:mid:basis:7,curvature,mid,0.5,basis,7,5,0.2,,,,0,,0,1,0
curvature:mid:basis:8,curvature,mid,0.5,basis,8,1,0.2,,,,0,,0,1,0
curvature:mid:basis:8,curvature,mid,0.5,basis,8,3,0.2,,,,0,,0,1,0
curvature:mid:basis:8,curvature,mid,0.5,basis,8,5,0.2,,,,0,,0,1,0
curvature:mid:basis:9,curvature,mid,0.5,basis,9,1,0.2,,,,0,,0,0,1
curvature:mid:basis:9,curvature,mid,0.5,basis,9,3,0.2,,,,0,,0,0,1
curvature:mid:basis:9,curvature,mid,0.5,basis,9,5,0.2,,,,0,,0,0,1
curvature:mid:basis:10,curvature,mid,0.5,basis,10,1,0.2,,,,0,,0,0,1
curvature:mid:basis:10,curvature,mid,0.5,basis,10,3,0.2,,,,0,,0,0,1
curvature:mid:basis:10,curvature,mid,0.5,basis,10,5,0.2,,,,0,,0,1,0
curvature:mid:basis:11,curvature,mid,0.5,basis,11,1,0.2,0.6,,,0,,0,1,0
curvature:mid:basis:11,curvature,mid,0.5,basis,11,3,0.2,0.6,,,0,,0,1,0
curvature:mid:basis:11,curvature,mid,0.5,basis,11,5,0.2,0.6,,,0,,0,1,0
curvature:mid:basis:12,curvature,mid,0.5,basis,12,1,0.2,,,,0,,0,0,1
curvature:mid:basis:12,curvature,mid,0.5,basis,12,3,0.2,,,,0,,0,1,0
curvature:mid:basis:12,curvature,mid,0.5,basis,12,5,0.2,,,,0,,0,1,0
curvature:mid:basis:13,curvature,mid,0.5,basis,13,1,0.2,,,,0,,0,0,1
curvature:mid:basis:13,curvature,mid,0.5,basis,13,3,0.2,,,,0,,0,0,1
curvature:mid:basis:13,curvature,mid,0.5,basis,13,5,0.2,,,,0,,0,0,1
curvature:mid:basis:14,curvature,mid,0.5,basis,14,1,0.2,0.6,,,0,,0,1,0
curvature:mid:basis:14,curvature,mid,0.5,basis,14,3,0.2,0.6,,,0,,0,1,0
curvature:mid:basis:14,curvature,mid,0.5,basis,14,5,0.2,0.6,,,0,,0,1,0
curvature:mid:basis:15,curvature,mid,0.5,basis,15,1,0.2,,,,0,,0,1,0
curvature:mid:basis:15,curvature,mid,0.5,basis,15,3,0.2,,,,0,,0,1,0
curvature:mid:basis:15,curvature,mid,0.5,basis,15,5,0.2,,,,0,,0,1,0
curvature:mid:basis:16,curvature,mid,0.5,basis,16,1,0.2,,,,0,,0,0,1
curvature:mid:basis:16,curvature,mid,0.5,basis,16,3,0.2,,,,0,,0,0,1
curvature:mid:basis:16,curvature,mid,0.5,basis,16,5,0.2,,,,0,,0,0,1
curvature:mid:basis:17,curvature,mid,0.5,basis,17,1,0.2,,,,0,,0,0,1
curvature:mid:basis:17,curvature,mid,0.5,basis,17,3,0.2,,,,0,,0,0,1
curvature:mid:basis:17,curvature,mid,0.5,basis,17,5,0.2,,,,0,,0,1,0
curvature:mid:basis:18,curvature,mid,0.5,basis,18,1,0.2,,,,0,,0,0,1
curvature:mid:basis:18,curvature,mid,0.5,basis,18,3,0.2,,,,0,,0,0,1
curvature:mid:basis:18,curvature,mid,0.5,basis,18,5,0.2,,,,0,,0,0,1
curvature:mid:basis:19,curvature,mid,0.5,basis,19,1,0.2,,,,0,,0,0,1
curvature:mid:basis:19,curvature,mid,0.5,basis,19,3,0.2,,,,0,,0,0,1
curvature:mid:basis:19,curvature,mid,0.5,basis,19,5,0.2,,,,0,,0,0,1
curvature:mid:ode:0,curvature,mid,0.5,ode,0,1,0.2,,,,0,,0,0,1
curvature:mid:ode:0,curvature,mid,0.5,ode,0,3,0.2,,,,0,,0,0,1
curvature:mid:ode:0,curvature,mid,0.5,ode,0,5,0.2,,,,0,,0,0,1
curvature:mid:ode:1,curvature,mid,0.5,ode,1,1,0.2,,,,0,,0,0,1
curvature:mid:ode:1,curvature,mid,0.5,ode,1,3,0.2,,,,0,,0,0,1
curvature:mid:ode:1,curvature,mid,0.5,ode,1,5,0.2,,,,0,,0,0,1
curvature:mid:ode:2,curvature,mid,0.5,ode,2,1,0.2,,,,0,,0,0,1
curvature:mid:ode:2,curvature,mid,0.5,ode,2,3,0.2,,,,0,,0,0,1
curvature:mid:ode:2,curvature,mid,0.5,ode,2,5,0.2,,,,0,,0,0,1
curvature:mid:ode:3,curvature,mid,0.5,ode,3,1,0.2,,,,0,,0,0,1
curvature:mid:ode:3,curvature,mid,0.5,ode,3,3,0.2,,,,0,,0,0,1
curvature:mid:ode:3,curvature,mid,0.5,ode,3,5,0.2,,,,0,,0,0,1
curvature:mid:ode:4,curvature,mid,0.5,ode,4,1,0.2,,,,0,,0,0,1
curvature:mid:ode:4,curvature,mid,0.5,ode,4,3,0.2,,,,0,,0,0,1
curvature:mid:ode:4,curvature,mid,0.5,ode,4,5,0.2,,,,0,,0,0,1
curvature:mid:ode:5,curvature,mid,0.5,ode,5,1,0.2,,,,0,,0,0,1
curvature:mid:ode:5,curvature,mid,0.5,ode,5,3,0.2,,,,0,,0,0,1
curvature:mid:ode:5,curvature,mid,0.5,ode,5,5,0.2,,,,0,,0,0,1
curvature:mid:ode:6,curvature,mid,0.5,ode,6,1,0.2,,,,0,,0,0,1
curvature:mid:ode:6,curvature,mid,0.5,ode,6,3,0.2,,,,0,,0,0,1
curvature:mid:ode:6,curvature,mid,0.5,ode,6,5,0.2,,,,0,,0,0,1
curvature:mid:ode:7,curvature,mid,0.5,ode,7,1,0.2,,,,0,,0,0,1
curvature:mid:ode:7,curvature,mid,0.5,ode,7,3,0.2,,,,0,,0,0,1
curvature:mid:ode:7,curvature,mid,0.5,ode,7,5,0.2,,,,0,,0,0,1
curvature:mid:ode:8,curvature,mid,0.5,ode,8,1,0.2,,,,0,,0,0,1
curvature:mid:ode:8,curvature,mid,0.5,ode,8,3,0.2,,,,0,,0,0,1
curvature:mid:ode:8,curvature,mid,0.5,ode,8,5,0.2,,,,0,,0,0,1
curvature:mid:ode:9,curvature,mid,0.5,ode,9,1,0.2,,,,0,,0,0,1
curvature:mid:ode:9,curvature,mid,0.5,ode,9,3,0.2,,,,0,,0,0,1
curvature:mid:ode:9,curvature,mid,0.5,ode,9,5,0.2,,,,0,,0,0,1
curvature:mid:ode:10,curvature,mid,0.5,ode,10,1,0.2,0.6,0.6,,1,,0,0,0
curvature:mid:ode:10,curvature,mid,0.5,ode,10,3,0.2,0.6,0.6,,1,,0,0,0
curvature:mid:ode:10,curvature,mid,0.5,ode,10,5,0.2,0.6,0.6,,1,,0,1,0
curvature:mid:ode:11,curvature,mid,0.5,ode,11,1,0.2,,,,0,,0,0,1
curvature:mid:ode:11,curvature,mid,0.5,ode,11,3,0.2,,,,0,,0,0,1
curvature:mid:ode:11,curvature,mid,0.5,ode,11,5,0.2,,,,0,,0,0,1
curvature:mid:ode:12,curvature,mid,0.5,ode,12,1,0.2,,,,0,,0,0,1
curvature:mid:ode:12,curvature,mid,0.5,ode,12,3,0.2,,,,0,,0,0,1
curvature:mid:ode:12,curvature,mid,0.5,ode,12,5,0.2,,,,0,,0,0,1
curvature:mid:ode:13,curvature,mid,0.5,ode,13,1,0.2,,,,0,,0,0,1
curvature:mid:ode:13,curvature,mid,0.5,ode,13,3,0.2,,,,0,,0,0,1
curvature:mid:ode:13,curvature,mid,0.5,ode,13,5,0.2,,,,0,,0,0,1
curvature:mid:ode:14,curvature,mid,0.5,ode,14,1,0.2,,,,0,,0,0,1
curvature:mid:ode:14,curvature,mid,0.5,ode,14,3,0.2,,,,0,,0,0,1
curvature:mid:ode:14,curvature,mid,0.5,ode,14,5,0.2,,,,0,,0,1,0
curvature:mid:ode:15,curvature,mid,0.5,ode,15,1,0.2,0.6,0.6,,1,,0,0,0
curvature:mid:ode:15,curvature,mid,0.5,ode,15,3,0.2,0.6,0.6,,1,,0,0,0
curvature:mid:ode:15,curvature,mid,0.5,ode,15,5,0.2,0.6,0.6,,1,,0,1,0
curvature:mid:ode:16,curvature,mid,0.5,ode,16,1,0.2,,,,0,,0,0,1
curvature:mid:ode:16,curvature,mid,0.5,ode,16,3,0.2,,,,0,,0,0,1
curvature:mid:ode:16,curvature,mid,0.5,ode,16,5,0.2,,,,0,,0,0,1
curvature:mid:ode:17,curvature,mid,0.5,ode,17,1,0.2,,,,0,,0,0,1
curvature:mid:ode:17,curvature,mid,0.5,ode,17,3,0.2,,,,0,,0,0,1
curvature:mid:ode:17,curvature,mid,0.5,ode,17,5,0.2,,,,0,,0,0,1
curvature:mid:ode:18,curvature,mid,0.5,ode,18,1,0.2,0.7,,,0,,0,1,0
curvature:mid:ode:18,curvature,mid,0.5,ode,18,3,0.2,0.7,,,0,,0,1,0
curvature:mid:ode:18,curvature,mid,0.5,ode,18,5,0.2,0.7,,,0,,0,1,0
curvature:mid:ode:19,curvature,mid,0.5,ode,19,1,0.2,,,,0,,0,0,1
curvature:mid:ode:19,curvature,mid,0.5,ode,19,3,0.2,,,,0,,0,0,1
curvature:mid:ode:19,curvature,mid,0.5,ode,19,5,0.2,,,,0,,0,0,1
curvature:high:spline:0,curvature,high,0.8,spline,0,1,0.2,0.5,0.5,,1,,0,0,0
curvature:high:spline:0,curvature,high,0.8,spline,0,3,0.2,0.5,0.5,,1,,0,0,0
curvature:high:spline:0,curvature,high,0.8,spline,0,5,0.2,0.5,0.5,,1,,0,0,0
curvature:high:spline:1,curvature,high,0.8,spline,1,1,0.2,,,,0,,0,0,1
curvature:high:spline:1,curvature,high,0.8,spline,1,3,0.2,,,,0,,0,0,1
curvature:high:spline:1,curvature,high,0.8,spline,1,5,0.2,,,,0,,0,1,0
curvature:high:spline:2,curvature,high,0.8,spline,2,1,0.2,,,,0,,0,0,1
curvature:high:spline:2,curvature,high,0.8,spline,2,3,0.2,,,,0,,0,0,1
curvature:high:spline:2,curvature,high,0.8,spline,2,5,0.2,,,,0,,0,0,1
curvature:high:spline:3,curvature,high,0.8,spline,3,1,0.2,,,,0,,0,0,1
curvature:high:spline:3,curvature,high,0.8,spline,3,3,0.2,,,,0,,0,0,1
curvature:high:spline:3,curvature,high,0.8,spline,3,5,0.2,,,,0,,0,1,0
curvature:high:spline:4,curvature,high,0.8,spline,4,1,0.2,,,,0,,0,0,1
curvature:high:spline:4,curvature,high,0.8,spline,4,3,0.2,,,,0,,0,0,1
curvature:high:spline:4,curvature,high,0.8,spline,4,5,0.2,,,,0,,0,0,1
curvature:high:spline:5,curvature,high,0.8,spline,5,1,0.2,,,,0,,0,0,1
curvature:high:spline:5,curvature,high,0.8,spline,5,3,0.2,,,,0,,0,1,0
curvature:high:spline:5,curvature,high,0.8,spline,5,5,0.2,,,,0,,0,1,0
curvature:high:spline:6,curvature,high,0.8,spline,6,1,0.2,,,,0,,0,0,1
curvature:high:spline:6,curvature,high,0.8,spline,6,3,0.2,,,,0,,0,0,1
curvature:high:spline:6,curvature,high,0.8,spline,6,5,0.2,,,,0,,0,1,0
curvature:high:spline:7,curvature,high,0.8,spline,7,1,0.2,,,,0,,0,0,1
curvature:high:spline:7,curvature,high,0.8,spline,7,3,0.2,,,,0,,0,0,1
curvature:high:spline:7,curvature,high,0.8,spline,7,5,0.2,,,,0,,0,0,1
curvature:high:spline:8,curvature,high,0.8,spline,8,1,0.2,,,,0,,0,0,1
curvature:high:spline:8,curvature,high,0.8,spline,8,3,0.2,,,,0,,0,0,1
curvature:high:spline:8,curvature,high,0.8,spline,8,5,0.2,,,,0,,0,0,1
curvature:high:spline:9,curvature,high,0.8,spline,9,1,0.2,,,,0,,0,0,1
curvature:high:spline:9,curvature,high,0.8,spline,9,3,0.2,,,,0,,0,0,1
curvature:high:spline:9,curvature,high,0.8,spline,9,5,0.2,,,,0,,0,0,1
curvature:high:spline:10,curvature,high,0.8,spline,10,1,0.2,,,,0,,0,0,1
curvature:high:spline:10,curvature,high,0.8,spline,10,3,0.2,,,,0,,0,1,0
curvature:high:spline:10,curvature,high,0.8,spline,10,5,0.2,,,,0,,0,1,0
curvature:high:spline:11,curvature,high,0.8,spline,11,1,0.2,,,,0,,0,0,1
curvature:high:spline:11,curvature,high,0.8,spline,11,3,0.2,,,,0,,0,0,1
curvature:high:spline:11,curvature,high,0.8,spline,11,5,0.2,,,,0,,0,0,1
curvature:high:spline:12,curvature,high,0.8,spline,12,1,0.2,,,,0,,0,1,0
curvature:high:spline:12,curvature,high,0.8,spline,12,3,0.2,,,,0,,0,1,0
curvature:high:spline:12,curvature,high,0.8,spline,12,5,0.2,,,,0,,0,1,0
curvature:high:spline:13,curvature,high,0.8,spline,13,1,0.2,0.6,,,0,,0,1,0
curvature:high:spline:13,curvature,high,0.8,spline,13,3,0.2,0.6,,,0,,0,1,0
curvature:high:spline:13,curvature,high,0.8,spline,13,5,0.2,0.6,,,0,,0,1,0
curvature:high:spline:14,curvature,high,0.8,spline,14,1,0.2,,,,0,,0,0,1
curvature:high:spline:14,curvature,high,0.8,spline,14,3,0.2,,,,0,,0,0,1
curvature:high:spline:14,curvature,high,0.8,spline,14,5,0.2,,,,0,,0,0,1
curvature:high:spline:15,curvature,high,0.8,spline,15,1,0.2,,,,0,,0,1,0
curvature:high:spline:15,curvature,high,0.8,spline,15,3,0.2,,,,0,,0,1,0
curvature:high:spline:15,curvature,high,0.8,spline,15,5,0.2,,,,0,,0,1,0
curvature:high:spline:16,curvature,high,0.8,spline,16,1,0.2,,,,0,,0,0,1
curvature:high:spline:16,curvature,high,0.8,spline,16,3,0.2,,,,0,,0,0,1
curvature:high:spline:16,curvature,high,0.8,spline,16,5,0.2,,,,0,,0,1,0
curvature:high:spline:17,curvature,high,0.8,spline,17,1,0.2,0.5,,,0,,0,1,0
curvature:high:spline:17,curvature,high,0.8,spline,17,3,0.2,0.5,0.5,,1,,0,1,0
curvature:high:spline:17,curvature,high,0.8,spline,17,5,0.2,0.5,0.5,,1,,0,1,0
curvature:high:spline:18,curvature,high,0.8,spline,18,1,0.2,,,,0,,0,0,1
curvature:high:spline:18,curvature,high,0.8,spline,18,3,0.2,,,,0,,0,0,1
curvature:high:spline:18,curvature,high,0.8,spline,18,5,0.2,,,,0,,0,0,1
curvature:high:spline:19,curvature,high,0.8,spline,19,1,0.2,,,,0,,0,1,0
curvature:high:spline:19,curvature,high,0.8,spline,19,3,0.2,,,,0,,0,1,0
curvature:high:spline:19,curvature,high,0.8,spline,19,5,0.2,,,,0,,0,1,0
curvature:high:basis:0,curvature,high,0.8,basis,0,1,0.2,,,,0,,0,0,1
curvature:high:basis:0,curvature,high,0.8,basis,0,3,0.2,,,,0,,0,0,1
curvature:high:basis:0,curvature,high,0.8,basis,0,5,0.2,,,,0,,0,0,1
curvature:high:basis:1,curvature,high,0.8,basis,1,1,0.2,,,,0,,0,0,1
curvature:high:basis:1,curvature,high,0.8,basis,1,3,0.2,,,,0,,0,0,1
curvature:high:basis:1,curvature,high,0.8,basis,1,5,0.2,,,,0,,0,0,1
curvature:high:basis:2,curvature,high,0.8,basis,2,1,0.2,0.5,0.5,,1,,0,0,0
curvature:high:basis:2,curvature,high,0.8,basis,2,3,0.2,0.5,0.5,,1,,0,0,0
curvature:high:basis:2,curvature,high,0.8,basis,2,5,0.2,0.5,0.5,,1,,0,0,0
curvature:high:basis:3,curvature,high,0.8,basis,3,1,0.2,,,,0,,0,1,0
curvature:high:basis:3,curvature,high,0.8,basis,3,3,0.2,,,,0,,0,1,0
curvature:high:basis:3,curvature,high,0.8,basis,3,5,0.2,,,,0,,0,1,0
curvature:high:basis:4,curvature,high,0.8,basis,4,1,0.2,0.5,,,0,,0,1,0
curvature:high:basis:4,curvature,high,0.8,basis,4,3,0.2,0.5,,,0,,0,1,0
curvature:high:basis:4,curvature,high,0.8,basis,4,5,0.2,0.5,,,0,,0,1,0
curvature:high:basis:5,curvature,high,0.8,basis,5,1,0.2,,,,0,,0,0,1
curvature:high:basis:5,curvature,high,0.8,basis,5,3,0.2,,,,0,,0,0,1
curvature:high:basis:5,curvature,high,0.8,basis,5,5,0.2,,,,0,,0,0,1
curvature:high:basis:6,curvature,high,0.8,basis,6,1,0.2,0.6,0.6,,1,,0,0,0
curvature:high:basis:6,curvature,high,0.8,basis,6,3,0.2,0.6,0.6,,1,,0,0,0
curvature:high:basis:6,curvature,high,0.8,basis,6,5,0.2,0.6,0.6,,1,,0,0,0
curvature:high:basis:7,curvature,high,0.8,basis,7,1,0.2,0.5,0.5,,1,,0,0,0
curvature:high:basis:7,curvature,high,0.8,basis,7,3,0.2,0.5,0.5,,1,,0,0,0
curvature:high:basis:7,curvature,high,0.8,basis,7,5,0.2,0.5,0.5,,1,,0,0,0
curvature:high:basis:8,curvature,high,0.8,basis,8,1,0.2,,,,0,,0,0,1
curvature:high:basis:8,curvature,high,0.8,basis,8,3,0.2,,,,0,,0,0,1
curvature:high:basis:8,curvature,high,0.8,basis,8,5,0.2,,,,0,,0,0,1
curvature:high:basis:9,curvature,high,0.8,basis,9,1,0.2,,,,0,,0,0,1
curvature:high:basis:9,curvature,high,0.8,basis,9,3,0.2,,,,0,,0,0,1
curvature:high:basis:9,curvature,high,0.8,basis,9,5,0.2,,,,0,,0,0,1
curvature:high:basis:10,curvature,high,0.8,basis,10,1,0.2,,,,0,,0,0,1
curvature:high:basis:10,curvature,high,0.8,basis,10,3,0.2,,,,0,,0,0,1
curvature:high:basis:10,curvature,high,0.8,basis,10,5,0.2,,,,0,,0,0,1
curvature:high:basis:11,curvature,high,0.8,basis,11,1,0.2,0.6,,,0,,0,1,0
curvature:high:basis:11,curvature,high,0.8,basis,11,3,0.2,0.6,,,0,,0,1,0
curvature:high:basis:11,curvature,high,0.8,basis,11,5,0.2,0.6,,,0,,0,1,0
curvature:high:basis:12,curvature,high,0.8,basis,12,1,0.2,,,,0,,0,0,1
curvature:high:basis:12,curvature,high,0.8,basis,12,3,0.2,,,,0,,0,0,1
curvature:high:basis:12,curvature,high,0.8,basis,12,5,0.2,,,,0,,0,0,1
curvature:high:basis:13,curvature,high,0.8,basis,13,1,0.2,0.5,0.5,,1,,0,0,0
curvature:high:basis:13,curvature,high,0.8,basis,13,3,0.2,0.5,0.5,,1,,0,0,0
curvature:high:basis:13,curvature,high,0.8,basis,13,5,0.2,0.5,0.5,,1,,0,0,0
curvature:high:basis:14,curvature,high,0.8,basis,14,1,0.2,0.6,0.6,,1,,0,0,0
curvature:high:basis:14,curvature,high,0.8,basis,14,3,0.2,0.6,0.6,,1,,0,0,0
curvature:high:basis:14,curvature,high,0.8,basis,14,5,0.2,0.6,0.6,,1,,0,0,0
curvature:high:basis:15,curvature,high,0.8,basis,15,1,0.2,0.5,,,0,,0,1,0
curvature:high:basis:15,curvature,high,0.8,basis,15,3,0.2,0.5,,,0,,0,1,0
curvature:high:basis:15,curvature,high,0.8,basis,15,5,0.2,0.5,,,0,,0,1,0
curvature:high:basis:16,curvature,high,0.8,basis,16,1,0.2,,,,0,,0,0,1
curvature:high:basis:16,curvature,high,0.8,basis,16,3,0.2,,,,0,,0,0,1
curvature:high:basis:16,curvature,high,0.8,basis,16,5,0.2,,,,0,,0,0,1
curvature:high:basis:17,curvature,high,0.8,basis,17,1,0.2,,,,0,,0,0,1
curvature:high:basis:17,curvature,high,0.8,basis,17,3,0.2,,,,0,,0,0,1
curvature:high:basis:17,curvature,high,0.8,basis,17,5,0.2,,,,0,,0,0,1
curvature:high:basis:18,curvature,high,0.8,basis,18,1,0.2,,,,0,,0,0,1
curvature:high:basis:18,curvature,high,0.8,basis,18,3,0.2,,,,0,,0,0,1
curvature:high:basis:18,curvature,high,0.8,basis,18,5,0.2,,,,0,,0,0,1
curvature:high:basis:19,curvature,high,0.8,basis,19,1,0.2,,,,0,,0,1,0
curvature:high:basis:19,curvature,high,0.8,basis,19,3,0.2,,,,0,,0,1,0
curvature:high:basis:19,curvature,high,0.8,basis,19,5,0.2,,,,0,,0,1,0
curvature:high:ode:0,curvature,high,0.8,ode,0,1,0.2,0.5,,,0,,0,1,0
curvature:high:ode:0,curvature,high,0.8,ode,0,3,0.2,0.5,,,0,,0,1,0
curvature:high:ode:0,curvature,high,0.8,ode,0,5,0.2,0.5,,,0,,0,1,0
curvature:high:ode:1,curvature,high,0.8,ode,1,1,0.2,0.5,,,0,,0,1,0
curvature:high:ode:1,curvature,high,0.8,ode,1,3,0.2,0.5,,,0,,0,1,0
curvature:high:ode:1,curvature,high,0.8,ode,1,5,0.2,0.5,,,0,,0,1,0
curvature:high:ode:2,curvature,high,0.8,ode,2,1,0.2,,,,0,,0,0,1
curvature:high:ode:2,curvature,high,0.8,ode,2,3,0.2,,,,0,,0,0,1
curvature:high:ode:2,curvature,high,0.8,ode,2,5,0.2,,,,0,,0,1,0
curvature:high:ode:3,curvature,high,0.8,ode,3,1,0.2,0.5,0.5,,1,,0,0,0
curvature:high:ode:3,curvature,high,0.8,ode,3,3,0.2,0.5,0.5,,1,,0,0,0
curvature:high:ode:3,curvature,high,0.8,ode,3,5,0.2,0.5,0.5,,1,,0,0,0
curvature:high:ode:4,curvature,high,0.8,ode,4,1,0.2,,,,0,,0,0,1
curvature:high:ode:4,curvature,high,0.8,ode,4,3,0.2,,,,0,,0,0,1
curvature:high:ode:4,curvature,high,0.8,ode,4,5,0.2,,,,0,,0,1,0
curvature:high:ode:5,curvature,high,0.8,ode,5,1,0.2,0.5,,,0,,0,1,0
curvature:high:ode:5,curvature,high,0.8,ode,5,3,0.2,0.5,0.5,,1,,0,1,0
curvature:high:ode:5,curvature,high,0.8,ode,5,5,0.2,0.5,0.5,,1,,0,1,0
curvature:high:ode:6,curvature,high,0.8,ode,6,1,0.2,,,,0,,0,0,1
curvature:high:ode:6,curvature,high,0.8,ode,6,3,0.2,,,,0,,0,0,1
curvature:high:ode:6,curvature,high,0.8,ode,6,5,0.2,,,,0,,0,0,1
curvature:high:ode:7,curvature,high,0.8,ode,7,1,0.2,,,,0,,0,0,1
curvature:high:ode:7,curvature,high,0.8,ode,7,3,0.2,,,,0,,0,1,0
curvature:high:ode:7,curvature,high,0.8,ode,7,5,0.2,,,,0,,0,1,0
curvature:high:ode:8,curvature,high,0.8,ode,8,1,0.2,,,,0,,0,0,1
curvature:high:ode:8,curvature,high,0.8,ode,8,3,0.2,,,,0,,0,0,1
curvature:high:ode:8,curvature,high,0.8,ode,8,5,0.2,,,,0,,0,0,1
curvature:high:ode:9,curvature,high,0.8,ode,9,1,0.2,,,,0,,0,0,1
curvature:high:ode:9,curvature,high,0.8,ode,9,3,0.2,,,,0,,0,0,1
curvature:high:ode:9,curvature,high,0.8,ode,9,5,0.2,,,,0,,0,0,1
curvature:high:ode:10,curvature,high,0.8,ode,10,1,0.2,0.6,,,0,,0,1,0
curvature:high:ode:10,curvature,high,0.8,ode,10,3,0.2,0.6,,,0,,0,1,0
curvature:high:ode:10,curvature,high,0.8,ode,10,5,0.2,0.6,,,0,,0,1,0
curvature:high:ode:11,curvature,high,0.8,ode,11,1,0.2,,,,0,,0,0,1
curvature:high:ode:11,curvature,high,0.8,ode,11,3,0.2,,,,0,,0,0,1
curvature:high:ode:11,curvature,high,0.8,ode,11,5,0.2,,,,0,,0,0,1
curvature:high:ode:12,curvature,high,0.8,ode,12,1,0.2,,,,0,,0,0,1
curvature:high:ode:12,curvature,high,0.8,ode,12,3,0.2,,,,0,,0,0,1
curvature:high:ode:12,curvature,high,0.8,ode,12,5,0.2,,,,0,,0,0,1
curvature:high:ode:13,curvature,high,0.8,ode,13,1,0.2,,,,0,,0,0,1
curvature:high:ode:13,curvature,high,0.8,ode,13,3,0.2,,,,0,,0,0,1
curvature:high:ode:13,curvature,high,0.8,ode,13,5,0.2,,,,0,,0,0,1
curvature:high:ode:14,curvature,high,0.8,ode,14,1,0.2,,,,0,,0,0,1
curvature:high:ode:14,curvature,high,0.8,ode,14,3,0.2,,,,0,,0,0,1
curvature:high:ode:14,curvature,high,0.8,ode,14,5,0.2,,,,0,,0,0,1
curvature:high:ode:15,curvature,high,0.8,ode,15,1,0.2,,,,0,,0,0,1
curvature:high:ode:15,curvature,high,0.8,ode,15,3,0.2,,,,0,,0,0,1
curvature:high:ode:15,curvature,high,0.8,ode,15,5,0.2,,,,0,,0,0,1
curvature:high:ode:16,curvature,high,0.8,ode,16,1,0.2,,,,0,,0,0,1
curvature:high:ode:16,curvature,high,0.8,ode,16,3,0.2,,,,0,,0,0,1
curvature:high:ode:16,curvature,high,0.8,ode,16,5,0.2,,,,0,,0,0,1
curvature:high:ode:17,curvature,high,0.8,ode,17,1,0.2,0.6,0.6,,1,,0,0,0
curvature:high:ode:17,curvature,high,0.8,ode,17,3,0.2,0.6,0.6,,1,,0,0,0
curvature:high:ode:17,curvature,high,0.8,ode,17,5,0.2,0.6,0.6,,1,,0,0,0
curvature:high:ode:18,curvature,high,0.8,ode,18,1,0.2,,,,0,,0,0,1
curvature:high:ode:18,curvature,high,0.8,ode,18,3,0.2,,,,0,,0,0,1
curvature:high:ode:18,curvature,high,0.8,ode,18,5,0.2,,,,0,,0,0,1
curvature:high:ode:19,curvature,high,0.8,ode,19,1,0.2,,,,0,,0,1,0
curvature:high:ode:19,curvature,high,0.8,ode,19,3,0.2,,,,0,,0,1,0
curvature:high:ode:19,curvature,high,0.8,ode,19,5,0.2,,,,0,,0,1,0
inflection:low:spline:0,inflection,low,0.2,spline,0,1,0.2,,,,0,,0,0,1
inflection:low:spline:0,inflection,low,0.2,spline,0,3,0.2,,,,0,,0,0,1
inflection:low:spline:0,inflection,low,0.2,spline,0,5,0.2,,,,0,,0,1,0
inflection:low:spline:1,inflection,low,0.2,spline,1,1,0.2,,,,0,,0,1,0
inflection:low:spline:1,inflection,low,0.2,spline,1,3,0.2,,,,0,,0,1,0
inflection:low:spline:1,inflection,low,0.2,spline,1,5,0.2,,,,0,,0,1,0
inflection:low:spline:2,inflection,low,0.2,spline,2,1,0.2,,,,0,,0,1,0
inflection:low:spline:2,inflection,low,0.2,spline,2,3,0.2,,,,0,,0,1,0
inflection:low:spline:2,inflection,low,0.2,spline,2,5,0.2,,,,0,,0,1,0
inflection:low:spline:3,inflection,low,0.2,spline,3,1,0.2,,,,0,,0,0,1
inflection:low:spline:3,inflection,low,0.2,spline,3,3,0.2,,,,0,,0,1,0
inflection:low:spline:3,inflection,low,0.2,spline,3,5,0.2,,,,0,,0,1,0
inflection:low:spline:4,inflection,low,0.2,spline,4,1,0.2,,,,0,,0,0,1
inflection:low:spline:4,inflection,low,0.2,spline,4,3,0.2,,,,0,,0,0,1
inflection:low:spline:4,inflection,low,0.2,spline,4,5,0.2,,,,0,,0,1,0
inflection:low:spline:5,inflection,low,0.2,spline,5,1,0.2,,,,0,,0,0,1
inflection:low:spline:5,inflection,low,0.2,spline,5,3,0.2,,,,0,,0,1,0
inflection:low:spline:5,inflection,low,0.2,spline,5,5,0.2,,,,0,,0,1,0
inflection:low:spline:6,inflection,low,0.2,spline,6,1,0.2,,,,0,,0,1,0
inflection:low:spline:6,inflection,low,0.2,spline,6,3,0.2,,,,0,,0,1,0
inflection:low:spline:6,inflection,low,0.2,spline,6,5,0.2,,,,0,,0,1,0
inflection:low:spline:7,inflection,low,0.2,spline,7,1,0.2,,,,0,,0,0,1
inflection:low:spline:7,inflection,low,0.2,spline,7,3,0.2,,,,0,,0,0,1
inflection:low:spline:7,inflection,low,0.2,spline,7,5,0.2,,,,0,,0,1,0
inflection:low:spline:8,inflection,low,0.2,spline,8,1,0.2,,,,0,,0,1,0
inflection:low:spline:8,inflection,low,0.2,spline,8,3,0.2,,,,0,,0,1,0
inflection:low:spline:8,inflection,low,0.2,spline,8,5,0.2,,,,0,,0,1,0
inflection:low:spline:9,inflection,low,0.2,spline,9,1,0.2,,,,0,,0,1,0
inflection:low:spline:9,inflection,low,0.2,spline,9,3,0.2,,,,0,,0,1,0
inflection:low:spline:9,inflection,low,0.2,spline,9,5,0.2,,,,0,,0,1,0
inflection:low:spline:10,inflection,low,0.2,spline,10,1,0.2,,,,0,,0,1,0
inflection:low:spline:10,inflection,low,0.2,spline,10,3,0.2,,,,0,,0,1,0
inflection:low:spline:10,inflection,low,0.2,spline,10,5,0.2,,,,0,,0,1,0
inflection:low:spline:11,inflection,low,0.2,spline,11,1,0.2,,,,0,,0,1,0
inflection:low:spline:11,inflection,low,0.2,spline,11,3,0.2,,,,0,,0,1,0
inflection:low:spline:11,inflection,low,0.2,spline,11,5,0.2,,,,0,,0,1,0
inflection:low:spline:12,inflection,low,0.2,spline,12,1,0.2,,,,0,,0,1,0
inflection:low:spline:12,inflection,low,0.2,spline,12,3,0.2,,,,0,,0,1,0
inflection:low:spline:12,inflection,low,0.2,spline,12,5,0.2,,,,0,,0,1,0
inflection:low:spline:13,inflection,low,0.2,spline,13,1,0.2,,,,0,,0,1,0
inflection:low:spline:13,inflection,low,0.2,spline,13,3,0.2,,,,0,,0,1,0
inflection:low:spline:13,inflection,low,0.2,spline,13,5,0.2,,,,0,,0,1,0
inflection:low:spline:14,inflection,low,0.2,spline,14,1,0.2,,,,0,,0,1,0
inflection:low:spline:14,inflection,low,0.2,spline,14,3,0.2,,,,0,,0,1,0
inflection:low:spline:14,inflection,low,0.2,spline,14,5,0.2,,,,0,,0,1,0
inflection:low:spline:15,inflection,low,0.2,spline,15,1,0.2,,,,0,,0,1,0
inflection:low:spline:15,inflection,low,0.2,spline,15,3,0.2,,,,0,,0,1,0
inflection:low:spline:15,inflection,low,0.2,spline,15,5,0.2,,,,0,,0,1,0
inflection:low:spline:16,inflection,low,0.2,spline,16,1,0.2,,,,0,,0,0,1
inflection:low:spline:16,inflection,low,0.2,spline,16,3,0.2,,,,0,,0,1,0
inflection:low:spline:16,inflection,low,0.2,spline,16,5,0.2,,,,0,,0,1,0
inflection:low:spline:17,inflection,low,0.2,spline,17,1,0.2,,,,0,,0,1,0
inflection:low:spline:17,inflection,low,0.2,spline,17,3,0.2,,,,0,,0,1,0
inflection:low:spline:17,inflection,low,0.2,spline,17,5,,,,,0,,0,1,0
inflection:low:spline:18,inflection,low,0.2,spline,18,1,0.2,,,,0,,0,0,1
inflection:low:spline:18,inflection,low,0.2,spline,18,3,0.2,,,,0,,0,0,1
inflection:low:spline:18,inflection,low,0.2,spline,18,5,0.2,,,,0,,0,1,0
inflection:low:spline:19,inflection,low,0.2,spline,19,1,0.2,,,,0,,0,0,1
inflection:low:spline:19,inflection,low,0.2,spline,19,3,0.2,,,,0,,0,0,1
inflection:low:spline:19,inflection,low,0.2,spline,19,5,0.2,,,,0,,0,1,0
inflection:low:basis:0,inflection,low,0.2,basis,0,1,0.2,,,,0,,0,1,0
inflection:low:basis:0,inflection,low,0.2,basis,0,3,0.2,,,,0,,0,1,0
inflection:low:basis:0,inflection,low,0.2,basis,0,5,0.2,,,,0,,0,1,0
inflection:low:basis:1,inflection,low,0.2,basis,1,1,0.2,,,,0,,0,0,1
inflection:low:basis:1,inflection,low,0.2,basis,1,3,0.2,,,,0,,0,0,1
inflection:low:basis:1,inflection,low,0.2,basis,1,5,0.2,,,,0,,0,1,0
inflection:low:basis:2,inflection,low,0.2,basis,2,1,0.2,,,,0,,0,1,0
inflection:low:basis:2,inflection,low,0.2,basis,2,3,0.2,,,,0,,0,1,0
inflection:low:basis:2,inflection,low,0.2,basis,2,5,0.2,,,,0,,0,1,0
inflection:low:basis:3,inflection,low,0.2,basis,3,1,0.2,,,,0,,0,1,0
inflection:low:basis:3,inflection,low,0.2,basis,3,3,0.2,,,,0,,0,1,0
inflection:low:basis:3,inflection,low,0.2,basis,3,5,0.2,,,,0,,0,1,0
inflection:low:basis:4,inflection,low,0.2,basis,4,1,0.2,,,,0,,0,1,0
inflection:low:basis:4,inflection,low,0.2,basis,4,3,0.2,,,,0,,0,1,0
inflection:low:basis:4,inflection,low,0.2,basis,4,5,0.2,,,,0,,0,1,0
inflection:low:basis:5,inflection,low,0.2,basis,5,1,0.2,,,,0,,0,1,0
inflection:low:basis:5,inflection,low,0.2,basis,5,3,0.2,,,,0,,0,1,0
inflection:low:basis:5,inflection,low,0.2,basis,5,5,0.2,,,,0,,0,1,0
inflection:low:basis:6,inflection,low,0.2,basis,6,1,0.2,,,,0,,0,0,1
inflection:low:basis:6,inflection,low,0.2,basis,6,3,0.2,,,,0,,0,1,0
inflection:low:basis:6,inflection,low,0.2,basis,6,5,0.2,,,,0,,0,1,0
inflection:low:basis:7,inflection,low,0.2,basis,7,1,0.2,,,,0,,0,0,1
inflection:low:basis:7,inflection,low,0.2,basis,7,3,0.2,,,,0,,0,0,1
inflection:low:basis:7,inflection,low,0.2,basis,7,5,0.2,,,,0,,0,1,0
inflection:low:basis:8,inflection,low,0.2,basis,8,1,0.2,,,,0,,0,0,1
inflection:low:basis:8,inflection,low,0.2,basis,8,3,0.2,,,,0,,0,0,1
inflection:low:basis:8,inflection,low,0.2,basis,8,5,0.2,,,,0,,0,1,0
inflection:low:basis:9,inflection,low,0.2,basis,9,1,0.2,,,,0,,0,1,0
inflection:low:basis:9,inflection,low,0.2,basis,9,3,0.2,,,,0,,0,1,0
inflection:low:basis:9,inflection,low,0.2,basis,9,5,0.2,,,,0,,0,1,0
inflection:low:basis:10,inflection,low,0.2,basis,10,1,0.2,,,,0,,0,0,1
inflection:low:basis:10,inflection,low,0.2,basis,10,3,0.2,,,,0,,0,1,0
inflection:low:basis:10,inflection,low,0.2,basis,10,5,0.2,,,,0,,0,1,0
inflection:low:basis:11,inflection,low,0.2,basis,11,1,0.2,,,,0,,0,0,1
inflection:low:basis:11,inflection,low,0.2,basis,11,3,0.2,,,,0,,0,1,0
inflection:low:basis:11,inflection,low,0.2,basis,11,5,0.2,,,,0,,0,1,0
inflection:low:basis:12,inflection,low,0.2,basis,12,1,0.2,,,,0,,0,0,1
inflection:low:basis:12,inflection,low,0.2,basis,12,3,0.2,,,,0,,0,1,0
inflection:low:basis:12,inflection,low,0.2,basis,12,5,0.2,,,,0,,0,1,0
inflection:low:basis:13,inflection,low,0.2,basis,13,1,0.2,,,,0,,0,1,0
inflection:low:basis:13,inflection,low,0.2,basis,13,3,0.2,,,,0,,0,1,0
inflection:low:basis:13,inflection,low,0.2,basis,13,5,0.2,,,,0,,0,1,0
inflection:low:basis:14,inflection,low,0.2,basis,14,1,0.2,,,,0,,0,0,1
inflection:low:basis:14,inflection,low,0.2,basis,14,3,0.2,,,,0,,0,0,1
inflection:low:basis:14,inflection,low,0.2,basis,14,5,0.2,,,,0,,0,1,0
inflection:low:basis:15,inflection,low,0.2,basis,15,1,0.2,,,,0,,0,1,0
inflection:low:basis:15,inflection,low,0.2,basis,15,3,0.2,,,,0,,0,1,0
inflection:low:basis:15,inflection,low,0.2,basis,15,5,,,,,0,,0,1,0
inflection:low:basis:16,inflection,low,0.2,basis,16,1,0.2,,,,0,,0,1,0
inflection:low:basis:16,inflection,low,0.2,basis,16,3,0.2,,,,0,,0,1,0
inflection:low:basis:16,inflection,low,0.2,basis,16,5,0.2,,,,0,,0,1,0
inflection:low:basis:17,inflection,low,0.2,basis,17,1,0.2,,,,0,,0,1,0
inflection:low:basis:17,inflection,low,0.2,basis,17,3,0.2,,,,0,,0,1,0
inflection:low:basis:17,inflection,low,0.2,basis,17,5,,,,,0,,0,1,0
inflection:low:basis:18,inflection,low,0.2,basis,18,1,0.2,,,,0,,0,0,1
inflection:low:basis:18,inflection,low,0.2,basis,18,3,0.2,,,,0,,0,1,0
inflection:low:basis:18,inflection,low,0.2,basis,18,5,0.2,,,,0,,0,1,0
inflection:low:basis:19,inflection,low,0.2,basis,19,1,0.2,,,,0,,0,0,1
inflection:low:basis:19,inflection,low,0.2,basis,19,3,0.2,,,,0,,0,1,0
inflection:low:basis:19,inflection,low,0.2,basis,19,5,0.2,,,,0,,0,1,0
inflection:low:ode:0,inflection,low,0.2,ode,0,1,0.2,,,,0,,0,1,0
inflection:low:ode:0,inflection,low,0.2,ode,0,3,0.2,,,,0,,0,1,0
inflection:low:ode:0,inflection,low,0.2,ode,0,5,0.2,,,,0,,0,1,0
inflection:low:ode:1,inflection,low,0.2,ode,1,1,0.2,,,,0,,0,1,0
inflection:low:ode:1,inflection,low,0.2,ode,1,3,0.2,,,,0,,0,1,0
inflection:low:ode:1,inflection,low,0.2,ode,1,5,0.2,,,,0,,0,1,0
inflection:low:ode:2,inflection,low,0.2,ode,2,1,0.2,,,,0,,0,0,1
inflection:low:ode:2,inflection,low,0.2,ode,2,3,0.2,,,,0,,0,0,1
inflection:low:ode:2,inflection,low,0.2,ode,2,5,0.2,,,,0,,0,1,0
inflection:low:ode:3,inflection,low,0.2,ode,3,1,0.2,,,,0,,0,0,1
inflection:low:ode:3,inflection,low,0.2,ode,3,3,0.2,,,,0,,0,0,1
inflection:low:ode:3,inflection,low,0.2,ode,3,5,0.2,,,,0,,0,1,0
inflection:low:ode:4,inflection,low,0.2,ode,4,1,0.2,,,,0,,0,0,1
inflection:low:ode:4,inflection,low,0.2,ode,4,3,0.2,,,,0,,0,1,0
inflection:low:ode:4,inflection,low,0.2,ode,4,5,0.2,,,,0,,0,1,0
inflection:low:ode:5,inflection,low,0.2,ode,5,1,0.2,,,,0,,0,1,0
inflection:low:ode:5,inflection,low,0.2,ode,5,3,0.2,,,,0,,0,1,0
inflection:low:ode:5,inflection,low,0.2,ode,5,5,0.2,,,,0,,0,1,0
inflection:low:ode:6,inflection,low,0.2,ode,6,1,0.2,,,,0,,0,0,1
inflection:low:ode:6,inflection,low,0.2,ode,6,3,0.2,,,,0,,0,0,1
inflection:low:ode:6,inflection,low,0.2,ode,6,5,0.2,,,,0,,0,1,0
inflection:low:ode:7,inflection,low,0.2,ode,7,1,0.2,,,,0,,0,1,0
inflection:low:ode:7,inflection,low,0.2,ode,7,3,0.2,,,,0,,0,1,0
inflection:low:ode:7,inflection,low,0.2,ode,7,5,0.2,,,,0,,0,1,0
inflection:low:ode:8,inflection,low,0.2,ode,8,1,0.2,,,,0,,0,0,1
inflection:low:ode:8,inflection,low,0.2,ode,8,3,0.2,,,,0,,0,0,1
inflection:low:ode:8,inflection,low,0.2,ode,8,5,0.2,,,,0,,0,1,0
inflection:low:ode:9,inflection,low,0.2,ode,9,1,0.2,,,,0,,0,0,1
inflection:low:ode:9,inflection,low,0.2,ode,9,3,0.2,,,,0,,0,0,1
inflection:low:ode:9,inflection,low,0.2,ode,9,5,0.2,,,,0,,0,1,0
inflection:low:ode:10,inflection,low,0.2,ode,10,1,0.2,,,,0,,0,1,0
inflection:low:ode:10,inflection,low,0.2,ode,10,3,0.2,,,,0,,0,1,0
inflection:low:ode:10,inflection,low,0.2,ode,10,5,0.2,,,,0,,0,1,0
inflection:low:ode:11,inflection,low,0.2,ode,11,1,0.2,,,,0,,0,1,0
inflection:low:ode:11,inflection,low,0.2,ode,11,3,0.2,,,,0,,0,1,0
inflection:low:ode:11,inflection,low,0.2,ode,11,5,0.2,,,,0,,0,1,0
inflection:low:ode:12,inflection,low,0.2,ode,12,1,0.2,,,,0,,0,0,1
inflection:low:ode:12,inflection,low,0.2,ode,12,3,0.2,,,,0,,0,0,1
inflection:low:ode:12,inflection,low,0.2,ode,12,5,0.2,,,,0,,0,1,0
inflection:low:ode:13,inflection,low,0.2,ode,13,1,0.2,,,,0,,0,1,0
inflection:low:ode:13,inflection,low,0.2,ode,13,3,0.2,,,,0,,0,1,0
inflection:low:ode:13,inflection,low,0.2,ode,13,5,0.2,,,,0,,0,1,0
inflection:low:ode:14,inflection,low,0.2,ode,14,1,0.2,,,,0,,0,1,0
inflection:low:ode:14,inflection,low,0.2,ode,14,3,0.2,,,,0,,0,1,0
inflection:low:ode:14,inflection,low,0.2,ode,14,5,0.2,,,,0,,0,1,0
inflection:low:ode:15,inflection,low,0.2,ode,15,1,0.2,,,,0,,0,1,0
inflection:low:ode:15,inflection,low,0.2,ode,15,3,0.2,,,,0,,0,1,0
inflection:low:ode:15,inflection,low,0.2,ode,15,5,0.2,,,,0,,0,1,0
inflection:low:ode:16,inflection,low,0.2,ode,16,1,0.2,,,,0,,0,1,0
inflection:low:ode:16,inflection,low,0.2,ode,16,3,0.2,,,,0,,0,1,0
inflection:low:ode:16,inflection,low,0.2,ode,16,5,0.2,,,,0,,0,1,0
inflection:low:ode:17,inflection,low,0.2,ode,17,1,0.2,,,,0,,0,1,0
inflection:low:ode:17,inflection,low,0.2,ode,17,3,0.2,,,,0,,0,1,0
inflection:low:ode:17,inflection,low,0.2,ode,17,5,0.2,,,,0,,0,1,0
inflection:low:ode:18,inflection,low,0.2,ode,18,1,0.2,,,,0,,0,0,1
inflection:low:ode:18,inflection,low,0.2,ode,18,3,0.2,,,,0,,0,0,1
inflection:low:ode:18,inflection,low,0.2,ode,18,5,0.2,,,,0,,0,1,0
inflection:low:ode:19,inflection,low,0.2,ode,19,1,0.2,,,,0,,0,0,1
inflection:low:ode:19,inflection,low,0.2,ode,19,3,0.2,,,,0,,0,0,1
inflection:low:ode:19,inflection,low,0.2,ode,19,5,0.2,,,,0,,0,1,0
inflection:mid:spline:0,inflection,mid,0.5,spline,0,1,0.2,,,,0,,0,1,0
inflection:mid:spline:0,inflection,mid,0.5,spline,0,3,0.2,,,,0,,0,1,0
inflection:mid:spline:0,inflection,mid,0.5,spline,0,5,0.2,,,,0,,0,1,0
inflection:mid:spline:1,inflection,mid,0.5,spline,1,1,0.2,,,,0,,0,1,0
inflection:mid:spline:1,inflection,mid,0.5,spline,1,3,0.2,,,,0,,0,1,0
inflection:mid:spline:1,inflection,mid,0.5,spline,1,5,0.2,,,,0,,0,1,0
inflection:mid:spline:2,inflection,mid,0.5,spline,2,1,0.2,,,,0,,0,1,0
inflection:mid:spline:2,inflection,mid,0.5,spline,2,3,0.2,,,,0,,0,1,0
inflection:mid:spline:2,inflection,mid,0.5,spline,2,5,0.2,,,,0,,0,1,0
inflection:mid:spline:3,inflection,mid,0.5,spline,3,1,0.2,,,,0,,0,1,0
inflection:mid:spline:3,inflection,mid,0.5,spline,3,3,0.2,,,,0,,0,1,0
inflection:mid:spline:3,inflection,mid,0.5,spline,3,5,0.2,,,,0,,0,1,0
inflection:mid:spline:4,inflection,mid,0.5,spline,4,1,0.2,,,,0,,0,1,0
inflection:mid:spline:4,inflection,mid,0.5,spline,4,3,0.2,,,,0,,0,1,0
inflection:mid:spline:4,inflection,mid,0.5,spline,4,5,0.2,,,,0,,0,1,0
inflection:mid:spline:5,inflection,mid,0.5,spline,5,1,0.2,,,,0,,0,1,0
inflection:mid:spline:5,inflection,mid,0.5,spline,5,3,0.2,,,,0,,0,1,0
inflection:mid:spline:5,inflection,mid,0.5,spline,5,5,0.2,,,,0,,0,1,0
inflection:mid:spline:6,inflection,mid,0.5,spline,6,1,0.2,,,,0,,0,0,1
inflection:mid:spline:6,inflection,mid,0.5,spline,6,3,0.2,,,,0,,0,1,0
inflection:mid:spline:6,inflection,mid,0.5,spline,6,5,0.2,,,,0,,0,1,0
inflection:mid:spline:7,inflection,mid,0.5,spline,7,1,0.2,,,,0,,0,1,0
inflection:mid:spline:7,inflection,mid,0.5,spline,7,3,0.2,,,,0,,0,1,0
inflection:mid:spline:7,inflection,mid,0.5,spline,7,5,0.2,,,,0,,0,1,0
inflection:mid:spline:8,inflection,mid,0.5,spline,8,1,0.2,,,,0,,0,0,1
inflection:mid:spline:8,inflection,mid,0.5,spline,8,3,0.2,,,,0,,0,0,1
inflection:mid:spline:8,inflection,mid,0.5,spline,8,5,0.2,,,,0,,0,1,0
inflection:mid:spline:9,inflection,mid,0.5,spline,9,1,0.2,,,,0,,0,0,1
inflection:mid:spline:9,inflection,mid,0.5,spline,9,3,0.2,,,,0,,0,1,0
inflection:mid:spline:9,inflection,mid,0.5,spline,9,5,0.2,,,,0,,0,1,0
inflection:mid:spline:10,inflection,mid,0.5,spline,10,1,0.2,,,,0,,0,0,1
inflection:mid:spline:10,inflection,mid,0.5,spline,10,3,0.2,,,,0,,0,1,0
inflection:mid:spline:10,inflection,mid,0.5,spline,10,5,,,,,0,,0,1,0
inflection:mid:spline:11,inflection,mid,0.5,spline,11,1,0.2,,,,0,,0,0,1
inflection:mid:spline:11,inflection,mid,0.5,spline,11,3,0.2,,,,0,,0,1,0
inflection:mid:spline:11,inflection,mid,0.5,spline,11,5,,,,,0,,0,1,0
inflection:mid:spline:12,inflection,mid,0.5,spline,12,1,0.2,,,,0,,0,0,1
inflection:mid:spline:12,inflection,mid,0.5,spline,12,3,0.2,,,,0,,0,1,0
inflection:mid:spline:12,inflection,mid,0.5,spline,12,5,0.2,,,,0,,0,1,0
inflection:mid:spline:13,inflection,mid,0.5,spline,13,1,0.2,,,,0,,0,0,1
inflection:mid:spline:13,inflection,mid,0.5,spline,13,3,0.2,,,,0,,0,0,1
inflection:mid:spline:13,inflection,mid,0.5,spline,13,5,0.2,,,,0,,0,1,0
inflection:mid:spline:14,inflection,mid,0.5,spline,14,1,0.2,,,,0,,0,1,0
inflection:mid:spline:14,inflection,mid,0.5,spline,14,3,0.2,,,,0,,0,1,0
inflection:mid:spline:14,inflection,mid,0.5,spline,14,5,0.2,,,,0,,0,1,0
inflection:mid:spline:15,inflection,mid,0.5,spline,15,1,0.2,,,,0,,0,0,1
inflection:mid:spline:15,inflection,mid,0.5,spline,15,3,0.2,,,,0,,0,1,0
inflection:mid:spline:15,inflection,mid,0.5,spline,15,5,0.2,,,,0,,0,1,0
inflection:mid:spline:16,inflection,mid,0.5,spline,16,1,0.2,,,,0,,0,0,1
inflection:mid:spline:16,inflection,mid,0.5,spline,16,3,0.2,,,,0,,0,0,1
inflection:mid:spline:16,inflection,mid,0.5,spline,16,5,0.2,,,,0,,0,1,0
inflection:mid:spline:17,inflection,mid,0.5,spline,17,1,0.2,,,,0,,0,1,0
inflection:mid:spline:17,inflection,mid,0.5,spline,17,3,0.2,,,,0,,0,1,0
inflection:mid:spline:17,inflection,mid,0.5,spline,17,5,0.2,,,,0,,0,1,0
inflection:mid:spline:18,inflection,mid,0.5,spline,18,1,0.2,,,,0,,0,1,0
inflection:mid:spline:18,inflection,mid,0.5,spline,18,3,0.2,,,,0,,0,1,0
inflection:mid:spline:18,inflection,mid,0.5,spline,18,5,0.2,,,,0,,0,1,0
inflection:mid:spline:19,inflection,mid,0.5,spline,19,1,0.2,,,,0,,0,1,0
inflection:mid:spline:19,inflection,mid,0.5,spline,19,3,0.2,,,,0,,0,1,0
inflection:mid:spline:19,inflection,mid,0.5,spline,19,5,0.2,,,,0,,0,1,0
inflection:mid:basis:0,inflection,mid,0.5,basis,0,1,0.2,,,,0,,0,1,0
inflection:mid:basis:0,inflection,mid,0.5,basis,0,3,0.2,,,,0,,0,1,0
inflection:mid:basis:0,inflection,mid,0.5,basis,0,5,0.2,,,,0,,0,1,0
inflection:mid:basis:1,inflection,mid,0.5,basis,1,1,0.2,,,,0,,0,1,0
inflection:mid:basis:1,inflection,mid,0.5,basis,1,3,0.2,,,,0,,0,1,0
inflection:mid:basis:1,inflection,mid,0.5,basis,1,5,0.2,,,,0,,0,1,0
inflection:mid:basis:2,inflection,mid,0.5,basis,2,1,0.2,,,,0,,0,0,1
inflection:mid:basis:2,inflection,mid,0.5,basis,2,3,0.2,,,,0,,0,0,1
inflection:mid:basis:2,inflection,mid,0.5,basis,2,5,0.2,,,,0,,0,1,0
inflection:mid:basis:3,inflection,mid,0.5,basis,3,1,0.2,,,,0,,0,1,0
inflection:mid:basis:3,inflection,mid,0.5,basis,3,3,0.2,,,,0,,0,1,0
inflection:mid:basis:3,inflection,mid,0.5,basis,3,5,0.2,,,,0,,0,1,0
inflection:mid:basis:4,inflection,mid,0.5,basis,4,1,0.2,,,,0,,0,1,0
inflection:mid:basis:4,inflection,mid,0.5,basis,4,3,0.2,,,,0,,0,1,0
inflection:mid:basis:4,inflection,mid,0.5,basis,4,5,0.2,,,,0,,0,1,0
inflection:mid:basis:5,inflection,mid,0.5,basis,5,1,0.2,,,,0,,0,0,1
inflection:mid:basis:5,inflection,mid,0.5,basis,5,3,0.2,,,,0,,0,0,1
inflection:mid:basis:5,inflection,mid,0.5,basis,5,5,0.2,,,,0,,0,1,0
inflection:mid:basis:6,inflection,mid,0.5,basis,6,1,0.2,,,,0,,0,1,0
inflection:mid:basis:6,inflection,mid,0.5,basis,6,3,0.2,,,,0,,0,1,0
inflection:mid:basis:6,inflection,mid,0.5,basis,6,5,,,,,0,,0,1,0
inflection:mid:basis:7,inflection,mid,0.5,basis,7,1,0.2,,,,0,,0,1,0
inflection:mid:basis:7,inflection,mid,0.5,basis,7,3,0.2,,,,0,,0,1,0
inflection:mid:basis:7,inflection,mid,0.5,basis,7,5,0.2,,,,0,,0,1,0
inflection:mid:basis:8,inflection,mid,0.5,basis,8,1,0.2,,,,0,,0,0,1
inflection:mid:basis:8,inflection,mid,0.5,basis,8,3,0.2,,,,0,,0,1,0
inflection:mid:basis:8,inflection,mid,0.5,basis,8,5,0.2,,,,0,,0,1,0
inflection:mid:basis:9,inflection,mid,0.5,basis,9,1,0.2,,,,0,,0,1,0
inflection:mid:basis:9,inflection,mid,0.5,basis,9,3,0.2,,,,0,,0,1,0
inflection:mid:basis:9,inflection,mid,0.5,basis,9,5,0.2,,,,0,,0,1,0
inflection:mid:basis:10,inflection,mid,0.5,basis,10,1,0.2,,,,0,,0,1,0
inflection:mid:basis:10,inflection,mid,0.5,basis,10,3,0.2,,,,0,,0,1,0
inflection:mid:basis:10,inflection,mid,0.5,basis,10,5,0.2,,,,0,,0,1,0
inflection:mid:basis:11,inflection,mid,0.5,basis,11,1,0.2,,,,0,,0,0,1
inflection:mid:basis:11,inflection,mid,0.5,basis,11,3,0.2,,,,0,,0,0,1
inflection:mid:basis:11,inflection,mid,0.5,basis,11,5,0.2,,,,0,,0,1,0
inflection:mid:basis:12,inflection,mid,0.5,basis,12,1,0.2,,,,0,,0,1,0
inflection:mid:basis:12,inflection,mid,0.5,basis,12,3,0.2,,,,0,,0,1,0
inflection:mid:basis:12,inflection,mid,0.5,basis,12,5,0.2,,,,0,,0,1,0
inflection:mid:basis:13,inflection,mid,0.5,basis,13,1,0.2,,,,0,,0,0,1
inflection:mid:basis:13,inflection,mid,0.5,basis,13,3,0.2,,,,0,,0,1,0
inflection:mid:basis:13,inflection,mid,0.5,basis,13,5,0.2,,,,0,,0,1,0
inflection:mid:basis:14,inflection,mid,0.5,basis,14,1,0.2,,,,0,,0,0,1
inflection:mid:basis:14,inflection,mid,0.5,basis,14,3,0.2,,,,0,,0,0,1
inflection:mid:basis:14,inflection,mid,0.5,basis,14,5,0.2,,,,0,,0,1,0
inflection:mid:basis:15,inflection,mid,0.5,basis,15,1,0.2,,,,0,,0,1,0
inflection:mid:basis:15,inflection,mid,0.5,basis,15,3,0.2,,,,0,,0,1,0
inflection:mid:basis:15,inflection,mid,0.5,basis,15,5,0.2,,,,0,,0,1,0
inflection:mid:basis:16,inflection,mid,0.5,basis,16,1,0.2,,,,0,,0,1,0
inflection:mid:basis:16,inflection,mid,0.5,basis,16,3,0.2,,,,0,,0,1,0
inflection:mid:basis:16,inflection,mid,0.5,basis,16,5,0.2,,,,0,,0,1,0
inflection:mid:basis:17,inflection,mid,0.5,basis,17,1,0.2,,,,0,,0,1,0
inflection:mid:basis:17,inflection,mid,0.5,basis,17,3,0.2,,,,0,,0,1,0
inflection:mid:basis:17,inflection,mid,0.5,basis,17,5,0.2,,,,0,,0,1,0
inflection:mid:basis:18,inflection,mid,0.5,basis,18,1,0.2,,,,0,,0,0,1
inflection:mid:basis:18,inflection,mid,0.5,basis,18,3,0.2,,,,0,,0,0,1
inflection:mid:basis:18,inflection,mid,0.5,basis,18,5,0.2,,,,0,,0,1,0
inflection:mid:basis:19,inflection,mid,0.5,basis,19,1,0.2,,,,0,,0,0,1
inflection:mid:basis:19,inflection,mid,0.5,basis,19,3,0.2,,,,0,,0,0,1
inflection:mid:basis:19,inflection,mid,0.5,basis,19,5,0.2,,,,0,,0,1,0
inflection:mid:ode:0,inflection,mid,0.5,ode,0,1,0.2,,,,0,,0,1,0
inflection:mid:ode:0,inflection,mid,0.5,ode,0,3,0.2,,,,0,,0,1,0
inflection:mid:ode:0,inflection,mid,0.5,ode,0,5,0.2,,,,0,,0,1,0
inflection:mid:ode:1,inflection,mid,0.5,ode,1,1,0.2,,,,0,,0,1,0
inflection:mid:ode:1,inflection,mid,0.5,ode,1,3,0.2,,,,0,,0,1,0
inflection:mid:ode:1,inflection,mid,0.5,ode,1,5,0.2,,,,0,,0,1,0
inflection:mid:ode:2,inflection,mid,0.5,ode,2,1,0.2,,,,0,,0,1,0
inflection:mid:ode:2,inflection,mid,0.5,ode,2,3,0.2,,,,0,,0,1,0
inflection:mid:ode:2,inflection,mid,0.5,ode,2,5,0.2,,,,0,,0,1,0
inflection:mid:ode:3,inflection,mid,0.5,ode,3,1,0.2,,,,0,,0,0,1
inflection:mid:ode:3,inflection,mid,0.5,ode,3,3,0.2,,,,0,,0,0,1
inflection:mid:ode:3,inflection,mid,0.5,ode,3,5,0.2,,,,0,,0,1,0
inflection:mid:ode:4,inflection,mid,0.5,ode,4,1,0.2,,,,0,,0,1,0
inflection:mid:ode:4,inflection,mid,0.5,ode,4,3,0.2,,,,0,,0,1,0
inflection:mid:ode:4,inflection,mid,0.5,ode,4,5,0.2,,,,0,,0,1,0
inflection:mid:ode:5,inflection,mid,0.5,ode,5,1,0.2,,,,0,,0,1,0
inflection:mid:ode:5,inflection,mid,0.5,ode,5,3,0.2,,,,0,,0,1,0
inflection:mid:ode:5,inflection,mid,0.5,ode,5,5,0.2,,,,0,,0,1,0
inflection:mid:ode:6,inflection,mid,0.5,ode,6,1,0.2,,,,0,,0,0,1
inflection:mid:ode:6,inflection,mid,0.5,ode,6,3,0.2,,,,0,,0,1,0
inflection:mid:ode:6,inflection,mid,0.5,ode,6,5,0.2,,,,0,,0,1,0
inflection:mid:ode:7,inflection,mid,0.5,ode,7,1,0.2,,,,0,,0,1,0
inflection:mid:ode:7,inflection,mid,0.5,ode,7,3,0.2,,,,0,,0,1,0
inflection:mid:ode:7,inflection,mid,0.5,ode,7,5,0.2,,,,0,,0,1,0
inflection:mid:ode:8,inflection,mid,0.5,ode,8,1,0.2,,,,0,,0,0,1
inflection:mid:ode:8,inflection,mid,0.5,ode,8,3,0.2,,,,0,,0,0,1
inflection:mid:ode:8,inflection,mid,0.5,ode,8,5,0.2,,,,0,,0,1,0
inflection:mid:ode:9,inflection,mid,0.5,ode,9,1,0.2,,,,0,,0,1,0
inflection:mid:ode:9,inflection,mid,0.5,ode,9,3,0.2,,,,0,,0,1,0
inflection:mid:ode:9,inflection,mid,0.5,ode,9,5,0.2,,,,0,,0,1,0
inflection:mid:ode:10,inflection,mid,0.5,ode,10,1,0.2,,,,0,,0,0,1
inflection:mid:ode:10,inflection,mid,0.5,ode,10,3,0.2,,,,0,,0,0,1
inflection:mid:ode:10,inflection,mid,0.5,ode,10,5,0.2,,,,0,,0,1,0
inflection:mid:ode:11,inflection,mid,0.5,ode,11,1,0.2,,,,0,,0,0,1
inflection:mid:ode:11,inflection,mid,0.5,ode,11,3,0.2,,,,0,,0,0,1
inflection:mid:ode:11,inflection,mid,0.5,ode,11,5,0.2,,,,0,,0,1,0
inflection:mid:ode:12,inflection,mid,0.5,ode,12,1,0.2,,,,0,,0,0,1
inflection:mid:ode:12,inflection,mid,0.5,ode,12,3,0.2,,,,0,,0,0,1
inflection:mid:ode:12,inflection,mid,0.5,ode,12,5,0.2,,,,0,,0,0,1
inflection:mid:ode:13,inflection,mid,0.5,ode,13,1,0.2,,,,0,,0,0,1
inflection:mid:ode:13,inflection,mid,0.5,ode,13,3,0.2,,,,0,,0,0,1
inflection:mid:ode:13,inflection,mid,0.5,ode,13,5,0.2,,,,0,,0,1,0
inflection:mid:ode:14,inflection,mid,0.5,ode,14,1,0.2,,,,0,,0,1,0
inflection:mid:ode:14,inflection,mid,0.5,ode,14,3,0.2,,,,0,,0,1,0
inflection:mid:ode:14,inflection,mid,0.5,ode,14,5,0.2,,,,0,,0,1,0
inflection:mid:ode:15,inflection,mid,0.5,ode,15,1,0.2,,,,0,,0,0,1
inflection:mid:ode:15,inflection,mid,0.5,ode,15,3,0.2,,,,0,,0,0,1
inflection:mid:ode:15,inflection,mid,0.5,ode,15,5,0.2,,,,0,,0,1,0
inflection:mid:ode:16,inflection,mid,0.5,ode,16,1,0.2,,,,0,,0,0,1
inflection:mid:ode:16,inflection,mid,0.5,ode,16,3,0.2,,,,0,,0,0,1
inflection:mid:ode:16,inflection,mid,0.5,ode,16,5,0.2,,,,0,,0,1,0
inflection:mid:ode:17,inflection,mid,0.5,ode,17,1,0.2,,,,0,,0,0,1
inflection:mid:ode:17,inflection,mid,0.5,ode,17,3,0.2,,,,0,,0,1,0
inflection:mid:ode:17,inflection,mid,0.5,ode,17,5,0.2,,,,0,,0,1,0
inflection:mid:ode:18,inflection,mid,0.5,ode,18,1,0.2,,,,0,,0,1,0
inflection:mid:ode:18,inflection,mid,0.5,ode,18,3,0.2,,,,0,,0,1,0
inflection:mid:ode:18,inflection,mid,0.5,ode,18,5,,,,,0,,0,1,0
inflection:mid:ode:19,inflection,mid,0.5,ode,19,1,0.2,,,,0,,0,1,0
inflection:mid:ode:19,inflection,mid,0.5,ode,19,3,0.2,,,,0,,0,1,0
inflection:mid:ode:19,inflection,mid,0.5,ode,19,5,0.2,,,,0,,0,1,0
inflection:high:spline:0,inflection,high,0.8,spline,0,1,0.2,,,,0,,0,1,0
inflection:high:spline:0,inflection,high,0.8,spline,0,3,0.2,,,,0,,0,1,0
inflection:high:spline:0,inflection,high,0.8,spline,0,5,0.2,,,,0,,0,1,0
inflection:high:spline:1,inflection,high,0.8,spline,1,1,0.2,,,,0,,0,1,0
inflection:high:spline:1,inflection,high,0.8,spline,1,3,0.2,,,,0,,0,1,0
inflection:high:spline:1,inflection,high,0.8,spline,1,5,0.2,,,,0,,0,1,0
inflection:high:spline:2,inflection,high,0.8,spline,2,1,0.2,,,,0,,0,1,0
inflection:high:spline:2,inflection,high,0.8,spline,2,3,0.2,,,,0,,0,1,0
inflection:high:spline:2,inflection,high,0.8,spline,2,5,0.2,,,,0,,0,1,0
inflection:high:spline:3,inflection,high,0.8,spline,3,1,0.2,,,,0,,0,1,0
inflection:high:spline:3,inflection,high,0.8,spline,3,3,0.2,,,,0,,0,1,0
inflection:high:spline:3,inflection,high,0.8,spline,3,5,0.2,,,,0,,0,1,0
inflection:high:spline:4,inflection,high,0.8,spline,4,1,0.2,,,,0,,0,1,0
inflection:high:spline:4,inflection,high,0.8,spline,4,3,0.2,,,,0,,0,1,0
inflection:high:spline:4,inflection,high,0.8,spline,4,5,0.2,,,,0,,0,1,0
inflection:high:spline:5,inflection,high,0.8,spline,5,1,0.2,,,,0,,0,1,0
inflection:high:spline:5,inflection,high,0.8,spline,5,3,0.2,,,,0,,0,1,0
inflection:high:spline:5,inflection,high,0.8,spline,5,5,0.2,,,,0,,0,1,0
inflection:high:spline:6,inflection,high,0.8,spline,6,1,0.2,,,,0,,0,1,0
inflection:high:spline:6,inflection,high,0.8,spline,6,3,0.2,,,,0,,0,1,0
inflection:high:spline:6,inflection,high,0.8,spline,6,5,0.2,,,,0,,0,1,0
inflection:high:spline:7,inflection,high,0.8,spline,7,1,0.2,,,,0,,0,0,1
inflection:high:spline:7,inflection,high,0.8,spline,7,3,0.2,,,,0,,0,0,1
inflection:high:spline:7,inflection,high,0.8,spline,7,5,0.2,,,,0,,0,0,1
inflection:high:spline:8,inflection,high,0.8,spline,8,1,0.2,,,,0,,0,0,1
inflection:high:spline:8,inflection,high,0.8,spline,8,3,0.2,,,,0,,0,1,0
inflection:high:spline:8,inflection,high,0.8,spline,8,5,0.2,,,,0,,0,1,0
inflection:high:spline:9,inflection,high,0.8,spline,9,1,0.2,,,,0,,0,1,0
inflection:high:spline:9,inflection,high,0.8,spline,9,3,0.2,,,,0,,0,1,0
inflection:high:spline:9,inflection,high,0.8,spline,9,5,0.2,,,,0,,0,1,0
inflection:high:spline:10,inflection,high,0.8,spline,10,1,0.2,,,,0,,0,0,1
inflection:high:spline:10,inflection,high,0.8,spline,10,3,0.2,,,,0,,0,0,1
inflection:high:spline:10,inflection,high,0.8,spline,10,5,0.2,,,,0,,0,1,0
inflection:high:spline:11,inflection,high,0.8,spline,11,1,0.2,,,,0,,0,1,0
inflection:high:spline:11,inflection,high,0.8,spline,11,3,0.2,,,,0,,0,1,0
inflection:high:spline:11,inflection,high,0.8,spline,11,5,0.2,,,,0,,0,1,0
inflection:high:spline:12,inflection,high,0.8,spline,12,1,0.2,,,,0,,0,1,0
inflection:high:spline:12,inflection,high,0.8,spline,12,3,0.2,,,,0,,0,1,0
inflection:high:spline:12,inflection,high,0.8,spline,12,5,0.2,,,,0,,0,1,0
inflection:high:spline:13,inflection,high,0.8,spline,13,1,0.2,,,,0,,0,1,0
inflection:high:spline:13,inflection,high,0.8,spline,13,3,0.2,,,,0,,0,1,0
inflection:high:spline:13,inflection,high,0.8,spline,13,5,0.2,,,,0,,0,1,0
inflection:high:spline:14,inflection,high,0.8,spline,14,1,0.2,,,,0,,0,0,1
inflection:high:spline:14,inflection,high,0.8,spline,14,3,0.2,,,,0,,0,0,1
inflection:high:spline:14,inflection,high,0.8,spline,14,5,0.2,,,,0,,0,1,0
inflection:high:spline:15,inflection,high,0.8,spline,15,1,0.2,,,,0,,0,0,1
inflection:high:spline:15,inflection,high,0.8,spline,15,3,0.2,,,,0,,0,0,1
inflection:high:spline:15,inflection,high,0.8,spline,15,5,0.2,,,,0,,0,1,0
inflection:high:spline:16,inflection,high,0.8,spline,16,1,0.2,,,,0,,0,1,0
inflection:high:spline:16,inflection,high,0.8,spline,16,3,0.2,,,,0,,0,1,0
inflection:high:spline:16,inflection,high,0.8,spline,16,5,0.2,,,,0,,0,1,0
inflection:high:spline:17,inflection,high,0.8,spline,17,1,0.2,,,,0,,0,0,1
inflection:high:spline:17,inflection,high,0.8,spline,17,3,0.2,,,,0,,0,0,1
inflection:high:spline:17,inflection,high,0.8,spline,17,5,0.2,,,,0,,0,1,0
inflection:high:spline:18,inflection,high,0.8,spline,18,1,0.2,,,,0,,0,1,0
inflection:high:spline:18,inflection,high,0.8,spline,18,3,0.2,,,,0,,0,1,0
inflection:high:spline:18,inflection,high,0.8,spline,18,5,0.2,,,,0,,0,1,0
inflection:high:spline:19,inflection,high,0.8,spline,19,1,0.2,,,,0,,0,1,0
inflection:high:spline:19,inflection,high,0.8,spline,19,3,0.2,,,,0,,0,1,0
inflection:high:spline:19,inflection,high,0.8,spline,19,5,0.2,,,,0,,0,1,0
inflection:high:basis:0,inflection,high,0.8,basis,0,1,0.2,,,,0,,0,0,1
inflection:high:basis:0,inflection,high,0.8,basis,0,3,0.2,,,,0,,0,0,1
inflection:high:basis:0,inflection,high,0.8,basis,0,5,0.2,,,,0,,0,1,0
inflection:high:basis:1,inflection,high,0.8,basis,1,1,0.2,,,,0,,0,1,0
inflection:high:basis:1,inflection,high,0.8,basis,1,3,0.2,,,,0,,0,1,0
inflection:high:basis:1,inflection,high,0.8,basis,1,5,0.2,,,,0,,0,1,0
inflection:high:basis:2,inflection,high,0.8,basis,2,1,0.2,,,,0,,0,1,0
inflection:high:basis:2,inflection,high,0.8,basis,2,3,0.2,,,,0,,0,1,0
inflection:high:basis:2,inflection,high,0.8,basis,2,5,0.2,,,,0,,0,1,0
inflection:high:basis:3,inflection,high,0.8,basis,3,1,0.2,,,,0,,0,1,0
inflection:high:basis:3,inflection,high,0.8,basis,3,3,0.2,,,,0,,0,1,0
inflection:high:basis:3,inflection,high,0.8,basis,3,5,0.2,,,,0,,0,1,0
inflection:high:basis:4,inflection,high,0.8,basis,4,1,0.2,,,,0,,0,0,1
inflection:high:basis:4,inflection,high,0.8,basis,4,3,0.2,,,,0,,0,0,1
inflection:high:basis:4,inflection,high,0.8,basis,4,5,0.2,,,,0,,0,1,0
inflection:high:basis:5,inflection,high,0.8,basis,5,1,0.2,,,,0,,0,1,0
inflection:high:basis:5,inflection,high,0.8,basis,5,3,0.2,,,,0,,0,1,0
inflection:high:basis:5,inflection,high,0.8,basis,5,5,0.2,,,,0,,0,1,0
inflection:high:basis:6,inflection,high,0.8,basis,6,1,0.2,,,,0,,0,1,0
inflection:high:basis:6,inflection,high,0.8,basis,6,3,0.2,,,,0,,0,1,0
inflection:high:basis:6,inflection,high,0.8,basis,6,5,0.2,,,,0,,0,1,0
inflection:high:basis:7,inflection,high,0.8,basis,7,1,0.2,,,,0,,0,1,0
inflection:high:basis:7,inflection,high,0.8,basis,7,3,0.2,,,,0,,0,1,0
inflection:high:basis:7,inflection,high,0.8,basis,7,5,0.2,,,,0,,0,1,0
inflection:high:basis:8,inflection,high,0.8,basis,8,1,0.2,,,,0,,0,0,1
inflection:high:basis:8,inflection,high,0.8,basis,8,3,0.2,,,,0,,0,0,1
inflection:high:basis:8,inflection,high,0.8,basis,8,5,0.2,,,,0,,0,1,0
inflection:high:basis:9,inflection,high,0.8,basis,9,1,0.2,,,,0,,0,1,0
inflection:high:basis:9,inflection,high,0.8,basis,9,3,0.2,,,,0,,0,1,0
inflection:high:basis:9,inflection,high,0.8,basis,9,5,0.2,,,,0,,0,1,0
inflection:high:basis:10,inflection,high,0.8,basis,10,1,0.2,,,,0,,0,1,0
inflection:high:basis:10,inflection,high,0.8,basis,10,3,0.2,,,,0,,0,1,0
inflection:high:basis:10,inflection,high,0.8,basis,10,5,0.2,,,,0,,0,1,0
inflection:high:basis:11,inflection,high,0.8,basis,11,1,0.2,,,,0,,0,0,1
inflection:high:basis:11,inflection,high,0.8,basis,11,3,0.2,,,,0,,0,1,0
inflection:high:basis:11,inflection,high,0.8,basis,11,5,0.2,,,,0,,0,1,0
inflection:high:basis:12,inflection,high,0.8,basis,12,1,0.2,,,,0,,0,1,0
inflection:high:basis:12,inflection,high,0.8,basis,12,3,0.2,,,,0,,0,1,0
inflection:high:basis:12,inflection,high,0.8,basis,12,5,0.2,,,,0,,0,1,0
inflection:high:basis:13,inflection,high,0.8,basis,13,1,0.2,,,,0,,0,1,0
inflection:high:basis:13,inflection,high,0.8,basis,13,3,0.2,,,,0,,0,1,0
inflection:high:basis:13,inflection,high,0.8,basis,13,5,0.2,,,,0,,0,1,0
inflection:high:basis:14,inflection,high,0.8,basis,14,1,0.2,,,,0,,0,0,1
inflection:high:basis:14,inflection,high,0.8,basis,14,3,0.2,,,,0,,0,0,1
inflection:high:basis:14,inflection,high,0.8,basis,14,5,0.2,,,,0,,0,1,0
inflection:high:basis:15,inflection,high,0.8,basis,15,1,0.2,,,,0,,0,1,0
inflection:high:basis:15,inflection,high,0.8,basis,15,3,0.2,,,,0,,0,1,0
inflection:high:basis:15,inflection,high,0.8,basis,15,5,0.2,,,,0,,0,1,0
inflection:high:basis:16,inflection,high,0.8,basis,16,1,0.2,,,,0,,0,1,0
inflection:high:basis:16,inflection,high,0.8,basis,16,3,0.2,,,,0,,0,1,0
inflection:high:basis:16,inflection,high,0.8,basis,16,5,0.2,,,,0,,0,1,0
inflection:high:basis:17,inflection,high,0.8,basis,17,1,0.2,,,,0,,0,0,1
inflection:high:basis:17,inflection,high,0.8,basis,17,3,0.2,,,,0,,0,0,1
inflection:high:basis:17,inflection,high,0.8,basis,17,5,0.2,,,,0,,0,1,0
inflection:high:basis:18,inflection,high,0.8,basis,18,1,0.2,,,,0,,0,0,1
inflection:high:basis:18,inflection,high,0.8,basis,18,3,0.2,,,,0,,0,0,1
inflection:high:basis:18,inflection,high,0.8,basis,18,5,0.2,,,,0,,0,1,0
inflection:high:basis:19,inflection,high,0.8,basis,19,1,0.2,,,,0,,0,0,1
inflection:high:basis:19,inflection,high,0.8,basis,19,3,0.2,,,,0,,0,1,0
inflection:high:basis:19,inflection,high,0.8,basis,19,5,0.2,,,,0,,0,1,0
inflection:high:ode:0,inflection,high,0.8,ode,0,1,0.2,,,,0,,0,1,0
inflection:high:ode:0,inflection,high,0.8,ode,0,3,0.2,,,,0,,0,1,0
inflection:high:ode:0,inflection,high,0.8,ode,0,5,0.2,,,,0,,0,1,0
inflection:high:ode:1,inflection,high,0.8,ode,1,1,0.2,,,,0,,0,0,1
inflection:high:ode:1,inflection,high,0.8,ode,1,3,0.2,,,,0,,0,0,1
inflection:high:ode:1,inflection,high,0.8,ode,1,5,0.2,,,,0,,0,1,0
inflection:high:ode:2,inflection,high,0.8,ode,2,1,0.2,,,,0,,0,1,0
inflection:high:ode:2,inflection,high,0.8,ode,2,3,0.2,,,,0,,0,1,0
inflection:high:ode:2,inflection,high,0.8,ode,2,5,,,,,0,,0,1,0
inflection:high:ode:3,inflection,high,0.8,ode,3,1,0.2,,,,0,,0,0,1
inflection:high:ode:3,inflection,high,0.8,ode,3,3,0.2,,,,0,,0,1,0
inflection:high:ode:3,inflection,high,0.8,ode,3,5,0.2,,,,0,,0,1,0
inflection:high:ode:4,inflection,high,0.8,ode,4,1,0.2,,,,0,,0,1,0
inflection:high:ode:4,inflection,high,0.8,ode,4,3,0.2,,,,0,,0,1,0
inflection:high:ode:4,inflection,high,0.8,ode,4,5,0.2,,,,0,,0,1,0
inflection:high:ode:5,inflection,high,0.8,ode,5,1,0.2,,,,0,,0,0,1
inflection:high:ode:5,inflection,high,0.8,ode,5,3,0.2,,,,0,,0,0,1
inflection:high:ode:5,inflection,high,0.8,ode,5,5,0.2,,,,0,,0,1,0
inflection:high:ode:6,inflection,high,0.8,ode,6,1,0.2,,,,0,,0,0,1
inflection:high:ode:6,inflection,high,0.8,ode,6,3,0.2,,,,0,,0,0,1
inflection:high:ode:6,inflection,high,0.8,ode,6,5,0.2,,,,0,,0,1,0
inflection:high:ode:7,inflection,high,0.8,ode,7,1,0.2,,,,0,,0,0,1
inflection:high:ode:7,inflection,high,0.8,ode,7,3,0.2,,,,0,,0,0,1
inflection:high:ode:7,inflection,high,0.8,ode,7,5,0.2,,,,0,,0,1,0
inflection:high:ode:8,inflection,high,0.8,ode,8,1,0.2,,,,0,,0,0,1
inflection:high:ode:8,inflection,high,0.8,ode,8,3,0.2,,,,0,,0,0,1
inflection:high:ode:8,inflection,high,0.8,ode,8,5,0.2,,,,0,,0,1,0
inflection:high:ode:9,inflection,high,0.8,ode,9,1,0.2,,,,0,,0,1,0
inflection:high:ode:9,inflection,high,0.8,ode,9,3,0.2,,,,0,,0,1,0
inflection:high:ode:9,inflection,high,0.8,ode,9,5,0.2,,,,0,,0,1,0
inflection:high:ode:10,inflection,high,0.8,ode,10,1,0.2,,,,0,,0,1,0
inflection:high:ode:10,inflection,high,0.8,ode,10,3,0.2,,,,0,,0,1,0
inflection:high:ode:10,inflection,high,0.8,ode,10,5,0.2,,,,0,,0,1,0
inflection:high:ode:11,inflection,high,0.8,ode,11,1,0.2,,,,0,,0,1,0
inflection:high:ode:11,inflection,high,0.8,ode,11,3,0.2,,,,0,,0,1,0
inflection:high:ode:11,inflection,high,0.8,ode,11,5,0.2,,,,0,,0,1,0
inflection:high:ode:12,inflection,high,0.8,ode,12,1,0.2,,,,0,,0,1,0
inflection:high:ode:12,inflection,high,0.8,ode,12,3,0.2,,,,0,,0,1,0
inflection:high:ode:12,inflection,high,0.8,ode,12,5,0.2,,,,0,,0,1,0
inflection:high:ode:13,inflection,high,0.8,ode,13,1,0.2,,,,0,,0,1,0
inflection:high:ode:13,inflection,high,0.8,ode,13,3,0.2,,,,0,,0,1,0
inflection:high:ode:13,inflection,high,0.8,ode,13,5,0.2,,,,0,,0,1,0
inflection:high:ode:14,inflection,high,0.8,ode,14,1,0.2,,,,0,,0,1,0
inflection:high:ode:14,inflection,high,0.8,ode,14,3,0.2,,,,0,,0,1,0
inflection:high:ode:14,inflection,high,0.8,ode,14,5,0.2,,,,0,,0,1,0
inflection:high:ode:15,inflection,high,0.8,ode,15,1,0.2,,,,0,,0,1,0
inflection:high:ode:15,inflection,high,0.8,ode,15,3,0.2,,,,0,,0,1,0
inflection:high:ode:15,inflection,high,0.8,ode,15,5,0.2,,,,0,,0,1,0
inflection:high:ode:16,inflection,high,0.8,ode,16,1,0.2,,,,0,,0,0,1
inflection:high:ode:16,inflection,high,0.8,ode,16,3,0.2,,,,0,,0,0,1
inflection:high:ode:16,inflection,high,0.8,ode,16,5,0.2,,,,0,,0,1,0
inflection:high:ode:17,inflection,high,0.8,ode,17,1,0.2,,,,0,,0,1,0
inflection:high:ode:17,inflection,high,0.8,ode,17,3,0.2,,,,0,,0,1,0
inflection:high:ode:17,inflection,high,0.8,ode,17,5,0.2,,,,0,,0,1,0
inflection:high:ode:18,inflection,high,0.8,ode,18,1,0.2,,,,0,,0,1,0
inflection:high:ode:18,inflection,high,0.8,ode,18,3,0.2,,,,0,,0,1,0
inflection:high:ode:18,inflection,high,0.8,ode,18,5,0.2,,,,0,,0,1,0
inflection:high:ode:19,inflection,high,0.8,ode,19,1,0.2,,,,0,,0,0,1
inflection:high:ode:19,inflection,high,0.8,ode,19,3,0.2,,,,0,,0,0,1
inflection:high:ode:19,inflection,high,0.8,ode,19,5,0.2,,,,0,,0,1,0
turning:low:spline:0,turning,low,0.2,spline,0,1,0.2,,,,0,,0,1,0
turning:low:spline:0,turning,low,0.2,spline,0,3,0.2,,,,0,,0,1,0
turning:low:spline:0,turning,low,0.2,spline,0,5,0.2,,,,0,,0,1,0
turning:low:spline:1,turning,low,0.2,spline,1,1,0.2,,,,0,,0,0,1
turning:low:spline:1,turning,low,0.2,spline,1,3,0.2,,,,0,,0,0,1
turning:low:spline:1,turning,low,0.2,spline,1,5,0.2,,,,0,,0,0,1
turning:low:spline:2,turning,low,0.2,spline,2,1,0.2,,,,0,,0,1,0
turning:low:spline:2,turning,low,0.2,spline,2,3,0.2,,,,0,,0,1,0
turning:low:spline:2,turning,low,0.2,spline,2,5,0.2,,,,0,,0,1,0
turning:low:spline:3,turning,low,0.2,spline,3,1,0.2,,,,0,,0,1,0
turning:low:spline:3,turning,low,0.2,spline,3,3,0.2,,,,0,,0,1,0
turning:low:spline:3,turning,low,0.2,spline,3,5,0.2,,,,0,,0,1,0
turning:low:spline:4,turning,low,0.2,spline,4,1,0.2,,,,0,,0,1,0
turning:low:spline:4,turning,low,0.2,spline,4,3,0.2,,,,0,,0,1,0
turning:low:spline:4,turning,low,0.2,spline,4,5,0.2,,,,0,,0,1,0
turning:low:spline:5,turning,low,0.2,spline,5,1,0.2,,,,0,,0,1,0
turning:low:spline:5,turning,low,0.2,spline,5,3,0.2,,,,0,,0,1,0
turning:low:spline:5,turning,low,0.2,spline,5,5,0.2,,,,0,,0,1,0
turning:low:spline:6,turning,low,0.2,spline,6,1,0.2,,,,0,,0,1,0
turning:low:spline:6,turning,low,0.2,spline,6,3,0.2,,,,0,,0,1,0
turning:low:spline:6,turning,low,0.2,spline,6,5,0.2,,,,0,,0,1,0
turning:low:spline:7,turning,low,0.2,spline,7,1,0.2,,,,0,,0,1,0
turning:low:spline:7,turning,low,0.2,spline,7,3,0.2,,,,0,,0,1,0
turning:low:spline:7,turning,low,0.2,spline,7,5,0.2,,,,0,,0,1,0
turning:low:spline:8,turning,low,0.2,spline,8,1,0.2,,,,0,,0,0,1
turning:low:spline:8,turning,low,0.2,spline,8,3,0.2,,,,0,,0,0,1
turning:low:spline:8,turning,low,0.2,spline,8,5,0.2,,,,0,,0,0,1
turning:low:spline:9,turning,low,0.2,spline,9,1,0.2,,,,0,,0,1,0
turning:low:spline:9,turning,low,0.2,spline,9,3,0.2,,,,0,,0,1,0
turning:low:spline:9,turning,low,0.2,spline,9,5,0.2,,,,0,,0,1,0
turning:low:spline:10,turning,low,0.2,spline,10,1,0.2,,,,0,,0,0,1
turning:low:spline:10,turning,low,0.2,spline,10,3,0.2,,,,0,,0,0,1
turning:low:spline:10,turning,low,0.2,spline,10,5,0.2,,,,0,,0,1,0
turning:low:spline:11,turning,low,0.2,spline,11,1,0.2,,,,0,,0,1,0
turning:low:spline:11,turning,low,0.2,spline,11,3,0.2,,,,0,,0,1,0
turning:low:spline:11,turning,low,0.2,spline,11,5,0.2,,,,0,,0,1,0
turning:low:spline:12,turning,low,0.2,spline,12,1,0.2,,,,0,,0,1,0
turning:low:spline:12,turning,low,0.2,spline,12,3,0.2,,,,0,,0,1,0
turning:low:spline:12,turning,low,0.2,spline,12,5,0.2,,,,0,,0,1,0
turning:low:spline:13,turning,low,0.2,spline,13,1,0.2,,,,0,,0,0,1
turning:low:spline:13,turning,low,0.2,spline,13,3,0.2,,,,0,,0,0,1
turning:low:spline:13,turning,low,0.2,spline,13,5,0.2,,,,0,,0,1,0
turning:low:spline:14,turning,low,0.2,spline,14,1,0.2,,,,0,,0,0,1
turning:low:spline:14,turning,low,0.2,spline,14,3,0.2,,,,0,,0,1,0
turning:low:spline:14,turning,low,0.2,spline,14,5,0.2,,,,0,,0,1,0
turning:low:spline:15,turning,low,0.2,spline,15,1,0.2,,,,0,,0,1,0
turning:low:spline:15,turning,low,0.2,spline,15,3,0.2,,,,0,,0,1,0
turning:low:spline:15,turning,low,0.2,spline,15,5,0.2,,,,0,,0,1,0
turning:low:spline:16,turning,low,0.2,spline,16,1,0.2,,,,0,,0,0,1
turning:low:spline:16,turning,low,0.2,spline,16,3,0.2,,,,0,,0,0,1
turning:low:spline:16,turning,low,0.2,spline,16,5,0.2,,,,0,,0,0,1
turning:low:spline:17,turning,low,0.2,spline,17,1,0.2,,,,0,,0,1,0
turning:low:spline:17,turning,low,0.2,spline,17,3,0.2,,,,0,,0,1,0
turning:low:spline:17,turning,low,0.2,spline,17,5,0.2,,,,0,,0,1,0
turning:low:spline:18,turning,low,0.2,spline,18,1,0.2,,,,0,,0,1,0
turning:low:spline:18,turning,low,0.2,spline,18,3,0.2,,,,0,,0,1,0
turning:low:spline:18,turning,low,0.2,spline,18,5,0.2,,,,0,,0,1,0
turning:low:spline:19,turning,low,0.2,spline,19,1,0.2,,,,0,,0,1,0
turning:low:spline:19,turning,low,0.2,spline,19,3,0.2,,,,0,,0,1,0
turning:low:spline:19,turning,low,0.2,spline,19,5,0.2,,,,0,,0,1,0
turning:low:basis:0,turning,low,0.2,basis,0,1,0.2,,,,0,,0,1,0
turning:low:basis:0,turning,low,0.2,basis,0,3,0.2,,,,0,,0,1,0
turning:low:basis:0,turning,low,0.2,basis,0,5,0.2,,,,0,,0,1,0
turning:low:basis:1,turning,low,0.2,basis,1,1,0.2,,,,0,,0,1,0
turning:low:basis:1,turning,low,0.2,basis,1,3,0.2,,,,0,,0,1,0
turning:low:basis:1,turning,low,0.2,basis,1,5,0.2,,,,0,,0,1,0
turning:low:basis:2,turning,low,0.2,basis,2,1,0.2,,,,0,,0,1,0
turning:low:basis:2,turning,low,0.2,basis,2,3,0.2,,,,0,,0,1,0
turning:low:basis:2,turning,low,0.2,basis,2,5,0.2,,,,0,,0,1,0
turning:low:basis:3,turning,low,0.2,basis,3,1,0.2,,,,0,,0,0,1
turning:low:basis:3,turning,low,0.2,basis,3,3,0.2,,,,0,,0,1,0
turning:low:basis:3,turning,low,0.2,basis,3,5,0.2,,,,0,,0,1,0
turning:low:basis:4,turning,low,0.2,basis,4,1,0.2,,,,0,,0,0,1
turning:low:basis:4,turning,low,0.2,basis,4,3,0.2,,,,0,,0,0,1
turning:low:basis:4,turning,low,0.2,basis,4,5,0.2,,,,0,,0,1,0
turning:low:basis:5,turning,low,0.2,basis,5,1,0.2,,,,0,,0,1,0
turning:low:basis:5,turning,low,0.2,basis,5,3,0.2,,,,0,,0,1,0
turning:low:basis:5,turning,low,0.2,basis,5,5,0.2,,,,0,,0,1,0
turning:low:basis:6,turning,low,0.2,basis,6,1,0.2,,,,0,,0,1,0
turning:low:basis:6,turning,low,0.2,basis,6,3,0.2,,,,0,,0,1,0
turning:low:basis:6,turning,low,0.2,basis,6,5,0.2,,,,0,,0,1,0
turning:low:basis:7,turning,low,0.2,basis,7,1,0.2,,,,0,,0,0,1
turning:low:basis:7,turning,low,0.2,basis,7,3,0.2,,,,0,,0,0,1
turning:low:basis:7,turning,low,0.2,basis,7,5,0.2,,,,0,,0,0,1
turning:low:basis:8,turning,low,0.2,basis,8,1,0.2,,,,0,,0,1,0
turning:low:basis:8,turning,low,0.2,basis,8,3,0.2,,,,0,,0,1,0
turning:low:basis:8,turning,low,0.2,basis,8,5,0.2,,,,0,,0,1,0
turning:low:basis:9,turning,low,0.2,basis,9,1,0.2,,,,0,,0,0,1
turning:low:basis:9,turning,low,0.2,basis,9,3,0.2,,,,0,,0,0,1
turning:low:basis:9,turning,low,0.2,basis,9,5,0.2,,,,0,,0,1,0
turning:low:basis:10,turning,low,0.2,basis,10,1,0.2,,,,0,,0,1,0
turning:low:basis:10,turning,low,0.2,basis,10,3,0.2,,,,0,,0,1,0
turning:low:basis:10,turning,low,0.2,basis,10,5,0.2,,,,0,,0,1,0
turning:low:basis:11,turning,low,0.2,basis,11,1,0.2,,,,0,,0,1,0
turning:low:basis:11,turning,low,0.2,basis,11,3,0.2,,,,0,,0,1,0
turning:low:basis:11,turning,low,0.2,basis,11,5,0.2,,,,0,,0,1,0
turning:low:basis:12,turning,low,0.2,basis,12,1,0.2,,,,0,,0,0,1
turning:low:basis:12,turning,low,0.2,basis,12,3,0.2,,,,0,,0,0,1
turning:low:basis:12,turning,low,0.2,basis,12,5,0.2,,,,0,,0,0,1
turning:low:basis:13,turning,low,0.2,basis,13,1,0.2,,,,0,,0,0,1
turning:low:basis:13,turning,low,0.2,basis,13,3,0.2,,,,0,,0,0,1
turning:low:basis:13,turning,low,0.2,basis,13,5,0.2,,,,0,,0,1,0
turning:low:basis:14,turning,low,0.2,basis,14,1,0.2,,,,0,,0,1,0
turning:low:basis:14,turning,low,0.2,basis,14,3,0.2,,,,0,,0,1,0
turning:low:basis:14,turning,low,0.2,basis,14,5,0.2,,,,0,,0,1,0
turning:low:basis:15,turning,low,0.2,basis,15,1,0.2,,,,0,,0,1,0
turning:low:basis:15,turning,low,0.2,basis,15,3,0.2,,,,0,,0,1,0
turning:low:basis:15,turning,low,0.2,basis,15,5,0.2,,,,0,,0,1,0
turning:low:basis:16,turning,low,0.2,basis,16,1,0.2,,,,0,,0,1,0
turning:low:basis:16,turning,low,0.2,basis,16,3,0.2,,,,0,,0,1,0
turning:low:basis:16,turning,low,0.2,basis,16,5,0.2,,,,0,,0,1,0
turning:low:basis:17,turning,low,0.2,basis,17,1,0.2,,,,0,,0,0,1
turning:low:basis:17,turning,low,0.2,basis,17,3,0.2,,,,0,,0,0,1
turning:low:basis:17,turning,low,0.2,basis,17,5,0.2,,,,0,,0,0,1
turning:low:basis:18,turning,low,0.2,basis,18,1,0.2,,,,0,,0,1,0
turning:low:basis:18,turning,low,0.2,basis,18,3,0.2,,,,0,,0,1,0
turning:low:basis:18,turning,low,0.2,basis,18,5,0.2,,,,0,,0,1,0
turning:low:basis:19,turning,low,0.2,basis,19,1,0.2,,,,0,,0,1,0
turning:low:basis:19,turning,low,0.2,basis,19,3,0.2,,,,0,,0,1,0
turning:low:basis:19,turning,low,0.2,basis,19,5,0.2,,,,0,,0,1,0
turning:low:ode:0,turning,low,0.2,ode,0,1,0.2,,,,0,,0,1,0
turning:low:ode:0,turning,low,0.2,ode,0,3,0.2,,,,0,,0,1,0
turning:low:ode:0,turning,low,0.2,ode,0,5,0.2,,,,0,,0,1,0
turning:low:ode:1,turning,low,0.2,ode,1,1,0.2,,,,0,,0,1,0
turning:low:ode:1,turning,low,0.2,ode,1,3,0.2,,,,0,,0,1,0
turning:low:ode:1,turning,low,0.2,ode,1,5,0.2,,,,0,,0,1,0
turning:low:ode:2,turning,low,0.2,ode,2,1,0.2,,,,0,,0,1,0
turning:low:ode:2,turning,low,0.2,ode,2,3,0.2,,,,0,,0,1,0
turning:low:ode:2,turning,low,0.2,ode,2,5,0.2,,,,0,,0,1,0
turning:low:ode:3,turning,low,0.2,ode,3,1,0.2,,,,0,,0,0,1
turning:low:ode:3,turning,low,0.2,ode,3,3,0.2,,,,0,,0,0,1
turning:low:ode:3,turning,low,0.2,ode,3,5,0.2,,,,0,,0,1,0
turning:low:ode:4,turning,low,0.2,ode,4,1,0.2,,,,0,,0,1,0
turning:low:ode:4,turning,low,0.2,ode,4,3,0.2,,,,0,,0,1,0
turning:low:ode:4,turning,low,0.2,ode,4,5,0.2,,,,0,,0,1,0
turning:low:ode:5,turning,low,0.2,ode,5,1,0.2,,,,0,,0,1,0
turning:low:ode:5,turning,low,0.2,ode,5,3,0.2,,,,0,,0,1,0
turning:low:ode:5,turning,low,0.2,ode,5,5,0.2,,,,0,,0,1,0
turning:low:ode:6,turning,low,0.2,ode,6,1,0.2,,,,0,,0,1,0
turning:low:ode:6,turning,low,0.2,ode,6,3,0.2,,,,0,,0,1,0
turning:low:ode:6,turning,low,0.2,ode,6,5,0.2,,,,0,,0,1,0
turning:low:ode:7,turning,low,0.2,ode,7,1,0.2,,,,0,,0,1,0
turning:low:ode:7,turning,low,0.2,ode,7,3,0.2,,,,0,,0,1,0
turning:low:ode:7,turning,low,0.2,ode,7,5,0.2,,,,0,,0,1,0
turning:low:ode:8,turning,low,0.2,ode,8,1,0.2,,,,0,,0,1,0
turning:low:ode:8,turning,low,0.2,ode,8,3,0.2,,,,0,,0,1,0
turning:low:ode:8,turning,low,0.2,ode,8,5,0.2,,,,0,,0,1,0
turning:low:ode:9,turning,low,0.2,ode,9,1,0.2,,,,0,,0,1,0
turning:low:ode:9,turning,low,0.2,ode,9,3,0.2,,,,0,,0,1,0
turning:low:ode:9,turning,low,0.2,ode,9,5,0.2,,,,0,,0,1,0
turning:low:ode:10,turning,low,0.2,ode,10,1,0.2,,,,0,,0,0,1
turning:low:ode:10,turning,low,0.2,ode,10,3,0.2,,,,0,,0,0,1
turning:low:ode:10,turning,low,0.2,ode,10,5,0.2,,,,0,,0,1,0
turning:low:ode:11,turning,low,0.2,ode,11,1,0.2,,,,0,,0,0,1
turning:low:ode:11,turning,low,0.2,ode,11,3,0.2,,,,0,,0,0,1
turning:low:ode:11,turning,low,0.2,ode,11,5,0.2,,,,0,,0,0,1
turning:low:ode:12,turning,low,0.2,ode,12,1,0.2,,,,0,,0,0,1
turning:low:ode:12,turning,low,0.2,ode,12,3,0.2,,,,0,,0,0,1
turning:low:ode:12,turning,low,0.2,ode,12,5,0.2,,,,0,,0,1,0
turning:low:ode:13,turning,low,0.2,ode,13,1,0.2,,,,0,,0,0,1
turning:low:ode:13,turning,low,0.2,ode,13,3,0.2,,,,0,,0,1,0
turning:low:ode:13,turning,low,0.2,ode,13,5,0.2,,,,0,,0,1,0
turning:low:ode:14,turning,low,0.2,ode,14,1,0.2,,,,0,,0,0,1
turning:low:ode:14,turning,low,0.2,ode,14,3,0.2,,,,0,,0,1,0
turning:low:ode:14,turning,low,0.2,ode,14,5,0.2,,,,0,,0,1,0
turning:low:ode:15,turning,low,0.2,ode,15,1,0.2,,,,0,,0,0,1
turning:low:ode:15,turning,low,0.2,ode,15,3,0.2,,,,0,,0,0,1
turning:low:ode:15,turning,low,0.2,ode,15,5,0.2,,,,0,,0,1,0
turning:low:ode:16,turning,low,0.2,ode,16,1,0.2,,,,0,,0,0,1
turning:low:ode:16,turning,low,0.2,ode,16,3,0.2,,,,0,,0,0,1
turning:low:ode:16,turning,low,0.2,ode,16,5,0.2,,,,0,,0,0,1
turning:low:ode:17,turning,low,0.2,ode,17,1,0.2,,,,0,,0,0,1
turning:low:ode:17,turning,low,0.2,ode,17,3,0.2,,,,0,,0,0,1
turning:low:ode:17,turning,low,0.2,ode,17,5,0.2,,,,0,,0,0,1
turning:low:ode:18,turning,low,0.2,ode,18,1,0.2,,,,0,,0,1,0
turning:low:ode:18,turning,low,0.2,ode,18,3,0.2,,,,0,,0,1,0
turning:low:ode:18,turning,low,0.2,ode,18,5,0.2,,,,0,,0,1,0
turning:low:ode:19,turning,low,0.2,ode,19,1,0.2,,,,0,,0,1,0
turning:low:ode:19,turning,low,0.2,ode,19,3,0.2,,,,0,,0,1,0
turning:low:ode:19,turning,low,0.2,ode,19,5,0.2,,,,0,,0,1,0
turning:mid:spline:0,turning,mid,0.5,spline,0,1,0.2,,,,0,,0,1,0
turning:mid:spline:0,turning,mid,0.5,spline,0,3,0.2,,,,0,,0,1,0
turning:mid:spline:0,turning,mid,0.5,spline,0,5,0.2,,,,0,,0,1,0
turning:mid:spline:1,turning,mid,0.5,spline,1,1,0.2,,,,0,,0,1,0
turning:mid:spline:1,turning,mid,0.5,spline,1,3,0.2,,,,0,,0,1,0
turning:mid:spline:1,turning,mid,0.5,spline,1,5,0.2,,,,0,,0,1,0
turning:mid:spline:2,turning,mid,0.5,spline,2,1,0.2,,,,0,,0,0,1
turning:mid:spline:2,turning,mid,0.5,spline,2,3,0.2,,,,0,,0,0,1
turning:mid:spline:2,turning,mid,0.5,spline,2,5,0.2,,,,0,,0,0,1
turning:mid:spline:3,turning,mid,0.5,spline,3,1,0.2,,,,0,,0,1,0
turning:mid:spline:3,turning,mid,0.5,spline,3,3,0.2,,,,0,,0,1,0
turning:mid:spline:3,turning,mid,0.5,spline,3,5,0.2,,,,0,,0,1,0
turning:mid:spline:4,turning,mid,0.5,spline,4,1,0.2,,,,0,,0,1,0
turning:mid:spline:4,turning,mid,0.5,spline,4,3,0.2,,,,0,,0,1,0
turning:mid:spline:4,turning,mid,0.5,spline,4,5,0.2,,,,0,,0,1,0
turning:mid:spline:5,turning,mid,0.5,spline,5,1,0.2,,,,0,,0,1,0
turning:mid:spline:5,turning,mid,0.5,spline,5,3,0.2,,,,0,,0,1,0
turning:mid:spline:5,turning,mid,0.5,spline,5,5,0.2,,,,0,,0,1,0
turning:mid:spline:6,turning,mid,0.5,spline,6,1,0.2,,,,0,,0,0,1
turning:mid:spline:6,turning,mid,0.5,spline,6,3,0.2,,,,0,,0,0,1
turning:mid:spline:6,turning,mid,0.5,spline,6,5,0.2,,,,0,,0,1,0
turning:mid:spline:7,turning,mid,0.5,spline,7,1,0.2,,,,0,,0,1,0
turning:mid:spline:7,turning,mid,0.5,spline,7,3,0.2,,,,0,,0,1,0
turning:mid:spline:7,turning,mid,0.5,spline,7,5,0.2,,,,0,,0,1,0
turning:mid:spline:8,turning,mid,0.5,spline,8,1,0.2,,,,0,,0,0,1
turning:mid:spline:8,turning,mid,0.5,spline,8,3,0.2,,,,0,,0,0,1
turning:mid:spline:8,turning,mid,0.5,spline,8,5,0.2,,,,0,,0,1,0
turning:mid:spline:9,turning,mid,0.5,spline,9,1,0.2,,,,0,,0,1,0
turning:mid:spline:9,turning,mid,0.5,spline,9,3,0.2,,,,0,,0,1,0
turning:mid:spline:9,turning,mid,0.5,spline,9,5,0.2,,,,0,,0,1,0
turning:mid:spline:10,turning,mid,0.5,spline,10,1,0.2,,,,0,,0,1,0
turning:mid:spline:10,turning,mid,0.5,spline,10,3,0.2,,,,0,,0,1,0
turning:mid:spline:10,turning,mid,0.5,spline,10,5,0.2,,,,0,,0,1,0
turning:mid:spline:11,turning,mid,0.5,spline,11,1,0.2,,,,0,,0,0,1
turning:mid:spline:11,turning,mid,0.5,spline,11,3,0.2,,,,0,,0,0,1
turning:mid:spline:11,turning,mid,0.5,spline,11,5,0.2,,,,0,,0,0,1
turning:mid:spline:12,turning,mid,0.5,spline,12,1,0.2,,,,0,,0,1,0
turning:mid:spline:12,turning,mid,0.5,spline,12,3,0.2,,,,0,,0,1,0
turning:mid:spline:12,turning,mid,0.5,spline,12,5,0.2,,,,0,,0,1,0
turning:mid:spline:13,turning,mid,0.5,spline,13,1,0.2,,,,0,,0,1,0
turning:mid:spline:13,turning,mid,0.5,spline,13,3,0.2,,,,0,,0,1,0
turning:mid:spline:13,turning,mid,0.5,spline,13,5,0.2,,,,0,,0,1,0
turning:mid:spline:14,turning,mid,0.5,spline,14,1,0.2,,,,0,,0,0,1
turning:mid:spline:14,turning,mid,0.5,spline,14,3,0.2,,,,0,,0,0,1
turning:mid:spline:14,turning,mid,0.5,spline,14,5,0.2,,,,0,,0,0,1
turning:mid:spline:15,turning,mid,0.5,spline,15,1,0.2,,,,0,,0,1,0
turning:mid:spline:15,turning,mid,0.5,spline,15,3,0.2,,,,0,,0,1,0
turning:mid:spline:15,turning,mid,0.5,spline,15,5,0.2,,,,0,,0,1,0
turning:mid:spline:16,turning,mid,0.5,spline,16,1,0.2,,,,0,,0,1,0
turning:mid:spline:16,turning,mid,0.5,spline,16,3,0.2,,,,0,,0,1,0
turning:mid:spline:16,turning,mid,0.5,spline,16,5,0.2,,,,0,,0,1,0
turning:mid:spline:17,turning,mid,0.5,spline,17,1,0.2,,,,0,,0,1,0
turning:mid:spline:17,turning,mid,0.5,spline,17,3,0.2,,,,0,,0,1,0
turning:mid:spline:17,turning,mid,0.5,spline,17,5,0.2,,,,0,,0,1,0
turning:mid:spline:18,turning,mid,0.5,spline,18,1,0.2,,,,0,,0,1,0
turning:mid:spline:18,turning,mid,0.5,spline,18,3,0.2,,,,0,,0,1,0
turning:mid:spline:18,turning,mid,0.5,spline,18,5,0.2,,,,0,,0,1,0
turning:mid:spline:19,turning,mid,0.5,spline,19,1,0.2,,,,0,,0,1,0
turning:mid:spline:19,turning,mid,0.5,spline,19,3,0.2,,,,0,,0,1,0
turning:mid:spline:19,turning,mid,0.5,spline,19,5,0.2,,,,0,,0,1,0
turning:mid:basis:0,turning,mid,0.5,basis,0,1,0.2,,,,0,,0,1,0
turning:mid:basis:0,turning,mid,0.5,basis,0,3,0.2,,,,0,,0,1,0
turning:mid:basis:0,turning,mid,0.5,basis,0,5,0.2,,,,0,,0,1,0
turning:mid:basis:1,turning,mid,0.5,basis,1,1,0.2,,,,0,,0,1,0
turning:mid:basis:1,turning,mid,0.5,basis,1,3,0.2,,,,0,,0,1,0
turning:mid:basis:1,turning,mid,0.5,basis,1,5,0.2,,,,0,,0,1,0
turning:mid:basis:2,turning,mid,0.5,basis,2,1,0.2,,,,0,,0,1,0
turning:mid:basis:2,turning,mid,0.5,basis,2,3,0.2,,,,0,,0,1,0
turning:mid:basis:2,turning,mid,0.5,basis,2,5,0.2,,,,0,,0,1,0
turning:mid:basis:3,turning,mid,0.5,basis,3,1,0.2,,,,0,,0,1,0
turning:mid:basis:3,turning,mid,0.5,basis,3,3,0.2,,,,0,,0,1,0
turning:mid:basis:3,turning,mid,0.5,basis,3,5,0.2,,,,0,,0,1,0
turning:mid:basis:4,turning,mid,0.5,basis,4,1,0.2,,,,0,,0,1,0
turning:mid:basis:4,turning,mid,0.5,basis,4,3,0.2,,,,0,,0,1,0
turning:mid:basis:4,turning,mid,0.5,basis,4,5,0.2,,,,0,,0,1,0
turning:mid:basis:5,turning,mid,0.5,basis,5,1,0.2,,,,0,,0,1,0
turning:mid:basis:5,turning,mid,0.5,basis,5,3,0.2,,,,0,,0,1,0
turning:mid:basis:5,turning,mid,0.5,basis,5,5,0.2,,,,0,,0,1,0
turning:mid:basis:6,turning,mid,0.5,basis,6,1,0.2,,,,0,,0,0,1
turning:mid:basis:6,turning,mid,0.5,basis,6,3,0.2,,,,0,,0,0,1
turning:mid:basis:6,turning,mid,0.5,basis,6,5,0.2,,,,0,,0,0,1
turning:mid:basis:7,turning,mid,0.5,basis,7,1,0.2,,,,0,,0,1,0
turning:mid:basis:7,turning,mid,0.5,basis,7,3,0.2,,,,0,,0,1,0
turning:mid:basis:7,turning,mid,0.5,basis,7,5,0.2,,,,0,,0,1,0
turning:mid:basis:8,turning,mid,0.5,basis,8,1,0.2,,,,0,,0,1,0
turning:mid:basis:8,turning,mid,0.5,basis,8,3,0.2,,,,0,,0,1,0
turning:mid:basis:8,turning,mid,0.5,basis,8,5,0.2,,,,0,,0,1,0
turning:mid:basis:9,turning,mid,0.5,basis,9,1,0.2,,,,0,,0,0,1
turning:mid:basis:9,turning,mid,0.5,basis,9,3,0.2,,,,0,,0,0,1
turning:mid:basis:9,turning,mid,0.5,basis,9,5,0.2,,,,0,,0,0,1
turning:mid:basis:10,turning,mid,0.5,basis,10,1,0.2,,,,0,,0,0,1
turning:mid:basis:10,turning,mid,0.5,basis,10,3,0.2,,,,0,,0,0,1
turning:mid:basis:10,turning,mid,0.5,basis,10,5,0.2,,,,0,,0,0,1
turning:mid:basis:11,turning,mid,0.5,basis,11,1,0.2,,,,0,,0,0,1
turning:mid:basis:11,turning,mid,0.5,basis,11,3,0.2,,,,0,,0,0,1
turning:mid:basis:11,turning,mid,0.5,basis,11,5,0.2,,,,0,,0,1,0
turning:mid:basis:12,turning,mid,0.5,basis,12,1,0.2,,,,0,,0,1,0
turning:mid:basis:12,turning,mid,0.5,basis,12,3,0.2,,,,0,,0,1,0
turning:mid:basis:12,turning,mid,0.5,basis,12,5,0.2,,,,0,,0,1,0
turning:mid:basis:13,turning,mid,0.5,basis,13,1,0.2,,,,0,,0,1,0
turning:mid:basis:13,turning,mid,0.5,basis,13,3,0.2,,,,0,,0,1,0
turning:mid:basis:13,turning,mid,0.5,basis,13,5,0.2,,,,0,,0,1,0
turning:mid:basis:14,turning,mid,0.5,basis,14,1,0.2,,,,0,,0,1,0
turning:mid:basis:14,turning,mid,0.5,basis,14,3,0.2,,,,0,,0,1,0
turning:mid:basis:14,turning,mid,0.5,basis,14,5,0.2,,,,0,,0,1,0
turning:mid:basis:15,turning,mid,0.5,basis,15,1,0.2,,,,0,,0,1,0
turning:mid:basis:15,turning,mid,0.5,basis,15,3,0.2,,,,0,,0,1,0
turning:mid:basis:15,turning,mid,0.5,basis,15,5,0.2,,,,0,,0,1,0
turning:mid:basis:16,turning,mid,0.5,basis,16,1,0.2,,,,0,,0,0,1
turning:mid:basis:16,turning,mid,0.5,basis,16,3,0.2,,,,0,,0,0,1
turning:mid:basis:16,turning,mid,0.5,basis,16,5,0.2,,,,0,,0,0,1
turning:mid:basis:17,turning,mid,0.5,basis,17,1,0.2,,,,0,,0,1,0
turning:mid:basis:17,turning,mid,0.5,basis,17,3,0.2,,,,0,,0,1,0
turning:mid:basis:17,turning,mid,0.5,basis,17,5,0.2,,,,0,,0,1,0
turning:mid:basis:18,turning,mid,0.5,basis,18,1,0.2,,,,0,,0,0,1
turning:mid:basis:18,turning,mid,0.5,basis,18,3,0.2,,,,0,,0,0,1
turning:mid:basis:18,turning,mid,0.5,basis,18,5,0.2,,,,0,,0,0,1
turning:mid:basis:19,turning,mid,0.5,basis,19,1,0.2,,,,0,,0,0,1
turning:mid:basis:19,turning,mid,0.5,basis,19,3,0.2,,,,0,,0,0,1
turning:mid:basis:19,turning,mid,0.5,basis,19,5,0.2,,,,0,,0,0,1
turning:mid:ode:0,turning,mid,0.5,ode,0,1,0.2,,,,0,,0,1,0
turning:mid:ode:0,turning,mid,0.5,ode,0,3,0.2,,,,0,,0,1,0
turning:mid:ode:0,turning,mid,0.5,ode,0,5,0.2,,,,0,,0,1,0
turning:mid:ode:1,turning,mid,0.5,ode,1,1,0.2,,,,0,,0,0,1
turning:mid:ode:1,turning,mid,0.5,ode,1,3,0.2,,,,0,,0,0,1
turning:mid:ode:1,turning,mid,0.5,ode,1,5,0.2,,,,0,,0,0,1
turning:mid:ode:2,turning,mid,0.5,ode,2,1,0.2,,,,0,,0,1,0
turning:mid:ode:2,turning,mid,0.5,ode,2,3,0.2,,,,0,,0,1,0
turning:mid:ode:2,turning,mid,0.5,ode,2,5,0.2,,,,0,,0,1,0
turning:mid:ode:3,turning,mid,0.5,ode,3,1,0.2,,,,0,,0,1,0
turning:mid:ode:3,turning,mid,0.5,ode,3,3,0.2,,,,0,,0,1,0
turning:mid:ode:3,turning,mid,0.5,ode,3,5,0.2,,,,0,,0,1,0
turning:mid:ode:4,turning,mid,0.5,ode,4,1,0.2,,,,0,,0,0,1
turning:mid:ode:4,turning,mid,0.5,ode,4,3,0.2,,,,0,,0,1,0
turning:mid:ode:4,turning,mid,0.5,ode,4,5,0.2,,,,0,,0,1,0
turning:mid:ode:5,turning,mid,0.5,ode,5,1,0.2,,,,0,,0,1,0
turning:mid:ode:5,turning,mid,0.5,ode,5,3,0.2,,,,0,,0,1,0
turning:mid:ode:5,turning,mid,0.5,ode,5,5,0.2,,,,0,,0,1,0
turning:mid:ode:6,turning,mid,0.5,ode,6,1,0.2,,,,0,,0,1,0
turning:mid:ode:6,turning,mid,0.5,ode,6,3,0.2,,,,0,,0,1,0
turning:mid:ode:6,turning,mid,0.5,ode,6,5,0.2,,,,0,,0,1,0
turning:mid:ode:7,turning,mid,0.5,ode,7,1,0.2,,,,0,,0,1,0
turning:mid:ode:7,turning,mid,0.5,ode,7,3,0.2,,,,0,,0,1,0
turning:mid:ode:7,turning,mid,0.5,ode,7,5,0.2,,,,0,,0,1,0
turning:mid:ode:8,turning,mid,0.5,ode,8,1,0.2,,,,0,,0,0,1
turning:mid:ode:8,turning,mid,0.5,ode,8,3,0.2,,,,0,,0,0,1
turning:mid:ode:8,turning,mid,0.5,ode,8,5,0.2,,,,0,,0,1,0
turning:mid:ode:9,turning,mid,0.5,ode,9,1,0.2,,,,0,,0,1,0
turning:mid:ode:9,turning,mid,0.5,ode,9,3,0.2,,,,0,,0,1,0
turning:mid:ode:9,turning,mid,0.5,ode,9,5,0.2,,,,0,,0,1,0
turning:mid:ode:10,turning,mid,0.5,ode,10,1,0.2,,,,0,,0,1,0
turning:mid:ode:10,turning,mid,0.5,ode,10,3,0.2,,,,0,,0,1,0
turning:mid:ode:10,turning,mid,0.5,ode,10,5,0.2,,,,0,,0,1,0
turning:mid:ode:11,turning,mid,0.5,ode,11,1,0.2,,,,0,,0,1,0
turning:mid:ode:11,turning,mid,0.5,ode,11,3,0.2,,,,0,,0,1,0
turning:mid:ode:11,turning,mid,0.5,ode,11,5,0.2,,,,0,,0,1,0
turning:mid:ode:12,turning,mid,0.5,ode,12,1,0.2,,,,0,,0,1,0
turning:mid:ode:12,turning,mid,0.5,ode,12,3,0.2,,,,0,,0,1,0
turning:mid:ode:12,turning,mid,0.5,ode,12,5,0.2,,,,0,,0,1,0
turning:mid:ode:13,turning,mid,0.5,ode,13,1,0.2,,,,0,,0,0,1
turning:mid:ode:13,turning,mid,0.5,ode,13,3,0.2,,,,0,,0,1,0
turning:mid:ode:13,turning,mid,0.5,ode,13,5,0.2,,,,0,,0,1,0
turning:mid:ode:14,turning,mid,0.5,ode,14,1,0.2,,,,0,,0,0,1
turning:mid:ode:14,turning,mid,0.5,ode,14,3,0.2,,,,0,,0,0,1
turning:mid:ode:14,turning,mid,0.5,ode,14,5,0.2,,,,0,,0,0,1
turning:mid:ode:15,turning,mid,0.5,ode,15,1,0.2,,,,0,,0,0,1
turning:mid:ode:15,turning,mid,0.5,ode,15,3,0.2,,,,0,,0,0,1
turning:mid:ode:15,turning,mid,0.5,ode,15,5,0.2,,,,0,,0,0,1
turning:mid:ode:16,turning,mid,0.5,ode,16,1,0.2,,,,0,,0,1,0
turning:mid:ode:16,turning,mid,0.5,ode,16,3,0.2,,,,0,,0,1,0
turning:mid:ode:16,turning,mid,0.5,ode,16,5,0.2,,,,0,,0,1,0
turning:mid:ode:17,turning,mid,0.5,ode,17,1,0.2,,,,0,,0,0,1
turning:mid:ode:17,turning,mid,0.5,ode,17,3,0.2,,,,0,,0,0,1
turning:mid:ode:17,turning,mid,0.5,ode,17,5,0.2,,,,0,,0,0,1
turning:mid:ode:18,turning,mid,0.5,ode,18,1,0.2,,,,0,,0,1,0
turning:mid:ode:18,turning,mid,0.5,ode,18,3,0.2,,,,0,,0,1,0
turning:mid:ode:18,turning,mid,0.5,ode,18,5,0.2,,,,0,,0,1,0
turning:mid:ode:19,turning,mid,0.5,ode,19,1,0.2,,,,0,,0,0,1
turning:mid:ode:19,turning,mid,0.5,ode,19,3,0.2,,,,0,,0,0,1
turning:mid:ode:19,turning,mid,0.5,ode,19,5,0.2,,,,0,,0,0,1
turning:high:spline:0,turning,high,0.8,spline,0,1,0.2,,,,0,,0,1,0
turning:high:spline:0,turning,high,0.8,spline,0,3,0.2,,,,0,,0,1,0
turning:high:spline:0,turning,high,0.8,spline,0,5,0.2,,,,0,,0,1,0
turning:high:spline:1,turning,high,0.8,spline,1,1,0.2,,,,0,,0,1,0
turning:high:spline:1,turning,high,0.8,spline,1,3,0.2,,,,0,,0,1,0
turning:high:spline:1,turning,high,0.8,spline,1,5,0.2,,,,0,,0,1,0
turning:high:spline:2,turning,high,0.8,spline,2,1,0.2,,,,0,,0,0,1
turning:high:spline:2,turning,high,0.8,spline,2,3,0.2,,,,0,,0,0,1
turning:high:spline:2,turning,high,0.8,spline,2,5,0.2,,,,0,,0,0,1
turning:high:spline:3,turning,high,0.8,spline,3,1,0.2,,,,0,,0,0,1
turning:high:spline:3,turning,high,0.8,spline,3,3,0.2,,,,0,,0,0,1
turning:high:spline:3,turning,high,0.8,spline,3,5,0.2,,,,0,,0,1,0
turning:high:spline:4,turning,high,0.8,spline,4,1,0.2,,,,0,,0,0,1
turning:high:spline:4,turning,high,0.8,spline,4,3,0.2,,,,0,,0,1,0
turning:high:spline:4,turning,high,0.8,spline,4,5,0.2,,,,0,,0,1,0
turning:high:spline:5,turning,high,0.8,spline,5,1,0.2,,,,0,,0,1,0
turning:high:spline:5,turning,high,0.8,spline,5,3,0.2,,,,0,,0,1,0
turning:high:spline:5,turning,high,0.8,spline,5,5,0.2,,,,0,,0,1,0
turning:high:spline:6,turning,high,0.8,spline,6,1,0.2,,,,0,,0,1,0
turning:high:spline:6,turning,high,0.8,spline,6,3,0.2,,,,0,,0,1,0
turning:high:spline:6,turning,high,0.8,spline,6,5,0.2,,,,0,,0,1,0
turning:high:spline:7,turning,high,0.8,spline,7,1,0.2,,,,0,,0,1,0
turning:high:spline:7,turning,high,0.8,spline,7,3,0.2,,,,0,,0,1,0
turning:high:spline:7,turning,high,0.8,spline,7,5,0.2,,,,0,,0,1,0
turning:high:spline:8,turning,high,0.8,spline,8,1,0.2,,,,0,,0,0,1
turning:high:spline:8,turning,high,0.8,spline,8,3,0.2,,,,0,,0,1,0
turning:high:spline:8,turning,high,0.8,spline,8,5,0.2,,,,0,,0,1,0
turning:high:spline:9,turning,high,0.8,spline,9,1,0.2,,,,0,,0,1,0
turning:high:spline:9,turning,high,0.8,spline,9,3,0.2,,,,0,,0,1,0
turning:high:spline:9,turning,high,0.8,spline,9,5,0.2,,,,0,,0,1,0
turning:high:spline:10,turning,high,0.8,spline,10,1,0.2,0.4,0.4,,1,,0,0,0
turning:high:spline:10,turning,high,0.8,spline,10,3,0.2,0.4,0.4,,1,,0,1,0
turning:high:spline:10,turning,high,0.8,spline,10,5,0.2,0.4,0.4,,1,,0,1,0
turning:high:spline:11,turning,high,0.8,spline,11,1,0.2,,,,0,,0,1,0
turning:high:spline:11,turning,high,0.8,spline,11,3,0.2,,,,0,,0,1,0
turning:high:spline:11,turning,high,0.8,spline,11,5,0.2,,,,0,,0,1,0
turning:high:spline:12,turning,high,0.8,spline,12,1,0.2,,,,0,,0,0,1
turning:high:spline:12,turning,high,0.8,spline,12,3,0.2,,,,0,,0,1,0
turning:high:spline:12,turning,high,0.8,spline,12,5,0.2,,,,0,,0,1,0
turning:high:spline:13,turning,high,0.8,spline,13,1,0.2,,,,0,,0,1,0
turning:high:spline:13,turning,high,0.8,spline,13,3,0.2,,,,0,,0,1,0
turning:high:spline:13,turning,high,0.8,spline,13,5,0.2,,,,0,,0,1,0
turning:high:spline:14,turning,high,0.8,spline,14,1,0.2,,,,0,,0,1,0
turning:high:spline:14,turning,high,0.8,spline,14,3,0.2,,,,0,,0,1,0
turning:high:spline:14,turning,high,0.8,spline,14,5,0.2,,,,0,,0,1,0
turning:high:spline:15,turning,high,0.8,spline,15,1,0.2,,,,0,,0,1,0
turning:high:spline:15,turning,high,0.8,spline,15,3,0.2,,,,0,,0,1,0
turning:high:spline:15,turning,high,0.8,spline,15,5,0.2,,,,0,,0,1,0
turning:high:spline:16,turning,high,0.8,spline,16,1,0.2,,,,0,,0,0,1
turning:high:spline:16,turning,high,0.8,spline,16,3,0.2,,,,0,,0,0,1
turning:high:spline:16,turning,high,0.8,spline,16,5,0.2,,,,0,,0,0,1
turning:high:spline:17,turning,high,0.8,spline,17,1,0.2,0.3,,,0,,0,1,0
turning:high:spline:17,turning,high,0.8,spline,17,3,0.2,0.3,0.3,,1,,0,1,0
turning:high:spline:17,turning,high,0.8,spline,17,5,0.2,0.3,0.3,,1,,0,1,0
turning:high:spline:18,turning,high,0.8,spline,18,1,0.2,,,,0,,0,1,0
turning:high:spline:18,turning,high,0.8,spline,18,3,0.2,,,,0,,0,1,0
turning:high:spline:18,turning,high,0.8,spline,18,5,0.2,,,,0,,0,1,0
turning:high:spline:19,turning,high,0.8,spline,19,1,0.2,,,,0,,0,0,1
turning:high:spline:19,turning,high,0.8,spline,19,3,0.2,,,,0,,0,0,1
turning:high:spline:19,turning,high,0.8,spline,19,5,0.2,,,,0,,0,0,1
turning:high:basis:0,turning,high,0.8,basis,0,1,0.2,,,,0,,0,1,0
turning:high:basis:0,turning,high,0.8,basis,0,3,0.2,,,,0,,0,1,0
turning:high:basis:0,turning,high,0.8,basis,0,5,0.2,,,,0,,0,1,0
turning:high:basis:1,turning,high,0.8,basis,1,1,0.2,,,,0,,0,0,1
turning:high:basis:1,turning,high,0.8,basis,1,3,0.2,,,,0,,0,0,1
turning:high:basis:1,turning,high,0.8,basis,1,5,0.2,,,,0,,0,1,0
turning:high:basis:2,turning,high,0.8,basis,2,1,0.2,,,,0,,0,1,0
turning:high:basis:2,turning,high,0.8,basis,2,3,0.2,,,,0,,0,1,0
turning:high:basis:2,turning,high,0.8,basis,2,5,0.2,,,,0,,0,1,0
turning:high:basis:3,turning,high,0.8,basis,3,1,0.2,,,,0,,0,1,0
turning:high:basis:3,turning,high,0.8,basis,3,3,0.2,,,,0,,0,1,0
turning:high:basis:3,turning,high,0.8,basis,3,5,0.2,,,,0,,0,1,0
turning:high:basis:4,turning,high,0.8,basis,4,1,0.2,,,,0,,0,0,1
turning:high:basis:4,turning,high,0.8,basis,4,3,0.2,,,,0,,0,0,1
turning:high:basis:4,turning,high,0.8,basis,4,5,0.2,,,,0,,0,0,1
turning:high:basis:5,turning,high,0.8,basis,5,1,0.2,,,,0,,0,1,0
turning:high:basis:5,turning,high,0.8,basis,5,3,0.2,,,,0,,0,1,0
turning:high:basis:5,turning,high,0.8,basis,5,5,0.2,,,,0,,0,1,0
turning:high:basis:6,turning,high,0.8,basis,6,1,0.2,,,,0,,0,1,0
turning:high:basis:6,turning,high,0.8,basis,6,3,0.2,,,,0,,0,1,0
turning:high:basis:6,turning,high,0.8,basis,6,5,0.2,,,,0,,0,1,0
turning:high:basis:7,turning,high,0.8,basis,7,1,0.2,,,,0,,0,1,0
turning:high:basis:7,turning,high,0.8,basis,7,3,0.2,,,,0,,0,1,0
turning:high:basis:7,turning,high,0.8,basis,7,5,0.2,,,,0,,0,1,0
turning:high:basis:8,turning,high,0.8,basis,8,1,0.2,,,,0,,0,1,0
turning:high:basis:8,turning,high,0.8,basis,8,3,0.2,,,,0,,0,1,0
turning:high:basis:8,turning,high,0.8,basis,8,5,0.2,,,,0,,0,1,0
turning:high:basis:9,turning,high,0.8,basis,9,1,0.2,,,,0,,0,1,0
turning:high:basis:9,turning,high,0.8,basis,9,3,0.2,,,,0,,0,1,0
turning:high:basis:9,turning,high,0.8,basis,9,5,0.2,,,,0,,0,1,0
turning:high:basis:10,turning,high,0.8,basis,10,1,0.2,,,,0,,0,1,0
turning:high:basis:10,turning,high,0.8,basis,10,3,0.2,,,,0,,0,1,0
turning:high:basis:10,turning,high,0.8,basis,10,5,0.2,,,,0,,0,1,0
turning:high:basis:11,turning,high,0.8,basis,11,1,0.2,,,,0,,0,0,1
turning:high:basis:11,turning,high,0.8,basis,11,3,0.2,,,,0,,0,0,1
turning:high:basis:11,turning,high,0.8,basis,11,5,0.2,,,,0,,0,0,1
turning:high:basis:12,turning,high,0.8,basis,12,1,0.2,,,,0,,0,0,1
turning:high:basis:12,turning,high,0.8,basis,12,3,0.2,,,,0,,0,0,1
turning:high:basis:12,turning,high,0.8,basis,12,5,0.2,,,,0,,0,0,1
turning:high:basis:13,turning,high,0.8,basis,13,1,0.2,,,,0,,0,0,1
turning:high:basis:13,turning,high,0.8,basis,13,3,0.2,,,,0,,0,0,1
turning:high:basis:13,turning,high,0.8,basis,13,5,0.2,,,,0,,0,0,1
turning:high:basis:14,turning,high,0.8,basis,14,1,0.2,,,,0,,0,0,1
turning:high:basis:14,turning,high,0.8,basis,14,3,0.2,,,,0,,0,0,1
turning:high:basis:14,turning,high,0.8,basis,14,5,0.2,,,,0,,0,0,1
turning:high:basis:15,turning,high,0.8,basis,15,1,0.2,,,,0,,0,1,0
turning:high:basis:15,turning,high,0.8,basis,15,3,0.2,,,,0,,0,1,0
turning:high:basis:15,turning,high,0.8,basis,15,5,0.2,,,,0,,0,1,0
turning:high:basis:16,turning,high,0.8,basis,16,1,0.2,,,,0,,0,1,0
turning:high:basis:16,turning,high,0.8,basis,16,3,0.2,,,,0,,0,1,0
turning:high:basis:16,turning,high,0.8,basis,16,5,0.2,,,,0,,0,1,0
turning:high:basis:17,turning,high,0.8,basis,17,1,0.2,,,,0,,0,0,1
turning:high:basis:17,turning,high,0.8,basis,17,3,0.2,,,,0,,0,1,0
turning:high:basis:17,turning,high,0.8,basis,17,5,0.2,,,,0,,0,1,0
turning:high:basis:18,turning,high,0.8,basis,18,1,0.2,,,,0,,0,1,0
turning:high:basis:18,turning,high,0.8,basis,18,3,0.2,,,,0,,0,1,0
turning:high:basis:18,turning,high,0.8,basis,18,5,0.2,,,,0,,0,1,0
turning:high:basis:19,turning,high,0.8,basis,19,1,0.2,,,,0,,0,1,0
turning:high:basis:19,turning,high,0.8,basis,19,3,0.2,,,,0,,0,1,0
turning:high:basis:19,turning,high,0.8,basis,19,5,0.2,,,,0,,0,1,0
turning:high:ode:0,turning,high,0.8,ode,0,1,0.2,,,,0,,0,1,0
turning:high:ode:0,turning,high,0.8,ode,0,3,0.2,,,,0,,0,1,0
turning:high:ode:0,turning,high,0.8,ode,0,5,0.2,,,,0,,0,1,0
turning:high:ode:1,turning,high,0.8,ode,1,1,0.2,,,,0,,0,1,0
turning:high:ode:1,turning,high,0.8,ode,1,3,0.2,,,,0,,0,1,0
turning:high:ode:1,turning,high,0.8,ode,1,5,0.2,,,,0,,0,1,0
turning:high:ode:2,turning,high,0.8,ode,2,1,0.2,,,,0,,0,1,0
turning:high:ode:2,turning,high,0.8,ode,2,3,0.2,,,,0,,0,1,0
turning:high:ode:2,turning,high,0.8,ode,2,5,0.2,,,,0,,0,1,0
turning:high:ode:3,turning,high,0.8,ode,3,1,0.2,,,,0,,0,0,1
turning:high:ode:3,turning,high,0.8,ode,3,3,0.2,,,,0,,0,0,1
turning:high:ode:3,turning,high,0.8,ode,3,5,0.2,,,,0,,0,0,1
turning:high:ode:4,turning,high,0.8,ode,4,1,0.2,,,,0,,0,1,0
turning:high:ode:4,turning,high,0.8,ode,4,3,0.2,,,,0,,0,1,0
turning:high:ode:4,turning,high,0.8,ode,4,5,0.2,,,,0,,0,1,0
turning:high:ode:5,turning,high,0.8,ode,5,1,0.2,,,,0,,0,1,0
turning:high:ode:5,turning,high,0.8,ode,5,3,0.2,,,,0,,0,1,0
turning:high:ode:5,turning,high,0.8,ode,5,5,0.2,,,,0,,0,1,0
turning:high:ode:6,turning,high,0.8,ode,6,1,0.2,,,,0,,0,1,0
turning:high:ode:6,turning,high,0.8,ode,6,3,0.2,,,,0,,0,1,0
turning:high:ode:6,turning,high,0.8,ode,6,5,0.2,,,,0,,0,1,0
turning:high:ode:7,turning,high,0.8,ode,7,1,0.2,,,,0,,0,1,0
turning:high:ode:7,turning,high,0.8,ode,7,3,0.2,,,,0,,0,1,0
turning:high:ode:7,turning,high,0.8,ode,7,5,0.2,,,,0,,0,1,0
turning:high:ode:8,turning,high,0.8,ode,8,1,0.2,,,,0,,0,0,1
turning:high:ode:8,turning,high,0.8,ode,8,3,0.2,,,,0,,0,0,1
turning:high:ode:8,turning,high,0.8,ode,8,5,0.2,,,,0,,0,0,1
turning:high:ode:9,turning,high,0.8,ode,9,1,0.2,,,,0,,0,1,0
turning:high:ode:9,turning,high,0.8,ode,9,3,0.2,,,,0,,0,1,0
turning:high:ode:9,turning,high,0.8,ode,9,5,0.2,,,,0,,0,1,0
turning:high:ode:10,turning,high,0.8,ode,10,1,0.2,,,,0,,0,1,0
turning:high:ode:10,turning,high,0.8,ode,10,3,0.2,,,,0,,0,1,0
turning:high:ode:10,turning,high,0.8,ode,10,5,0.2,,,,0,,0,1,0
turning:high:ode:11,turning,high,0.8,ode,11,1,0.2,,,,0,,0,1,0
turning:high:ode:11,turning,high,0.8,ode,11,3,0.2,,,,0,,0,1,0
turning:high:ode:11,turning,high,0.8,ode,11,5,0.2,,,,0,,0,1,0
turning:high:ode:12,turning,high,0.8,ode,12,1,0.2,0.7,,,0,,0,1,0
turning:high:ode:12,turning,high,0.8,ode,12,3,0.2,0.7,,,0,,0,1,0
turning:high:ode:12,turning,high,0.8,ode,12,5,0.2,0.7,,,0,,0,1,0
turning:high:ode:13,turning,high,0.8,ode,13,1,0.2,,,,0,,0,1,0
turning:high:ode:13,turning,high,0.8,ode,13,3,0.2,,,,0,,0,1,0
turning:high:ode:13,turning,high,0.8,ode,13,5,0.2,,,,0,,0,1,0
turning:high:ode:14,turning,high,0.8,ode,14,1,0.2,0.4,,,0,,0,1,0
turning:high:ode:14,turning,high,0.8,ode,14,3,0.2,0.4,,,0,,0,1,0
turning:high:ode:14,turning,high,0.8,ode,14,5,0.2,0.4,,,0,,0,1,0
turning:high:ode:15,turning,high,0.8,ode,15,1,0.2,,,,0,,0,0,1
turning:high:ode:15,turning,high,0.8,ode,15,3,0.2,,,,0,,0,0,1
turning:high:ode:15,turning,high,0.8,ode,15,5,0.2,,,,0,,0,1,0
turning:high:ode:16,turning,high,0.8,ode,16,1,0.2,,,,0,,0,1,0
turning:high:ode:16,turning,high,0.8,ode,16,3,0.2,,,,0,,0,1,0
turning:high:ode:16,turning,high,0.8,ode,16,5,0.2,,,,0,,0,1,0
turning:high:ode:17,turning,high,0.8,ode,17,1,0.2,,,,0,,0,1,0
turning:high:ode:17,turning,high,0.8,ode,17,3,0.2,,,,0,,0,1,0
turning:high:ode:17,turning,high,0.8,ode,17,5,0.2,,,,0,,0,1,0
turning:high:ode:18,turning,high,0.8,ode,18,1,0.2,,,,0,,0,1,0
turning:high:ode:18,turning,high,0.8,ode,18,3,0.2,,,,0,,0,1,0
turning:high:ode:18,turning,high,0.8,ode,18,5,0.2,,,,0,,0,1,0
turning:high:ode:19,turning,high,0.8,ode,19,1,0.2,,,,0,,0,0,1
turning:high:ode:19,turning,high,0.8,ode,19,3,0.2,,,,0,,0,0,1
turning:high:ode:19,turning,high,0.8,ode,19,5,0.2,,,,0,,0,0,1
regime:low:spline:0,regime,low,0.2,spline,0,1,0.2,,,,0,,0,0,1
regime:low:spline:0,regime,low,0.2,spline,0,3,0.2,,,,0,,0,0,1
regime:low:spline:0,regime,low,0.2,spline,0,5,0.2,,,,0,,0,1,0
regime:low:spline:1,regime,low,0.2,spline,1,1,0.2,,,,0,,0,0,1
regime:low:spline:1,regime,low,0.2,spline,1,3,0.2,,,,0,,0,1,0
regime:low:spline:1,regime,low,0.2,spline,1,5,,,,,0,,0,1,0
regime:low:spline:2,regime,low,0.2,spline,2,1,0.2,,,,0,,0,0,1
regime:low:spline:2,regime,low,0.2,spline,2,3,0.2,,,,0,,0,0,1
regime:low:spline:2,regime,low,0.2,spline,2,5,0.2,,,,0,,0,0,1
regime:low:spline:3,regime,low,0.2,spline,3,1,0.2,,,,0,,0,0,1
regime:low:spline:3,regime,low,0.2,spline,3,3,0.2,,,,0,,0,0,1
regime:low:spline:3,regime,low,0.2,spline,3,5,0.2,,,,0,,0,0,1
regime:low:spline:4,regime,low,0.2,spline,4,1,0.2,,,,0,,0,0,1
regime:low:spline:4,regime,low,0.2,spline,4,3,0.2,,,,0,,0,0,1
regime:low:spline:4,regime,low,0.2,spline,4,5,0.2,,,,0,,0,0,1
regime:low:spline:5,regime,low,0.2,spline,5,1,0.2,,,,0,,0,0,1
regime:low:spline:5,regime,low,0.2,spline,5,3,0.2,,,,0,,0,0,1
regime:low:spline:5,regime,low,0.2,spline,5,5,0.2,,,,0,,0,0,1
regime:low:spline:6,regime,low,0.2,spline,6,1,0.2,,,,0,,0,1,0
regime:low:spline:6,regime,low,0.2,spline,6,3,0.2,,,,0,,0,1,0
regime:low:spline:6,regime,low,0.2,spline,6,5,0.2,,,,0,,0,1,0
regime:low:spline:7,regime,low,0.2,spline,7,1,0.2,,,,0,,0,1,0
regime:low:spline:7,regime,low,0.2,spline,7,3,0.2,,,,0,,0,1,0
regime:low:spline:7,regime,low,0.2,spline,7,5,0.2,,,,0,,0,1,0
regime:low:spline:8,regime,low,0.2,spline,8,1,0.2,,,,0,,0,0,1
regime:low:spline:8,regime,low,0.2,spline,8,3,0.2,,,,0,,0,1,0
regime:low:spline:8,regime,low,0.2,spline,8,5,,,,,0,,0,1,0
regime:low:spline:9,regime,low,0.2,spline,9,1,0.2,,,,0,,0,1,0
regime:low:spline:9,regime,low,0.2,spline,9,3,0.2,,,,0,,0,1,0
regime:low:spline:9,regime,low,0.2,spline,9,5,0.2,,,,0,,0,1,0
regime:low:spline:10,regime,low,0.2,spline,10,1,0.2,,,,0,,0,1,0
regime:low:spline:10,regime,low,0.2,spline,10,3,0.2,,,,0,,0,1,0
regime:low:spline:10,regime,low,0.2,spline,10,5,,,,,0,,0,1,0
regime:low:spline:11,regime,low,0.2,spline,11,1,0.2,,,,0,,0,0,1
regime:low:spline:11,regime,low,0.2,spline,11,3,0.2,,,,0,,0,0,1
regime:low:spline:11,regime,low,0.2,spline,11,5,0.2,,,,0,,0,0,1
regime:low:spline:12,regime,low,0.2,spline,12,1,0.2,,,,0,,0,0,1
regime:low:spline:12,regime,low,0.2,spline,12,3,0.2,,,,0,,0,1,0
regime:low:spline:12,regime,low,0.2,spline,12,5,0.2,,,,0,,0,1,0
regime:low:spline:13,regime,low,0.2,spline,13,1,0.2,,,,0,,0,0,1
regime:low:spline:13,regime,low,0.2,spline,13,3,0.2,,,,0,,0,1,0
regime:low:spline:13,regime,low,0.2,spline,13,5,,,,,0,,0,1,0
regime:low:spline:14,regime,low,0.2,spline,14,1,0.2,,,,0,,0,0,1
regime:low:spline:14,regime,low,0.2,spline,14,3,0.2,,,,0,,0,1,0
regime:low:spline:14,regime,low,0.2,spline,14,5,,,,,0,,0,1,0
regime:low:spline:15,regime,low,0.2,spline,15,1,0.2,,,,0,,0,1,0
regime:low:spline:15,regime,low,0.2,spline,15,3,0.2,,,,0,,0,1,0
regime:low:spline:15,regime,low,0.2,spline,15,5,0.2,,,,0,,0,1,0
regime:low:spline:16,regime,low,0.2,spline,16,1,0.2,,,,0,,0,0,1
regime:low:spline:16,regime,low,0.2,spline,16,3,0.2,,,,0,,0,1,0
regime:low:spline:16,regime,low,0.2,spline,16,5,,,,,0,,0,1,0
regime:low:spline:17,regime,low,0.2,spline,17,1,0.2,,,,0,,0,0,1
regime:low:spline:17,regime,low,0.2,spline,17,3,0.2,,,,0,,0,1,0
regime:low:spline:17,regime,low,0.2,spline,17,5,0.2,,,,0,,0,1,0
regime:low:spline:18,regime,low,0.2,spline,18,1,0.2,,,,0,,0,0,1
regime:low:spline:18,regime,low,0.2,spline,18,3,0.2,,,,0,,0,0,1
regime:low:spline:18,regime,low,0.2,spline,18,5,0.2,,,,0,,0,0,1
regime:low:spline:19,regime,low,0.2,spline,19,1,0.2,,,,0,,0,0,1
regime:low:spline:19,regime,low,0.2,spline,19,3,0.2,,,,0,,0,1,0
regime:low:spline:19,regime,low,0.2,spline,19,5,,,,,0,,0,1,0
regime:low:basis:0,regime,low,0.2,basis,0,1,0.2,,,,0,,0,0,1
regime:low:basis:0,regime,low,0.2,basis,0,3,0.2,,,,0,,0,1,0
regime:low:basis:0,regime,low,0.2,basis,0,5,,,,,0,,0,1,0
regime:low:basis:1,regime,low,0.2,basis,1,1,0.2,,,,0,,0,0,1
regime:low:basis:1,regime,low,0.2,basis,1,3,0.2,,,,0,,0,1,0
regime:low:basis:1,regime,low,0.2,basis,1,5,,,,,0,,0,1,0
regime:low:basis:2,regime,low,0.2,basis,2,1,0.2,,,,0,,0,0,1
regime:low:basis:2,regime,low,0.2,basis,2,3,0.2,,,,0,,0,1,0
regime:low:basis:2,regime,low,0.2,basis,2,5,,,,,0,,0,1,0
regime:low:basis:3,regime,low,0.2,basis,3,1,0.2,,,,0,,0,0,1
regime:low:basis:3,regime,low,0.2,basis,3,3,0.2,,,,0,,0,0,1
regime:low:basis:3,regime,low,0.2,basis,3,5,0.2,,,,0,,0,0,1
regime:low:basis:4,regime,low,0.2,basis,4,1,0.2,,,,0,,0,0,1
regime:low:basis:4,regime,low,0.2,basis,4,3,0.2,,,,0,,0,0,1
regime:low:basis:4,regime,low,0.2,basis,4,5,0.2,,,,0,,0,0,1
regime:low:basis:5,regime,low,0.2,basis,5,1,0.2,,,,0,,0,0,1
regime:low:basis:5,regime,low,0.2,basis,5,3,0.2,,,,0,,0,0,1
regime:low:basis:5,regime,low,0.2,basis,5,5,0.2,,,,0,,0,0,1
regime:low:basis:6,regime,low,0.2,basis,6,1,0.2,,,,0,,0,0,1
regime:low:basis:6,regime,low,0.2,basis,6,3,0.2,,,,0,,0,0,1
regime:low:basis:6,regime,low,0.2,basis,6,5,0.2,,,,0,,0,0,1
regime:low:basis:7,regime,low,0.2,basis,7,1,0.2,,,,0,,0,0,1
regime:low:basis:7,regime,low,0.2,basis,7,3,0.2,,,,0,,0,1,0
regime:low:basis:7,regime,low,0.2,basis,7,5,,,,,0,,0,1,0
regime:low:basis:8,regime,low,0.2,basis,8,1,0.2,,,,0,,0,1,0
regime:low:basis:8,regime,low,0.2,basis,8,3,0.2,,,,0,,0,1,0
regime:low:basis:8,regime,low,0.2,basis,8,5,0.2,,,,0,,0,1,0
regime:low:basis:9,regime,low,0.2,basis,9,1,0.2,,,,0,,0,0,1
regime:low:basis:9,regime,low,0.2,basis,9,3,0.2,,,,0,,0,0,1
regime:low:basis:9,regime,low,0.2,basis,9,5,0.2,,,,0,,0,0,1
regime:low:basis:10,regime,low,0.2,basis,10,1,0.2,,,,0,,0,0,1
regime:low:basis:10,regime,low,0.2,basis,10,3,0.2,,,,0,,0,0,1
regime:low:basis:10,regime,low,0.2,basis,10,5,0.2,,,,0,,0,0,1
regime:low:basis:11,regime,low,0.2,basis,11,1,0.2,,,,0,,0,0,1
regime:low:basis:11,regime,low,0.2,basis,11,3,0.2,,,,0,,0,0,1
regime:low:basis:11,regime,low,0.2,basis,11,5,0.2,,,,0,,0,0,1
regime:low:basis:12,regime,low,0.2,basis,12,1,0.2,,,,0,,0,1,0
regime:low:basis:12,regime,low,0.2,basis,12,3,0.2,,,,0,,0,1,0
regime:low:basis:12,regime,low,0.2,basis,12,5,0.2,,,,0,,0,1,0
regime:low:basis:13,regime,low,0.2,basis,13,1,0.2,,,,0,,0,0,1
regime:low:basis:13,regime,low,0.2,basis,13,3,0.2,,,,0,,0,0,1
regime:low:basis:13,regime,low,0.2,basis,13,5,0.2,,,,0,,0,1,0
regime:low:basis:14,regime,low,0.2,basis,14,1,0.2,,,,0,,0,1,0
regime:low:basis:14,regime,low,0.2,basis,14,3,0.2,,,,0,,0,1,0
regime:low:basis:14,regime,low,0.2,basis,14,5,0.2,,,,0,,0,1,0
regime:low:basis:15,regime,low,0.2,basis,15,1,0.2,,,,0,,0,0,1
regime:low:basis:15,regime,low,0.2,basis,15,3,0.2,,,,0,,0,0,1
regime:low:basis:15,regime,low,0.2,basis,15,5,,,,,0,,0,1,0
regime:low:basis:16,regime,low,0.2,basis,16,1,0.2,,,,0,,0,0,1
regime:low:basis:16,regime,low,0.2,basis,16,3,0.2,,,,0,,0,0,1
regime:low:basis:16,regime,low,0.2,basis,16,5,0.2,,,,0,,0,0,1
regime:low:basis:17,regime,low,0.2,basis,17,1,0.2,,,,0,,0,0,1
regime:low:basis:17,regime,low,0.2,basis,17,3,0.2,,,,0,,0,0,1
regime:low:basis:17,regime,low,0.2,basis,17,5,0.2,,,,0,,0,0,1
regime:low:basis:18,regime,low,0.2,basis,18,1,0.2,,,,0,,0,0,1
regime:low:basis:18,regime,low,0.2,basis,18,3,0.2,,,,0,,0,1,0
regime:low:basis:18,regime,low,0.2,basis,18,5,,,,,0,,0,1,0
regime:low:basis:19,regime,low,0.2,basis,19,1,0.2,,,,0,,0,0,1
regime:low:basis:19,regime,low,0.2,basis,19,3,0.2,,,,0,,0,0,1
regime:low:basis:19,regime,low,0.2,basis,19,5,0.2,,,,0,,0,0,1
regime:low:ode:0,regime,low,0.2,ode,0,1,0.2,,,,0,,0,0,1
regime:low:ode:0,regime,low,0.2,ode,0,3,0.2,,,,0,,0,0,1
regime:low:ode:0,regime,low,0.2,ode,0,5,0.2,,,,0,,0,0,1
regime:low:ode:1,regime,low,0.2,ode,1,1,0.2,,,,0,,0,0,1
regime:low:ode:1,regime,low,0.2,ode,1,3,0.2,,,,0,,0,0,1
regime:low:ode:1,regime,low,0.2,ode,1,5,0.2,,,,0,,0,1,0
regime:low:ode:2,regime,low,0.2,ode,2,1,0.2,,,,0,,0,1,0
regime:low:ode:2,regime,low,0.2,ode,2,3,0.2,,,,0,,0,1,0
regime:low:ode:2,regime,low,0.2,ode,2,5,0.2,,,,0,,0,1,0
regime:low:ode:3,regime,low,0.2,ode,3,1,0.2,,,,0,,0,0,1
regime:low:ode:3,regime,low,0.2,ode,3,3,0.2,,,,0,,0,1,0
regime:low:ode:3,regime,low,0.2,ode,3,5,,,,,0,,0,1,0
regime:low:ode:4,regime,low,0.2,ode,4,1,0.2,,,,0,,0,0,1
regime:low:ode:4,regime,low,0.2,ode,4,3,0.2,,,,0,,0,0,1
regime:low:ode:4,regime,low,0.2,ode,4,5,0.2,,,,0,,0,0,1
regime:low:ode:5,regime,low,0.2,ode,5,1,0.2,,,,0,,0,0,1
regime:low:ode:5,regime,low,0.2,ode,5,3,0.2,,,,0,,0,0,1
regime:low:ode:5,regime,low,0.2,ode,5,5,0.2,,,,0,,0,0,1
regime:low:ode:6,regime,low,0.2,ode,6,1,0.2,,,,0,,0,0,1
regime:low:ode:6,regime,low,0.2,ode,6,3,0.2,,,,0,,0,1,0
regime:low:ode:6,regime,low,0.2,ode,6,5,0.2,,,,0,,0,1,0
regime:low:ode:7,regime,low,0.2,ode,7,1,0.2,,,,0,,0,0,1
regime:low:ode:7,regime,low,0.2,ode,7,3,0.2,,,,0,,0,0,1
regime:low:ode:7,regime,low,0.2,ode,7,5,0.2,,,,0,,0,1,0
regime:low:ode:8,regime,low,0.2,ode,8,1,0.2,,,,0,,0,0,1
regime:low:ode:8,regime,low,0.2,ode,8,3,0.2,,,,0,,0,0,1
regime:low:ode:8,regime,low,0.2,ode,8,5,,,,,0,,0,1,0
regime:low:ode:9,regime,low,0.2,ode,9,1,0.2,,,,0,,0,1,0
regime:low:ode:9,regime,low,0.2,ode,9,3,0.2,,,,0,,0,1,0
regime:low:ode:9,regime,low,0.2,ode,9,5,0.2,,,,0,,0,1,0
regime:low:ode:10,regime,low,0.2,ode,10,1,0.2,,,,0,,0,0,1
regime:low:ode:10,regime,low,0.2,ode,10,3,0.2,,,,0,,0,0,1
regime:low:ode:10,regime,low,0.2,ode,10,5,,,,,0,,0,1,0
regime:low:ode:11,regime,low,0.2,ode,11,1,0.2,,,,0,,0,0,1
regime:low:ode:11,regime,low,0.2,ode,11,3,0.2,,,,0,,0,0,1
regime:low:ode:11,regime,low,0.2,ode,11,5,0.2,,,,0,,0,0,1
regime:low:ode:12,regime,low,0.2,ode,12,1,0.2,,,,0,,0,0,1
regime:low:ode:12,regime,low,0.2,ode,12,3,0.2,,,,0,,0,0,1
regime:low:ode:12,regime,low,0.2,ode,12,5,,,,,0,,0,1,0
regime:low:ode:13,regime,low,0.2,ode,13,1,0.2,,,,0,,0,0,1
regime:low:ode:13,regime,low,0.2,ode,13,3,0.2,,,,0,,0,1,0
regime:low:ode:13,regime,low,0.2,ode,13,5,,,,,0,,0,1,0
regime:low:ode:14,regime,low,0.2,ode,14,1,0.2,,,,0,,0,0,1
regime:low:ode:14,regime,low,0.2,ode,14,3,0.2,,,,0,,0,0,1
regime:low:ode:14,regime,low,0.2,ode,14,5,0.2,,,,0,,0,0,1
regime:low:ode:15,regime,low,0.2,ode,15,1,0.2,,,,0,,0,0,1
regime:low:ode:15,regime,low,0.2,ode,15,3,0.2,,,,0,,0,1,0
regime:low:ode:15,regime,low,0.2,ode,15,5,,,,,0,,0,1,0
regime:low:ode:16,regime,low,0.2,ode,16,1,0.2,,,,0,,0,0,1
regime:low:ode:16,regime,low,0.2,ode,16,3,0.2,,,,0,,0,0,1
regime:low:ode:16,regime,low,0.2,ode,16,5,0.2,,,,0,,0,0,1
regime:low:ode:17,regime,low,0.2,ode,17,1,0.2,,,,0,,0,0,1
regime:low:ode:17,regime,low,0.2,ode,17,3,0.2,,,,0,,0,0,1
regime:low:ode:17,regime,low,0.2,ode,17,5,0.2,,,,0,,0,1,0
regime:low:ode:18,regime,low,0.2,ode,18,1,0.2,,,,0,,0,0,1
regime:low:ode:18,regime,low,0.2,ode,18,3,0.2,,,,0,,0,0,1
regime:low:ode:18,regime,low,0.2,ode,18,5,0.2,,,,0,,0,0,1
regime:low:ode:19,regime,low,0.2,ode,19,1,0.2,,,,0,,0,0,1
regime:low:ode:19,regime,low,0.2,ode,19,3,0.2,,,,0,,0,0,1
regime:low:ode:19,regime,low,0.2,ode,19,5,0.2,,,,0,,0,1,0
regime:mid:spline:0,regime,mid,0.5,spline,0,1,0.2,,,,0,,0,0,1
regime:mid:spline:0,regime,mid,0.5,spline,0,3,0.2,,,,0,,0,1,0
regime:mid:spline:0,regime,mid,0.5,spline,0,5,0.2,,,,0,,0,1,0
regime:mid:spline:1,regime,mid,0.5,spline,1,1,0.2,,,,0,,0,1,0
regime:mid:spline:1,regime,mid,0.5,spline,1,3,0.2,,,,0,,0,1,0
regime:mid:spline:1,regime,mid,0.5,spline,1,5,0.2,,,,0,,0,1,0
regime:mid:spline:2,regime,mid,0.5,spline,2,1,0.2,,,,0,,0,0,1
regime:mid:spline:2,regime,mid,0.5,spline,2,3,0.2,,,,0,,0,0,1
regime:mid:spline:2,regime,mid,0.5,spline,2,5,0.2,,,,0,,0,1,0
regime:mid:spline:3,regime,mid,0.5,spline,3,1,0.2,,,,0,,0,1,0
regime:mid:spline:3,regime,mid,0.5,spline,3,3,0.2,,,,0,,0,1,0
regime:mid:spline:3,regime,mid,0.5,spline,3,5,0.2,,,,0,,0,1,0
regime:mid:spline:4,regime,mid,0.5,spline,4,1,0.2,,,,0,,0,0,1
regime:mid:spline:4,regime,mid,0.5,spline,4,3,0.2,,,,0,,0,0,1
regime:mid:spline:4,regime,mid,0.5,spline,4,5,0.2,,,,0,,0,0,1
regime:mid:spline:5,regime,mid,0.5,spline,5,1,0.2,,,,0,,0,0,1
regime:mid:spline:5,regime,mid,0.5,spline,5,3,0.2,,,,0,,0,1,0
regime:mid:spline:5,regime,mid,0.5,spline,5,5,0.2,,,,0,,0,1,0
regime:mid:spline:6,regime,mid,0.5,spline,6,1,0.2,,,,0,,0,0,1
regime:mid:spline:6,regime,mid,0.5,spline,6,3,0.2,,,,0,,0,0,1
regime:mid:spline:6,regime,mid,0.5,spline,6,5,0.2,,,,0,,0,0,1
regime:mid:spline:7,regime,mid,0.5,spline,7,1,0.2,,,,0,,0,0,1
regime:mid:spline:7,regime,mid,0.5,spline,7,3,0.2,,,,0,,0,1,0
regime:mid:spline:7,regime,mid,0.5,spline,7,5,0.2,,,,0,,0,1,0
regime:mid:spline:8,regime,mid,0.5,spline,8,1,0.2,,,,0,,0,0,1
regime:mid:spline:8,regime,mid,0.5,spline,8,3,0.2,,,,0,,0,0,1
regime:mid:spline:8,regime,mid,0.5,spline,8,5,0.2,,,,0,,0,0,1
regime:mid:spline:9,regime,mid,0.5,spline,9,1,0.2,,,,0,,0,0,1
regime:mid:spline:9,regime,mid,0.5,spline,9,3,0.2,,,,0,,0,0,1
regime:mid:spline:9,regime,mid,0.5,spline,9,5,0.2,,,,0,,0,0,1
regime:mid:spline:10,regime,mid,0.5,spline,10,1,0.2,,,,0,,0,0,1
regime:mid:spline:10,regime,mid,0.5,spline,10,3,0.2,,,,0,,0,0,1
regime:mid:spline:10,regime,mid,0.5,spline,10,5,0.2,,,,0,,0,0,1
regime:mid:spline:11,regime,mid,0.5,spline,11,1,0.2,,,,0,,0,0,1
regime:mid:spline:11,regime,mid,0.5,spline,11,3,0.2,,,,0,,0,0,1
regime:mid:spline:11,regime,mid,0.5,spline,11,5,0.2,,,,0,,0,1,0
regime:mid:spline:12,regime,mid,0.5,spline,12,1,0.2,,,,0,,0,0,1
regime:mid:spline:12,regime,mid,0.5,spline,12,3,0.2,,,,0,,0,0,1
regime:mid:spline:12,regime,mid,0.5,spline,12,5,0.2,,,,0,,0,0,1
regime:mid:spline:13,regime,mid,0.5,spline,13,1,0.2,,,,0,,0,0,1
regime:mid:spline:13,regime,mid,0.5,spline,13,3,0.2,,,,0,,0,1,0
regime:mid:spline:13,regime,mid,0.5,spline,13,5,0.2,,,,0,,0,1,0
regime:mid:spline:14,regime,mid,0.5,spline,14,1,0.2,,,,0,,0,1,0
regime:mid:spline:14,regime,mid,0.5,spline,14,3,0.2,,,,0,,0,1,0
regime:mid:spline:14,regime,mid,0.5,spline,14,5,0.2,,,,0,,0,1,0
regime:mid:spline:15,regime,mid,0.5,spline,15,1,0.2,,,,0,,0,1,0
regime:mid:spline:15,regime,mid,0.5,spline,15,3,0.2,,,,0,,0,1,0
regime:mid:spline:15,regime,mid,0.5,spline,15,5,0.2,,,,0,,0,1,0
regime:mid:spline:16,regime,mid,0.5,spline,16,1,0.2,,,,0,,0,0,1
regime:mid:spline:16,regime,mid,0.5,spline,16,3,0.2,,,,0,,0,0,1
regime:mid:spline:16,regime,mid,0.5,spline,16,5,0.2,,,,0,,0,0,1
regime:mid:spline:17,regime,mid,0.5,spline,17,1,0.2,,,,0,,0,0,1
regime:mid:spline:17,regime,mid,0.5,spline,17,3,0.2,,,,0,,0,0,1
regime:mid:spline:17,regime,mid,0.5,spline,17,5,0.2,,,,0,,0,1,0
regime:mid:spline:18,regime,mid,0.5,spline,18,1,0.2,,,,0,,0,0,1
regime:mid:spline:18,regime,mid,0.5,spline,18,3,0.2,,,,0,,0,1,0
regime:mid:spline:18,regime,mid,0.5,spline,18,5,0.2,,,,0,,0,1,0
regime:mid:spline:19,regime,mid,0.5,spline,19,1,0.2,,,,0,,0,0,1
regime:mid:spline:19,regime,mid,0.5,spline,19,3,0.2,,,,0,,0,0,1
regime:mid:spline:19,regime,mid,0.5,spline,19,5,0.2,,,,0,,0,0,1
regime:mid:basis:0,regime,mid,0.5,basis,0,1,0.2,,,,0,,0,1,0
regime:mid:basis:0,regime,mid,0.5,basis,0,3,0.2,,,,0,,0,1,0
regime:mid:basis:0,regime,mid,0.5,basis,0,5,0.2,,,,0,,0,1,0
regime:mid:basis:1,regime,mid,0.5,basis,1,1,0.2,,,,0,,0,1,0
regime:mid:basis:1,regime,mid,0.5,basis,1,3,0.2,,,,0,,0,1,0
regime:mid:basis:1,regime,mid,0.5,basis,1,5,0.2,,,,0,,0,1,0
regime:mid:basis:2,regime,mid,0.5,basis,2,1,0.2,,,,0,,0,0,1
regime:mid:basis:2,regime,mid,0.5,basis,2,3,0.2,,,,0,,0,0,1
regime:mid:basis:2,regime,mid,0.5,basis,2,5,0.2,,,,0,,0,0,1
regime:mid:basis:3,regime,mid,0.5,basis,3,1,0.2,,,,0,,0,0,1
regime:mid:basis:3,regime,mid,0.5,basis,3,3,0.2,,,,0,,0,0,1
regime:mid:basis:3,regime,mid,0.5,basis,3,5,0.2,,,,0,,0,1,0
regime:mid:basis:4,regime,mid,0.5,basis,4,1,0.2,,,,0,,0,0,1
regime:mid:basis:4,regime,mid,0.5,basis,4,3,0.2,,,,0,,0,0,1
regime:mid:basis:4,regime,mid,0.5,basis,4,5,0.2,,,,0,,0,0,1
regime:mid:basis:5,regime,mid,0.5,basis,5,1,0.2,,,,0,,0,0,1
regime:mid:basis:5,regime,mid,0.5,basis,5,3,0.2,,,,0,,0,0,1
regime:mid:basis:5,regime,mid,0.5,basis,5,5,0.2,,,,0,,0,0,1
regime:mid:basis:6,regime,mid,0.5,basis,6,1,0.2,,,,0,,0,0,1
regime:mid:basis:6,regime,mid,0.5,basis,6,3,0.2,,,,0,,0,0,1
regime:mid:basis:6,regime,mid,0.5,basis,6,5,0.2,,,,0,,0,0,1
regime:mid:basis:7,regime,mid,0.5,basis,7,1,0.2,,,,0,,0,1,0
regime:mid:basis:7,regime,mid,0.5,basis,7,3,0.2,,,,0,,0,1,0
regime:mid:basis:7,regime,mid,0.5,basis,7,5,0.2,,,,0,,0,1,0
regime:mid:basis:8,regime,mid,0.5,basis,8,1,0.2,,,,0,,0,0,1
regime:mid:basis:8,regime,mid,0.5,basis,8,3,0.2,,,,0,,0,0,1
regime:mid:basis:8,regime,mid,0.5,basis,8,5,0.2,,,,0,,0,0,1
regime:mid:basis:9,regime,mid,0.5,basis,9,1,0.2,,,,0,,0,0,1
regime:mid:basis:9,regime,mid,0.5,basis,9,3,0.2,,,,0,,0,0,1
regime:mid:basis:9,regime,mid,0.5,basis,9,5,0.2,,,,0,,0,0,1
regime:mid:basis:10,regime,mid,0.5,basis,10,1,0.2,,,,0,,0,0,1
regime:mid:basis:10,regime,mid,0.5,basis,10,3,0.2,,,,0,,0,0,1
regime:mid:basis:10,regime,mid,0.5,basis,10,5,0.2,,,,0,,0,0,1
regime:mid:basis:11,regime,mid,0.5,basis,11,1,0.2,,,,0,,0,0,1
regime:mid:basis:11,regime,mid,0.5,basis,11,3,0.2,,,,0,,0,0,1
regime:mid:basis:11,regime,mid,0.5,basis,11,5,0.2,,,,0,,0,0,1
regime:mid:basis:12,regime,mid,0.5,basis,12,1,0.2,,,,0,,0,0,1
regime:mid:basis:12,regime,mid,0.5,basis,12,3,0.2,,,,0,,0,1,0
regime:mid:basis:12,regime,mid,0.5,basis,12,5,0.2,,,,0,,0,1,0
regime:mid:basis:13,regime,mid,0.5,basis,13,1,0.2,,,,0,,0,0,1
regime:mid:basis:13,regime,mid,0.5,basis,13,3,0.2,,,,0,,0,0,1
regime:mid:basis:13,regime,mid,0.5,basis,13,5,0.2,,,,0,,0,0,1
regime:mid:basis:14,regime,mid,0.5,basis,14,1,0.2,,,,0,,0,0,1
regime:mid:basis:14,regime,mid,0.5,basis,14,3,0.2,,,,0,,0,1,0
regime:mid:basis:14,regime,mid,0.5,basis,14,5,0.2,,,,0,,0,1,0
regime:mid:basis:15,regime,mid,0.5,basis,15,1,0.2,,,,0,,0,0,1
regime:mid:basis:15,regime,mid,0.5,basis,15,3,0.2,,,,0,,0,0,1
regime:mid:basis:15,regime,mid,0.5,basis,15,5,0.2,,,,0,,0,0,1
regime:mid:basis:16,regime,mid,0.5,basis,16,1,0.2,,,,0,,0,1,0
regime:mid:basis:16,regime,mid,0.5,basis,16,3,0.2,,,,0,,0,1,0
regime:mid:basis:16,regime,mid,0.5,basis,16,5,0.2,,,,0,,0,1,0
regime:mid:basis:17,regime,mid,0.5,basis,17,1,0.2,,,,0,,0,1,0
regime:mid:basis:17,regime,mid,0.5,basis,17,3,0.2,,,,0,,0,1,0
regime:mid:basis:17,regime,mid,0.5,basis,17,5,0.2,,,,0,,0,1,0
regime:mid:basis:18,regime,mid,0.5,basis,18,1,0.2,,,,0,,0,0,1
regime:mid:basis:18,regime,mid,0.5,basis,18,3,0.2,,,,0,,0,0,1
regime:mid:basis:18,regime,mid,0.5,basis,18,5,0.2,,,,0,,0,0,1
regime:mid:basis:19,regime,mid,0.5,basis,19,1,0.2,,,,0,,0,0,1
regime:mid:basis:19,regime,mid,0.5,basis,19,3,0.2,,,,0,,0,0,1
regime:mid:basis:19,regime,mid,0.5,basis,19,5,0.2,,,,0,,0,0,1
regime:mid:ode:0,regime,mid,0.5,ode,0,1,0.2,,,,0,,0,0,1
regime:mid:ode:0,regime,mid,0.5,ode,0,3,0.2,,,,0,,0,0,1
regime:mid:ode:0,regime,mid,0.5,ode,0,5,0.2,,,,0,,0,0,1
regime:mid:ode:1,regime,mid,0.5,ode,1,1,0.2,,,,0,,0,0,1
regime:mid:ode:1,regime,mid,0.5,ode,1,3,0.2,,,,0,,0,0,1
regime:mid:ode:1,regime,mid,0.5,ode,1,5,0.2,,,,0,,0,1,0
regime:mid:ode:2,regime,mid,0.5,ode,2,1,0.2,,,,0,,0,1,0
regime:mid:ode:2,regime,mid,0.5,ode,2,3,0.2,,,,0,,0,1,0
regime:mid:ode:2,regime,mid,0.5,ode,2,5,0.2,,,,0,,0,1,0
regime:mid:ode:3,regime,mid,0.5,ode,3,1,0.2,,,,0,,0,0,1
regime:mid:ode:3,regime,mid,0.5,ode,3,3,0.2,,,,0,,0,0,1
regime:mid:ode:3,regime,mid,0.5,ode,3,5,0.2,,,,0,,0,0,1
regime:mid:ode:4,regime,mid,0.5,ode,4,1,0.2,,,,0,,0,0,1
regime:mid:ode:4,regime,mid,0.5,ode,4,3,0.2,,,,0,,0,0,1
regime:mid:ode:4,regime,mid,0.5,ode,4,5,0.2,,,,0,,0,0,1
regime:mid:ode:5,regime,mid,0.5,ode,5,1,0.2,,,,0,,0,0,1
regime:mid:ode:5,regime,mid,0.5,ode,5,3,0.2,,,,0,,0,0,1
regime:mid:ode:5,regime,mid,0.5,ode,5,5,0.2,,,,0,,0,1,0
regime:mid:ode:6,regime,mid,0.5,ode,6,1,0.2,,,,0,,0,0,1
regime:mid:ode:6,regime,mid,0.5,ode,6,3,0.2,,,,0,,0,0,1
regime:mid:ode:6,regime,mid,0.5,ode,6,5,0.2,,,,0,,0,0,1
regime:mid:ode:7,regime,mid,0.5,ode,7,1,0.2,,,,0,,0,0,1
regime:mid:ode:7,regime,mid,0.5,ode,7,3,0.2,,,,0,,0,0,1
regime:mid:ode:7,regime,mid,0.5,ode,7,5,0.2,,,,0,,0,1,0
regime:mid:ode:8,regime,mid,0.5,ode,8,1,0.2,,,,0,,0,1,0
regime:mid:ode:8,regime,mid,0.5,ode,8,3,0.2,,,,0,,0,1,0
regime:mid:ode:8,regime,mid,0.5,ode,8,5,0.2,,,,0,,0,1,0
regime:mid:ode:9,regime,mid,0.5,ode,9,1,0.2,,,,0,,0,0,1
regime:mid:ode:9,regime,mid,0.5,ode,9,3,0.2,,,,0,,0,0,1
regime:mid:ode:9,regime,mid,0.5,ode,9,5,0.2,,,,0,,0,0,1
regime:mid:ode:10,regime,mid,0.5,ode,10,1,0.2,,,,0,,0,0,1
regime:mid:ode:10,regime,mid,0.5,ode,10,3,0.2,,,,0,,0,0,1
regime:mid:ode:10,regime,mid,0.5,ode,10,5,0.2,,,,0,,0,0,1
regime:mid:ode:11,regime,mid,0.5,ode,11,1,0.2,,,,0,,0,0,1
regime:mid:ode:11,regime,mid,0.5,ode,11,3,0.2,,,,0,,0,0,1
regime:mid:ode:11,regime,mid,0.5,ode,11,5,0.2,,,,0,,0,1,0
regime:mid:ode:12,regime,mid,0.5,ode,12,1,0.2,,,,0,,0,0,1
regime:mid:ode:12,regime,mid,0.5,ode,12,3,0.2,,,,0,,0,0,1
regime:mid:ode:12,regime,mid,0.5,ode,12,5,0.2,,,,0,,0,0,1
regime:mid:ode:13,regime,mid,0.5,ode,13,1,0.2,,,,0,,0,0,1
regime:mid:ode:13,regime,mid,0.5,ode,13,3,0.2,,,,0,,0,0,1
regime:mid:ode:13,regime,mid,0.5,ode,13,5,0.2,,,,0,,0,0,1
regime:mid:ode:14,regime,mid,0.5,ode,14,1,0.2,,,,0,,0,0,1
regime:mid:ode:14,regime,mid,0.5,ode,14,3,0.2,,,,0,,0,0,1
regime:mid:ode:14,regime,mid,0.5,ode,14,5,0.2,,,,0,,0,0,1
regime:mid:ode:15,regime,mid,0.5,ode,15,1,0.2,,,,0,,0,0,1
regime:mid:ode:15,regime,mid,0.5,ode,15,3,0.2,,,,0,,0,0,1
regime:mid:ode:15,regime,mid,0.5,ode,15,5,0.2,,,,0,,0,0,1
regime:mid:ode:16,regime,mid,0.5,ode,16,1,0.2,,,,0,,0,1,0
regime:mid:ode:16,regime,mid,0.5,ode,16,3,0.2,,,,0,,0,1,0
regime:mid:ode:16,regime,mid,0.5,ode,16,5,0.2,,,,0,,0,1,0
regime:mid:ode:17,regime,mid,0.5,ode,17,1,0.2,,,,0,,0,0,1
regime:mid:ode:17,regime,mid,0.5,ode,17,3,0.2,,,,0,,0,1,0
regime:mid:ode:17,regime,mid,0.5,ode,17,5,0.2,,,,0,,0,1,0
regime:mid:ode:18,regime,mid,0.5,ode,18,1,0.2,,,,0,,0,0,1
regime:mid:ode:18,regime,mid,0.5,ode,18,3,0.2,,,,0,,0,0,1
regime:mid:ode:18,regime,mid,0.5,ode,18,5,0.2,,,,0,,0,0,1
regime:mid:ode:19,regime,mid,0.5,ode,19,1,0.2,,,,0,,0,1,0
regime:mid:ode:19,regime,mid,0.5,ode,19,3,0.2,,,,0,,0,1,0
regime:mid:ode:19,regime,mid,0.5,ode,19,5,0.2,,,,0,,0,1,0
regime:high:spline:0,regime,high,0.8,spline,0,1,0.2,,,,0,,0,0,1
regime:high:spline:0,regime,high,0.8,spline,0,3,0.2,,,,0,,0,0,1
regime:high:spline:0,regime,high,0.8,spline,0,5,0.2,,,,0,,0,0,1
regime:high:spline:1,regime,high,0.8,spline,1,1,0.2,,,,0,,0,1,0
regime:high:spline:1,regime,high,0.8,spline,1,3,0.2,,,,0,,0,1,0
regime:high:spline:1,regime,high,0.8,spline,1,5,0.2,,,,0,,0,1,0
regime:high:spline:2,regime,high,0.8,spline,2,1,0.2,,,,0,,0,1,0
regime:high:spline:2,regime,high,0.8,spline,2,3,0.2,,,,0,,0,1,0
regime:high:spline:2,regime,high,0.8,spline,2,5,0.2,,,,0,,0,1,0
regime:high:spline:3,regime,high,0.8,spline,3,1,0.2,,,,0,,0,1,0
regime:high:spline:3,regime,high,0.8,spline,3,3,0.2,,,,0,,0,1,0
regime:high:spline:3,regime,high,0.8,spline,3,5,0.2,,,,0,,0,1,0
regime:high:spline:4,regime,high,0.8,spline,4,1,0.2,,,,0,,0,0,1
regime:high:spline:4,regime,high,0.8,spline,4,3,0.2,,,,0,,0,0,1
regime:high:spline:4,regime,high,0.8,spline,4,5,0.2,,,,0,,0,0,1
regime:high:spline:5,regime,high,0.8,spline,5,1,0.2,,,,0,,0,1,0
regime:high:spline:5,regime,high,0.8,spline,5,3,0.2,,,,0,,0,1,0
regime:high:spline:5,regime,high,0.8,spline,5,5,0.2,,,,0,,0,1,0
regime:high:spline:6,regime,high,0.8,spline,6,1,0.2,,,,0,,0,1,0
regime:high:spline:6,regime,high,0.8,spline,6,3,0.2,,,,0,,0,1,0
regime:high:spline:6,regime,high,0.8,spline,6,5,0.2,,,,0,,0,1,0
regime:high:spline:7,regime,high,0.8,spline,7,1,0.2,,,,0,,0,1,0
regime:high:spline:7,regime,high,0.8,spline,7,3,0.2,,,,0,,0,1,0
regime:high:spline:7,regime,high,0.8,spline,7,5,0.2,,,,0,,0,1,0
regime:high:spline:8,regime,high,0.8,spline,8,1,0.2,,,,0,,0,0,1
regime:high:spline:8,regime,high,0.8,spline,8,3,0.2,,,,0,,0,0,1
regime:high:spline:8,regime,high,0.8,spline,8,5,0.2,,,,0,,0,0,1
regime:high:spline:9,regime,high,0.8,spline,9,1,0.2,0.7,0.7,,1,,0,0,0
regime:high:spline:9,regime,high,0.8,spline,9,3,0.2,0.7,0.7,,1,,0,0,0
regime:high:spline:9,regime,high,0.8,spline,9,5,0.2,0.7,0.7,,1,,0,0,0
regime:high:spline:10,regime,high,0.8,spline,10,1,0.2,,,,0,,0,0,1
regime:high:spline:10,regime,high,0.8,spline,10,3,0.2,,,,0,,0,0,1
regime:high:spline:10,regime,high,0.8,spline,10,5,0.2,,,,0,,0,0,1
regime:high:spline:11,regime,high,0.8,spline,11,1,0.2,,,,0,,0,0,1
regime:high:spline:11,regime,high,0.8,spline,11,3,0.2,,,,0,,0,0,1
regime:high:spline:11,regime,high,0.8,spline,11,5,0.2,,,,0,,0,0,1
regime:high:spline:12,regime,high,0.8,spline,12,1,0.2,,,,0,,0,0,1
regime:high:spline:12,regime,high,0.8,spline,12,3,0.2,,,,0,,0,0,1
regime:high:spline:12,regime,high,0.8,spline,12,5,0.2,,,,0,,0,0,1
regime:high:spline:13,regime,high,0.8,spline,13,1,0.2,,,,0,,0,1,0
regime:high:spline:13,regime,high,0.8,spline,13,3,0.2,,,,0,,0,1,0
regime:high:spline:13,regime,high,0.8,spline,13,5,0.2,,,,0,,0,1,0
regime:high:spline:14,regime,high,0.8,spline,14,1,0.2,,,,0,,0,1,0
regime:high:spline:14,regime,high,0.8,spline,14,3,0.2,,,,0,,0,1,0
regime:high:spline:14,regime,high,0.8,spline,14,5,0.2,,,,0,,0,1,0
regime:high:spline:15,regime,high,0.8,spline,15,1,0.2,,,,0,,0,0,1
regime:high:spline:15,regime,high,0.8,spline,15,3,0.2,,,,0,,0,0,1
regime:high:spline:15,regime,high,0.8,spline,15,5,0.2,,,,0,,0,0,1
regime:high:spline:16,regime,high,0.8,spline,16,1,0.2,,,,0,,0,1,0
regime:high:spline:16,regime,high,0.8,spline,16,3,0.2,,,,0,,0,1,0
regime:high:spline:16,regime,high,0.8,spline,16,5,0.2,,,,0,,0,1,0
regime:high:spline:17,regime,high,0.8,spline,17,1,0.2,,,,0,,0,0,1
regime:high:spline:17,regime,high,0.8,spline,17,3,0.2,,,,0,,0,0,1
regime:high:spline:17,regime,high,0.8,spline,17,5,0.2,,,,0,,0,0,1
regime:high:spline:18,regime,high,0.8,spline,18,1,0.2,,,,0,,0,1,0
regime:high:spline:18,regime,high,0.8,spline,18,3,0.2,,,,0,,0,1,0
regime:high:spline:18,regime,high,0.8,spline,18,5,0.2,,,,0,,0,0,1
regime:high:spline:19,regime,high,0.8,spline,19,1,0.2,,,,0,,0,0,1
regime:high:spline:19,regime,high,0.8,spline,19,3,0.2,,,,0,,0,0,1
regime:high:spline:19,regime,high,0.8,spline,19,5,0.2,,,,0,,0,0,1
regime:high:basis:0,regime,high,0.8,basis,0,1,0.2,,,,0,,0,1,0
regime:high:basis:0,regime,high,0.8,basis,0,3,0.2,,,,0,,0,1,0
regime:high:basis:0,regime,high,0.8,basis,0,5,0.2,,,,0,,0,1,0
regime:high:basis:1,regime,high,0.8,basis,1,1,0.2,,,,0,,0,0,1
regime:high:basis:1,regime,high,0.8,basis,1,3,0.2,,,,0,,0,0,1
regime:high:basis:1,regime,high,0.8,basis,1,5,0.2,,,,0,,0,0,1
regime:high:basis:2,regime,high,0.8,basis,2,1,0.2,,,,0,,0,0,1
regime:high:basis:2,regime,high,0.8,basis,2,3,0.2,,,,0,,0,0,1
regime:high:basis:2,regime,high,0.8,basis,2,5,0.2,,,,0,,0,1,0
regime:high:basis:3,regime,high,0.8,basis,3,1,0.2,,,,0,,0,0,1
regime:high:basis:3,regime,high,0.8,basis,3,3,0.2,,,,0,,0,0,1
regime:high:basis:3,regime,high,0.8,basis,3,5,0.2,,,,0,,0,1,0
regime:high:basis:4,regime,high,0.8,basis,4,1,0.2,,,,0,,0,0,1
regime:high:basis:4,regime,high,0.8,basis,4,3,0.2,,,,0,,0,0,1
regime:high:basis:4,regime,high,0.8,basis,4,5,0.2,,,,0,,0,0,1
regime:high:basis:5,regime,high,0.8,basis,5,1,0.2,,,,0,,0,1,0
regime:high:basis:5,regime,high,0.8,basis,5,3,0.2,,,,0,,0,1,0
regime:high:basis:5,regime,high,0.8,basis,5,5,0.2,,,,0,,0,1,0
regime:high:basis:6,regime,high,0.8,basis,6,1,0.2,0.7,0.7,,1,,0,0,0
regime:high:basis:6,regime,high,0.8,basis,6,3,0.2,0.7,0.7,,1,,0,0,0
regime:high:basis:6,regime,high,0.8,basis,6,5,0.2,0.7,0.7,,1,,0,0,0
regime:high:basis:7,regime,high,0.8,basis,7,1,0.2,,,,0,,0,0,1
regime:high:basis:7,regime,high,0.8,basis,7,3,0.2,,,,0,,0,0,1
regime:high:basis:7,regime,high,0.8,basis,7,5,0.2,,,,0,,0,0,1
regime:high:basis:8,regime,high,0.8,basis,8,1,0.2,,,,0,,0,0,1
regime:high:basis:8,regime,high,0.8,basis,8,3,0.2,,,,0,,0,0,1
regime:high:basis:8,regime,high,0.8,basis,8,5,0.2,,,,0,,0,0,1
regime:high:basis:9,regime,high,0.8,basis,9,1,0.2,,,,0,,0,0,1
regime:high:basis:9,regime,high,0.8,basis,9,3,0.2,,,,0,,0,0,1
regime:high:basis:9,regime,high,0.8,basis,9,5,0.2,,,,0,,0,0,1
regime:high:basis:10,regime,high,0.8,basis,10,1,0.2,,,,0,,0,0,1
regime:high:basis:10,regime,high,0.8,basis,10,3,0.2,,,,0,,0,0,1
regime:high:basis:10,regime,high,0.8,basis,10,5,0.2,,,,0,,0,0,1
regime:high:basis:11,regime,high,0.8,basis,11,1,0.2,,,,0,,0,0,1
regime:high:basis:11,regime,high,0.8,basis,11,3,0.2,,,,0,,0,0,1
regime:high:basis:11,regime,high,0.8,basis,11,5,0.2,,,,0,,0,0,1
regime:high:basis:12,regime,high,0.8,basis,12,1,0.2,,,,0,,0,1,0
regime:high:basis:12,regime,high,0.8,basis,12,3,0.2,,,,0,,0,1,0
regime:high:basis:12,regime,high,0.8,basis,12,5,0.2,,,,0,,0,1,0
regime:high:basis:13,regime,high,0.8,basis,13,1,0.2,,,,0,,0,1,0
regime:high:basis:13,regime,high,0.8,basis,13,3,0.2,,,,0,,0,1,0
regime:high:basis:13,regime,high,0.8,basis,13,5,0.2,,,,0,,0,1,0
regime:high:basis:14,regime,high,0.8,basis,14,1,0.2,,,,0,,0,0,1
regime:high:basis:14,regime,high,0.8,basis,14,3,0.2,,,,0,,0,0,1
regime:high:basis:14,regime,high,0.8,basis,14,5,0.2,,,,0,,0,0,1
regime:high:basis:15,regime,high,0.8,basis,15,1,0.2,,,,0,,0,0,1
regime:high:basis:15,regime,high,0.8,basis,15,3,0.2,,,,0,,0,0,1
regime:high:basis:15,regime,high,0.8,basis,15,5,0.2,,,,0,,0,0,1
regime:high:basis:16,regime,high,0.8,basis,16,1,0.2,0.7,0.7,,1,,0,0,0
regime:high:basis:16,regime,high,0.8,basis,16,3,0.2,0.7,0.7,,1,,0,0,0
regime:high:basis:16,regime,high,0.8,basis,16,5,0.2,0.7,0.7,,1,,0,0,0
regime:high:basis:17,regime,high,0.8,basis,17,1,0.2,,,,0,,0,0,1
regime:high:basis:17,regime,high,0.8,basis,17,3,0.2,,,,0,,0,0,1
regime:high:basis:17,regime,high,0.8,basis,17,5,0.2,,,,0,,0,0,1
regime:high:basis:18,regime,high,0.8,basis,18,1,0.2,,,,0,,0,1,0
regime:high:basis:18,regime,high,0.8,basis,18,3,0.2,,,,0,,0,1,0
regime:high:basis:18,regime,high,0.8,basis,18,5,0.2,,,,0,,0,1,0
regime:high:basis:19,regime,high,0.8,basis,19,1,0.2,,,,0,,0,0,1
regime:high:basis:19,regime,high,0.8,basis,19,3,0.2,,,,0,,0,0,1
regime:high:basis:19,regime,high,0.8,basis,19,5,0.2,,,,0,,0,0,1
regime:high:ode:0,regime,high,0.8,ode,0,1,0.2,,,,0,,0,1,0
regime:high:ode:0,regime,high,0.8,ode,0,3,0.2,,,,0,,0,1,0
regime:high:ode:0,regime,high,0.8,ode,0,5,0.2,,,,0,,0,1,0
regime:high:ode:1,regime,high,0.8,ode,1,1,0.2,,,,0,,0,0,1
regime:high:ode:1,regime,high,0.8,ode,1,3,0.2,,,,0,,0,0,1
regime:high:ode:1,regime,high,0.8,ode,1,5,0.2,,,,0,,0,0,1
regime:high:ode:2,regime,high,0.8,ode,2,1,0.2,,,,0,,0,0,1
regime:high:ode:2,regime,high,0.8,ode,2,3,0.2,,,,0,,0,0,1
regime:high:ode:2,regime,high,0.8,ode,2,5,0.2,,,,0,,0,0,1
regime:high:ode:3,regime,high,0.8,ode,3,1,0.2,,,,0,,0,0,1
regime:high:ode:3,regime,high,0.8,ode,3,3,0.2,,,,0,,0,0,1
regime:high:ode:3,regime,high,0.8,ode,3,5,0.2,,,,0,,0,0,1
regime:high:ode:4,regime,high,0.8,ode,4,1,0.2,,,,0,,0,0,1
regime:high:ode:4,regime,high,0.8,ode,4,3,0.2,,,,0,,0,0,1
regime:high:ode:4,regime,high,0.8,ode,4,5,0.2,,,,0,,0,0,1
regime:high:ode:5,regime,high,0.8,ode,5,1,0.2,0.7,0.7,,1,,0,0,0
regime:high:ode:5,regime,high,0.8,ode,5,3,0.2,0.7,0.7,,1,,0,0,0
regime:high:ode:5,regime,high,0.8,ode,5,5,0.2,0.7,0.7,,1,,0,0,0
regime:high:ode:6,regime,high,0.8,ode,6,1,0.2,,,,0,,0,0,1
regime:high:ode:6,regime,high,0.8,ode,6,3,0.2,,,,0,,0,0,1
regime:high:ode:6,regime,high,0.8,ode,6,5,0.2,,,,0,,0,0,1
regime:high:ode:7,regime,high,0.8,ode,7,1,0.2,,,,0,,0,1,0
regime:high:ode:7,regime,high,0.8,ode,7,3,0.2,,,,0,,0,1,0
regime:high:ode:7,regime,high,0.8,ode,7,5,0.2,,,,0,,0,0,1
regime:high:ode:8,regime,high,0.8,ode,8,1,0.2,,,,0,,0,0,1
regime:high:ode:8,regime,high,0.8,ode,8,3,0.2,,,,0,,0,0,1
regime:high:ode:8,regime,high,0.8,ode,8,5,0.2,,,,0,,0,0,1
regime:high:ode:9,regime,high,0.8,ode,9,1,0.2,,,,0,,0,1,0
regime:high:ode:9,regime,high,0.8,ode,9,3,0.2,,,,0,,0,1,0
regime:high:ode:9,regime,high,0.8,ode,9,5,0.2,,,,0,,0,1,0
regime:high:ode:10,regime,high,0.8,ode,10,1,0.2,,,,0,,0,0,1
regime:high:ode:10,regime,high,0.8,ode,10,3,0.2,,,,0,,0,0,1
regime:high:ode:10,regime,high,0.8,ode,10,5,0.2,,,,0,,0,0,1
regime:high:ode:11,regime,high,0.8,ode,11,1,0.2,,,,0,,0,0,1
regime:high:ode:11,regime,high,0.8,ode,11,3,0.2,,,,0,,0,0,1
regime:high:ode:11,regime,high,0.8,ode,11,5,0.2,,,,0,,0,0,1
regime:high:ode:12,regime,high,0.8,ode,12,1,0.2,,,,0,,0,0,1
regime:high:ode:12,regime,high,0.8,ode,12,3,0.2,,,,0,,0,0,1
regime:high:ode:12,regime,high,0.8,ode,12,5,0.2,,,,0,,0,0,1
regime:high:ode:13,regime,high,0.8,ode,13,1,0.2,,,,0,,0,1,0
regime:high:ode:13,regime,high,0.8,ode,13,3,0.2,,,,0,,0,1,0
regime:high:ode:13,regime,high,0.8,ode,13,5,0.2,,,,0,,0,1,0
regime:high:ode:14,regime,high,0.8,ode,14,1,0.2,,,,0,,0,1,0
regime:high:ode:14,regime,high,0.8,ode,14,3,0.2,,,,0,,0,1,0
regime:high:ode:14,regime,high,0.8,ode,14,5,0.2,,,,0,,0,1,0
regime:high:ode:15,regime,high,0.8,ode,15,1,0.2,,,,0,,0,0,1
regime:high:ode:15,regime,high,0.8,ode,15,3,0.2,,,,0,,0,0,1
regime:high:ode:15,regime,high,0.8,ode,15,5,0.2,,,,0,,0,0,1
regime:high:ode:16,regime,high,0.8,ode,16,1,0.2,,,,0,,0,0,1
regime:high:ode:16,regime,high,0.8,ode,16,3,0.2,,,,0,,0,0,1
regime:high:ode:16,regime,high,0.8,ode,16,5,0.2,,,,0,,0,0,1
regime:high:ode:17,regime,high,0.8,ode,17,1,0.2,,,,0,,0,1,0
regime:high:ode:17,regime,high,0.8,ode,17,3,0.2,,,,0,,0,1,0
regime:high:ode:17,regime,high,0.8,ode,17,5,0.2,,,,0,,0,1,0
regime:high:ode:18,regime,high,0.8,ode,18,1,0.2,,,,0,,0,0,1
regime:high:ode:18,regime,high,0.8,ode,18,3,0.2,,,,0,,0,0,1
regime:high:ode:18,regime,high,0.8,ode,18,5,0.2,,,,0,,0,0,1
regime:high:ode:19,regime,high,0.8,ode,19,1,0.2,,,,0,,0,0,1
regime:high:ode:19,regime,high,0.8,ode,19,3,0.2,,,,0,,0,0,1
regime:high:ode:19,regime,high,0.8,ode,19,5,0.2,,,,0,,0,0,1
bound:low:spline:0,bound,low,0.2,spline,0,1,0.2,,,,0,,0,0,1
bound:low:spline:0,bound,low,0.2,spline,0,3,0.2,,,,0,,0,0,1
bound:low:spline:0,bound,low,0.2,spline,0,5,0.2,,,,0,,0,0,1
bound:low:spline:1,bound,low,0.2,spline,1,1,0.2,,,,0,,0,0,1
bound:low:spline:1,bound,low,0.2,spline,1,3,0.2,,,,0,,0,0,1
bound:low:spline:1,bound,low,0.2,spline,1,5,0.2,,,,0,,0,0,1
bound:low:spline:2,bound,low,0.2,spline,2,1,0.2,,,,0,,0,0,1
bound:low:spline:2,bound,low,0.2,spline,2,3,0.2,,,,0,,0,0,1
bound:low:spline:2,bound,low,0.2,spline,2,5,0.2,,,,0,,0,0,1
bound:low:spline:3,bound,low,0.2,spline,3,1,0.2,,,,0,,0,0,1
bound:low:spline:3,bound,low,0.2,spline,3,3,0.2,,,,0,,0,0,1
bound:low:spline:3,bound,low,0.2,spline,3,5,0.2,,,,0,,0,0,1
bound:low:spline:4,bound,low,0.2,spline,4,1,0.2,,,,0,,0,1,0
bound:low:spline:4,bound,low,0.2,spline,4,3,0.2,,,,0,,0,1,0
bound:low:spline:4,bound,low,0.2,spline,4,5,0.2,,,,0,,0,1,0
bound:low:spline:5,bound,low,0.2,spline,5,1,0.2,,,,0,,0,1,0
bound:low:spline:5,bound,low,0.2,spline,5,3,0.2,,,,0,,0,1,0
bound:low:spline:5,bound,low,0.2,spline,5,5,0.2,,,,0,,0,1,0
bound:low:spline:6,bound,low,0.2,spline,6,1,0.2,,,,0,,0,0,1
bound:low:spline:6,bound,low,0.2,spline,6,3,0.2,,,,0,,0,0,1
bound:low:spline:6,bound,low,0.2,spline,6,5,0.2,,,,0,,0,0,1
bound:low:spline:7,bound,low,0.2,spline,7,1,0.2,,,,0,,0,1,0
bound:low:spline:7,bound,low,0.2,spline,7,3,0.2,,,,0,,0,1,0
bound:low:spline:7,bound,low,0.2,spline,7,5,0.2,,,,0,,0,1,0
bound:low:spline:8,bound,low,0.2,spline,8,1,0.2,,,,0,,0,0,1
bound:low:spline:8,bound,low,0.2,spline,8,3,0.2,,,,0,,0,0,1
bound:low:spline:8,bound,low,0.2,spline,8,5,0.2,,,,0,,0,0,1
bound:low:spline:9,bound,low,0.2,spline,9,1,0.2,,,,0,,0,0,1
bound:low:spline:9,bound,low,0.2,spline,9,3,0.2,,,,0,,0,0,1
bound:low:spline:9,bound,low,0.2,spline,9,5,0.2,,,,0,,0,0,1
bound:low:spline:10,bound,low,0.2,spline,10,1,0.2,,,,0,,0,1,0
bound:low:spline:10,bound,low,0.2,spline,10,3,0.2,,,,0,,0,1,0
bound:low:spline:10,bound,low,0.2,spline,10,5,0.2,,,,0,,0,1,0
bound:low:spline:11,bound,low,0.2,spline,11,1,0.2,,,,0,,0,0,1
bound:low:spline:11,bound,low,0.2,spline,11,3,0.2,,,,0,,0,0,1
bound:low:spline:11,bound,low,0.2,spline,11,5,0.2,,,,0,,0,0,1
bound:low:spline:12,bound,low,0.2,spline,12,1,0.2,,,,0,,0,0,1
bound:low:spline:12,bound,low,0.2,spline,12,3,0.2,,,,0,,0,0,1
bound:low:spline:12,bound,low,0.2,spline,12,5,0.2,,,,0,,0,0,1
bound:low:spline:13,bound,low,0.2,spline,13,1,0.2,,,,0,,0,0,1
bound:low:spline:13,bound,low,0.2,spline,13,3,0.2,,,,0,,0,0,1
bound:low:spline:13,bound,low,0.2,spline,13,5,0.2,,,,0,,0,0,1
bound:low:spline:14,bound,low,0.2,spline,14,1,0.2,,,,0,,0,1,0
bound:low:spline:14,bound,low,0.2,spline,14,3,0.2,,,,0,,0,1,0
bound:low:spline:14,bound,low,0.2,spline,14,5,0.2,,,,0,,0,1,0
bound:low:spline:15,bound,low,0.2,spline,15,1,0.2,,,,0,,0,1,0
bound:low:spline:15,bound,low,0.2,spline,15,3,0.2,,,,0,,0,1,0
bound:low:spline:15,bound,low,0.2,spline,15,5,0.2,,,,0,,0,1,0
bound:low:spline:16,bound,low,0.2,spline,16,1,0.2,,,,0,,0,0,1
bound:low:spline:16,bound,low,0.2,spline,16,3,0.2,,,,0,,0,0,1
bound:low:spline:16,bound,low,0.2,spline,16,5,0.2,,,,0,,0,0,1
bound:low:spline:17,bound,low,0.2,spline,17,1,0.2,,,,0,,0,0,1
bound:low:spline:17,bound,low,0.2,spline,17,3,0.2,,,,0,,0,0,1
bound:low:spline:17,bound,low,0.2,spline,17,5,0.2,,,,0,,0,0,1
bound:low:spline:18,bound,low,0.2,spline,18,1,0.2,,,,0,,0,0,1
bound:low:spline:18,bound,low,0.2,spline,18,3,0.2,,,,0,,0,0,1
bound:low:spline:18,bound,low,0.2,spline,18,5,0.2,,,,0,,0,0,1
bound:low:spline:19,bound,low,0.2,spline,19,1,0.2,,,,0,,0,0,1
bound:low:spline:19,bound,low,0.2,spline,19,3,0.2,,,,0,,0,0,1
bound:low:spline:19,bound,low,0.2,spline,19,5,0.2,,,,0,,0,0,1
bound:low:basis:0,bound,low,0.2,basis,0,1,0.2,,,,0,,0,1,0
bound:low:basis:0,bound,low,0.2,basis,0,3,0.2,,,,0,,0,1,0
bound:low:basis:0,bound,low,0.2,basis,0,5,0.2,,,,0,,0,1,0
bound:low:basis:1,bound,low,0.2,basis,1,1,0.2,,,,0,,0,1,0
bound:low:basis:1,bound,low,0.2,basis,1,3,0.2,,,,0,,0,1,0
bound:low:basis:1,bound,low,0.2,basis,1,5,0.2,,,,0,,0,1,0
bound:low:basis:2,bound,low,0.2,basis,2,1,0.2,,,,0,,0,0,1
bound:low:basis:2,bound,low,0.2,basis,2,3,0.2,,,,0,,0,0,1
bound:low:basis:2,bound,low,0.2,basis,2,5,0.2,,,,0,,0,1,0
bound:low:basis:3,bound,low,0.2,basis,3,1,0.2,,,,0,,0,0,1
bound:low:basis:3,bound,low,0.2,basis,3,3,0.2,,,,0,,0,0,1
bound:low:basis:3,bound,low,0.2,basis,3,5,0.2,,,,0,,0,0,1
bound:low:basis:4,bound,low,0.2,basis,4,1,0.2,,,,0,,0,0,1
bound:low:basis:4,bound,low,0.2,basis,4,3,0.2,,,,0,,0,0,1
bound:low:basis:4,bound,low,0.2,basis,4,5,0.2,,,,0,,0,0,1
bound:low:basis:5,bound,low,0.2,basis,5,1,0.2,,,,0,,0,0,1
bound:low:basis:5,bound,low,0.2,basis,5,3,0.2,,,,0,,0,0,1
bound:low:basis:5,bound,low,0.2,basis,5,5,0.2,,,,0,,0,0,1
bound:low:basis:6,bound,low,0.2,basis,6,1,0.2,,,,0,,0,0,1
bound:low:basis:6,bound,low,0.2,basis,6,3,0.2,,,,0,,0,0,1
bound:low:basis:6,bound,low,0.2,basis,6,5,0.2,,,,0,,0,0,1
bound:low:basis:7,bound,low,0.2,basis,7,1,0.2,,,,0,,0,1,0
bound:low:basis:7,bound,low,0.2,basis,7,3,0.2,,,,0,,0,1,0
bound:low:basis:7,bound,low,0.2,basis,7,5,0.2,,,,0,,0,1,0
bound:low:basis:8,bound,low,0.2,basis,8,1,0.2,,,,0,,0,0,1
bound:low:basis:8,bound,low,0.2,basis,8,3,0.2,,,,0,,0,0,1
bound:low:basis:8,bound,low,0.2,basis,8,5,0.2,,,,0,,0,0,1
bound:low:basis:9,bound,low,0.2,basis,9,1,0.2,,,,0,,0,0,1
bound:low:basis:9,bound,low,0.2,basis,9,3,0.2,,,,0,,0,0,1
bound:low:basis:9,bound,low,0.2,basis,9,5,0.2,,,,0,,0,0,1
bound:low:basis:10,bound,low,0.2,basis,10,1,0.2,,,,0,,0,0,1
bound:low:basis:10,bound,low,0.2,basis,10,3,0.2,,,,0,,0,0,1
bound:low:basis:10,bound,low,0.2,basis,10,5,0.2,,,,0,,0,0,1
bound:low:basis:11,bound,low,0.2,basis,11,1,0.2,,,,0,,0,0,1
bound:low:basis:11,bound,low,0.2,basis,11,3,0.2,,,,0,,0,0,1
bound:low:basis:11,bound,low,0.2,basis,11,5,0.2,,,,0,,0,0,1
bound:low:basis:12,bound,low,0.2,basis,12,1,0.2,,,,0,,0,0,1
bound:low:basis:12,bound,low,0.2,basis,12,3,0.2,,,,0,,0,0,1
bound:low:basis:12,bound,low,0.2,basis,12,5,0.2,,,,0,,0,0,1
bound:low:basis:13,bound,low,0.2,basis,13,1,0.2,,,,0,,0,0,1
bound:low:basis:13,bound,low,0.2,basis,13,3,0.2,,,,0,,0,0,1
bound:low:basis:13,bound,low,0.2,basis,13,5,0.2,,,,0,,0,0,1
bound:low:basis:14,bound,low,0.2,basis,14,1,0.2,,,,0,,0,0,1
bound:low:basis:14,bound,low,0.2,basis,14,3,0.2,,,,0,,0,0,1
bound:low:basis:14,bound,low,0.2,basis,14,5,0.2,,,,0,,0,0,1
bound:low:basis:15,bound,low,0.2,basis,15,1,0.2,,,,0,,0,0,1
bound:low:basis:15,bound,low,0.2,basis,15,3,0.2,,,,0,,0,0,1
bound:low:basis:15,bound,low,0.2,basis,15,5,0.2,,,,0,,0,0,1
bound:low:basis:16,bound,low,0.2,basis,16,1,0.2,,,,0,,0,0,1
bound:low:basis:16,bound,low,0.2,basis,16,3,0.2,,,,0,,0,0,1
bound:low:basis:16,bound,low,0.2,basis,16,5,0.2,,,,0,,0,0,1
bound:low:basis:17,bound,low,0.2,basis,17,1,0.2,,,,0,,0,1,0
bound:low:basis:17,bound,low,0.2,basis,17,3,0.2,,,,0,,0,1,0
bound:low:basis:17,bound,low,0.2,basis,17,5,0.2,,,,0,,0,1,0
bound:low:basis:18,bound,low,0.2,basis,18,1,0.2,,,,0,,0,0,1
bound:low:basis:18,bound,low,0.2,basis,18,3,0.2,,,,0,,0,0,1
bound:low:basis:18,bound,low,0.2,basis,18,5,0.2,,,,0,,0,0,1
bound:low:basis:19,bound,low,0.2,basis,19,1,0.2,,,,0,,0,0,1
bound:low:basis:19,bound,low,0.2,basis,19,3,0.2,,,,0,,0,1,0
bound:low:basis:19,bound,low,0.2,basis,19,5,0.2,,,,0,,0,1,0
bound:low:ode:0,bound,low,0.2,ode,0,1,0.2,,,,0,,0,0,1
bound:low:ode:0,bound,low,0.2,ode,0,3,0.2,,,,0,,0,0,1
bound:low:ode:0,bound,low,0.2,ode,0,5,0.2,,,,0,,0,0,1
bound:low:ode:1,bound,low,0.2,ode,1,1,0.2,,,,0,,0,0,1
bound:low:ode:1,bound,low,0.2,ode,1,3,0.2,,,,0,,0,0,1
bound:low:ode:1,bound,low,0.2,ode,1,5,0.2,,,,0,,0,0,1
bound:low:ode:2,bound,low,0.2,ode,2,1,0.2,,,,0,,0,0,1
bound:low:ode:2,bound,low,0.2,ode,2,3,0.2,,,,0,,0,0,1
bound:low:ode:2,bound,low,0.2,ode,2,5,0.2,,,,0,,0,0,1
bound:low:ode:3,bound,low,0.2,ode,3,1,0.2,,,,0,,0,0,1
bound:low:ode:3,bound,low,0.2,ode,3,3,0.2,,,,0,,0,0,1
bound:low:ode:3,bound,low,0.2,ode,3,5,0.2,,,,0,,0,0,1
bound:low:ode:4,bound,low,0.2,ode,4,1,0.2,,,,0,,0,1,0
bound:low:ode:4,bound,low,0.2,ode,4,3,0.2,,,,0,,0,1,0
bound:low:ode:4,bound,low,0.2,ode,4,5,0.2,,,,0,,0,1,0
bound:low:ode:5,bound,low,0.2,ode,5,1,0.2,,,,0,,0,0,1
bound:low:ode:5,bound,low,0.2,ode,5,3,0.2,,,,0,,0,0,1
bound:low:ode:5,bound,low,0.2,ode,5,5,0.2,,,,0,,0,0,1
bound:low:ode:6,bound,low,0.2,ode,6,1,0.2,,,,0,,0,0,1
bound:low:ode:6,bound,low,0.2,ode,6,3,0.2,,,,0,,0,0,1
bound:low:ode:6,bound,low,0.2,ode,6,5,0.2,,,,0,,0,0,1
bound:low:ode:7,bound,low,0.2,ode,7,1,0.2,,,,0,,0,0,1
bound:low:ode:7,bound,low,0.2,ode,7,3,0.2,,,,0,,0,0,1
bound:low:ode:7,bound,low,0.2,ode,7,5,0.2,,,,0,,0,0,1
bound:low:ode:8,bound,low,0.2,ode,8,1,0.2,,,,0,,0,1,0
bound:low:ode:8,bound,low,0.2,ode,8,3,0.2,,,,0,,0,1,0
bound:low:ode:8,bound,low,0.2,ode,8,5,0.2,,,,0,,0,1,0
bound:low:ode:9,bound,low,0.2,ode,9,1,0.2,,,,0,,0,0,1
bound:low:ode:9,bound,low,0.2,ode,9,3,0.2,,,,0,,0,0,1
bound:low:ode:9,bound,low,0.2,ode,9,5,0.2,,,,0,,0,0,1
bound:low:ode:10,bound,low,0.2,ode,10,1,0.2,,,,0,,0,1,0
bound:low:ode:10,bound,low,0.2,ode,10,3,0.2,,,,0,,0,1,0
bound:low:ode:10,bound,low,0.2,ode,10,5,0.2,,,,0,,0,1,0
bound:low:ode:11,bound,low,0.2,ode,11,1,0.2,,,,0,,0,0,1
bound:low:ode:11,bound,low,0.2,ode,11,3,0.2,,,,0,,0,0,1
bound:low:ode:11,bound,low,0.2,ode,11,5,0.2,,,,0,,0,0,1
bound:low:ode:12,bound,low,0.2,ode,12,1,0.2,,,,0,,0,0,1
bound:low:ode:12,bound,low,0.2,ode,12,3,0.2,,,,0,,0,0,1
bound:low:ode:12,bound,low,0.2,ode,12,5,0.2,,,,0,,0,0,1
bound:low:ode:13,bound,low,0.2,ode,13,1,0.2,,,,0,,0,1,0
bound:low:ode:13,bound,low,0.2,ode,13,3,0.2,,,,0,,0,1,0
bound:low:ode:13,bound,low,0.2,ode,13,5,0.2,,,,0,,0,1,0
bound:low:ode:14,bound,low,0.2,ode,14,1,0.2,,,,0,,0,0,1
bound:low:ode:14,bound,low,0.2,ode,14,3,0.2,,,,0,,0,0,1
bound:low:ode:14,bound,low,0.2,ode,14,5,0.2,,,,0,,0,0,1
bound:low:ode:15,bound,low,0.2,ode,15,1,0.2,,,,0,,0,1,0
bound:low:ode:15,bound,low,0.2,ode,15,3,0.2,,,,0,,0,1,0
bound:low:ode:15,bound,low,0.2,ode,15,5,0.2,,,,0,,0,1,0
bound:low:ode:16,bound,low,0.2,ode,16,1,0.2,,,,0,,0,1,0
bound:low:ode:16,bound,low,0.2,ode,16,3,0.2,,,,0,,0,1,0
bound:low:ode:16,bound,low,0.2,ode,16,5,0.2,,,,0,,0,1,0
bound:low:ode:17,bound,low,0.2,ode,17,1,0.2,,,,0,,0,0,1
bound:low:ode:17,bound,low,0.2,ode,17,3,0.2,,,,0,,0,0,1
bound:low:ode:17,bound,low,0.2,ode,17,5,0.2,,,,0,,0,0,1
bound:low:ode:18,bound,low,0.2,ode,18,1,0.2,,,,0,,0,0,1
bound:low:ode:18,bound,low,0.2,ode,18,3,0.2,,,,0,,0,0,1
bound:low:ode:18,bound,low,0.2,ode,18,5,0.2,,,,0,,0,0,1
bound:low:ode:19,bound,low,0.2,ode,19,1,0.2,,,,0,,0,1,0
bound:low:ode:19,bound,low,0.2,ode,19,3,0.2,,,,0,,0,1,0
bound:low:ode:19,bound,low,0.2,ode,19,5,0.2,,,,0,,0,1,0
bound:mid:spline:0,bound,mid,0.5,spline,0,1,0.2,,,,0,,0,1,0
bound:mid:spline:0,bound,mid,0.5,spline,0,3,0.2,,,,0,,0,1,0
bound:mid:spline:0,bound,mid,0.5,spline,0,5,0.2,,,,0,,0,1,0
bound:mid:spline:1,bound,mid,0.5,spline,1,1,0.2,,,,0,,0,0,1
bound:mid:spline:1,bound,mid,0.5,spline,1,3,0.2,,,,0,,0,0,1
bound:mid:spline:1,bound,mid,0.5,spline,1,5,0.2,,,,0,,0,0,1
bound:mid:spline:2,bound,mid,0.5,spline,2,1,0.2,,,,0,,0,0,1
bound:mid:spline:2,bound,mid,0.5,spline,2,3,0.2,,,,0,,0,0,1
bound:mid:spline:2,bound,mid,0.5,spline,2,5,0.2,,,,0,,0,0,1
bound:mid:spline:3,bound,mid,0.5,spline,3,1,0.2,,,,0,,0,0,1
bound:mid:spline:3,bound,mid,0.5,spline,3,3,0.2,,,,0,,0,0,1
bound:mid:spline:3,bound,mid,0.5,spline,3,5,0.2,,,,0,,0,0,1
bound:mid:spline:4,bound,mid,0.5,spline,4,1,0.2,,,,0,,0,0,1
bound:mid:spline:4,bound,mid,0.5,spline,4,3,0.2,,,,0,,0,0,1
bound:mid:spline:4,bound,mid,0.5,spline,4,5,0.2,,,,0,,0,0,1
bound:mid:spline:5,bound,mid,0.5,spline,5,1,0.2,,,,0,,0,0,1
bound:mid:spline:5,bound,mid,0.5,spline,5,3,0.2,,,,0,,0,0,1
bound:mid:spline:5,bound,mid,0.5,spline,5,5,0.2,,,,0,,0,0,1
bound:mid:spline:6,bound,mid,0.5,spline,6,1,0.2,,,,0,,0,0,1
bound:mid:spline:6,bound,mid,0.5,spline,6,3,0.2,,,,0,,0,0,1
bound:mid:spline:6,bound,mid,0.5,spline,6,5,0.2,,,,0,,0,0,1
bound:mid:spline:7,bound,mid,0.5,spline,7,1,0.2,,,,0,,0,1,0
bound:mid:spline:7,bound,mid,0.5,spline,7,3,0.2,,,,0,,0,1,0
bound:mid:spline:7,bound,mid,0.5,spline,7,5,0.2,,,,0,,0,1,0
bound:mid:spline:8,bound,mid,0.5,spline,8,1,0.2,,,,0,,0,0,1
bound:mid:spline:8,bound,mid,0.5,spline,8,3,0.2,,,,0,,0,0,1
bound:mid:spline:8,bound,mid,0.5,spline,8,5,0.2,,,,0,,0,0,1
bound:mid:spline:9,bound,mid,0.5,spline,9,1,0.2,,,,0,,0,0,1
bound:mid:spline:9,bound,mid,0.5,spline,9,3,0.2,,,,0,,0,0,1
bound:mid:spline:9,bound,mid,0.5,spline,9,5,0.2,,,,0,,0,0,1
bound:mid:spline:10,bound,mid,0.5,spline,10,1,0.2,,,,0,,0,1,0
bound:mid:spline:10,bound,mid,0.5,spline,10,3,0.2,,,,0,,0,1,0
bound:mid:spline:10,bound,mid,0.5,spline,10,5,0.2,,,,0,,0,1,0
bound:mid:spline:11,bound,mid,0.5,spline,11,1,0.2,,,,0,,0,0,1
bound:mid:spline:11,bound,mid,0.5,spline,11,3,0.2,,,,0,,0,0,1
bound:mid:spline:11,bound,mid,0.5,spline,11,5,0.2,,,,0,,0,0,1
bound:mid:spline:12,bound,mid,0.5,spline,12,1,0.2,,,,0,,0,0,1
bound:mid:spline:12,bound,mid,0.5,spline,12,3,0.2,,,,0,,0,0,1
bound:mid:spline:12,bound,mid,0.5,spline,12,5,0.2,,,,0,,0,0,1
bound:mid:spline:13,bound,mid,0.5,spline,13,1,0.2,,,,0,,0,0,1
bound:mid:spline:13,bound,mid,0.5,spline,13,3,0.2,,,,0,,0,0,1
bound:mid:spline:13,bound,mid,0.5,spline,13,5,0.2,,,,0,,0,0,1
bound:mid:spline:14,bound,mid,0.5,spline,14,1,0.2,,,,0,,0,1,0
bound:mid:spline:14,bound,mid,0.5,spline,14,3,0.2,,,,0,,0,1,0
bound:mid:spline:14,bound,mid,0.5,spline,14,5,0.2,,,,0,,0,1,0
bound:mid:spline:15,bound,mid,0.5,spline,15,1,0.2,,,,0,,0,0,1
bound:mid:spline:15,bound,mid,0.5,spline,15,3,0.2,,,,0,,0,0,1
bound:mid:spline:15,bound,mid,0.5,spline,15,5,0.2,,,,0,,0,0,1
bound:mid:spline:16,bound,mid,0.5,spline,16,1,0.2,,,,0,,0,1,0
bound:mid:spline:16,bound,mid,0.5,spline,16,3,0.2,,,,0,,0,1,0
bound:mid:spline:16,bound,mid,0.5,spline,16,5,0.2,,,,0,,0,1,0
bound:mid:spline:17,bound,mid,0.5,spline,17,1,0.2,,,,0,,0,1,0
bound:mid:spline:17,bound,mid,0.5,spline,17,3,0.2,,,,0,,0,1,0
bound:mid:spline:17,bound,mid,0.5,spline,17,5,0.2,,,,0,,0,1,0
bound:mid:spline:18,bound,mid,0.5,spline,18,1,0.2,,,,0,,0,0,1
bound:mid:spline:18,bound,mid,0.5,spline,18,3,0.2,,,,0,,0,0,1
bound:mid:spline:18,bound,mid,0.5,spline,18,5,0.2,,,,0,,0,0,1
bound:mid:spline:19,bound,mid,0.5,spline,19,1,0.2,,,,0,,0,0,1
bound:mid:spline:19,bound,mid,0.5,spline,19,3,0.2,,,,0,,0,0,1
bound:mid:spline:19,bound,mid,0.5,spline,19,5,0.2,,,,0,,0,0,1
bound:mid:basis:0,bound,mid,0.5,basis,0,1,0.2,,,,0,,0,0,1
bound:mid:basis:0,bound,mid,0.5,basis,0,3,0.2,,,,0,,0,0,1
bound:mid:basis:0,bound,mid,0.5,basis,0,5,0.2,,,,0,,0,0,1
bound:mid:basis:1,bound,mid,0.5,basis,1,1,0.2,,,,0,,0,0,1
bound:mid:basis:1,bound,mid,0.5,basis,1,3,0.2,,,,0,,0,0,1
bound:mid:basis:1,bound,mid,0.5,basis,1,5,0.2,,,,0,,0,0,1
bound:mid:basis:2,bound,mid,0.5,basis,2,1,0.2,,,,0,,0,1,0
bound:mid:basis:2,bound,mid,0.5,basis,2,3,0.2,,,,0,,0,1,0
bound:mid:basis:2,bound,mid,0.5,basis,2,5,0.2,,,,0,,0,1,0
bound:mid:basis:3,bound,mid,0.5,basis,3,1,0.2,,,,0,,0,1,0
bound:mid:basis:3,bound,mid,0.5,basis,3,3,0.2,,,,0,,0,1,0
bound:mid:basis:3,bound,mid,0.5,basis,3,5,0.2,,,,0,,0,1,0
bound:mid:basis:4,bound,mid,0.5,basis,4,1,0.2,,,,0,,0,1,0
bound:mid:basis:4,bound,mid,0.5,basis,4,3,0.2,,,,0,,0,1,0
bound:mid:basis:4,bound,mid,0.5,basis,4,5,0.2,,,,0,,0,1,0
bound:mid:basis:5,bound,mid,0.5,basis,5,1,0.2,,,,0,,0,0,1
bound:mid:basis:5,bound,mid,0.5,basis,5,3,0.2,,,,0,,0,0,1
bound:mid:basis:5,bound,mid,0.5,basis,5,5,0.2,,,,0,,0,0,1
bound:mid:basis:6,bound,mid,0.5,basis,6,1,0.2,,,,0,,0,1,0
bound:mid:basis:6,bound,mid,0.5,basis,6,3,0.2,,,,0,,0,1,0
bound:mid:basis:6,bound,mid,0.5,basis,6,5,0.2,,,,0,,0,1,0
bound:mid:basis:7,bound,mid,0.5,basis,7,1,0.2,,,,0,,0,0,1
bound:mid:basis:7,bound,mid,0.5,basis,7,3,0.2,,,,0,,0,0,1
bound:mid:basis:7,bound,mid,0.5,basis,7,5,0.2,,,,0,,0,0,1
bound:mid:basis:8,bound,mid,0.5,basis,8,1,0.2,,,,0,,0,0,1
bound:mid:basis:8,bound,mid,0.5,basis,8,3,0.2,,,,0,,0,0,1
bound:mid:basis:8,bound,mid,0.5,basis,8,5,0.2,,,,0,,0,0,1
bound:mid:basis:9,bound,mid,0.5,basis,9,1,0.2,,,,0,,0,0,1
bound:mid:basis:9,bound,mid,0.5,basis,9,3,0.2,,,,0,,0,0,1
bound:mid:basis:9,bound,mid,0.5,basis,9,5,0.2,,,,0,,0,0,1
bound:mid:basis:10,bound,mid,0.5,basis,10,1,0.2,,,,0,,0,0,1
bound:mid:basis:10,bound,mid,0.5,basis,10,3,0.2,,,,0,,0,0,1
bound:mid:basis:10,bound,mid,0.5,basis,10,5,0.2,,,,0,,0,0,1
bound:mid:basis:11,bound,mid,0.5,basis,11,1,0.2,,,,0,,0,0,1
bound:mid:basis:11,bound,mid,0.5,basis,11,3,0.2,,,,0,,0,0,1
bound:mid:basis:11,bound,mid,0.5,basis,11,5,0.2,,,,0,,0,0,1
bound:mid:basis:12,bound,mid,0.5,basis,12,1,0.2,,,,0,,0,1,0
bound:mid:basis:12,bound,mid,0.5,basis,12,3,0.2,,,,0,,0,1,0
bound:mid:basis:12,bound,mid,0.5,basis,12,5,0.2,,,,0,,0,1,0
bound:mid:basis:13,bound,mid,0.5,basis,13,1,0.2,,,,0,,0,0,1
bound:mid:basis:13,bound,mid,0.5,basis,13,3,0.2,,,,0,,0,0,1
bound:mid:basis:13,bound,mid,0.5,basis,13,5,0.2,,,,0,,0,1,0
bound:mid:basis:14,bound,mid,0.5,basis,14,1,0.2,,,,0,,0,0,1
bound:mid:basis:14,bound,mid,0.5,basis,14,3,0.2,,,,0,,0,0,1
bound:mid:basis:14,bound,mid,0.5,basis,14,5,0.2,,,,0,,0,0,1
bound:mid:basis:15,bound,mid,0.5,basis,15,1,0.2,,,,0,,0,1,0
bound:mid:basis:15,bound,mid,0.5,basis,15,3,0.2,,,,0,,0,1,0
bound:mid:basis:15,bound,mid,0.5,basis,15,5,0.2,,,,0,,0,1,0
bound:mid:basis:16,bound,mid,0.5,basis,16,1,0.2,,,,0,,0,1,0
bound:mid:basis:16,bound,mid,0.5,basis,16,3,0.2,,,,0,,0,1,0
bound:mid:basis:16,bound,mid,0.5,basis,16,5,0.2,,,,0,,0,1,0
bound:mid:basis:17,bound,mid,0.5,basis,17,1,0.2,,,,0,,0,0,1
bound:mid:basis:17,bound,mid,0.5,basis,17,3,0.2,,,,0,,0,0,1
bound:mid:basis:17,bound,mid,0.5,basis,17,5,0.2,,,,0,,0,0,1
bound:mid:basis:18,bound,mid,0.5,basis,18,1,0.2,,,,0,,0,0,1
bound:mid:basis:18,bound,mid,0.5,basis,18,3,0.2,,,,0,,0,0,1
bound:mid:basis:18,bound,mid,0.5,basis,18,5,0.2,,,,0,,0,0,1
bound:mid:basis:19,bound,mid,0.5,basis,19,1,0.2,,,,0,,0,1,0
bound:mid:basis:19,bound,mid,0.5,basis,19,3,0.2,,,,0,,0,1,0
bound:mid:basis:19,bound,mid,0.5,basis,19,5,0.2,,,,0,,0,1,0
bound:mid:ode:0,bound,mid,0.5,ode,0,1,0.2,,,,0,,0,0,1
bound:mid:ode:0,bound,mid,0.5,ode,0,3,0.2,,,,0,,0,0,1
bound:mid:ode:0,bound,mid,0.5,ode,0,5,0.2,,,,0,,0,0,1
bound:mid:ode:1,bound,mid,0.5,ode,1,1,0.2,,,,0,,0,0,1
bound:mid:ode:1,bound,mid,0.5,ode,1,3,0.2,,,,0,,0,0,1
bound:mid:ode:1,bound,mid,0.5,ode,1,5,0.2,,,,0,,0,0,1
bound:mid:ode:2,bound,mid,0.5,ode,2,1,0.2,,,,0,,0,0,1
bound:mid:ode:2,bound,mid,0.5,ode,2,3,0.2,,,,0,,0,0,1
bound:mid:ode:2,bound,mid,0.5,ode,2,5,0.2,,,,0,,0,0,1
bound:mid:ode:3,bound,mid,0.5,ode,3,1,0.2,,,,0,,0,0,1
bound:mid:ode:3,bound,mid,0.5,ode,3,3,0.2,,,,0,,0,0,1
bound:mid:ode:3,bound,mid,0.5,ode,3,5,0.2,,,,0,,0,0,1
bound:mid:ode:4,bound,mid,0.5,ode,4,1,0.2,,,,0,,0,1,0
bound:mid:ode:4,bound,mid,0.5,ode,4,3,0.2,,,,0,,0,1,0
bound:mid:ode:4,bound,mid,0.5,ode,4,5,0.2,,,,0,,0,1,0
bound:mid:ode:5,bound,mid,0.5,ode,5,1,0.2,,,,0,,0,0,1
bound:mid:ode:5,bound,mid,0.5,ode,5,3,0.2,,,,0,,0,0,1
bound:mid:ode:5,bound,mid,0.5,ode,5,5,0.2,,,,0,,0,0,1
bound:mid:ode:6,bound,mid,0.5,ode,6,1,0.2,,,,0,,0,0,1
bound:mid:ode:6,bound,mid,0.5,ode,6,3,0.2,,,,0,,0,0,1
bound:mid:ode:6,bound,mid,0.5,ode,6,5,0.2,,,,0,,0,0,1
bound:mid:ode:7,bound,mid,0.5,ode,7,1,0.2,,,,0,,0,1,0
bound:mid:ode:7,bound,mid,0.5,ode,7,3,0.2,,,,0,,0,1,0
bound:mid:ode:7,bound,mid,0.5,ode,7,5,0.2,,,,0,,0,1,0
bound:mid:ode:8,bound,mid,0.5,ode,8,1,0.2,,,,0,,0,0,1
bound:mid:ode:8,bound,mid,0.5,ode,8,3,0.2,,,,0,,0,0,1
bound:mid:ode:8,bound,mid,0.5,ode,8,5,0.2,,,,0,,0,0,1
bound:mid:ode:9,bound,mid,0.5,ode,9,1,0.2,,,,0,,0,1,0
bound:mid:ode:9,bound,mid,0.5,ode,9,3,0.2,,,,0,,0,1,0
bound:mid:ode:9,bound,mid,0.5,ode,9,5,0.2,,,,0,,0,1,0
bound:mid:ode:10,bound,mid,0.5,ode,10,1,0.2,,,,0,,0,1,0
bound:mid:ode:10,bound,mid,0.5,ode,10,3,0.2,,,,0,,0,1,0
bound:mid:ode:10,bound,mid,0.5,ode,10,5,0.2,,,,0,,0,1,0
bound:mid:ode:11,bound,mid,0.5,ode,11,1,0.2,,,,0,,0,0,1
bound:mid:ode:11,bound,mid,0.5,ode,11,3,0.2,,,,0,,0,0,1
bound:mid:ode:11,bound,mid,0.5,ode,11,5,0.2,,,,0,,0,0,1
bound:mid:ode:12,bound,mid,0.5,ode,12,1,0.2,,,,0,,0,0,1
bound:mid:ode:12,bound,mid,0.5,ode,12,3,0.2,,,,0,,0,0,1
bound:mid:ode:12,bound,mid,0.5,ode,12,5,0.2,,,,0,,0,0,1
bound:mid:ode:13,bound,mid,0.5,ode,13,1,0.2,,,,0,,0,1,0
bound:mid:ode:13,bound,mid,0.5,ode,13,3,0.2,,,,0,,0,1,0
bound:mid:ode:13,bound,mid,0.5,ode,13,5,0.2,,,,0,,0,1,0
bound:mid:ode:14,bound,mid,0.5,ode,14,1,0.2,,,,0,,0,0,1
bound:mid:ode:14,bound,mid,0.5,ode,14,3,0.2,,,,0,,0,0,1
bound:mid:ode:14,bound,mid,0.5,ode,14,5,0.2,,,,0,,0,0,1
bound:mid:ode:15,bound,mid,0.5,ode,15,1,0.2,,,,0,,0,0,1
bound:mid:ode:15,bound,mid,0.5,ode,15,3,0.2,,,,0,,0,0,1
bound:mid:ode:15,bound,mid,0.5,ode,15,5,0.2,,,,0,,0,0,1
bound:mid:ode:16,bound,mid,0.5,ode,16,1,0.2,,,,0,,0,0,1
bound:mid:ode:16,bound,mid,0.5,ode,16,3,0.2,,,,0,,0,0,1
bound:mid:ode:16,bound,mid,0.5,ode,16,5,0.2,,,,0,,0,0,1
bound:mid:ode:17,bound,mid,0.5,ode,17,1,0.2,,,,0,,0,1,0
bound:mid:ode:17,bound,mid,0.5,ode,17,3,0.2,,,,0,,0,1,0
bound:mid:ode:17,bound,mid,0.5,ode,17,5,0.2,,,,0,,0,1,0
bound:mid:ode:18,bound,mid,0.5,ode,18,1,0.2,,,,0,,0,1,0
bound:mid:ode:18,bound,mid,0.5,ode,18,3,0.2,,,,0,,0,1,0
bound:mid:ode:18,bound,mid,0.5,ode,18,5,0.2,,,,0,,0,1,0
bound:mid:ode:19,bound,mid,0.5,ode,19,1,0.2,,,,0,,0,1,0
bound:mid:ode:19,bound,mid,0.5,ode,19,3,0.2,,,,0,,0,1,0
bound:mid:ode:19,bound,mid,0.5,ode,19,5,0.2,,,,0,,0,1,0
bound:high:spline:0,bound,high,0.8,spline,0,1,0.2,,,,0,,0,0,1
bound:high:spline:0,bound,high,0.8,spline,0,3,0.2,,,,0,,0,0,1
bound:high:spline:0,bound,high,0.8,spline,0,5,0.2,,,,0,,0,0,1
bound:high:spline:1,bound,high,0.8,spline,1,1,0.2,,,,0,,0,0,1
bound:high:spline:1,bound,high,0.8,spline,1,3,0.2,,,,0,,0,0,1
bound:high:spline:1,bound,high,0.8,spline,1,5,0.2,,,,0,,0,0,1
bound:high:spline:2,bound,high,0.8,spline,2,1,0.2,,,,0,,0,0,1
bound:high:spline:2,bound,high,0.8,spline,2,3,0.2,,,,0,,0,0,1
bound:high:spline:2,bound,high,0.8,spline,2,5,0.2,,,,0,,0,0,1
bound:high:spline:3,bound,high,0.8,spline,3,1,0.2,,,,0,,0,0,1
bound:high:spline:3,bound,high,0.8,spline,3,3,0.2,,,,0,,0,0,1
bound:high:spline:3,bound,high,0.8,spline,3,5,0.2,,,,0,,0,0,1
bound:high:spline:4,bound,high,0.8,spline,4,1,0.2,,,,0,,0,0,1
bound:high:spline:4,bound,high,0.8,spline,4,3,0.2,,,,0,,0,0,1
bound:high:spline:4,bound,high,0.8,spline,4,5,0.2,,,,0,,0,0,1
bound:high:spline:5,bound,high,0.8,spline,5,1,0.2,,,,0,,0,1,0
bound:high:spline:5,bound,high,0.8,spline,5,3,0.2,,,,0,,0,1,0
bound:high:spline:5,bound,high,0.8,spline,5,5,0.2,,,,0,,0,1,0
bound:high:spline:6,bound,high,0.8,spline,6,1,0.2,,,,0,,0,1,0
bound:high:spline:6,bound,high,0.8,spline,6,3,0.2,,,,0,,0,1,0
bound:high:spline:6,bound,high,0.8,spline,6,5,0.2,,,,0,,0,1,0
bound:high:spline:7,bound,high,0.8,spline,7,1,0.2,,,,0,,0,0,1
bound:high:spline:7,bound,high,0.8,spline,7,3,0.2,,,,0,,0,0,1
bound:high:spline:7,bound,high,0.8,spline,7,5,0.2,,,,0,,0,0,1
bound:high:spline:8,bound,high,0.8,spline,8,1,0.2,,,,0,,0,1,0
bound:high:spline:8,bound,high,0.8,spline,8,3,0.2,,,,0,,0,1,0
bound:high:spline:8,bound,high,0.8,spline,8,5,0.2,,,,0,,0,1,0
bound:high:spline:9,bound,high,0.8,spline,9,1,0.2,,,,0,,0,0,1
bound:high:spline:9,bound,high,0.8,spline,9,3,0.2,,,,0,,0,0,1
bound:high:spline:9,bound,high,0.8,spline,9,5,0.2,,,,0,,0,0,1
bound:high:spline:10,bound,high,0.8,spline,10,1,0.2,,,,0,,0,0,1
bound:high:spline:10,bound,high,0.8,spline,10,3,0.2,,,,0,,0,0,1
bound:high:spline:10,bound,high,0.8,spline,10,5,0.2,,,,0,,0,0,1
bound:high:spline:11,bound,high,0.8,spline,11,1,0.2,,,,0,,0,1,0
bound:high:spline:11,bound,high,0.8,spline,11,3,0.2,,,,0,,0,1,0
bound:high:spline:11,bound,high,0.8,spline,11,5,0.2,,,,0,,0,1,0
bound:high:spline:12,bound,high,0.8,spline,12,1,0.2,,,,0,,0,0,1
bound:high:spline:12,bound,high,0.8,spline,12,3,0.2,,,,0,,0,0,1
bound:high:spline:12,bound,high,0.8,spline,12,5,0.2,,,,0,,0,0,1
bound:high:spline:13,bound,high,0.8,spline,13,1,0.2,,,,0,,0,0,1
bound:high:spline:13,bound,high,0.8,spline,13,3,0.2,,,,0,,0,0,1
bound:high:spline:13,bound,high,0.8,spline,13,5,0.2,,,,0,,0,0,1
bound:high:spline:14,bound,high,0.8,spline,14,1,0.2,,,,0,,0,1,0
bound:high:spline:14,bound,high,0.8,spline,14,3,0.2,,,,0,,0,1,0
bound:high:spline:14,bound,high,0.8,spline,14,5,0.2,,,,0,,0,1,0
bound:high:spline:15,bound,high,0.8,spline,15,1,0.2,,,,0,,0,1,0
bound:high:spline:15,bound,high,0.8,spline,15,3,0.2,,,,0,,0,1,0
bound:high:spline:15,bound,high,0.8,spline,15,5,0.2,,,,0,,0,1,0
bound:high:spline:16,bound,high,0.8,spline,16,1,0.2,,,,0,,0,1,0
bound:high:spline:16,bound,high,0.8,spline,16,3,0.2,,,,0,,0,1,0
bound:high:spline:16,bound,high,0.8,spline,16,5,0.2,,,,0,,0,1,0
bound:high:spline:17,bound,high,0.8,spline,17,1,0.2,,,,0,,0,0,1
bound:high:spline:17,bound,high,0.8,spline,17,3,0.2,,,,0,,0,0,1
bound:high:spline:17,bound,high,0.8,spline,17,5,0.2,,,,0,,0,0,1
bound:high:spline:18,bound,high,0.8,spline,18,1,0.2,,,,0,,0,1,0
bound:high:spline:18,bound,high,0.8,spline,18,3,0.2,,,,0,,0,1,0
bound:high:spline:18,bound,high,0.8,spline,18,5,0.2,,,,0,,0,1,0
bound:high:spline:19,bound,high,0.8,spline,19,1,0.2,,,,0,,0,0,1
bound:high:spline:19,bound,high,0.8,spline,19,3,0.2,,,,0,,0,0,1
bound:high:spline:19,bound,high,0.8,spline,19,5,0.2,,,,0,,0,0,1
bound:high:basis:0,bound,high,0.8,basis,0,1,0.2,,,,0,,0,1,0
bound:high:basis:0,bound,high,0.8,basis,0,3,0.2,,,,0,,0,1,0
bound:high:basis:0,bound,high,0.8,basis,0,5,0.2,,,,0,,0,1,0
bound:high:basis:1,bound,high,0.8,basis,1,1,0.2,,,,0,,0,1,0
bound:high:basis:1,bound,high,0.8,basis,1,3,0.2,,,,0,,0,1,0
bound:high:basis:1,bound,high,0.8,basis,1,5,0.2,,,,0,,0,1,0
bound:high:basis:2,bound,high,0.8,basis,2,1,0.2,,,,0,,0,0,1
bound:high:basis:2,bound,high,0.8,basis,2,3,0.2,,,,0,,0,0,1
bound:high:basis:2,bound,high,0.8,basis,2,5,0.2,,,,0,,0,0,1
bound:high:basis:3,bound,high,0.8,basis,3,1,0.2,,,,0,,0,0,1
bound:high:basis:3,bound,high,0.8,basis,3,3,0.2,,,,0,,0,0,1
bound:high:basis:3,bound,high,0.8,basis,3,5,0.2,,,,0,,0,0,1
bound:high:basis:4,bound,high,0.8,basis,4,1,0.2,,,,0,,0,1,0
bound:high:basis:4,bound,high,0.8,basis,4,3,0.2,,,,0,,0,1,0
bound:high:basis:4,bound,high,0.8,basis,4,5,0.2,,,,0,,0,1,0
bound:high:basis:5,bound,high,0.8,basis,5,1,0.2,,,,0,,0,0,1
bound:high:basis:5,bound,high,0.8,basis,5,3,0.2,,,,0,,0,0,1
bound:high:basis:5,bound,high,0.8,basis,5,5,0.2,,,,0,,0,0,1
bound:high:basis:6,bound,high,0.8,basis,6,1,0.2,,,,0,,0,0,1
bound:high:basis:6,bound,high,0.8,basis,6,3,0.2,,,,0,,0,0,1
bound:high:basis:6,bound,high,0.8,basis,6,5,0.2,,,,0,,0,0,1
bound:high:basis:7,bound,high,0.8,basis,7,1,0.2,,,,0,,0,1,0
bound:high:basis:7,bound,high,0.8,basis,7,3,0.2,,,,0,,0,1,0
bound:high:basis:7,bound,high,0.8,basis,7,5,0.2,,,,0,,0,1,0
bound:high:basis:8,bound,high,0.8,basis,8,1,0.2,,,,0,,0,0,1
bound:high:basis:8,bound,high,0.8,basis,8,3,0.2,,,,0,,0,0,1
bound:high:basis:8,bound,high,0.8,basis,8,5,0.2,,,,0,,0,0,1
bound:high:basis:9,bound,high,0.8,basis,9,1,0.2,,,,0,,0,0,1
bound:high:basis:9,bound,high,0.8,basis,9,3,0.2,,,,0,,0,0,1
bound:high:basis:9,bound,high,0.8,basis,9,5,0.2,,,,0,,0,0,1
bound:high:basis:10,bound,high,0.8,basis,10,1,0.2,,,,0,,0,1,0
bound:high:basis:10,bound,high,0.8,basis,10,3,0.2,,,,0,,0,1,0
bound:high:basis:10,bound,high,0.8,basis,10,5,0.2,,,,0,,0,1,0
bound:high:basis:11,bound,high,0.8,basis,11,1,0.2,,,,0,,0,0,1
bound:high:basis:11,bound,high,0.8,basis,11,3,0.2,,,,0,,0,0,1
bound:high:basis:11,bound,high,0.8,basis,11,5,0.2,,,,0,,0,0,1
bound:high:basis:12,bound,high,0.8,basis,12,1,0.2,,,,0,,0,0,1
bound:high:basis:12,bound,high,0.8,basis,12,3,0.2,,,,0,,0,1,0
bound:high:basis:12,bound,high,0.8,basis,12,5,0.2,,,,0,,0,1,0
bound:high:basis:13,bound,high,0.8,basis,13,1,0.2,,,,0,,0,1,0
bound:high:basis:13,bound,high,0.8,basis,13,3,0.2,,,,0,,0,1,0
bound:high:basis:13,bound,high,0.8,basis,13,5,0.2,,,,0,,0,1,0
bound:high:basis:14,bound,high,0.8,basis,14,1,0.2,,,,0,,0,0,1
bound:high:basis:14,bound,high,0.8,basis,14,3,0.2,,,,0,,0,0,1
bound:high:basis:14,bound,high,0.8,basis,14,5,0.2,,,,0,,0,0,1
bound:high:basis:15,bound,high,0.8,basis,15,1,0.2,,,,0,,0,1,0
bound:high:basis:15,bound,high,0.8,basis,15,3,0.2,,,,0,,0,1,0
bound:high:basis:15,bound,high,0.8,basis,15,5,0.2,,,,0,,0,1,0
bound:high:basis:16,bound,high,0.8,basis,16,1,0.2,,,,0,,0,1,0
bound:high:basis:16,bound,high,0.8,basis,16,3,0.2,,,,0,,0,1,0
bound:high:basis:16,bound,high,0.8,basis,16,5,0.2,,,,0,,0,1,0
bound:high:basis:17,bound,high,0.8,basis,17,1,0.2,,,,0,,0,0,1
bound:high:basis:17,bound,high,0.8,basis,17,3,0.2,,,,0,,0,0,1
bound:high:basis:17,bound,high,0.8,basis,17,5,0.2,,,,0,,0,0,1
bound:high:basis:18,bound,high,0.8,basis,18,1,0.2,,,,0,,0,1,0
bound:high:basis:18,bound,high,0.8,basis,18,3,0.2,,,,0,,0,1,0
bound:high:basis:18,bound,high,0.8,basis,18,5,0.2,,,,0,,0,1,0
bound:high:basis:19,bound,high,0.8,basis,19,1,0.2,,,,0,,0,1,0
bound:high:basis:19,bound,high,0.8,basis,19,3,0.2,,,,0,,0,1,0
bound:high:basis:19,bound,high,0.8,basis,19,5,0.2,,,,0,,0,1,0
bound:high:ode:0,bound,high,0.8,ode,0,1,0.2,,,,0,,0,0,1
bound:high:ode:0,bound,high,0.8,ode,0,3,0.2,,,,0,,0,0,1
bound:high:ode:0,bound,high,0.8,ode,0,5,0.2,,,,0,,0,0,1
bound:high:ode:1,bound,high,0.8,ode,1,1,0.2,,,,0,,0,1,0
bound:high:ode:1,bound,high,0.8,ode,1,3,0.2,,,,0,,0,1,0
bound:high:ode:1,bound,high,0.8,ode,1,5,0.2,,,,0,,0,1,0
bound:high:ode:2,bound,high,0.8,ode,2,1,0.2,,,,0,,0,0,1
bound:high:ode:2,bound,high,0.8,ode,2,3,0.2,,,,0,,0,0,1
bound:high:ode:2,bound,high,0.8,ode,2,5,0.2,,,,0,,0,0,1
bound:high:ode:3,bound,high,0.8,ode,3,1,0.2,,,,0,,0,0,1
bound:high:ode:3,bound,high,0.8,ode,3,3,0.2,,,,0,,0,0,1
bound:high:ode:3,bound,high,0.8,ode,3,5,0.2,,,,0,,0,0,1
bound:high:ode:4,bound,high,0.8,ode,4,1,0.2,,,,0,,0,0,1
bound:high:ode:4,bound,high,0.8,ode,4,3,0.2,,,,0,,0,0,1
bound:high:ode:4,bound,high,0.8,ode,4,5,0.2,,,,0,,0,0,1
bound:high:ode:5,bound,high,0.8,ode,5,1,0.2,,,,0,,0,0,1
bound:high:ode:5,bound,high,0.8,ode,5,3,0.2,,,,0,,0,0,1
bound:high:ode:5,bound,high,0.8,ode,5,5,0.2,,,,0,,0,1,0
bound:high:ode:6,bound,high,0.8,ode,6,1,0.2,,,,0,,0,1,0
bound:high:ode:6,bound,high,0.8,ode,6,3,0.2,,,,0,,0,1,0
bound:high:ode:6,bound,high,0.8,ode,6,5,0.2,,,,0,,0,1,0
bound:high:ode:7,bound,high,0.8,ode,7,1,0.2,,,,0,,0,1,0
bound:high:ode:7,bound,high,0.8,ode,7,3,0.2,,,,0,,0,1,0
bound:high:ode:7,bound,high,0.8,ode,7,5,0.2,,,,0,,0,1,0
bound:high:ode:8,bound,high,0.8,ode,8,1,0.2,,,,0,,0,0,1
bound:high:ode:8,bound,high,0.8,ode,8,3,0.2,,,,0,,0,0,1
bound:high:ode:8,bound,high,0.8,ode,8,5,0.2,,,,0,,0,0,1
bound:high:ode:9,bound,high,0.8,ode,9,1,0.2,,,,0,,0,1,0
bound:high:ode:9,bound,high,0.8,ode,9,3,0.2,,,,0,,0,1,0
bound:high:ode:9,bound,high,0.8,ode,9,5,0.2,,,,0,,0,1,0
bound:high:ode:10,bound,high,0.8,ode,10,1,0.2,,,,0,,0,0,1
bound:high:ode:10,bound,high,0.8,ode,10,3,0.2,,,,0,,0,0,1
bound:high:ode:10,bound,high,0.8,ode,10,5,0.2,,,,0,,0,1,0
bound:high:ode:11,bound,high,0.8,ode,11,1,0.2,,,,0,,0,1,0
bound:high:ode:11,bound,high,0.8,ode,11,3,0.2,,,,0,,0,1,0
bound:high:ode:11,bound,high,0.8,ode,11,5,0.2,,,,0,,0,1,0
bound:high:ode:12,bound,high,0.8,ode,12,1,0.2,,,,0,,0,0,1
bound:high:ode:12,bound,high,0.8,ode,12,3,0.2,,,,0,,0,0,1
bound:high:ode:12,bound,high,0.8,ode,12,5,0.2,,,,0,,0,0,1
bound:high:ode:13,bound,high,0.8,ode,13,1,0.2,,,,0,,0,1,0
bound:high:ode:13,bound,high,0.8,ode,13,3,0.2,,,,0,,0,1,0
bound:high:ode:13,bound,high,0.8,ode,13,5,0.2,,,,0,,0,1,0
bound:high:ode:14,bound,high,0.8,ode,14,1,0.2,,,,0,,0,1,0
bound:high:ode:14,bound,high,0.8,ode,14,3,0.2,,,,0,,0,1,0
bound:high:ode:14,bound,high,0.8,ode,14,5,0.2,,,,0,,0,1,0
bound:high:ode:15,bound,high,0.8,ode,15,1,0.2,,,,0,,0,0,1
bound:high:ode:15,bound,high,0.8,ode,15,3,0.2,,,,0,,0,0,1
bound:high:ode:15,bound,high,0.8,ode,15,5,0.2,,,,0,,0,0,1
bound:high:ode:16,bound,high,0.8,ode,16,1,0.2,,,,0,,0,0,1
bound:high:ode:16,bound,high,0.8,ode,16,3,0.2,,,,0,,0,0,1
bound:high:ode:16,bound,high,0.8,ode,16,5,0.2,,,,0,,0,0,1
bound:high:ode:17,bound,high,0.8,ode,17,1,0.2,,,,0,,0,0,1
bound:high:ode:17,bound,high,0.8,ode,17,3,0.2,,,,0,,0,0,1
bound:high:ode:17,bound,high,0.8,ode,17,5,0.2,,,,0,,0,0,1
bound:high:ode:18,bound,high,0.8,ode,18,1,0.2,,,,0,,0,0,1
bound:high:ode:18,bound,high,0.8,ode,18,3,0.2,,,,0,,0,0,1
bound:high:ode:18,bound,high,0.8,ode,18,5,0.2,,,,0,,0,0,1
bound:high:ode:19,bound,high,0.8,ode,19,1,0.2,,,,0,,0,0,1
bound:high:ode:19,bound,high,0.8,ode,19,3,0.2,,,,0,,0,0,1
bound:high:ode:19,bound,high,0.8,ode,19,5,0.2,,,,0,,0,0,1
asymptote:low:spline:0,asymptote,low,0.2,spline,0,1,0.2,,,,0,,0,0,1
asymptote:low:spline:0,asymptote,low,0.2,spline,0,3,0.2,,,,0,,0,0,1
asymptote:low:spline:0,asymptote,low,0.2,spline,0,5,0.2,,,,0,,0,0,1
asymptote:low:spline:1,asymptote,low,0.2,spline,1,1,0.2,,,,0,,0,0,1
asymptote:low:spline:1,asymptote,low,0.2,spline,1,3,0.2,,,,0,,0,0,1
asymptote:low:spline:1,asymptote,low,0.2,spline,1,5,0.2,,,,0,,0,0,1
asymptote:low:spline:2,asymptote,low,0.2,spline,2,1,0.2,,,,0,,0,1,0
asymptote:low:spline:2,asymptote,low,0.2,spline,2,3,0.2,,,,0,,0,1,0
asymptote:low:spline:2,asymptote,low,0.2,spline,2,5,0.2,,,,0,,0,1,0
asymptote:low:spline:3,asymptote,low,0.2,spline,3,1,0.2,,,,0,,0,0,1
asymptote:low:spline:3,asymptote,low,0.2,spline,3,3,0.2,,,,0,,0,0,1
asymptote:low:spline:3,asymptote,low,0.2,spline,3,5,0.2,,,,0,,0,1,0
asymptote:low:spline:4,asymptote,low,0.2,spline,4,1,0.2,,,,0,,0,0,1
asymptote:low:spline:4,asymptote,low,0.2,spline,4,3,0.2,,,,0,,0,0,1
asymptote:low:spline:4,asymptote,low,0.2,spline,4,5,0.2,,,,0,,0,0,1
asymptote:low:spline:5,asymptote,low,0.2,spline,5,1,0.2,,,,0,,0,0,1
asymptote:low:spline:5,asymptote,low,0.2,spline,5,3,0.2,,,,0,,0,0,1
asymptote:low:spline:5,asymptote,low,0.2,spline,5,5,0.2,,,,0,,0,0,1
asymptote:low:spline:6,asymptote,low,0.2,spline,6,1,0.2,,,,0,,0,0,1
asymptote:low:spline:6,asymptote,low,0.2,spline,6,3,0.2,,,,0,,0,0,1
asymptote:low:spline:6,asymptote,low,0.2,spline,6,5,0.2,,,,0,,0,0,1
asymptote:low:spline:7,asymptote,low,0.2,spline,7,1,0.2,,,,0,,0,0,1
asymptote:low:spline:7,asymptote,low,0.2,spline,7,3,0.2,,,,0,,0,0,1
asymptote:low:spline:7,asymptote,low,0.2,spline,7,5,0.2,,,,0,,0,1,0
asymptote:low:spline:8,asymptote,low,0.2,spline,8,1,0.2,,,,0,,0,0,1
asymptote:low:spline:8,asymptote,low,0.2,spline,8,3,0.2,,,,0,,0,0,1
asymptote:low:spline:8,asymptote,low,0.2,spline,8,5,0.2,,,,0,,0,1,0
asymptote:low:spline:9,asymptote,low,0.2,spline,9,1,0.2,,,,0,,0,0,1
asymptote:low:spline:9,asymptote,low,0.2,spline,9,3,0.2,,,,0,,0,0,1
asymptote:low:spline:9,asymptote,low,0.2,spline,9,5,0.2,,,,0,,0,0,1
asymptote:low:spline:10,asymptote,low,0.2,spline,10,1,0.2,,,,0,,0,0,1
asymptote:low:spline:10,asymptote,low,0.2,spline,10,3,0.2,,,,0,,0,0,1
asymptote:low:spline:10,asymptote,low,0.2,spline,10,5,0.2,,,,0,,0,0,1
asymptote:low:spline:11,asymptote,low,0.2,spline,11,1,0.2,,,,0,,0,0,1
asymptote:low:spline:11,asymptote,low,0.2,spline,11,3,0.2,,,,0,,0,0,1
asymptote:low:spline:11,asymptote,low,0.2,spline,11,5,0.2,,,,0,,0,1,0
asymptote:low:spline:12,asymptote,low,0.2,spline,12,1,0.2,,,,0,,0,0,1
asymptote:low:spline:12,asymptote,low,0.2,spline,12,3,0.2,,,,0,,0,0,1
asymptote:low:spline:12,asymptote,low,0.2,spline,12,5,0.2,,,,0,,0,0,1
asymptote:low:spline:13,asymptote,low,0.2,spline,13,1,0.2,,,,0,,0,0,1
asymptote:low:spline:13,asymptote,low,0.2,spline,13,3,0.2,,,,0,,0,0,1
asymptote:low:spline:13,asymptote,low,0.2,spline,13,5,0.2,,,,0,,0,0,1
asymptote:low:spline:14,asymptote,low,0.2,spline,14,1,0.2,,,,0,,0,0,1
asymptote:low:spline:14,asymptote,low,0.2,spline,14,3,0.2,,,,0,,0,0,1
asymptote:low:spline:14,asymptote,low,0.2,spline,14,5,0.2,,,,0,,0,0,1
asymptote:low:spline:15,asymptote,low,0.2,spline,15,1,0.2,,,,0,,0,1,0
asymptote:low:spline:15,asymptote,low,0.2,spline,15,3,0.2,,,,0,,0,1,0
asymptote:low:spline:15,asymptote,low,0.2,spline,15,5,0.2,,,,0,,0,1,0
asymptote:low:spline:16,asymptote,low,0.2,spline,16,1,0.2,,,,0,,0,1,0
asymptote:low:spline:16,asymptote,low,0.2,spline,16,3,0.2,,,,0,,0,1,0
asymptote:low:spline:16,asymptote,low,0.2,spline,16,5,0.2,,,,0,,0,1,0
asymptote:low:spline:17,asymptote,low,0.2,spline,17,1,0.2,,,,0,,0,0,1
asymptote:low:spline:17,asymptote,low,0.2,spline,17,3,0.2,,,,0,,0,0,1
asymptote:low:spline:17,asymptote,low,0.2,spline,17,5,0.2,,,,0,,0,0,1
asymptote:low:spline:18,asymptote,low,0.2,spline,18,1,0.2,,,,0,,0,1,0
asymptote:low:spline:18,asymptote,low,0.2,spline,18,3,0.2,,,,0,,0,1,0
asymptote:low:spline:18,asymptote,low,0.2,spline,18,5,0.2,,,,0,,0,1,0
asymptote:low:spline:19,asymptote,low,0.2,spline,19,1,0.2,,,,0,,0,0,1
asymptote:low:spline:19,asymptote,low,0.2,spline,19,3,0.2,,,,0,,0,0,1
asymptote:low:spline:19,asymptote,low,0.2,spline,19,5,0.2,,,,0,,0,0,1
asymptote:low:basis:0,asymptote,low,0.2,basis,0,1,0.2,,,,0,,0,1,0
asymptote:low:basis:0,asymptote,low,0.2,basis,0,3,0.2,,,,0,,0,1,0
asymptote:low:basis:0,asymptote,low,0.2,basis,0,5,0.2,,,,0,,0,1,0
asymptote:low:basis:1,asymptote,low,0.2,basis,1,1,0.2,,,,0,,0,1,0
asymptote:low:basis:1,asymptote,low,0.2,basis,1,3,0.2,,,,0,,0,1,0
asymptote:low:basis:1,asymptote,low,0.2,basis,1,5,0.2,,,,0,,0,1,0
asymptote:low:basis:2,asymptote,low,0.2,basis,2,1,0.2,,,,0,,0,1,0
asymptote:low:basis:2,asymptote,low,0.2,basis,2,3,0.2,,,,0,,0,1,0
asymptote:low:basis:2,asymptote,low,0.2,basis,2,5,0.2,,,,0,,0,1,0
asymptote:low:basis:3,asymptote,low,0.2,basis,3,1,0.2,,,,0,,0,1,0
asymptote:low:basis:3,asymptote,low,0.2,basis,3,3,0.2,,,,0,,0,1,0
asymptote:low:basis:3,asymptote,low,0.2,basis,3,5,0.2,,,,0,,0,1,0
asymptote:low:basis:4,asymptote,low,0.2,basis,4,1,0.2,,,,0,,0,1,0
asymptote:low:basis:4,asymptote,low,0.2,basis,4,3,0.2,,,,0,,0,1,0
asymptote:low:basis:4,asymptote,low,0.2,basis,4,5,0.2,,,,0,,0,1,0
asymptote:low:basis:5,asymptote,low,0.2,basis,5,1,0.2,,,,0,,0,0,1
asymptote:low:basis:5,asymptote,low,0.2,basis,5,3,0.2,,,,0,,0,0,1
asymptote:low:basis:5,asymptote,low,0.2,basis,5,5,0.2,,,,0,,0,0,1
asymptote:low:basis:6,asymptote,low,0.2,basis,6,1,0.2,,,,0,,0,0,1
asymptote:low:basis:6,asymptote,low,0.2,basis,6,3,0.2,,,,0,,0,0,1
asymptote:low:basis:6,asymptote,low,0.2,basis,6,5,0.2,,,,0,,0,0,1
asymptote:low:basis:7,asymptote,low,0.2,basis,7,1,0.2,,,,0,,0,1,0
asymptote:low:basis:7,asymptote,low,0.2,basis,7,3,0.2,,,,0,,0,1,0
asymptote:low:basis:7,asymptote,low,0.2,basis,7,5,0.2,,,,0,,0,1,0
asymptote:low:basis:8,asymptote,low,0.2,basis,8,1,0.2,,,,0,,0,1,0
asymptote:low:basis:8,asymptote,low,0.2,basis,8,3,0.2,,,,0,,0,1,0
asymptote:low:basis:8,asymptote,low,0.2,basis,8,5,0.2,,,,0,,0,1,0
asymptote:low:basis:9,asymptote,low,0.2,basis,9,1,0.2,,,,0,,0,0,1
asymptote:low:basis:9,asymptote,low,0.2,basis,9,3,0.2,,,,0,,0,0,1
asymptote:low:basis:9,asymptote,low,0.2,basis,9,5,0.2,,,,0,,0,1,0
asymptote:low:basis:10,asymptote,low,0.2,basis,10,1,0.2,,,,0,,0,1,0
asymptote:low:basis:10,asymptote,low,0.2,basis,10,3,0.2,,,,0,,0,1,0
asymptote:low:basis:10,asymptote,low,0.2,basis,10,5,0.2,,,,0,,0,1,0
asymptote:low:basis:11,asymptote,low,0.2,basis,11,1,0.2,,,,0,,0,0,1
asymptote:low:basis:11,asymptote,low,0.2,basis,11,3,0.2,,,,0,,0,0,1
asymptote:low:basis:11,asymptote,low,0.2,basis,11,5,0.2,,,,0,,0,0,1
asymptote:low:basis:12,asymptote,low,0.2,basis,12,1,0.2,,,,0,,0,1,0
asymptote:low:basis:12,asymptote,low,0.2,basis,12,3,0.2,,,,0,,0,1,0
asymptote:low:basis:12,asymptote,low,0.2,basis,12,5,0.2,,,,0,,0,1,0
asymptote:low:basis:13,asymptote,low,0.2,basis,13,1,0.2,,,,0,,0,1,0
asymptote:low:basis:13,asymptote,low,0.2,basis,13,3,0.2,,,,0,,0,1,0
asymptote:low:basis:13,asymptote,low,0.2,basis,13,5,0.2,,,,0,,0,1,0
asymptote:low:basis:14,asymptote,low,0.2,basis,14,1,0.2,,,,0,,0,0,1
asymptote:low:basis:14,asymptote,low,0.2,basis,14,3,0.2,,,,0,,0,0,1
asymptote:low:basis:14,asymptote,low,0.2,basis,14,5,0.2,,,,0,,0,0,1
asymptote:low:basis:15,asymptote,low,0.2,basis,15,1,0.2,,,,0,,0,0,1
asymptote:low:basis:15,asymptote,low,0.2,basis,15,3,0.2,,,,0,,0,0,1
asymptote:low:basis:15,asymptote,low,0.2,basis,15,5,0.2,,,,0,,0,0,1
asymptote:low:basis:16,asymptote,low,0.2,basis,16,1,0.2,,,,0,,0,1,0
asymptote:low:basis:16,asymptote,low,0.2,basis,16,3,0.2,,,,0,,0,1,0
asymptote:low:basis:16,asymptote,low,0.2,basis,16,5,0.2,,,,0,,0,1,0
asymptote:low:basis:17,asymptote,low,0.2,basis,17,1,0.2,,,,0,,0,1,0
asymptote:low:basis:17,asymptote,low,0.2,basis,17,3,0.2,,,,0,,0,1,0
asymptote:low:basis:17,asymptote,low,0.2,basis,17,5,0.2,,,,0,,0,1,0
asymptote:low:basis:18,asymptote,low,0.2,basis,18,1,0.2,,,,0,,0,0,1
asymptote:low:basis:18,asymptote,low,0.2,basis,18,3,0.2,,,,0,,0,0,1
asymptote:low:basis:18,asymptote,low,0.2,basis,18,5,0.2,,,,0,,0,0,1
asymptote:low:basis:19,asymptote,low,0.2,basis,19,1,0.2,,,,0,,0,0,1
asymptote:low:basis:19,asymptote,low,0.2,basis,19,3,0.2,,,,0,,0,0,1
asymptote:low:basis:19,asymptote,low,0.2,basis,19,5,0.2,,,,0,,0,0,1
asymptote:low:ode:0,asymptote,low,0.2,ode,0,1,0.2,,,,0,,0,1,0
asymptote:low:ode:0,asymptote,low,0.2,ode,0,3,0.2,,,,0,,0,1,0
asymptote:low:ode:0,asymptote,low,0.2,ode,0,5,0.2,,,,0,,0,1,0
asymptote:low:ode:1,asymptote,low,0.2,ode,1,1,0.2,,,,0,,0,0,1
asymptote:low:ode:1,asymptote,low,0.2,ode,1,3,0.2,,,,0,,0,0,1
asymptote:low:ode:1,asymptote,low,0.2,ode,1,5,0.2,,,,0,,0,0,1
asymptote:low:ode:2,asymptote,low,0.2,ode,2,1,0.2,,,,0,,0,1,0
asymptote:low:ode:2,asymptote,low,0.2,ode,2,3,0.2,,,,0,,0,1,0
asymptote:low:ode:2,asymptote,low,0.2,ode,2,5,0.2,,,,0,,0,1,0
asymptote:low:ode:3,asymptote,low,0.2,ode,3,1,0.2,,,,0,,0,1,0
asymptote:low:ode:3,asymptote,low,0.2,ode,3,3,0.2,,,,0,,0,1,0
asymptote:low:ode:3,asymptote,low,0.2,ode,3,5,0.2,,,,0,,0,1,0
asymptote:low:ode:4,asymptote,low,0.2,ode,4,1,0.2,,,,0,,0,0,1
asymptote:low:ode:4,asymptote,low,0.2,ode,4,3,0.2,,,,0,,0,0,1
asymptote:low:ode:4,asymptote,low,0.2,ode,4,5,0.2,,,,0,,0,0,1
asymptote:low:ode:5,asymptote,low,0.2,ode,5,1,0.2,,,,0,,0,0,1
asymptote:low:ode:5,asymptote,low,0.2,ode,5,3,0.2,,,,0,,0,0,1
asymptote:low:ode:5,asymptote,low,0.2,ode,5,5,0.2,,,,0,,0,1,0
asymptote:low:ode:6,asymptote,low,0.2,ode,6,1,0.2,,,,0,,0,0,1
asymptote:low:ode:6,asymptote,low,0.2,ode,6,3,0.2,,,,0,,0,0,1
asymptote:low:ode:6,asymptote,low,0.2,ode,6,5,0.2,,,,0,,0,1,0
asymptote:low:ode:7,asymptote,low,0.2,ode,7,1,0.2,,,,0,,0,0,1
asymptote:low:ode:7,asymptote,low,0.2,ode,7,3,0.2,,,,0,,0,0,1
asymptote:low:ode:7,asymptote,low,0.2,ode,7,5,0.2,,,,0,,0,0,1
asymptote:low:ode:8,asymptote,low,0.2,ode,8,1,0.2,,,,0,,0,0,1
asymptote:low:ode:8,asymptote,low,0.2,ode,8,3,0.2,,,,0,,0,0,1
asymptote:low:ode:8,asymptote,low,0.2,ode,8,5,0.2,,,,0,,0,0,1
asymptote:low:ode:9,asymptote,low,0.2,ode,9,1,0.2,,,,0,,0,1,0
asymptote:low:ode:9,asymptote,low,0.2,ode,9,3,0.2,,,,0,,0,1,0
asymptote:low:ode:9,asymptote,low,0.2,ode,9,5,0.2,,,,0,,0,1,0
asymptote:low:ode:10,asymptote,low,0.2,ode,10,1,0.2,,,,0,,0,1,0
asymptote:low:ode:10,asymptote,low,0.2,ode,10,3,0.2,,,,0,,0,1,0
asymptote:low:ode:10,asymptote,low,0.2,ode,10,5,0.2,,,,0,,0,1,0
asymptote:low:ode:11,asymptote,low,0.2,ode,11,1,0.2,,,,0,,0,0,1
asymptote:low:ode:11,asymptote,low,0.2,ode,11,3,0.2,,,,0,,0,0,1
asymptote:low:ode:11,asymptote,low,0.2,ode,11,5,0.2,,,,0,,0,0,1
asymptote:low:ode:12,asymptote,low,0.2,ode,12,1,0.2,,,,0,,0,1,0
asymptote:low:ode:12,asymptote,low,0.2,ode,12,3,0.2,,,,0,,0,1,0
asymptote:low:ode:12,asymptote,low,0.2,ode,12,5,0.2,,,,0,,0,1,0
asymptote:low:ode:13,asymptote,low,0.2,ode,13,1,0.2,,,,0,,0,1,0
asymptote:low:ode:13,asymptote,low,0.2,ode,13,3,0.2,,,,0,,0,1,0
asymptote:low:ode:13,asymptote,low,0.2,ode,13,5,0.2,,,,0,,0,1,0
asymptote:low:ode:14,asymptote,low,0.2,ode,14,1,0.2,,,,0,,0,1,0
asymptote:low:ode:14,asymptote,low,0.2,ode,14,3,0.2,,,,0,,0,1,0
asymptote:low:ode:14,asymptote,low,0.2,ode,14,5,0.2,,,,0,,0,1,0
asymptote:low:ode:15,asymptote,low,0.2,ode,15,1,0.2,,,,0,,0,0,1
asymptote:low:ode:15,asymptote,low,0.2,ode,15,3,0.2,,,,0,,0,0,1
asymptote:low:ode:15,asymptote,low,0.2,ode,15,5,0.2,,,,0,,0,0,1
asymptote:low:ode:16,asymptote,low,0.2,ode,16,1,0.2,,,,0,,0,1,0
asymptote:low:ode:16,asymptote,low,0.2,ode,16,3,0.2,,,,0,,0,1,0
asymptote:low:ode:16,asymptote,low,0.2,ode,16,5,0.2,,,,0,,0,1,0
asymptote:low:ode:17,asymptote,low,0.2,ode,17,1,0.2,,,,0,,0,0,1
asymptote:low:ode:17,asymptote,low,0.2,ode,17,3,0.2,,,,0,,0,0,1
asymptote:low:ode:17,asymptote,low,0.2,ode,17,5,0.2,,,,0,,0,0,1
asymptote:low:ode:18,asymptote,low,0.2,ode,18,1,0.2,,,,0,,0,0,1
asymptote:low:ode:18,asymptote,low,0.2,ode,18,3,0.2,,,,0,,0,0,1
asymptote:low:ode:18,asymptote,low,0.2,ode,18,5,0.2,,,,0,,0,0,1
asymptote:low:ode:19,asymptote,low,0.2,ode,19,1,0.2,,,,0,,0,1,0
asymptote:low:ode:19,asymptote,low,0.2,ode,19,3,0.2,,,,0,,0,1,0
asymptote:low:ode:19,asymptote,low,0.2,ode,19,5,0.2,,,,0,,0,1,0
asymptote:mid:spline:0,asymptote,mid,0.5,spline,0,1,0.2,0.4,0.4,,1,,0,1,0
asymptote:mid:spline:0,asymptote,mid,0.5,spline,0,3,0.2,0.4,0.4,,1,,0,1,0
asymptote:mid:spline:0,asymptote,mid,0.5,spline,0,5,0.2,0.4,0.4,,1,,0,1,0
asymptote:mid:spline:1,asymptote,mid,0.5,spline,1,1,0.2,,,,0,,0,0,1
asymptote:mid:spline:1,asymptote,mid,0.5,spline,1,3,0.2,,,,0,,0,0,1
asymptote:mid:spline:1,asymptote,mid,0.5,spline,1,5,0.2,,,,0,,0,0,1
asymptote:mid:spline:2,asymptote,mid,0.5,spline,2,1,0.2,0.3,0.3,,1,,0,1,0
asymptote:mid:spline:2,asymptote,mid,0.5,spline,2,3,0.2,0.3,0.3,,1,,0,1,0
asymptote:mid:spline:2,asymptote,mid,0.5,spline,2,5,0.2,0.3,0.3,,1,,0,1,0
asymptote:mid:spline:3,asymptote,mid,0.5,spline,3,1,0.2,0.2,0.2,,1,,0,1,0
asymptote:mid:spline:3,asymptote,mid,0.5,spline,3,3,0.2,0.2,0.2,,1,,0,1,0
asymptote:mid:spline:3,asymptote,mid,0.5,spline,3,5,0.2,0.2,0.2,,1,,0,1,0
asymptote:mid:spline:4,asymptote,mid,0.5,spline,4,1,0.2,0.4,0.4,,1,,0,1,0
asymptote:mid:spline:4,asymptote,mid,0.5,spline,4,3,0.2,0.4,0.4,,1,,0,1,0
asymptote:mid:spline:4,asymptote,mid,0.5,spline,4,5,0.2,0.4,0.4,,1,,0,1,0
asymptote:mid:spline:5,asymptote,mid,0.5,spline,5,1,0.2,0.4,0.4,,1,,0,0,0
asymptote:mid:spline:5,asymptote,mid,0.5,spline,5,3,0.2,0.4,0.4,,1,,0,0,0
asymptote:mid:spline:5,asymptote,mid,0.5,spline,5,5,0.2,0.4,0.4,,1,,0,1,0
asymptote:mid:spline:6,asymptote,mid,0.5,spline,6,1,0.2,0.3,0.3,,1,,0,1,0
asymptote:mid:spline:6,asymptote,mid,0.5,spline,6,3,0.2,0.3,0.3,,1,,0,1,0
asymptote:mid:spline:6,asymptote,mid,0.5,spline,6,5,0.2,0.3,0.3,,1,,0,1,0
asymptote:mid:spline:7,asymptote,mid,0.5,spline,7,1,0.2,0.4,0.4,,1,,0,1,0
asymptote:mid:spline:7,asymptote,mid,0.5,spline,7,3,0.2,0.4,0.4,,1,,0,1,0
asymptote:mid:spline:7,asymptote,mid,0.5,spline,7,5,0.2,0.4,0.4,,1,,0,1,0
asymptote:mid:spline:8,asymptote,mid,0.5,spline,8,1,0.2,,,,0,,0,1,0
asymptote:mid:spline:8,asymptote,mid,0.5,spline,8,3,0.2,,,,0,,0,1,0
asymptote:mid:spline:8,asymptote,mid,0.5,spline,8,5,0.2,,,,0,,0,1,0
asymptote:mid:spline:9,asymptote,mid,0.5,spline,9,1,0.2,,,,0,,0,0,1
asymptote:mid:spline:9,asymptote,mid,0.5,spline,9,3,0.2,,,,0,,0,0,1
asymptote:mid:spline:9,asymptote,mid,0.5,spline,9,5,0.2,,,,0,,0,1,0
asymptote:mid:spline:10,asymptote,mid,0.5,spline,10,1,0.2,0.5,0.5,,1,,0,0,0
asymptote:mid:spline:10,asymptote,mid,0.5,spline,10,3,0.2,0.5,0.5,,1,,0,0,0
asymptote:mid:spline:10,asymptote,mid,0.5,spline,10,5,0.2,0.5,0.5,,1,,0,1,0
asymptote:mid:spline:11,asymptote,mid,0.5,spline,11,1,0.2,,,,0,,0,0,1
asymptote:mid:spline:11,asymptote,mid,0.5,spline,11,3,0.2,,,,0,,0,0,1
asymptote:mid:spline:11,asymptote,mid,0.5,spline,11,5,0.2,,,,0,,0,0,1
asymptote:mid:spline:12,asymptote,mid,0.5,spline,12,1,0.2,0.4,0.4,,1,,0,1,0
asymptote:mid:spline:12,asymptote,mid,0.5,spline,12,3,0.2,0.4,0.4,,1,,0,1,0
asymptote:mid:spline:12,asymptote,mid,0.5,spline,12,5,0.2,0.4,0.4,,1,,0,1,0
asymptote:mid:spline:13,asymptote,mid,0.5,spline,13,1,0.2,,,,0,,0,0,1
asymptote:mid:spline:13,asymptote,mid,0.5,spline,13,3,0.2,,,,0,,0,1,0
asymptote:mid:spline:13,asymptote,mid,0.5,spline,13,5,0.2,,,,0,,0,1,0
asymptote:mid:spline:14,asymptote,mid,0.5,spline,14,1,0.2,0.3,0.3,,1,,0,1,0
asymptote:mid:spline:14,asymptote,mid,0.5,spline,14,3,0.2,0.3,0.3,,1,,0,1,0
asymptote:mid:spline:14,asymptote,mid,0.5,spline,14,5,0.2,0.3,0.3,,1,,0,1,0
asymptote:mid:spline:15,asymptote,mid,0.5,spline,15,1,0.2,,,,0,,0,1,0
asymptote:mid:spline:15,asymptote,mid,0.5,spline,15,3,0.2,,,,0,,0,0,1
asymptote:mid:spline:15,asymptote,mid,0.5,spline,15,5,0.2,,,,0,,0,1,0
asymptote:mid:spline:16,asymptote,mid,0.5,spline,16,1,0.2,,,,0,,0,1,0
asymptote:mid:spline:16,asymptote,mid,0.5,spline,16,3,0.2,,,,0,,0,1,0
asymptote:mid:spline:16,asymptote,mid,0.5,spline,16,5,0.2,,,,0,,0,1,0
asymptote:mid:spline:17,asymptote,mid,0.5,spline,17,1,0.2,,,,0,,0,1,0
asymptote:mid:spline:17,asymptote,mid,0.5,spline,17,3,0.2,,,,0,,0,1,0
asymptote:mid:spline:17,asymptote,mid,0.5,spline,17,5,0.2,,,,0,,0,1,0
asymptote:mid:spline:18,asymptote,mid,0.5,spline,18,1,0.2,,,,0,,0,0,1
asymptote:mid:spline:18,asymptote,mid,0.5,spline,18,3,0.2,,,,0,,0,0,1
asymptote:mid:spline:18,asymptote,mid,0.5,spline,18,5,0.2,,,,0,,0,0,1
asymptote:mid:spline:19,asymptote,mid,0.5,spline,19,1,0.2,0.2,0.2,,1,,0,1,0
asymptote:mid:spline:19,asymptote,mid,0.5,spline,19,3,0.2,0.2,0.2,,1,,0,1,0
asymptote:mid:spline:19,asymptote,mid,0.5,spline,19,5,0.2,0.2,0.2,,1,,0,1,0
asymptote:mid:basis:0,asymptote,mid,0.5,basis,0,1,0.2,,,,0,,0,1,0
asymptote:mid:basis:0,asymptote,mid,0.5,basis,0,3,0.2,,,,0,,0,1,0
asymptote:mid:basis:0,asymptote,mid,0.5,basis,0,5,0.2,,,,0,,0,1,0
asymptote:mid:basis:1,asymptote,mid,0.5,basis,1,1,0.2,0.2,0.2,,1,,0,1,0
asymptote:mid:basis:1,asymptote,mid,0.5,basis,1,3,0.2,0.2,0.2,,1,,0,1,0
asymptote:mid:basis:1,asymptote,mid,0.5,basis,1,5,0.2,0.2,0.2,,1,,0,1,0
asymptote:mid:basis:2,asymptote,mid,0.5,basis,2,1,0.2,,,,0,,0,1,0
asymptote:mid:basis:2,asymptote,mid,0.5,basis,2,3,0.2,,,,0,,0,1,0
asymptote:mid:basis:2,asymptote,mid,0.5,basis,2,5,0.2,,,,0,,0,1,0
asymptote:mid:basis:3,asymptote,mid,0.5,basis,3,1,0.2,,,,0,,0,0,1
asymptote:mid:basis:3,asymptote,mid,0.5,basis,3,3,0.2,,,,0,,0,0,1
asymptote:mid:basis:3,asymptote,mid,0.5,basis,3,5,0.2,,,,0,,0,0,1
asymptote:mid:basis:4,asymptote,mid,0.5,basis,4,1,0.2,0.5,0.5,,1,,0,0,0
asymptote:mid:basis:4,asymptote,mid,0.5,basis,4,3,0.2,0.5,0.5,,1,,0,0,0
asymptote:mid:basis:4,asymptote,mid,0.5,basis,4,5,0.2,0.5,0.5,,1,,0,1,0
asymptote:mid:basis:5,asymptote,mid,0.5,basis,5,1,0.2,0.3,0.3,,1,,0,1,0
asymptote:mid:basis:5,asymptote,mid,0.5,basis,5,3,0.2,0.3,0.3,,1,,0,1,0
asymptote:mid:basis:5,asymptote,mid,0.5,basis,5,5,0.2,0.3,0.3,,1,,0,1,0
asymptote:mid:basis:6,asymptote,mid,0.5,basis,6,1,0.2,0.2,0.2,,1,,0,1,0
asymptote:mid:basis:6,asymptote,mid,0.5,basis,6,3,0.2,0.2,0.2,,1,,0,1,0
asymptote:mid:basis:6,asymptote,mid,0.5,basis,6,5,0.2,0.2,0.2,,1,,0,1,0
asymptote:mid:basis:7,asymptote,mid,0.5,basis,7,1,0.2,0.3,0.3,,1,,0,1,0
asymptote:mid:basis:7,asymptote,mid,0.5,basis,7,3,0.2,0.3,0.3,,1,,0,1,0
asymptote:mid:basis:7,asymptote,mid,0.5,basis,7,5,0.2,0.3,0.3,,1,,0,1,0
asymptote:mid:basis:8,asymptote,mid,0.5,basis,8,1,0.2,,,,0,,0,0,1
asymptote:mid:basis:8,asymptote,mid,0.5,basis,8,3,0.2,,,,0,,0,0,1
asymptote:mid:basis:8,asymptote,mid,0.5,basis,8,5,0.2,,,,0,,0,0,1
asymptote:mid:basis:9,asymptote,mid,0.5,basis,9,1,0.2,,,,0,,0,0,1
asymptote:mid:basis:9,asymptote,mid,0.5,basis,9,3,0.2,,,,0,,0,0,1
asymptote:mid:basis:9,asymptote,mid,0.5,basis,9,5,0.2,,,,0,,0,1,0
asymptote:mid:basis:10,asymptote,mid,0.5,basis,10,1,0.2,0.5,0.5,,1,,0,0,0
asymptote:mid:basis:10,asymptote,mid,0.5,basis,10,3,0.2,0.5,0.5,,1,,0,0,0
asymptote:mid:basis:10,asymptote,mid,0.5,basis,10,5,0.2,0.5,0.5,,1,,0,1,0
asymptote:mid:basis:11,asymptote,mid,0.5,basis,11,1,0.2,0.3,0.3,,1,,0,1,0
asymptote:mid:basis:11,asymptote,mid,0.5,basis,11,3,0.2,0.3,0.3,,1,,0,1,0
asymptote:mid:basis:11,asymptote,mid,0.5,basis,11,5,0.2,0.3,0.3,,1,,0,1,0
asymptote:mid:basis:12,asymptote,mid,0.5,basis,12,1,0.2,,,,0,,0,1,0
asymptote:mid:basis:12,asymptote,mid,0.5,basis,12,3,0.2,,,,0,,0,1,0
asymptote:mid:basis:12,asymptote,mid,0.5,basis,12,5,0.2,,,,0,,0,1,0
asymptote:mid:basis:13,asymptote,mid,0.5,basis,13,1,0.2,,,,0,,0,1,0
asymptote:mid:basis:13,asymptote,mid,0.5,basis,13,3,0.2,,,,0,,0,1,0
asymptote:mid:basis:13,asymptote,mid,0.5,basis,13,5,0.2,,,,0,,0,1,0
asymptote:mid:basis:14,asymptote,mid,0.5,basis,14,1,0.2,0.3,0.3,,1,,0,1,0
asymptote:mid:basis:14,asymptote,mid,0.5,basis,14,3,0.2,0.3,0.3,,1,,0,1,0
asymptote:mid:basis:14,asymptote,mid,0.5,basis,14,5,0.2,0.3,0.3,,1,,0,1,0
asymptote:mid:basis:15,asymptote,mid,0.5,basis,15,1,0.2,0.3,0.3,,1,,0,1,0
asymptote:mid:basis:15,asymptote,mid,0.5,basis,15,3,0.2,0.3,0.3,,1,,0,1,0
asymptote:mid:basis:15,asymptote,mid,0.5,basis,15,5,0.2,0.3,0.3,,1,,0,1,0
asymptote:mid:basis:16,asymptote,mid,0.5,basis,16,1,0.2,0.4,0.4,,1,,0,1,0
asymptote:mid:basis:16,asymptote,mid,0.5,basis,16,3,0.2,0.4,0.4,,1,,0,1,0
asymptote:mid:basis:16,asymptote,mid,0.5,basis,16,5,0.2,0.4,0.4,,1,,0,1,0
asymptote:mid:basis:17,asymptote,mid,0.5,basis,17,1,0.2,,,,0,,0,0,1
asymptote:mid:basis:17,asymptote,mid,0.5,basis,17,3,0.2,,,,0,,0,0,1
asymptote:mid:basis:17,asymptote,mid,0.5,basis,17,5,0.2,,,,0,,0,0,1
asymptote:mid:basis:18,asymptote,mid,0.5,basis,18,1,0.2,0.2,0.2,,1,,0,1,0
asymptote:mid:basis:18,asymptote,mid,0.5,basis,18,3,0.2,0.2,0.2,,1,,0,1,0
asymptote:mid:basis:18,asymptote,mid,0.5,basis,18,5,0.2,0.2,0.2,,1,,0,1,0
asymptote:mid:basis:19,asymptote,mid,0.5,basis,19,1,0.2,,,,0,,0,1,0
asymptote:mid:basis:19,asymptote,mid,0.5,basis,19,3,0.2,,,,0,,0,1,0
asymptote:mid:basis:19,asymptote,mid,0.5,basis,19,5,0.2,,,,0,,0,1,0
asymptote:mid:ode:0,asymptote,mid,0.5,ode,0,1,0.2,0.7,0.7,,1,,0,0,0
asymptote:mid:ode:0,asymptote,mid,0.5,ode,0,3,0.2,0.7,0.7,,1,,0,0,0
asymptote:mid:ode:0,asymptote,mid,0.5,ode,0,5,0.2,0.7,0.7,,1,,0,0,0
asymptote:mid:ode:1,asymptote,mid,0.5,ode,1,1,0.2,,,,0,,0,0,1
asymptote:mid:ode:1,asymptote,mid,0.5,ode,1,3,0.2,,,,0,,0,0,1
asymptote:mid:ode:1,asymptote,mid,0.5,ode,1,5,0.2,,,,0,,0,0,1
asymptote:mid:ode:2,asymptote,mid,0.5,ode,2,1,0.2,0.6,0.6,,1,,0,0,0
asymptote:mid:ode:2,asymptote,mid,0.5,ode,2,3,0.2,0.6,0.6,,1,,0,0,0
asymptote:mid:ode:2,asymptote,mid,0.5,ode,2,5,0.2,0.6,0.6,,1,,0,0,0
asymptote:mid:ode:3,asymptote,mid,0.5,ode,3,1,0.2,,,,0,,0,1,0
asymptote:mid:ode:3,asymptote,mid,0.5,ode,3,3,0.2,,,,0,,0,1,0
asymptote:mid:ode:3,asymptote,mid,0.5,ode,3,5,0.2,,,,0,,0,1,0
asymptote:mid:ode:4,asymptote,mid,0.5,ode,4,1,0.2,0.2,0.2,,1,,0,1,0
asymptote:mid:ode:4,asymptote,mid,0.5,ode,4,3,0.2,0.2,0.2,,1,,0,1,0
asymptote:mid:ode:4,asymptote,mid,0.5,ode,4,5,0.2,0.2,0.2,,1,,0,1,0
asymptote:mid:ode:5,asymptote,mid,0.5,ode,5,1,0.2,0.3,0.3,,1,,0,1,0
asymptote:mid:ode:5,asymptote,mid,0.5,ode,5,3,0.2,0.3,0.3,,1,,0,1,0
asymptote:mid:ode:5,asymptote,mid,0.5,ode,5,5,0.2,0.3,0.3,,1,,0,1,0
asymptote:mid:ode:6,asymptote,mid,0.5,ode,6,1,0.2,,,,0,,0,0,1
asymptote:mid:ode:6,asymptote,mid,0.5,ode,6,3,0.2,,,,0,,0,0,1
asymptote:mid:ode:6,asymptote,mid,0.5,ode,6,5,0.2,,,,0,,0,0,1
asymptote:mid:ode:7,asymptote,mid,0.5,ode,7,1,0.2,0.3,0.3,,1,,0,1,0
asymptote:mid:ode:7,asymptote,mid,0.5,ode,7,3,0.2,0.3,0.3,,1,,0,1,0
asymptote:mid:ode:7,asymptote,mid,0.5,ode,7,5,0.2,0.3,0.3,,1,,0,1,0
asymptote:mid:ode:8,asymptote,mid,0.5,ode,8,1,0.2,,,,0,,0,0,1
asymptote:mid:ode:8,asymptote,mid,0.5,ode,8,3,0.2,,,,0,,0,0,1
asymptote:mid:ode:8,asymptote,mid,0.5,ode,8,5,0.2,,,,0,,0,0,1
asymptote:mid:ode:9,asymptote,mid,0.5,ode,9,1,0.2,,,,0,,0,0,1
asymptote:mid:ode:9,asymptote,mid,0.5,ode,9,3,0.2,,,,0,,0,0,1
asymptote:mid:ode:9,asymptote,mid,0.5,ode,9,5,0.2,,,,0,,0,0,1
asymptote:mid:ode:10,asymptote,mid,0.5,ode,10,1,0.2,0.6,0.6,,1,,0,0,0
asymptote:mid:ode:10,asymptote,mid,0.5,ode,10,3,0.2,0.6,0.6,,1,,0,0,0
asymptote:mid:ode:10,asymptote,mid,0.5,ode,10,5,0.2,0.6,0.6,,1,,0,0,0
asymptote:mid:ode:11,asymptote,mid,0.5,ode,11,1,0.2,0.6,0.6,,1,,0,0,0
asymptote:mid:ode:11,asymptote,mid,0.5,ode,11,3,0.2,0.6,0.6,,1,,0,0,0
asymptote:mid:ode:11,asymptote,mid,0.5,ode,11,5,0.2,0.6,0.6,,1,,0,0,0
asymptote:mid:ode:12,asymptote,mid,0.5,ode,12,1,0.2,0.3,0.3,,1,,0,0,0
asymptote:mid:ode:12,asymptote,mid,0.5,ode,12,3,0.2,0.3,0.3,,1,,0,1,0
asymptote:mid:ode:12,asymptote,mid,0.5,ode,12,5,0.2,0.3,0.3,,1,,0,1,0
asymptote:mid:ode:13,asymptote,mid,0.5,ode,13,1,0.2,,,,0,,0,0,1
asymptote:mid:ode:13,asymptote,mid,0.5,ode,13,3,0.2,,,,0,,0,0,1
asymptote:mid:ode:13,asymptote,mid,0.5,ode,13,5,0.2,,,,0,,0,0,1
asymptote:mid:ode:14,asymptote,mid,0.5,ode,14,1,0.2,,,,0,,0,1,0
asymptote:mid:ode:14,asymptote,mid,0.5,ode,14,3,0.2,,,,0,,0,1,0
asymptote:mid:ode:14,asymptote,mid,0.5,ode,14,5,0.2,,,,0,,0,1,0
asymptote:mid:ode:15,asymptote,mid,0.5,ode,15,1,0.2,0.3,0.3,,1,,0,1,0
asymptote:mid:ode:15,asymptote,mid,0.5,ode,15,3,0.2,0.3,0.3,,1,,0,1,0
asymptote:mid:ode:15,asymptote,mid,0.5,ode,15,5,0.2,0.3,0.3,,1,,0,1,0
asymptote:mid:ode:16,asymptote,mid,0.5,ode,16,1,0.2,,,,0,,0,0,1
asymptote:mid:ode:16,asymptote,mid,0.5,ode,16,3,0.2,,,,0,,0,0,1
asymptote:mid:ode:16,asymptote,mid,0.5,ode,16,5,0.2,,,,0,,0,0,1
asymptote:mid:ode:17,asymptote,mid,0.5,ode,17,1,0.2,0.3,0.3,,1,,0,1,0
asymptote:mid:ode:17,asymptote,mid,0.5,ode,17,3,0.2,0.3,0.3,,1,,0,1,0
asymptote:mid:ode:17,asymptote,mid,0.5,ode,17,5,0.2,0.3,0.3,,1,,0,1,0
asymptote:mid:ode:18,asymptote,mid,0.5,ode,18,1,0.2,0.3,0.3,,1,,0,1,0
asymptote:mid:ode:18,asymptote,mid,0.5,ode,18,3,0.2,0.3,,,0,,0,1,0
asymptote:mid:ode:18,asymptote,mid,0.5,ode,18,5,0.2,0.3,,,0,,0,1,0
asymptote:mid:ode:19,asymptote,mid,0.5,ode,19,1,0.2,,,,0,,0,1,0
asymptote:mid:ode:19,asymptote,mid,0.5,ode,19,3,0.2,,,,0,,0,1,0
asymptote:mid:ode:19,asymptote,mid,0.5,ode,19,5,0.2,,,,0,,0,1,0
asymptote:high:spline:0,asymptote,high,0.8,spline,0,1,0.2,0.2,0.2,,1,,0,1,0
asymptote:high:spline:0,asymptote,high,0.8,spline,0,3,0.2,0.2,0.2,,1,,0,1,0
asymptote:high:spline:0,asymptote,high,0.8,spline,0,5,0.2,0.2,0.2,,1,,0,1,0
asymptote:high:spline:1,asymptote,high,0.8,spline,1,1,0.2,0.2,0.2,,1,,0,1,0
asymptote:high:spline:1,asymptote,high,0.8,spline,1,3,0.2,0.2,0.2,,1,,0,1,0
asymptote:high:spline:1,asymptote,high,0.8,spline,1,5,0.2,0.2,0.2,,1,,0,1,0
asymptote:high:spline:2,asymptote,high,0.8,spline,2,1,0.2,0.2,0.2,,1,,0,1,0
asymptote:high:spline:2,asymptote,high,0.8,spline,2,3,0.2,0.2,0.2,,1,,0,1,0
asymptote:high:spline:2,asymptote,high,0.8,spline,2,5,0.2,0.2,0.2,,1,,0,1,0
asymptote:high:spline:3,asymptote,high,0.8,spline,3,1,0.2,0.4,0.4,,1,,0,0,0
asymptote:high:spline:3,asymptote,high,0.8,spline,3,3,0.2,0.4,0.4,,1,,0,0,0
asymptote:high:spline:3,asymptote,high,0.8,spline,3,5,0.2,0.4,0.4,,1,,0,0,0
asymptote:high:spline:4,asymptote,high,0.8,spline,4,1,0.2,0.4,0.4,,1,,0,0,0
asymptote:high:spline:4,asymptote,high,0.8,spline,4,3,0.2,0.4,0.4,,1,,0,0,0
asymptote:high:spline:4,asymptote,high,0.8,spline,4,5,0.2,0.4,0.4,,1,,0,1,0
asymptote:high:spline:5,asymptote,high,0.8,spline,5,1,0.2,0.2,0.2,,1,,0,0,0
asymptote:high:spline:5,asymptote,high,0.8,spline,5,3,0.2,0.2,0.2,,1,,0,0,0
asymptote:high:spline:5,asymptote,high,0.8,spline,5,5,0.2,0.2,0.2,,1,,0,0,0
asymptote:high:spline:6,asymptote,high,0.8,spline,6,1,0.2,0.5,0.5,,1,,0,0,0
asymptote:high:spline:6,asymptote,high,0.8,spline,6,3,0.2,0.5,0.5,,1,,0,0,0
asymptote:high:spline:6,asymptote,high,0.8,spline,6,5,0.2,0.5,0.5,,1,,0,0,0
asymptote:high:spline:7,asymptote,high,0.8,spline,7,1,0.2,,,,0,,0,1,0
asymptote:high:spline:7,asymptote,high,0.8,spline,7,3,0.2,,,,0,,0,1,0
asymptote:high:spline:7,asymptote,high,0.8,spline,7,5,0.2,,,,0,,0,1,0
asymptote:high:spline:8,asymptote,high,0.8,spline,8,1,0.2,0.5,0.5,,1,,0,0,0
asymptote:high:spline:8,asymptote,high,0.8,spline,8,3,0.2,0.5,0.5,,1,,0,0,0
asymptote:high:spline:8,asymptote,high,0.8,spline,8,5,0.2,0.5,0.5,,1,,0,0,0
asymptote:high:spline:9,asymptote,high,0.8,spline,9,1,0.2,0.4,0.4,,1,,0,0,0
asymptote:high:spline:9,asymptote,high,0.8,spline,9,3,0.2,0.4,0.4,,1,,0,0,0
asymptote:high:spline:9,asymptote,high,0.8,spline,9,5,0.2,0.4,0.4,,1,,0,1,0
asymptote:high:spline:10,asymptote,high,0.8,spline,10,1,0.2,0.2,0.2,,1,,0,1,0
asymptote:high:spline:10,asymptote,high,0.8,spline,10,3,0.2,0.2,0.2,,1,,0,1,0
asymptote:high:spline:10,asymptote,high,0.8,spline,10,5,0.2,0.2,0.2,,1,,0,1,0
asymptote:high:spline:11,asymptote,high,0.8,spline,11,1,0.2,0.2,0.2,,1,,0,1,0
asymptote:high:spline:11,asymptote,high,0.8,spline,11,3,0.2,0.2,0.2,,1,,0,1,0
asymptote:high:spline:11,asymptote,high,0.8,spline,11,5,0.2,0.2,0.2,,1,,0,1,0
asymptote:high:spline:12,asymptote,high,0.8,spline,12,1,0.2,,,,0,,0,0,1
asymptote:high:spline:12,asymptote,high,0.8,spline,12,3,0.2,,,,0,,0,0,1
asymptote:high:spline:12,asymptote,high,0.8,spline,12,5,0.2,,,,0,,0,1,0
asymptote:high:spline:13,asymptote,high,0.8,spline,13,1,0.2,,,,0,,0,1,0
asymptote:high:spline:13,asymptote,high,0.8,spline,13,3,0.2,,,,0,,0,1,0
asymptote:high:spline:13,asymptote,high,0.8,spline,13,5,0.2,,,,0,,0,1,0
asymptote:high:spline:14,asymptote,high,0.8,spline,14,1,0.2,,,,0,,0,0,1
asymptote:high:spline:14,asymptote,high,0.8,spline,14,3,0.2,,,,0,,0,0,1
asymptote:high:spline:14,asymptote,high,0.8,spline,14,5,0.2,,,,0,,0,0,1
asymptote:high:spline:15,asymptote,high,0.8,spline,15,1,0.2,,,,0,,0,1,0
asymptote:high:spline:15,asymptote,high,0.8,spline,15,3,0.2,,,,0,,0,1,0
asymptote:high:spline:15,asymptote,high,0.8,spline,15,5,0.2,,,,0,,0,1,0
asymptote:high:spline:16,asymptote,high,0.8,spline,16,1,0.2,0.2,0.2,,1,,0,1,0
asymptote:high:spline:16,asymptote,high,0.8,spline,16,3,0.2,0.2,0.2,,1,,0,1,0
asymptote:high:spline:16,asymptote,high,0.8,spline,16,5,0.2,0.2,0.2,,1,,0,1,0
asymptote:high:spline:17,asymptote,high,0.8,spline,17,1,0.2,,,,0,,0,0,1
asymptote:high:spline:17,asymptote,high,0.8,spline,17,3,0.2,,,,0,,0,0,1
asymptote:high:spline:17,asymptote,high,0.8,spline,17,5,0.2,,,,0,,0,0,1
asymptote:high:spline:18,asymptote,high,0.8,spline,18,1,0.2,0.2,0.2,,1,,0,1,0
asymptote:high:spline:18,asymptote,high,0.8,spline,18,3,0.2,0.2,0.2,,1,,0,1,0
asymptote:high:spline:18,asymptote,high,0.8,spline,18,5,0.2,0.2,0.2,,1,,0,1,0
asymptote:high:spline:19,asymptote,high,0.8,spline,19,1,0.2,0.2,0.2,,1,,0,1,0
asymptote:high:spline:19,asymptote,high,0.8,spline,19,3,0.2,0.2,0.2,,1,,0,1,0
asymptote:high:spline:19,asymptote,high,0.8,spline,19,5,0.2,0.2,0.2,,1,,0,1,0
asymptote:high:basis:0,asymptote,high,0.8,basis,0,1,0.2,0.3,0.3,,1,,0,1,0
asymptote:high:basis:0,asymptote,high,0.8,basis,0,3,0.2,0.3,0.3,,1,,0,1,0
asymptote:high:basis:0,asymptote,high,0.8,basis,0,5,0.2,0.3,0.3,,1,,0,1,0
asymptote:high:basis:1,asymptote,high,0.8,basis,1,1,0.2,,,,0,,0,1,0
asymptote:high:basis:1,asymptote,high,0.8,basis,1,3,0.2,,,,0,,0,1,0
asymptote:high:basis:1,asymptote,high,0.8,basis,1,5,0.2,,,,0,,0,1,0
asymptote:high:basis:2,asymptote,high,0.8,basis,2,1,0.2,0.2,0.2,,1,,0,1,0
asymptote:high:basis:2,asymptote,high,0.8,basis,2,3,0.2,0.2,0.2,,1,,0,1,0
asymptote:high:basis:2,asymptote,high,0.8,basis,2,5,0.2,0.2,0.2,,1,,0,1,0
asymptote:high:basis:3,asymptote,high,0.8,basis,3,1,0.2,,,,0,,0,1,0
asymptote:high:basis:3,asymptote,high,0.8,basis,3,3,0.2,,,,0,,0,1,0
asymptote:high:basis:3,asymptote,high,0.8,basis,3,5,0.2,,,,0,,0,1,0
asymptote:high:basis:4,asymptote,high,0.8,basis,4,1,0.2,0.2,0.2,,1,,0,1,0
asymptote:high:basis:4,asymptote,high,0.8,basis,4,3,0.2,0.2,0.2,,1,,0,1,0
asymptote:high:basis:4,asymptote,high,0.8,basis,4,5,0.2,0.2,0.2,,1,,0,1,0
asymptote:high:basis:5,asymptote,high,0.8,basis,5,1,0.2,0.2,0.2,,1,,0,1,0
asymptote:high:basis:5,asymptote,high,0.8,basis,5,3,0.2,0.2,0.2,,1,,0,1,0
asymptote:high:basis:5,asymptote,high,0.8,basis,5,5,0.2,0.2,0.2,,1,,0,1,0
asymptote:high:basis:6,asymptote,high,0.8,basis,6,1,0.2,0.4,0.4,,1,,0,1,0
asymptote:high:basis:6,asymptote,high,0.8,basis,6,3,0.2,0.4,0.4,,1,,0,1,0
asymptote:high:basis:6,asymptote,high,0.8,basis,6,5,0.2,0.4,0.4,,1,,0,1,0
asymptote:high:basis:7,asymptote,high,0.8,basis,7,1,0.2,0.2,0.2,,1,,0,1,0
asymptote:high:basis:7,asymptote,high,0.8,basis,7,3,0.2,0.2,0.2,,1,,0,1,0
asymptote:high:basis:7,asymptote,high,0.8,basis,7,5,0.2,0.2,0.2,,1,,0,1,0
asymptote:high:basis:8,asymptote,high,0.8,basis,8,1,0.2,,,,0,,0,0,1
asymptote:high:basis:8,asymptote,high,0.8,basis,8,3,0.2,,,,0,,0,0,1
asymptote:high:basis:8,asymptote,high,0.8,basis,8,5,0.2,,,,0,,0,1,0
asymptote:high:basis:9,asymptote,high,0.8,basis,9,1,0.2,0.2,0.2,,1,,0,1,0
asymptote:high:basis:9,asymptote,high,0.8,basis,9,3,0.2,0.2,0.2,,1,,0,1,0
asymptote:high:basis:9,asymptote,high,0.8,basis,9,5,0.2,0.2,0.2,,1,,0,1,0
asymptote:high:basis:10,asymptote,high,0.8,basis,10,1,0.2,0.5,0.5,,1,,0,0,0
asymptote:high:basis:10,asymptote,high,0.8,basis,10,3,0.2,0.5,0.5,,1,,0,0,0
asymptote:high:basis:10,asymptote,high,0.8,basis,10,5,0.2,0.5,0.5,,1,,0,0,0
asymptote:high:basis:11,asymptote,high,0.8,basis,11,1,0.2,0.2,0.2,,1,,0,1,0
asymptote:high:basis:11,asymptote,high,0.8,basis,11,3,0.2,0.2,0.2,,1,,0,1,0
asymptote:high:basis:11,asymptote,high,0.8,basis,11,5,0.2,0.2,0.2,,1,,0,1,0
asymptote:high:basis:12,asymptote,high,0.8,basis,12,1,0.2,0.2,0.2,,1,,0,1,0
asymptote:high:basis:12,asymptote,high,0.8,basis,12,3,0.2,0.2,0.2,,1,,0,1,0
asymptote:high:basis:12,asymptote,high,0.8,basis,12,5,0.2,0.2,0.2,,1,,0,1,0
asymptote:high:basis:13,asymptote,high,0.8,basis,13,1,0.2,0.3,0.3,,1,,0,1,0
asymptote:high:basis:13,asymptote,high,0.8,basis,13,3,0.2,0.3,0.3,,1,,0,1,0
asymptote:high:basis:13,asymptote,high,0.8,basis,13,5,0.2,0.3,0.3,,1,,0,1,0
asymptote:high:basis:14,asymptote,high,0.8,basis,14,1,0.2,0.2,0.2,,1,,0,1,0
asymptote:high:basis:14,asymptote,high,0.8,basis,14,3,0.2,0.2,0.2,,1,,0,1,0
asymptote:high:basis:14,asymptote,high,0.8,basis,14,5,0.2,0.2,0.2,,1,,0,1,0
asymptote:high:basis:15,asymptote,high,0.8,basis,15,1,0.2,,,,0,,0,0,1
asymptote:high:basis:15,asymptote,high,0.8,basis,15,3,0.2,,,,0,,0,0,1
asymptote:high:basis:15,asymptote,high,0.8,basis,15,5,0.2,,,,0,,0,0,1
asymptote:high:basis:16,asymptote,high,0.8,basis,16,1,0.2,0.2,0.2,,1,,0,1,0
asymptote:high:basis:16,asymptote,high,0.8,basis,16,3,0.2,0.2,0.2,,1,,0,1,0
asymptote:high:basis:16,asymptote,high,0.8,basis,16,5,0.2,0.2,0.2,,1,,0,1,0
asymptote:high:basis:17,asymptote,high,0.8,basis,17,1,0.2,0.3,0.3,,1,,0,1,0
asymptote:high:basis:17,asymptote,high,0.8,basis,17,3,0.2,0.3,0.3,,1,,0,1,0
asymptote:high:basis:17,asymptote,high,0.8,basis,17,5,0.2,0.3,0.3,,1,,0,1,0
asymptote:high:basis:18,asymptote,high,0.8,basis,18,1,0.2,0.2,0.2,,1,,0,1,0
asymptote:high:basis:18,asymptote,high,0.8,basis,18,3,0.2,0.2,0.2,,1,,0,1,0
asymptote:high:basis:18,asymptote,high,0.8,basis,18,5,0.2,0.2,0.2,,1,,0,1,0
asymptote:high:basis:19,asymptote,high,0.8,basis,19,1,0.2,,,,0,,0,0,1
asymptote:high:basis:19,asymptote,high,0.8,basis,19,3,0.2,,,,0,,0,0,1
asymptote:high:basis:19,asymptote,high,0.8,basis,19,5,0.2,,,,0,,0,1,0
asymptote:high:ode:0,asymptote,high,0.8,ode,0,1,0.2,,,,0,,0,1,0
asymptote:high:ode:0,asymptote,high,0.8,ode,0,3,0.2,,,,0,,0,1,0
asymptote:high:ode:0,asymptote,high,0.8,ode,0,5,0.2,,,,0,,0,1,0
asymptote:high:ode:1,asymptote,high,0.8,ode,1,1,0.2,0.7,0.7,,1,,0,0,0
asymptote:high:ode:1,asymptote,high,0.8,ode,1,3,0.2,0.7,0.7,,1,,0,0,0
asymptote:high:ode:1,asymptote,high,0.8,ode,1,5,0.2,0.7,0.7,,1,,0,0,0
asymptote:high:ode:2,asymptote,high,0.8,ode,2,1,0.2,0.2,0.2,,1,,0,1,0
asymptote:high:ode:2,asymptote,high,0.8,ode,2,3,0.2,0.2,0.2,,1,,0,1,0
asymptote:high:ode:2,asymptote,high,0.8,ode,2,5,0.2,0.2,0.2,,1,,0,1,0
asymptote:high:ode:3,asymptote,high,0.8,ode,3,1,0.2,0.2,0.2,,1,,0,1,0
asymptote:high:ode:3,asymptote,high,0.8,ode,3,3,0.2,0.2,0.2,,1,,0,1,0
asymptote:high:ode:3,asymptote,high,0.8,ode,3,5,0.2,0.2,0.2,,1,,0,1,0
asymptote:high:ode:4,asymptote,high,0.8,ode,4,1,0.2,,,,0,,0,0,1
asymptote:high:ode:4,asymptote,high,0.8,ode,4,3,0.2,,,,0,,0,0,1
asymptote:high:ode:4,asymptote,high,0.8,ode,4,5,0.2,,,,0,,0,0,1
asymptote:high:ode:5,asymptote,high,0.8,ode,5,1,0.2,,,,0,,0,0,1
asymptote:high:ode:5,asymptote,high,0.8,ode,5,3,0.2,,,,0,,0,0,1
asymptote:high:ode:5,asymptote,high,0.8,ode,5,5,0.2,,,,0,,0,1,0
asymptote:high:ode:6,asymptote,high,0.8,ode,6,1,0.2,0.2,0.2,,1,,0,1,0
asymptote:high:ode:6,asymptote,high,0.8,ode,6,3,0.2,0.2,0.2,,1,,0,1,0
asymptote:high:ode:6,asymptote,high,0.8,ode,6,5,0.2,0.2,0.2,,1,,0,1,0
asymptote:high:ode:7,asymptote,high,0.8,ode,7,1,0.2,0.2,0.2,,1,,0,1,0
asymptote:high:ode:7,asymptote,high,0.8,ode,7,3,0.2,0.2,0.2,,1,,0,1,0
asymptote:high:ode:7,asymptote,high,0.8,ode,7,5,0.2,0.2,0.2,,1,,0,1,0
asymptote:high:ode:8,asymptote,high,0.8,ode,8,1,0.2,,,,0,,0,1,0
asymptote:high:ode:8,asymptote,high,0.8,ode,8,3,0.2,,,,0,,0,1,0
asymptote:high:ode:8,asymptote,high,0.8,ode,8,5,0.2,,,,0,,0,1,0
asymptote:high:ode:9,asymptote,high,0.8,ode,9,1,0.2,0.5,0.5,,1,,0,0,0
asymptote:high:ode:9,asymptote,high,0.8,ode,9,3,0.2,0.5,0.5,,1,,0,0,0
asymptote:high:ode:9,asymptote,high,0.8,ode,9,5,0.2,0.5,0.5,,1,,0,0,0
asymptote:high:ode:10,asymptote,high,0.8,ode,10,1,0.2,,,,0,,0,1,0
asymptote:high:ode:10,asymptote,high,0.8,ode,10,3,0.2,,,,0,,0,1,0
asymptote:high:ode:10,asymptote,high,0.8,ode,10,5,0.2,,,,0,,0,1,0
asymptote:high:ode:11,asymptote,high,0.8,ode,11,1,0.2,0.3,0.3,,1,,0,1,0
asymptote:high:ode:11,asymptote,high,0.8,ode,11,3,0.2,0.3,0.3,,1,,0,1,0
asymptote:high:ode:11,asymptote,high,0.8,ode,11,5,0.2,0.3,0.3,,1,,0,1,0
asymptote:high:ode:12,asymptote,high,0.8,ode,12,1,0.2,0.5,0.5,,1,,0,0,0
asymptote:high:ode:12,asymptote,high,0.8,ode,12,3,0.2,0.5,0.5,,1,,0,0,0
asymptote:high:ode:12,asymptote,high,0.8,ode,12,5,0.2,0.5,0.5,,1,,0,0,0
asymptote:high:ode:13,asymptote,high,0.8,ode,13,1,0.2,,,,0,,0,0,1
asymptote:high:ode:13,asymptote,high,0.8,ode,13,3,0.2,,,,0,,0,0,1
asymptote:high:ode:13,asymptote,high,0.8,ode,13,5,0.2,,,,0,,0,0,1
asymptote:high:ode:14,asymptote,high,0.8,ode,14,1,0.2,,,,0,,0,0,1
asymptote:high:ode:14,asymptote,high,0.8,ode,14,3,0.2,,,,0,,0,0,1
asymptote:high:ode:14,asymptote,high,0.8,ode,14,5,0.2,,,,0,,0,0,1
asymptote:high:ode:15,asymptote,high,0.8,ode,15,1,0.2,,,,0,,0,1,0
asymptote:high:ode:15,asymptote,high,0.8,ode,15,3,0.2,,,,0,,0,1,0
asymptote:high:ode:15,asymptote,high,0.8,ode,15,5,0.2,,,,0,,0,1,0
asymptote:high:ode:16,asymptote,high,0.8,ode,16,1,0.2,0.3,0.3,,1,,0,1,0
asymptote:high:ode:16,asymptote,high,0.8,ode,16,3,0.2,0.3,0.3,,1,,0,1,0
asymptote:high:ode:16,asymptote,high,0.8,ode,16,5,0.2,0.3,0.3,,1,,0,1,0
asymptote:high:ode:17,asymptote,high,0.8,ode,17,1,0.2,0.5,0.5,,1,,0,0,0
asymptote:high:ode:17,asymptote,high,0.8,ode,17,3,0.2,0.5,0.5,,1,,0,0,0
asymptote:high:ode:17,asymptote,high,0.8,ode,17,5,0.2,0.5,0.5,,1,,0,0,0
asymptote:high:ode:18,asymptote,high,0.8,ode,18,1,0.2,0.3,0.3,,1,,0,1,0
asymptote:high:ode:18,asymptote,high,0.8,ode,18,3,0.2,0.3,0.3,,1,,0,1,0
asymptote:high:ode:18,asymptote,high,0.8,ode,18,5,0.2,0.3,0.3,,1,,0,1,0
asymptote:high:ode:19,asymptote,high,0.8,ode,19,1,0.2,0.2,0.2,,1,,0,1,0
asymptote:high:ode:19,asymptote,high,0.8,ode,19,3,0.2,0.2,0.2,,1,,0,1,0
asymptote:high:ode:19,asymptote,high,0.8,ode,19,5,0.2,0.2,0.2,,1,,0,1,0
