generator,primitive,task,sampler,broad,medium,narrow,ess,delta_mb,delta_nm,delta_nb,saturated,informational_null
spline,direction,0,spline,0.32456454360412573,0.9790195389270467,2.0506217609226116,3706.9396648486104,0.6544549953229211,1.071602221995565,1.7260572173184858,0,0
spline,direction,0,basis,0.39817392434977833,1.0483562418138623,2.1794075062641305,3940.971393773978,0.650182317464084,1.1310512644502682,1.781233581914352,0,0
spline,direction,1,spline,0.34294016221864376,0.9623817202203624,2.070390982528216,3768.0806150795725,0.6194415580017186,1.1080092623078535,1.727450820309572,0,0
spline,direction,1,basis,0.37449610946783235,1.0226436646356032,2.1059228049854526,3954.1212107216943,0.6481475551677709,1.0832791403498494,1.7314266955176203,0,0
spline,direction,2,spline,0.41950209851957143,1.0625330873395054,2.159452953771621,3924.6572280901228,0.6430309888199339,1.0969198664321158,1.7399508552520497,0,0
spline,direction,2,basis,0.28583258479163975,0.971400980894132,2.059528169404748,3619.2365247609227,0.6855683961024922,1.0881271885106159,1.7736955846131082,0,0
spline,direction,3,spline,0.39076797671120245,1.0038304532568714,2.137215368425313,3961.3401433489757,0.6130624765456689,1.1333849151684414,1.7464473917141103,0,0
spline,direction,3,basis,0.37594258257224417,0.9813590695033739,2.094820949573043,3879.45254716067,0.6054164869311298,1.1134618800696692,1.718878367000799,0,0
spline,direction,4,spline,0.38863749331317565,1.020490463272781,2.0670883647148024,3952.250056928594,0.6318529699596053,1.0465979014420215,1.6784508714016266,0,0
spline,direction,4,basis,0.4138213878916227,1.095587231353751,2.161315184901511,3963.799589917328,0.6817658434621282,1.0657279535477602,1.7474937970098883,0,0
spline,direction,5,spline,0.38611633728216754,1.0117660723539839,2.174673561144375,3953.7714877930466,0.6256497350718163,1.162907488790391,1.7885572238622074,0,0
spline,direction,5,basis,0.38317744419410643,1.0101329791310492,2.072136179412643,3957.6452278465094,0.6269555349369427,1.0620032002815938,1.6889587352185365,0,0
spline,direction,6,spline,0.39656461055895303,1.0728814626900922,2.204656415835546,3961.255770205605,0.6763168521311391,1.1317749531454537,1.8080918052765929,0,0
spline,direction,6,basis,0.35714440819428717,0.9573801354633048,2.078442388336872,3873.7501848951138,0.6002357272690176,1.1210622528735672,1.7212979801425847,0,0
spline,direction,7,spline,0.3354492808728525,0.9889825434469167,2.083118178148527,3708.3666028107586,0.6535332625740642,1.09413563470161,1.7476688972756744,0,0
spline,direction,7,basis,0.42136886447500216,1.0612766173420825,2.211742928927917,3957.232051398498,0.6399077528670802,1.1504663115858345,1.7903740644529147,0,0
spline,direction,8,spline,0.32313718891940196,0.969987790756631,2.026957340704394,3747.6492887502613,0.6468506018372291,1.056969549947763,1.703820151784992,0,0
spline,direction,8,basis,0.4291761281449745,1.0851263331986434,2.2466793556892286,3946.4362077455494,0.6559502050536689,1.1615530224905852,1.817503227544254,0,0
spline,direction,9,spline,0.3407499677761681,1.0066092245514169,2.1401985447076086,3810.608852137203,0.6658592567752488,1.1335893201561917,1.7994485769314406,0,0
spline,direction,9,basis,0.3051698975749195,0.9071799105227003,2.018426661876396,3592.8290787570845,0.6020100129477808,1.1112467513536959,1.7132567643014767,0,0
spline,direction,10,spline,0.38439262529213125,1.0376165169799247,2.165138258267416,3852.1758218780233,0.6532238916877935,1.1275217412874914,1.7807456329752849,0,0
spline,direction,10,basis,0.3670771176259841,0.9800209186834722,2.045279332813513,3933.0830799747046,0.6129438010574881,1.065258414130041,1.6782022151875289,0,0
spline,direction,11,spline,0.35727550585268963,0.994779636156757,2.121271188874064,3857.9828860831926,0.6375041303040674,1.1264915527173072,1.7639956830213745,0,0
spline,direction,11,basis,0.3100307149988767,0.943594944686938,1.9667930601181318,3730.5195134046753,0.6335642296880614,1.0231981154311938,1.656762345119255,0,0
spline,direction,12,spline,0.36778374489874405,1.0089394864794408,2.1003908297224627,3871.7771382324386,0.6411557415806968,1.091451343243022,1.7326070848237187,0,0
spline,direction,12,basis,0.3928097718941031,1.0113237046467576,2.1145402614936573,3967.5328397948556,0.6185139327526545,1.1032165568468997,1.7217304895995542,0,0
spline,direction,13,spline,0.3831145878119453,0.9973292451904797,2.07445013740566,3953.841111569054,0.6142146573785344,1.0771208922151803,1.6913355495937146,0,0
spline,direction,13,basis,0.3752419441258737,1.017755767276711,2.0890590269430214,3940.35894656963,0.6425138231508374,1.0713032596663103,1.7138170828171477,0,0
spline,direction,14,spline,0.2996378750233166,0.923842377481867,1.9869220153811484,3631.3603324693263,0.6242045024585504,1.0630796378992815,1.6872841403578318,0,0
spline,direction,14,basis,0.29473386101905275,0.9584612496354807,2.050568177358603,3666.321668923805,0.663727388616428,1.0921069277231223,1.7558343163395502,0,0
spline,direction,15,spline,0.2634308909910811,0.9203270822012751,1.9607465968391822,3558.3883507354913,0.656896191210194,1.040419514637907,1.697315705848101,0,0
spline,direction,15,basis,0.44976467293301337,1.1018941254780004,2.147672847113934,3958.9601978682094,0.652129452544987,1.0457787216359338,1.6979081741809208,0,0
spline,direction,16,spline,0.40136699459024855,1.0536415760587305,2.149437408262625,3966.6477893610504,0.652274581468482,1.0957958322038943,1.7480704136723764,0,0
spline,direction,16,basis,0.37430778070490917,1.0197807603136992,2.111666933011787,3956.5418009998903,0.6454729796087901,1.0918861726980877,1.7373591523068779,0,0
spline,direction,17,spline,0.3256789196714725,0.9802854619663642,2.08732522343798,3743.7256075987316,0.6546065422948917,1.1070397614716159,1.7616463037665075,0,0
spline,direction,17,basis,0.4388918574270364,1.0627773866604808,2.121293030308799,3951.5025926797152,0.6238855292334444,1.0585156436483183,1.6824011728817627,0,0
spline,direction,18,spline,0.2604478397681537,0.9490037104843905,2.0098906469714377,3607.6235207670693,0.6885558707162367,1.0608869364870472,1.749442807203284,0,0
spline,direction,18,basis,0.2525730525462587,0.9078788545115346,1.9942036233335398,3400.728604764553,0.6553058019652759,1.0863247688220052,1.7416305707872812,0,0
spline,direction,19,spline,0.3216150338400519,0.9463375491505958,2.0361492408857584,3682.0265082361007,0.6247225153105438,1.0898116917351626,1.7145342070457066,0,0
spline,direction,19,basis,0.3965894766002188,1.0350139586592746,2.1413407797961876,3941.5624174030613,0.6384244820590558,1.106326821136913,1.7447513031959687,0,0
spline,direction,20,spline,0.33622022813649904,0.9440652746686102,2.0466238024822587,3744.066623280338,0.6078450465321112,1.1025585278136485,1.7104035743457597,0,0
spline,direction,20,basis,0.3436182498159353,0.9731773982256776,1.9949576575612484,3806.908695880336,0.6295591484097423,1.021780259335571,1.6513394077453132,0,0
spline,direction,21,spline,0.4182353598727273,1.0635777706344485,2.1548174153920616,3851.5619806619843,0.6453424107617212,1.0912396447576131,1.7365820555193343,0,0
spline,direction,21,basis,0.3781970050097383,1.0420142739778075,2.116660616377586,3956.3556681581063,0.6638172689680693,1.0746463423997783,1.7384636113678475,0,0
spline,direction,22,spline,0.41128642642124374,1.055217077216659,2.199211379087801,3967.924446014434,0.6439306507954152,1.1439943018711423,1.7879249526665575,0,0
spline,direction,22,basis,0.38341743328057754,1.03266043516098,2.129428397647029,3956.972035903939,0.6492430018804025,1.096767962486049,1.7460109643664514,0,0
spline,direction,23,spline,0.3208676275856859,0.9298893025398647,2.0733755741551096,3697.4998524627454,0.6090216749541788,1.143486271615245,1.7525079465694238,0,0
spline,direction,23,basis,0.3555752894089947,0.9880901004009147,2.156162069364294,3878.1051992242838,0.6325148109919201,1.1680719689633792,1.8005867799552993,0,0
spline,direction,24,spline,0.32649223972786,0.9941192147495822,2.0598881624705854,3772.3867933809747,0.6676269750217222,1.0657689477210033,1.7333959227427254,0,0
spline,direction,24,basis,0.30736796186980947,0.9493415072143294,1.9952484175879606,3634.9981954556206,0.6419735453445199,1.0459069103736311,1.687880455718151,0,0
spline,direction,25,spline,0.3372720721440394,0.9363255599447902,2.05396895345744,3768.035986556008,0.5990534878007507,1.1176433935126497,1.7166968813134005,0,0
spline,direction,25,basis,0.4004313691565193,1.0516608523452935,2.075321465665946,3943.8679501259453,0.6512294831887742,1.0236606133206525,1.6748900965094267,0,0
spline,direction,26,spline,0.3903582843575112,1.0360149843608748,2.0924289613411537,3946.5479511522285,0.6456567000033636,1.056413976980279,1.7020706769836424,0,0
spline,direction,26,basis,0.38200822843705173,1.0475912186145422,2.0995067229512268,3919.719302196484,0.6655829901774905,1.0519155043366846,1.717498494514175,0,0
spline,direction,27,spline,0.39747758421965823,1.006597669732351,2.071217472807297,3964.5461742787325,0.6091200855126928,1.064619803074946,1.673739888587639,0,0
spline,direction,27,basis,0.3742844499322522,1.0308730837143687,2.079416246467374,3955.34156353983,0.6565886337821165,1.0485431627530055,1.705131796535122,0,0
spline,direction,28,spline,0.39625141589062485,1.0277713769935537,2.10379655207685,3946.015333307053,0.6315199611029289,1.0760251750832963,1.707545136186225,0,0
spline,direction,28,basis,0.3736602024160934,1.0141817642952846,2.1041651887228507,3928.245515517342,0.6405215618791913,1.0899834244275661,1.7305049863067574,0,0
spline,direction,29,spline,0.36578979521942456,0.9836303959846171,2.0314530057684177,3937.7479136212405,0.6178406007651925,1.0478226097838006,1.6656632105489932,0,0
spline,direction,29,basis,0.3607760059211532,1.0211225346858024,2.084619310923522,3825.9496055630207,0.6603465287646492,1.0634967762377197,1.7238433050023687,0,0
spline,direction,30,spline,0.3932111412639337,1.0095145269165486,2.081394375405166,3950.5330695142493,0.616303385652615,1.0718798484886174,1.6881832341412324,0,0
spline,direction,30,basis,0.43634638436073697,1.1242244571709235,2.201043871124593,3822.8404308618196,0.6878780728101865,1.0768194139536698,1.7646974867638563,0,0
spline,direction,31,spline,0.27821272067285124,0.9123189028236407,1.9977026848818586,3625.6570889640916,0.6341061821507894,1.085383782058218,1.7194899642090073,0,0
spline,direction,31,basis,0.3061020613944812,0.9511726963293947,2.000021592390617,3701.1364113199975,0.6450706349349136,1.0488488960612221,1.6939195309961357,0,0
spline,direction,32,spline,0.37138658436647476,1.0267471903286938,2.088641452783114,3930.67463207473,0.655360605962219,1.0618942624544203,1.7172548684166393,0,0
spline,direction,32,basis,0.4695597917334193,1.121958694987912,2.1583328406382667,3913.411827824309,0.6523989032544926,1.0363741456503548,1.6887730489048474,0,0
spline,direction,33,spline,0.36801220900250425,1.0094564561660708,2.0917179509918253,3921.0041335419455,0.6414442471635666,1.0822614948257545,1.7237057419893211,0,0
spline,direction,33,basis,0.3403428871559113,1.0274738470102749,2.123095458736874,3656.6136513704873,0.6871309598543636,1.095621611726599,1.7827525715809627,0,0
spline,direction,34,spline,0.4134057450805177,1.0700263222206106,2.198861566565541,3959.3117736669424,0.6566205771400928,1.1288352443449305,1.7854558214850234,0,0
spline,direction,34,basis,0.3998378425344338,1.0264060295179422,2.0672285979977696,3962.238397506072,0.6265681869835085,1.0408225684798273,1.6673907554633358,0,0
spline,direction,35,spline,0.37714381427138366,0.9809891937265137,2.100740724075042,3913.980853558277,0.6038453794551301,1.1197515303485286,1.7235969098036585,0,0
spline,direction,35,basis,0.41058578700259657,1.0699085863653812,2.155341960452761,3937.739129463067,0.6593227993627846,1.0854333740873796,1.7447561734501642,0,0
spline,direction,36,spline,0.33718336746942995,0.9894209147211217,2.0407327531144004,3842.789798981229,0.6522375472516917,1.0513118383932787,1.7035493856449704,0,0
spline,direction,36,basis,0.31063098994988153,0.9464250130560735,2.0737657511909804,3719.2882423418655,0.635794023106192,1.1273407381349068,1.7631347612410988,0,0
spline,direction,37,spline,0.4260337766877191,1.06384733785384,2.172928959971873,3942.8536893581336,0.6378135611661209,1.1090816221180329,1.7468951832841537,0,0
spline,direction,37,basis,0.3837375115920867,1.0296790563606744,2.118761668840945,3917.2814384012872,0.6459415447685877,1.0890826124802706,1.7350241572488583,0,0
spline,direction,38,spline,0.38934797410542366,1.0221774175130658,2.11053351163304,3949.934476272797,0.6328294434076421,1.0883560941199744,1.7211855375276164,0,0
spline,direction,38,basis,0.36433696809664534,0.9962589003915386,2.09432424940667,3944.2485686481896,0.6319219322948932,1.098065349015131,1.7299872813100245,0,0
spline,direction,39,spline,0.3594397332178498,0.9532570585309409,2.046716719474361,3897.3432469646423,0.5938173253130912,1.0934596609434202,1.6872769862565111,0,0
spline,direction,39,basis,0.36538716773083013,1.0303869708312856,2.0329648407297194,3869.030215407787,0.6649998031004555,1.0025778698984338,1.6675776729988891,0,0
spline,curvature,0,spline,0.41706394612680325,1.0663795622084622,2.1187391127607307,4022.3317126771135,0.6493156160816589,1.0523595505522685,1.7016751666339274,0,0
spline,curvature,0,basis,0.47889611094452605,1.133026845534603,2.217843772268097,4059.426654297791,0.6541307345900771,1.0848169267334937,1.7389476613235708,0,0
spline,curvature,1,spline,0.4309736488643939,1.1032933288524158,2.187711112311012,4010.2289526404534,0.672319679988022,1.084417783458596,1.756737463446618,0,0
spline,curvature,1,basis,0.5157921754920969,1.1988825108374086,2.2944556935983687,4047.861852359081,0.6830903353453117,1.09557318276096,1.7786635181062718,0,0
spline,curvature,2,spline,0.46017102409126337,1.109800814921099,2.1774842183650374,4067.396398873798,0.6496297908298356,1.0676834034439384,1.717313194273774,0,0
spline,curvature,2,basis,0.463600228773814,1.0973036066733892,2.1903446919995027,4055.686894075952,0.6337033778995752,1.0930410853261134,1.7267444632256885,0,0
spline,curvature,3,spline,0.37771115305396774,1.0255522780280655,2.135560685287255,3839.105784595569,0.6478411249740977,1.1100084072591894,1.757849532233287,0,0
spline,curvature,3,basis,0.38798262993773697,1.0227750759718492,2.0919636687335035,3952.5956545789836,0.6347924460341123,1.0691885927616542,1.7039810387957666,0,0
spline,curvature,4,spline,0.4466964495257478,1.085600830858254,2.165617720735248,4069.1876630926154,0.6389043813325064,1.080016889876994,1.7189212712095003,0,0
spline,curvature,4,basis,0.4680037539578951,1.1380202040195908,2.2070245796223777,4060.7178151719404,0.6700164500616956,1.069004375602787,1.7390208256644826,0,0
spline,curvature,5,spline,0.4301955403403155,1.0686196606520642,2.1804288315486016,4053.5393595546425,0.6384241203117487,1.1118091708965374,1.750233291208286,0,0
spline,curvature,5,basis,0.45050811771747334,1.1097115023583393,2.1990634575898214,4042.881336084018,0.6592033846408659,1.089351955231482,1.7485553398723481,0,0
spline,curvature,6,spline,0.42762100034041467,1.0728132989152257,2.2325364289874177,4048.848983695296,0.6451922985748111,1.159723130072192,1.804915428647003,0,0
spline,curvature,6,basis,0.43277834084174205,1.0993285813172078,2.220292538311233,4053.96316558064,0.6665502404754657,1.1209639569940253,1.787514197469491,0,0
spline,curvature,7,spline,0.38462910209536183,1.0756826671168183,2.141155362339614,3967.5579122320014,0.6910535650214564,1.0654726952227955,1.756526260244252,0,0
spline,curvature,7,basis,0.44173693101477307,1.1045431152236365,2.1777073221290677,4052.126683660147,0.6628061842088634,1.0731642069054312,1.7359703911142947,0,0
spline,curvature,8,spline,0.447067804846313,1.0951654913567688,2.26895578466777,4050.287151571693,0.6480976865104557,1.1737902933110012,1.821887979821457,0,0
spline,curvature,8,basis,0.475838747251693,1.1450043352681145,2.2219870946454465,4020.9135139184095,0.6691655880164216,1.076982759377332,1.7461483473937536,0,0
spline,curvature,9,spline,0.5249548266752985,1.1900899686030761,2.2824480372058025,4062.7492836112283,0.6651351419277777,1.0923580686027263,1.757493210530504,0,0
spline,curvature,9,basis,0.43551717354786196,1.0753883387714291,2.1834413466774785,4006.3071198685175,0.6398711652235671,1.1080530079060493,1.7479241731296165,0,0
spline,curvature,10,spline,0.43645960703794695,1.0975125008627264,2.1818206030641947,4019.557818512044,0.6610528938247795,1.0843081022014682,1.7453609960262477,0,0
spline,curvature,10,basis,0.44767723782555424,1.143231421952311,2.294544125097665,4059.941903227054,0.6955541841267567,1.1513127031453538,1.8468668872721106,0,0
spline,curvature,11,spline,0.46191972171795387,1.0954108494900665,2.190958388081436,4055.3452949931766,0.6334911277721127,1.0955475385913696,1.7290386663634822,0,0
spline,curvature,11,basis,0.45303688589871216,1.1396294495245967,2.2386301585702593,3998.9954168352824,0.6865925636258845,1.0990007090456626,1.785593272671547,0,0
spline,curvature,12,spline,0.44381718273039356,1.1245987715595136,2.193375061629726,4062.283308662934,0.68078158882912,1.0687762900702122,1.7495578788993322,0,0
spline,curvature,12,basis,0.4611066256527658,1.1231251369979536,2.1814210529269484,4060.4123124803864,0.6620185113451877,1.0582959159289949,1.7203144272741826,0,0
spline,curvature,13,spline,0.4471527282189483,1.1094020374064717,2.1604926163311258,4045.616563480267,0.6622493091875234,1.051090578924654,1.7133398881121775,0,0
spline,curvature,13,basis,0.4535798666519376,1.111591908082267,2.182408365413576,4044.1813584304928,0.6580120414303293,1.070816457331309,1.7288284987616382,0,0
spline,curvature,14,spline,0.4614293798607026,1.1338372554303682,2.1965627464085427,4061.673864669179,0.6724078755696656,1.0627254909781745,1.7351333665478401,0,0
spline,curvature,14,basis,0.4484056970982471,1.105125887565431,2.22415224589655,4045.7209990104666,0.656720190467184,1.1190263583311189,1.7757465487983028,0,0
spline,curvature,15,spline,0.454079354418835,1.1211271772451312,2.2710211612830267,4066.442931002154,0.6670478228262962,1.1498939840378954,1.8169418068641916,0,0
spline,curvature,15,basis,0.40588161296983066,1.0559610194863205,2.069017758609052,3981.839096962751,0.6500794065164899,1.0130567391227316,1.6631361456392215,0,0
spline,curvature,16,spline,0.4529850580506524,1.1438335405859548,2.2565529759113754,4039.6802201598653,0.6908484825353023,1.1127194353254206,1.803567917860723,0,0
spline,curvature,16,basis,0.5029506484621231,1.171024844992032,2.232452101280395,4048.0837801155053,0.6680741965299088,1.061427256288363,1.729501452818272,0,0
spline,curvature,17,spline,0.3689022574606501,1.0167398957809886,2.0382144424065487,3872.5992779774115,0.6478376383203385,1.0214745466255601,1.6693121849458987,0,0
spline,curvature,17,basis,0.44290492390876424,1.0871403988341641,2.1557450056204823,4039.497581348244,0.6442354749253999,1.0686046067863182,1.7128400817117182,0,0
spline,curvature,18,spline,0.44543895389725346,1.092068893173286,2.138750876129504,4045.8747718865557,0.6466299392760326,1.046681982956218,1.6933119222322506,0,0
spline,curvature,18,basis,0.4245092761513608,1.0845065833157017,2.1529522501548484,4011.5610052344023,0.6599973071643409,1.0684456668391467,1.7284429740034875,0,0
spline,curvature,19,spline,0.4509535558070641,1.1819619925929887,2.316276327912036,4044.2284939352776,0.7310084367859246,1.1343143353190472,1.8653227721049719,0,0
spline,curvature,19,basis,0.42452534986464185,1.098189206708349,2.2063655415959262,4037.6621108972045,0.6736638568437071,1.1081763348875773,1.7818401917312845,0,0
spline,curvature,20,spline,0.4749555722008222,1.124741752049764,2.2576711078236067,4067.8143043110153,0.6497861798489418,1.1329293557738427,1.7827155356227844,0,0
spline,curvature,20,basis,0.42598082704454415,1.0786383566906173,2.181749146480526,4014.1171873327403,0.652657529646073,1.1031107897899086,1.7557683194359817,0,0
spline,curvature,21,spline,0.4693354827627468,1.1187394409237474,2.2205359437624104,4051.4529182113506,0.6494039581610007,1.101796502838663,1.7512004609996636,0,0
spline,curvature,21,basis,0.4591590065637819,1.1474839436522997,2.268729493173391,4039.0938478471494,0.6883249370885178,1.1212455495210913,1.8095704866096092,0,0
spline,curvature,22,spline,0.4290117147033676,1.0957617317738182,2.21920485514225,4019.0520547502206,0.6667500170704506,1.1234431233684317,1.7901931404388822,0,0
spline,curvature,22,basis,0.4006041953914918,1.0557691677774845,2.21174012334287,3939.2880212685345,0.6551649723859927,1.1559709555653854,1.8111359279513781,0,0
spline,curvature,23,spline,0.4588628387592243,1.1431861535458663,2.3042104640870593,4068.382880345432,0.684323314786642,1.161024310541193,1.8453476253278351,0,0
spline,curvature,23,basis,0.36423987328945767,1.0648045230368344,2.1212394474730294,3916.825588879092,0.7005646497473768,1.056434924436195,1.7569995741835718,0,0
spline,curvature,24,spline,0.4672697873881287,1.1460994645955744,2.2081463804135284,4020.1011943619296,0.6788296772074458,1.062046915817954,1.7408765930253998,0,0
spline,curvature,24,basis,0.4345454357059423,1.1308834128057252,2.2003445533655506,4034.1873216138583,0.696337977099783,1.0694611405598253,1.7657991176596082,0,0
spline,curvature,25,spline,0.3902003538204999,1.0297327945746622,2.1934340952712685,3995.078306759202,0.6395324407541623,1.1637013006966064,1.8032337414507686,0,0
spline,curvature,25,basis,0.3522313204298594,1.0210876732925167,2.107403070584523,3864.0998803901643,0.6688563528626573,1.086315397292006,1.7551717501546635,0,0
spline,curvature,26,spline,0.4843864629126351,1.1423763034393435,2.2988051306911115,3986.0762714764937,0.6579898405267084,1.156428827251768,1.8144186677784764,0,0
spline,curvature,26,basis,0.4100174984302282,1.0821151951596624,2.2291644540555366,3989.7826035588078,0.6720976967294341,1.1470492588958743,1.8191469556253084,0,0
spline,curvature,27,spline,0.467740694153694,1.1177212470766813,2.186196638073742,4065.789804434874,0.6499805529229873,1.0684753909970608,1.718455943920048,0,0
spline,curvature,27,basis,0.4437307258084904,1.142900895598939,2.194537726488157,4059.2444541604345,0.6991701697904487,1.051636830889218,1.7508070006796668,0,0
spline,curvature,28,spline,0.42757615137259636,1.1112633603484852,2.1514486862895277,4031.7401568432147,0.6836872089758887,1.0401853259410425,1.7238725349169313,0,0
spline,curvature,28,basis,0.39792476850326985,1.0969310061769062,2.2201684457876754,3953.9244608539807,0.6990062376736363,1.1232374396107692,1.8222436772844055,0,0
spline,curvature,29,spline,0.46249953595616355,1.1228277550587524,2.207476564999462,4064.8699781623845,0.6603282191025889,1.0846488099407097,1.7449770290432984,0,0
spline,curvature,29,basis,0.4493144507468358,1.122007496577239,2.1675496403530916,4059.993600439674,0.6726930458304032,1.0455421437758525,1.7182351896062558,0,0
spline,curvature,30,spline,0.4785350815624748,1.1626748897164088,2.3158241649907807,4059.9292792324563,0.6841398081539339,1.153149275274372,1.8372890834283058,0,0
spline,curvature,30,basis,0.40837958234445537,1.0912256709714054,2.268238308413772,3957.751233671391,0.6828460886269501,1.1770126374423666,1.8598587260693167,0,0
spline,curvature,31,spline,0.4053622232390675,1.0702898952490647,2.0857059499819655,3988.162142014439,0.6649276720099973,1.0154160547329008,1.680343726742898,0,0
spline,curvature,31,basis,0.4367977501779452,1.1105555830762823,2.15607241775948,4039.9282693906193,0.6737578328983371,1.0455168346831976,1.7192746675815347,0,0
spline,curvature,32,spline,0.3815266048819024,1.0449834585508144,2.1773109618024065,3953.898444443844,0.663456853668912,1.132327503251592,1.795784356920504,0,0
spline,curvature,32,basis,0.39678933035015856,1.0659233676806856,2.1716671712101157,3943.5264904992673,0.669134037330527,1.10574380352943,1.774877840859957,0,0
spline,curvature,33,spline,0.43398421265463194,1.109508235591555,2.213360621104793,4039.0207950753997,0.6755240229369232,1.103852385513238,1.7793764084501613,0,0
spline,curvature,33,basis,0.4341451560640834,1.1273976901517866,2.1774879499958373,4049.9463537650477,0.6932525340877032,1.0500902598440507,1.7433427939317538,0,0
spline,curvature,34,spline,0.4458083782029319,1.1051768756370508,2.2232846278032006,4046.408689011184,0.659368497434119,1.1181077521661498,1.7774762496002687,0,0
spline,curvature,34,basis,0.41785792321004533,1.0730023623382556,2.172150629167581,4011.092878342012,0.6551444391282103,1.0991482668293253,1.7542927059575355,0,0
spline,curvature,35,spline,0.4050838902125916,1.0874717567532517,2.1298920715563807,3953.699576201355,0.6823878665406601,1.042420314803129,1.7248081813437892,0,0
spline,curvature,35,basis,0.3959943753810755,1.0432376194871593,2.159011536403223,3987.763656123618,0.6472432441060838,1.1157739169160639,1.7630171610221477,0,0
spline,curvature,36,spline,0.4564642852426463,1.131065932729341,2.226086574413411,4048.230501702473,0.6746016474866947,1.09502064168407,1.7696222891707647,0,0
spline,curvature,36,basis,0.44475147136457555,1.1271622417125788,2.184251089200038,4053.305656552535,0.6824107703480033,1.0570888474874593,1.7394996178354627,0,0
spline,curvature,37,spline,0.46147525237266257,1.1135902272847336,2.2141870471719205,4059.1593101429567,0.6521149749120709,1.100596819887187,1.7527117947992579,0,0
spline,curvature,37,basis,0.4487765839376239,1.1338379260015685,2.244318026764985,4042.019592605321,0.6850613420639446,1.1104801007634166,1.7955414428273613,0,0
spline,curvature,38,spline,0.4651300453799399,1.1197110158059802,2.2726104481352984,4061.8954156098557,0.6545809704260404,1.1528994323293182,1.8074804027553586,0,0
spline,curvature,38,basis,0.441040959887472,1.122836246339571,2.260332810040817,4054.412395125312,0.6817952864520989,1.1374965637012462,1.819291850153345,0,0
spline,curvature,39,spline,0.476636783776731,1.1661018848527047,2.2878956298502304,4020.693004096468,0.6894651010759737,1.1217937449975257,1.8112588460734993,0,0
spline,curvature,39,basis,0.43358243100695504,1.0613522396098147,2.127535968144206,4021.2135417178774,0.6277698086028597,1.0661837285343914,1.6939535371372512,0,0
spline,inflection,0,spline,0.0001220479650016849,0.00012204796714989556,0.006443471955841318,249.26253610484565,2.1482106593801245e-12,0.006321423988691422,0.006321423990839633,1,1
spline,inflection,0,basis,0.0001220479650016849,0.00012204796511938291,0.002363781122585155,241.96898691742393,1.1769800628905203e-13,0.002241733157465772,0.00224173315758347,1,1
spline,inflection,1,spline,0.0001220479650016849,0.0001220479795260628,0.012473735411535828,264.019744354826,1.4524377902648544e-11,0.012351687432009765,0.012351687446534143,0,1
spline,inflection,1,basis,0.0001220479650016849,0.00012204796524674103,0.003022726981314769,230.31329027083558,2.450561319622055e-13,0.0029006790160680277,0.002900679016313084,1,1
spline,inflection,2,spline,0.0001220479650016849,0.00012204796723916839,0.008302945158818138,246.62697459395403,2.2374834867918206e-12,0.00818089719157897,0.008180897193816454,1,1
spline,inflection,2,basis,0.0001220479650016849,0.00012204796508118658,0.00414213793957111,238.80155447801968,7.950167217260495e-14,0.004020089974489923,0.004020089974569425,1,1
spline,inflection,3,spline,0.0001220479650016849,0.00012204796827024731,0.007927576537167002,250.64653707284785,3.268562409120858e-12,0.007805528568896755,0.007805528572165318,1,1
spline,inflection,3,basis,0.0001220479650016849,0.00012204796613180782,0.005056692621476859,230.20173564569055,1.1301229185323516e-12,0.004934644655345052,0.004934644656475175,1,1
spline,inflection,4,spline,0.00012204796500190697,0.00012204796500745877,0.001062958591461061,205.78263269713082,5.551792749483586e-15,0.0009409106264536023,0.0009409106264591541,1,1
spline,inflection,4,basis,0.0001220479650016849,0.00012204796511694012,0.0016313221863596492,211.80535710139836,1.1525521747927925e-13,0.0015092742212427092,0.0015092742213579644,1,1
spline,inflection,5,spline,0.0001220479650016849,0.00012204796522331247,0.003368742319600107,235.2362663418399,2.2162756655938476e-13,0.0032466943543767945,0.003246694354598422,1,1
spline,inflection,5,basis,0.0001220479650016849,0.00012204796588486408,0.0051320758189972605,230.14532952018686,8.831791770353217e-13,0.005010027853112396,0.005010027853995576,1,1
spline,inflection,6,spline,0.00012204796500190697,0.00012204796512449056,0.0034373014041374945,232.93344356436347,1.2258358390859758e-13,0.003315253439013004,0.0033152534391355875,1,1
spline,inflection,6,basis,0.0001220479650016849,0.00012204796623118491,0.005609875958225558,239.06639111224592,1.2295000087481078e-12,0.005487827991994374,0.005487827993223874,1,1
spline,inflection,7,spline,0.0001220479650016849,0.00012204796521087645,0.002926460929892299,241.1737212193142,2.0919155080054153e-13,0.0028044129646814225,0.002804412964890614,1,1
spline,inflection,7,basis,0.0001220479650016849,0.00012204796519821837,0.0032276927237707563,235.08143303498557,1.9653346333171895e-13,0.003105644758572538,0.0031056447587690713,1,1
spline,inflection,8,spline,0.0001220479650016849,0.00012204796501056777,0.0015155623243013248,201.9945154284646,8.882868399173738e-15,0.001393514359290757,0.00139351435929964,1,1
spline,inflection,8,basis,0.0001220479650016849,0.00012204796510472618,0.0018814660399724622,225.0761919130206,1.0304127343041536e-13,0.0017594180748677361,0.0017594180749707774,1,1
spline,inflection,9,spline,0.0001220479650016849,0.00012204796500212905,0.0007602968001821883,202.9534392695717,4.441434199586869e-16,0.0006382488351800593,0.0006382488351805034,1,1
spline,inflection,9,basis,0.0001220479650016849,0.00012204796576050392,0.0022823425125502775,218.9908388052081,7.588190194468894e-13,0.0021602945467897737,0.0021602945475485925,1,1
spline,inflection,10,spline,0.0001220479650016849,0.00012204796511249869,0.002145617497777521,247.92779331720357,1.1081378327969238e-13,0.002023569532665022,0.002023569532775836,1,1
spline,inflection,10,basis,0.00012204796500190697,0.000122047968783344,0.006723592497948922,234.83827889396096,3.7814370233181516e-12,0.0066015445291655785,0.0066015445329470155,1,1
spline,inflection,11,spline,0.0001220479650016849,0.00012204796501456506,0.0016064767751304578,212.43523157698334,1.288015917880192e-14,0.0014844288101158926,0.001484428810128773,1,1
spline,inflection,11,basis,0.00012204796500190697,0.00012204796546570374,0.002216305774968921,221.8627047810813,4.637967662918588e-13,0.0020942578095032175,0.002094257809967014,1,1
spline,inflection,12,spline,0.0001220479650016849,0.00012204796515202745,0.0026112211915290244,209.70874790608985,1.5034254765601551e-13,0.002489173226376997,0.0024891732265273393,1,1
spline,inflection,12,basis,0.0001220479650016849,0.00012204796815077275,0.0052538819985776366,263.85840679009704,3.1490878427044983e-12,0.005131834030426864,0.005131834033575952,1,1
spline,inflection,13,spline,0.0001220479650016849,0.00012204796509473295,0.00283836093507776,267.5622802114272,9.30480464813449e-14,0.002716312969983027,0.002716312970076075,1,1
spline,inflection,13,basis,0.0001220479650016849,0.00012204796580447412,0.003931346429632164,225.70322964823785,8.027892180227994e-13,0.0038092984638276894,0.0038092984646304786,1,1
spline,inflection,14,spline,0.0001220479650016849,0.00012204796531491705,0.004657209715905559,221.90380217680772,3.1323214692586393e-13,0.004535161750590642,0.004535161750903874,1,1
spline,inflection,14,basis,0.0001220479650016849,0.00012204796573718639,0.0030978875971564594,212.15150922958102,7.355014898990583e-13,0.002975839631419273,0.0029758396321547744,1,1
spline,inflection,15,spline,0.00012204796500146283,0.00012204796505942355,0.001693147463998327,230.55787621362506,5.796071630460864e-14,0.0015710994989389035,0.0015710994989968643,1,1
spline,inflection,15,basis,0.0001220479650016849,0.00012204796956015083,0.00402939670016215,231.22359524550384,4.558465922983347e-12,0.003907348730601999,0.003907348735160465,1,1
spline,inflection,16,spline,0.0001220479650016849,0.00012204796502255964,0.0017002681023431778,218.30904267260104,2.0874740738058284e-14,0.0015782201373206182,0.001578220137341493,1,1
spline,inflection,16,basis,0.0001220479650016849,0.00012204796627071368,0.0033140607580037372,226.86423211550704,1.269028773124431e-12,0.0031920127917330235,0.003192012793002052,1,1
spline,inflection,17,spline,0.00012204796500190697,0.00012204796531802605,0.004099250840713398,270.6678740353812,3.161190791555954e-13,0.003977202875395372,0.003977202875711491,1,1
spline,inflection,17,basis,0.0001220479650016849,0.00012204796554387297,0.004694426561384191,233.61829796798114,5.421880663620399e-13,0.004572378595840317,0.004572378596382506,1,1
spline,inflection,18,spline,0.0001220479650016849,0.0001220479650032394,0.0011164250388305715,216.59091205115445,1.5545019698554041e-15,0.0009943770738273321,0.0009943770738288866,1,1
spline,inflection,18,basis,0.0001220479650016849,0.00012204796548191498,0.002570738572209676,235.66411085627138,4.802300728303302e-13,0.002448690606727761,0.002448690607207991,1,1
spline,inflection,19,spline,0.0001220479650016849,0.0001220479667316235,0.005414348296194422,251.82660251432213,1.7299385936340311e-12,0.005292300329462798,0.005292300331192737,1,1
spline,inflection,19,basis,0.0001220479650016849,0.0001220479653844255,0.003741633011834329,242.26157184900674,3.8274059214939843e-13,0.0036195850464499036,0.003619585046832644,1,1
spline,inflection,20,spline,0.0001220479650016849,0.0001220479651673504,0.003618270324038162,232.098708132198,1.656654956445902e-13,0.0034962223588708118,0.003496222359036477,1,1
spline,inflection,20,basis,0.0001220479650016849,0.0001220479653906435,0.005202142309840052,226.48125173264145,3.8895860002882005e-13,0.0050800943444494085,0.005080094344838367,1,1
spline,inflection,21,spline,0.0001220479650016849,0.00012204796524318789,0.004050095061408978,194.23759284688674,2.41502984602536e-13,0.00392804709616579,0.003928047096407293,1,1
spline,inflection,21,basis,0.0001220479650016849,0.0001220479654212894,0.0031516290199956006,230.6997647341804,4.1960449600596944e-13,0.003029581054574311,0.0030295810549939156,1,1
spline,inflection,22,spline,0.0001220479650016849,0.00012204796501700785,0.0062829869131423854,238.58522653161532,1.5322947988574698e-14,0.006160938948125377,0.006160938948140701,1,1
spline,inflection,22,basis,0.0001220479650016849,0.00012204796724605261,0.007291208056932593,236.34937458324924,2.2443677098011802e-12,0.00716916008968654,0.007169160091930908,1,1
spline,inflection,23,spline,0.0001220479650016849,0.00012204796501234435,0.0016313772789466503,243.9173405142036,1.0659442079008485e-14,0.001509329313934306,0.0015093293139449655,1,1
spline,inflection,23,basis,0.0001220479650016849,0.00012204796617588906,0.003411919814891475,256.08802833817333,1.1742041529632513e-12,0.003289871848715586,0.00328987184988979,1,1
spline,inflection,24,spline,0.0001220479650016849,0.00012204796504343438,0.002124210649215788,223.00624327278192,4.174948147611657e-14,0.002002162684172354,0.002002162684214103,1,1
spline,inflection,24,basis,0.0001220479650016849,0.00012204796661836692,0.003718444735057578,217.32529479917673,1.616682021544566e-12,0.003596396768439211,0.003596396770055893,1,1
spline,inflection,25,spline,0.0001220479650016849,0.0001220479650323308,0.002094348591161392,186.91097326388095,3.0645895977149396e-14,0.0019723006261290615,0.001972300626159707,1,1
spline,inflection,25,basis,0.0001220479650016849,0.00012204798348193716,0.010474047882188565,255.66202616614387,1.848025225415547e-11,0.010351999898706629,0.010351999917186881,0,1
spline,inflection,26,spline,0.0001220479650016849,0.0001220479663906324,0.006413262072309156,250.2132872827208,1.3889474965132764e-12,0.006291214105918524,0.006291214107307472,1,1
spline,inflection,26,basis,0.0001220479650016849,0.00012204796511183247,0.00389158675706576,216.22387758929818,1.1014756814975435e-13,0.0037695387919539276,0.003769538792064075,1,1
spline,inflection,27,spline,0.0001220479650016849,0.0001220479650221155,0.0029569963257942465,247.96057862182946,2.0430597318099597e-14,0.0028349483607721312,0.0028349483607925615,1,1
spline,inflection,27,basis,0.0001220479650016849,0.00012204798082218433,0.01006854623613719,243.57327169603013,1.5820499424390455e-11,0.009946498255315007,0.009946498271135506,0,1
spline,inflection,28,spline,0.0001220479650016849,0.0001220479650589794,0.0017249061778370962,244.2512323663608,5.729450117467061e-14,0.0016028582127781167,0.0016028582128354114,1,1
spline,inflection,28,basis,0.0001220479650016849,0.00012204796566756691,0.0022691597052744944,222.56932121563204,6.658820088205342e-13,0.0021471117396069275,0.0021471117402728094,1,1
spline,inflection,29,spline,0.0001220479650016849,0.00012204796538353721,0.0032279174502620306,243.79660957526494,3.8185230530948105e-13,0.0031058694848784935,0.0031058694852603456,1,1
spline,inflection,29,basis,0.0001220479650016849,0.00012204796535910932,0.003693689908632335,254.0381928454713,3.574244172117533e-13,0.003571641943273226,0.00357164194363065,1,1
spline,inflection,30,spline,0.0001220479650016849,0.00012204796786640992,0.008530168087383416,229.69942446293928,2.864725018075949e-12,0.008408120119517005,0.008408120122381731,1,1
spline,inflection,30,basis,0.0001220479650016849,0.0001220479652454086,0.0023869536857828327,238.9701670825486,2.4372370170232943e-13,0.002264905720537424,0.0022649057207811477,1,1
spline,inflection,31,spline,0.0001220479650016849,0.00012204796501567542,0.0012765841672844336,214.52047911338295,1.3990517728698637e-14,0.0011545362022687582,0.0011545362022827488,1,1
spline,inflection,31,basis,0.0001220479650016849,0.00012204796551344916,0.0026312056035243756,231.61795916033614,5.11764255647397e-13,0.0025091576380109263,0.0025091576385226906,1,1
spline,inflection,32,spline,0.0001220479650016849,0.00012204796522708769,0.0031340040343720336,234.23928357878285,2.254027856290336e-13,0.003011956069144946,0.0030119560693703485,1,1
spline,inflection,32,basis,0.0001220479650016849,0.00012204796532846342,0.003356904263402832,236.5583982156576,3.267785212346039e-13,0.0032348562980743685,0.003234856298401147,1,1
spline,inflection,33,spline,0.00012204796500190697,0.00012204796500257319,0.0014433393025710987,207.30622534105305,6.662151299380303e-16,0.0013212913375685255,0.0013212913375691916,1,1
spline,inflection,33,basis,0.0001220479650016849,0.00012204796506719606,0.0014153784711605523,228.47926240770602,6.551115444390632e-14,0.0012933305060933563,0.0012933305061588675,1,1
spline,inflection,34,spline,0.00012204796500190697,0.00012204796555986213,0.004383153233006338,237.02860495140047,5.579551577705733e-13,0.004261105267446476,0.004261105268004431,1,1
spline,inflection,34,basis,0.0001220479650016849,0.00012204796532024677,0.0038456381884553106,247.6157066337879,3.1856186796536817e-13,0.003723590223135064,0.0037235902234536255,1,1
spline,inflection,35,spline,0.00012204796500190697,0.0001220479651131649,0.005019533691065936,243.89971580176132,1.1125792669965107e-13,0.004897485725952771,0.004897485726064029,1,1
spline,inflection,35,basis,0.0001220479650016849,0.00012204796502566865,0.003812598662424708,235.64871351731028,2.3983744677769092e-14,0.0036905506973990395,0.003690550697423023,1,1
spline,inflection,36,spline,0.0001220479650016849,0.00012204796508207486,0.0027833089778339162,244.62791338105285,8.038995901252233e-14,0.0026612610127518415,0.002661261012832231,1,1
spline,inflection,36,basis,0.0001220479650016849,0.00012204796523119602,0.0028204061403737397,253.49015390917899,2.2951111226365145e-13,0.002698358175142544,0.0026983581753720546,1,1
spline,inflection,37,spline,0.0001220479650016849,0.00012204796741549331,0.005236215509852361,252.19153117282679,2.413808410962892e-12,0.005114167542436867,0.005114167544850676,1,1
spline,inflection,37,basis,0.0001220479650016849,0.00012204796508207486,0.003601001244309678,235.81803745154778,8.038995901252233e-14,0.003478953279227603,0.003478953279307993,1,1
spline,inflection,38,spline,0.0001220479650016849,0.00012204796519355486,0.003428901999336151,238.21528700058485,1.9186995742215274e-13,0.003306854034142596,0.003306854034334466,1,1
spline,inflection,38,basis,0.0001220479650016849,0.00012204796556052835,0.004130449064708083,261.8301992316871,5.588434446104906e-13,0.004008401099147555,0.0040084010997063985,1,1
spline,inflection,39,spline,0.00012204796500146283,0.00012204796506786227,0.0029713819509966186,218.75473046970114,6.639944128382369e-14,0.0028493339859287565,0.0028493339859951556,1,1
spline,inflection,39,basis,0.0001220479650016849,0.00012204796504521096,0.003267538926513957,238.1280478901679,4.3526055155951315e-14,0.003145490961468746,0.003145490961512272,1,1
spline,turning,0,spline,0.0001220479650016849,0.00012204796500657048,0.0039042987453611834,271.13748310533794,4.885577619545556e-15,0.003782250780354613,0.0037822507803594984,1,1
spline,turning,0,basis,0.0001220479650016849,0.00012204796500590427,0.004383330514323202,246.9115574210799,4.2193624896075255e-15,0.004261282549317297,0.004261282549321517,1,1
spline,turning,1,spline,0.0001220479650016849,0.00012204796522109175,0.010592725741145266,263.2941174957912,2.1940684945959132e-13,0.010470677775924173,0.010470677776143581,0,1
spline,turning,1,basis,0.0001220479650016849,0.00012204796500612634,0.0038145360839440963,274.9492384223921,4.441434199586869e-15,0.00369248811893797,0.0036924881189424113,1,1
spline,turning,2,spline,0.00012204796500212905,0.0001220479650221155,0.0046752615878786555,242.6976314710331,1.998645389814091e-14,0.00455321362285654,0.004553213622876527,1,1
spline,turning,2,basis,0.0001220479650016849,0.00012204796502033893,0.004622958365844117,237.81258323744035,1.865402363826485e-14,0.004500910400823778,0.0045009104008424325,1,1
spline,turning,3,spline,0.0001220479650016849,0.00012204796500368355,0.004723857248209791,250.42089596636993,1.998645389814091e-15,0.004601809283206107,0.004601809283208106,1,1
spline,turning,3,basis,0.0001220479650016849,0.00012204796500612634,0.00378132618032922,264.8003773411773,4.441434199586869e-15,0.0036592782153230937,0.003659278215327535,1,1
spline,turning,4,spline,0.0001220479650016849,0.00012204796500346148,0.0035932877498329983,256.96027732793107,1.7765736798347476e-15,0.003471239784829537,0.0034712397848313133,1,1
spline,turning,4,basis,0.0001220479650016849,0.00012204796500235112,0.0027061430730996724,261.4553675104753,6.662151299380303e-16,0.0025840951080973213,0.0025840951080979874,1,1
spline,turning,5,spline,0.0001220479650016849,0.0001220479650056822,0.003936656662786549,270.3906992354959,3.997290779628182e-15,0.0038146086977808667,0.003814608697784864,1,1
spline,turning,5,basis,0.0001220479650016849,0.00012204796500923534,0.004255086176244506,261.17881440267735,7.550438139297677e-15,0.004133038211235271,0.004133038211242821,1,1
spline,turning,6,spline,0.0001220479650016849,0.00012204796500257319,0.00429886809339085,228.53438422997863,8.882868399173738e-16,0.004176820128388277,0.004176820128389165,1,1
spline,turning,6,basis,0.0001220479650016849,0.00012204796500212905,0.0017387883850670418,246.64251151131444,4.441434199586869e-16,0.0016167404200649127,0.001616740420065357,1,1
spline,turning,7,spline,0.0001220479650016849,0.00012204796500768084,0.0021675185158236917,235.82188670100888,5.995936169442273e-15,0.002045470550816011,0.0020454705508220067,1,1
spline,turning,7,basis,0.0001220479650016849,0.000122047965020561,0.004500728024664672,221.64964429749844,1.8876095348244193e-14,0.004378680059644111,0.0043786800596629875,1,1
spline,turning,8,spline,0.0001220479650016849,0.00012204796502722315,0.003704873710486577,249.1139677472097,2.5538246647624496e-14,0.003582825745459354,0.003582825745484892,1,1
spline,turning,8,basis,0.0001220479650016849,0.00012204796502700108,0.004358784847069388,249.98316147005033,2.5316174937645153e-14,0.004236736882042387,0.004236736882067703,1,1
spline,turning,9,spline,0.0001220479650016849,0.000122047965020561,0.004691335191451169,243.79608979801398,1.8876095348244193e-14,0.004569287226430608,0.004569287226449484,1,1
spline,turning,9,basis,0.00012204796500146283,0.00012204796500479391,0.0031745435496788156,270.1918637170992,3.3310756496901517e-15,0.0030524955846740216,0.0030524955846773527,1,1
spline,turning,10,spline,0.00012204796500146283,0.00012204796505764697,0.005048713856481288,262.8105213684749,5.618414262477389e-14,0.004926665891423641,0.004926665891479825,1,1
spline,turning,10,basis,0.0001220479650016849,0.00012204796500346148,0.0020654100588399556,236.04382165397462,1.7765736798347476e-15,0.0019433620938364943,0.0019433620938382708,1,1
spline,turning,11,spline,0.0001220479650016849,0.00012204796500612634,0.004462180716522572,263.17934739479716,4.441434199586869e-15,0.0043401327515164454,0.004340132751520887,1,1
spline,turning,11,basis,0.0001220479650016849,0.00012204796500612634,0.005069397951289209,248.03734227297204,4.441434199586869e-15,0.004947349986283082,0.004947349986287524,1,1
spline,turning,12,spline,0.00012204796500146283,0.00012204796500479391,0.003694222132720431,270.22727890589806,3.3310756496901517e-15,0.003572174167715637,0.003572174167718968,1,1
spline,turning,12,basis,0.0001220479650016849,0.00012204796500257319,0.00393720532438105,242.62461916900364,8.882868399173738e-16,0.0038151573593784766,0.003815157359379365,1,1
spline,turning,13,spline,0.0001220479650016849,0.00012204796508873701,0.005073932274473294,273.12461971643285,8.705211031190263e-14,0.004951884309384556,0.004951884309471609,1,1
spline,turning,13,basis,0.0001220479650016849,0.00012204796501012363,0.003779028079190038,237.3355892239813,8.438724979215051e-15,0.0036569801141799144,0.003656980114188353,1,1
spline,turning,14,spline,0.00012204796500146283,0.00012204796500901327,0.002845462154879606,224.0249080724967,7.550438139297677e-15,0.0027234141898705927,0.002723414189878143,1,1
spline,turning,14,basis,0.0001220479650016849,0.0001220479650016849,0.0019368206538000951,208.44847888631222,0.0,0.0018147726887984103,0.0018147726887984103,1,1
spline,turning,15,spline,0.0001220479650016849,0.0001220479650016849,0.005167422599350573,243.9396638624365,0.0,0.0050453746343488886,0.0050453746343488886,1,1
spline,turning,15,basis,0.0001220479650016849,0.0001220479650016849,0.004246716590077124,218.55391494952553,0.0,0.004124668625075439,0.004124668625075439,1,1
spline,turning,16,spline,0.0001220479650016849,0.00012204796501234435,0.003544257167542952,253.62815430705254,1.0659442079008485e-14,0.0034222092025306076,0.003422209202541267,1,1
spline,turning,16,basis,0.0001220479650016849,0.00012204796505409383,0.006538501779840904,212.63696127273465,5.2408923555125053e-14,0.00641645381478681,0.0064164538148392194,1,1
spline,turning,17,spline,0.0001220479650016849,0.00012204796503655016,0.0056269388621777916,252.26203539536596,3.486525846675692e-14,0.005504890897141242,0.005504890897176107,1,1
spline,turning,17,basis,0.0001220479650016849,0.0001220479650056822,0.004132445571169711,235.27061014460844,3.997290779628182e-15,0.0040103976061640284,0.004010397606168026,1,1
spline,turning,18,spline,0.0001220479650016849,0.00012204796500523805,0.003177394068336499,260.163618770711,3.553147359669495e-15,0.0030553461033312607,0.003055346103334814,1,1
spline,turning,18,basis,0.00012204796500190697,0.00012204796500701462,0.002985816001807289,238.7183074799571,5.107649329524899e-15,0.0028637680368002747,0.002863768036805382,1,1
spline,turning,19,spline,0.0001220479650016849,0.00012204796501389885,0.00436868164610236,250.4347217377477,1.221394404886389e-14,0.004246633681088461,0.0042466336811006755,1,1
spline,turning,19,basis,0.0001220479650016849,0.00012204796501967271,0.0059022797399447356,230.5418867754487,1.798780850832682e-14,0.005780231774925063,0.005780231774943051,1,1
spline,turning,20,spline,0.0001220479650016849,0.00012204796503321909,0.008253597986369057,248.5726778401753,3.153418281706677e-14,0.008131550021335839,0.008131550021367373,1,1
spline,turning,20,basis,0.00012204796500190697,0.00012204796501478713,0.004641070757467862,246.93967043088062,1.288015917880192e-14,0.004519022792453075,0.004519022792465955,1,1
spline,turning,21,spline,0.0001220479650016849,0.00012204796500257319,0.0035391903040930834,224.51897804624576,8.882868399173738e-16,0.00341714233909051,0.0034171423390913984,1,1
spline,turning,21,basis,0.0001220479650016849,0.00012204796500212905,0.002701792353745015,233.82440434484997,4.441434199586869e-16,0.0025797443887428857,0.0025797443887433298,1,1
spline,turning,22,spline,0.0001220479650016849,0.00012204796500479391,0.004194924416043508,263.8856725649572,3.1090039397108082e-15,0.004072876451038714,0.004072876451041823,1,1
spline,turning,22,basis,0.0001220479650016849,0.00012204796500523805,0.004105558295686214,245.96749328373343,3.553147359669495e-15,0.003983510330680976,0.003983510330684529,1,1
spline,turning,23,spline,0.0001220479650016849,0.00012204796500479391,0.004530847844367908,256.9756536059702,3.1090039397108082e-15,0.004408799879363114,0.004408799879366224,1,1
spline,turning,23,basis,0.0001220479650016849,0.00012204796500346148,0.005751061200333994,230.91134168284154,1.7765736798347476e-15,0.005629013235330532,0.00562901323533231,1,1
spline,turning,24,spline,0.0001220479650016849,0.0001220479650087912,0.005961197929063243,235.9123481970175,7.10629471933899e-15,0.005839149964054452,0.005839149964061558,1,1
spline,turning,24,basis,0.0001220479650016849,0.00012204796500412769,0.0043120628386949765,243.3102642773874,2.442788809772778e-15,0.0041900148736908486,0.004190014873693292,1,1
spline,turning,25,spline,0.0001220479650016849,0.00012204796500523805,0.004543750938041854,270.8938250083898,3.553147359669495e-15,0.004421702973036616,0.00442170297304017,1,1
spline,turning,25,basis,0.0001220479650016849,0.00012204796500634841,0.005489624653295424,234.00236942145787,4.663505909566212e-15,0.005367576688289076,0.0053675766882937395,1,1
spline,turning,26,spline,0.0001220479650016849,0.00012204796505165104,0.004340861795082876,229.4047203419478,4.9966134745352275e-14,0.004218813830031225,0.004218813830081191,1,1
spline,turning,26,basis,0.0001220479650016849,0.00012204796500190697,0.0019800525611951432,231.69821833504514,2.2207170997934345e-16,0.0018580045961932362,0.0018580045961934584,1,1
spline,turning,27,spline,0.0001220479650016849,0.00012204796500301733,0.0030491138221516584,245.74936742318496,1.3324302598760607e-15,0.002927065857148641,0.0029270658571499734,1,1
spline,turning,27,basis,0.0001220479650016849,0.00012204796500434976,0.0031959448907471462,253.93942339359978,2.6648605197521213e-15,0.0030738969257427967,0.003073896925745461,1,1
spline,turning,28,spline,0.0001220479650016849,0.00012204796504143574,0.004022750452945087,235.81136094265858,3.9750836086302477e-14,0.0039007024879036513,0.003900702487943402,1,1
spline,turning,28,basis,0.0001220479650016849,0.00012204796502078307,0.006100723165029349,222.9500816359546,1.9098167058223536e-14,0.005978675200008566,0.005978675200027665,1,1
spline,turning,29,spline,0.0001220479650016849,0.00012204796500634841,0.0033432900873254733,256.12523222476636,4.663505909566212e-15,0.003221242122319125,0.0032212421223237883,1,1
spline,turning,29,basis,0.0001220479650016849,0.00012204796500790291,0.003714493757755203,240.26961069217992,6.2180078794216165e-15,0.0035924457927473,0.003592445792753518,1,1
spline,turning,30,spline,0.0001220479650016849,0.00012204796500257319,0.004021982595137976,266.94204974109215,8.882868399173738e-16,0.0038999346301354025,0.0038999346301362907,1,1
spline,turning,30,basis,0.0001220479650016849,0.00012204796500523805,0.0039017043153304377,250.24761328685284,3.553147359669495e-15,0.0037796563503251996,0.0037796563503287527,1,1
spline,turning,31,spline,0.0001220479650016849,0.00012204796500612634,0.0033051183410147053,243.81689740513264,4.441434199586869e-15,0.003183070376008579,0.0031830703760130203,1,1
spline,turning,31,basis,0.0001220479650016849,0.00012204796500346148,0.0028213820973405188,244.37404193734986,1.7765736798347476e-15,0.0026993341323370574,0.0026993341323388337,1,1
spline,turning,32,spline,0.0001220479650016849,0.00012204796500523805,0.0024622493851878574,246.41576878159327,3.553147359669495e-15,0.0023402014201826193,0.0023402014201861724,1,1
spline,turning,32,basis,0.0001220479650016849,0.00012204796500634841,0.0029386932371428536,237.88742204805195,4.663505909566212e-15,0.002816645272136505,0.0028166452721411685,1,1
spline,turning,33,spline,0.0001220479650016849,0.00012204796500523805,0.004068968995253801,270.95972075806753,3.553147359669495e-15,0.003946921030248563,0.003946921030252117,1,1
spline,turning,33,basis,0.0001220479650016849,0.00012204796506342084,0.008365169010602759,257.69942185768696,6.173593537425748e-14,0.008243121045539337,0.008243121045601074,1,1
spline,turning,34,spline,0.0001220479650016849,0.00012204796500434976,0.0034582333536309776,234.60837894914764,2.6648605197521213e-15,0.003336185388626628,0.0033361853886292926,1,1
spline,turning,34,basis,0.0001220479650016849,0.00012204796503366323,0.005002003584308374,220.96255347061177,3.1978326237025456e-14,0.0048799556192747106,0.004879955619306689,1,1
spline,turning,35,spline,0.00012204796500146283,0.0001220479650072367,0.00475674788607365,249.6060015571507,5.7738644594629296e-15,0.004634699921066413,0.004634699921072187,1,1
spline,turning,35,basis,0.00012204796500146283,0.00012204796500368355,0.003568129522673426,263.24371382695335,2.2207170997934345e-15,0.0034460815576697426,0.003446081557671963,1,1
spline,turning,36,spline,0.0001220479650016849,0.00012204796501878442,0.0037511590577478486,259.7786778289799,1.7099521668409445e-14,0.003629111092729064,0.0036291110927461636,1,1
spline,turning,36,basis,0.0001220479650016849,0.00012204796500657048,0.002923175751945928,239.77789845844129,4.885577619545556e-15,0.0028011277869393575,0.002801127786944243,1,1
spline,turning,37,spline,0.0001220479650016849,0.00012204796500257319,0.004226054094489729,268.1649173304968,8.882868399173738e-16,0.0041040061294871566,0.004104006129488045,1,1
spline,turning,37,basis,0.0001220479650016849,0.00012204796500346148,0.002333583228861477,278.0796153345498,1.7765736798347476e-15,0.0022115352638580154,0.002211535263859792,1,1
spline,turning,38,spline,0.0001220479650016849,0.0001220479650103457,0.002906641584676842,254.4055042819991,8.660796689194394e-15,0.002784593619666496,0.002784593619675157,1,1
spline,turning,38,basis,0.0001220479650016849,0.00012204796500434976,0.002416346334078424,241.73755804337506,2.6648605197521213e-15,0.0022942983690740744,0.002294298369076739,1,1
spline,turning,39,spline,0.00012204796500146283,0.00012204796500523805,0.003191758991741407,279.1824234828157,3.7752190696488386e-15,0.003069711026736169,0.003069711026739944,1,1
spline,turning,39,basis,0.0001220479650016849,0.0001220479650221155,0.006497886323564452,228.171193992074,2.0430597318099597e-14,0.0063758383585423364,0.006375838358562767,1,1
spline,regime,0,spline,0.05549782897668933,0.4356723532389235,1.4408347776645254,2300.3049054310886,0.3801745242622342,1.0051624244256019,1.385336948687836,0,0
spline,regime,0,basis,0.019052616532598363,0.295072780195031,1.2098055323653636,1976.9017861651432,0.27602016366243265,0.9147327521703326,1.1907529158327652,0,0
spline,regime,1,spline,0.05042861132652332,0.45016240530847923,1.4974992141849903,2263.401919882109,0.3997337939819559,1.0473368088765111,1.447070602858467,0,0
spline,regime,1,basis,0.022045669138781674,0.3045321143042483,1.1735656655818802,1943.243142890754,0.2824864451654666,0.8690335512776319,1.1515199964430987,0,0
spline,regime,2,spline,0.051236545600787296,0.3393839112449034,1.2211037500320738,1621.9206272882661,0.28814736564411614,0.8817198387871704,1.1698672044312866,0,0
spline,regime,2,basis,0.03401120457177775,0.27628839352148615,1.0587143125307314,1482.4385929229081,0.2422771889497084,0.7824259190092453,1.0247031079589537,0,0
spline,regime,3,spline,0.06326258101093285,0.46401612299985134,1.399388555215934,2352.282065854872,0.4007535419889185,0.9353724322160826,1.3361259742050011,0,0
spline,regime,3,basis,0.023442791110028536,0.3282582666892258,1.313674099549314,1967.3110085055748,0.30481547557919725,0.9854158328600882,1.2902313084392854,0,0
spline,regime,4,spline,0.03985972852592884,0.37038289349602044,1.4032891972018808,2062.5968139462407,0.3305231649700916,1.0329063037058603,1.363429468675952,0,0
spline,regime,4,basis,0.011886545073379766,0.260589712664707,1.1704155742719526,1842.6508393180673,0.2487031675913272,0.9098258616072457,1.1585290291985728,0,0
spline,regime,5,spline,0.058485047256263994,0.4463445379098741,1.4302389713301416,2280.3157984309605,0.38785949065361014,0.9838944334202675,1.3717539240738776,0,0
spline,regime,5,basis,0.019788344801580038,0.3026246378933457,1.2348590752995,1951.81028569242,0.28283629309176567,0.9322344374061542,1.2150707304979198,0,0
spline,regime,6,spline,0.036208741311269804,0.2585830780648931,1.190949997197288,1816.712249399901,0.2223743367536233,0.9323669191323948,1.1547412558860182,0,0
spline,regime,6,basis,0.00899431776820329,0.1324920027547229,1.0550431842843624,1507.5912920880903,0.1234976849865196,0.9225511815296394,1.0460488665161591,0,0
spline,regime,7,spline,0.046028425263109914,0.41140444957239275,1.3909711398869014,2367.673568246693,0.36537602430928284,0.9795666903145086,1.3449427146237913,0,0
spline,regime,7,basis,0.024537223498291155,0.303498238950606,1.1924223637135667,1923.782697996609,0.2789610154523149,0.8889241247629607,1.1678851402152755,0,0
spline,regime,8,spline,0.04568913000092153,0.29971285859462926,1.2041907254874598,1770.16231975235,0.25402372859370775,0.9044778668928305,1.1585015954865383,0,0
spline,regime,8,basis,0.01444812002083116,0.16073581218346536,0.9528924838997695,1444.678326033393,0.1462876921626342,0.7921566717163042,0.9384443638789384,0,0
spline,regime,9,spline,0.05827087845784189,0.42391851034077294,1.3654588714629052,2305.9842953312327,0.36564763188293103,0.9415403611221322,1.3071879930050634,0,0
spline,regime,9,basis,0.02149492179396598,0.3020758205886157,1.2374274763572253,1982.3027323403935,0.2805808987946497,0.9353516557686096,1.2159325545632593,0,0
spline,regime,10,spline,0.048469521836239995,0.43859763167535604,1.3760289005870667,2283.7556332956538,0.39012810983911606,0.9374312689117107,1.3275593787508266,0,0
spline,regime,10,basis,0.022505071841436946,0.33581168223235713,1.313337992065507,1896.5995988573038,0.31330661039092017,0.9775263098331499,1.29083292022407,0,0
spline,regime,11,spline,0.053033139202907364,0.4294947227554367,1.366818806145136,2280.2758788044425,0.37646158355252934,0.9373240833896994,1.3137856669422288,0,0
spline,regime,11,basis,0.03183377388087558,0.370277714904638,1.3050009221712255,1956.1278699778225,0.3384439410237624,0.9347232072665875,1.27316714829035,0,0
spline,regime,12,spline,0.022144907412084164,0.39609491330291585,1.335802099962349,2173.185859964567,0.3739500058908317,0.9397071866594331,1.313657192550265,0,0
spline,regime,12,basis,0.01605717220693968,0.3100931012858133,1.2951885450107965,1895.6871068786243,0.2940359290788736,0.9850954437249833,1.279131372803857,0,0
spline,regime,13,spline,0.03935303170029752,0.25264719866143454,1.2366785018922462,1754.5140973015805,0.213294166961137,0.9840313032308117,1.1973254701919487,0,0
spline,regime,13,basis,0.017323902476614934,0.19256025615214303,1.1317546731686428,1632.647584521245,0.1752363536755281,0.9391944170164997,1.1144307706920278,0,0
spline,regime,14,spline,0.03840987118648992,0.39242727862615434,1.473328074231964,2226.5183331004223,0.3540174074396644,1.0809007956058099,1.4349182030454741,0,0
spline,regime,14,basis,0.012909330283318043,0.309425747378148,1.2607340037781751,1939.467783207641,0.29651641709482995,0.9513082564000271,1.247824673494857,0,0
spline,regime,15,spline,0.045654658097587744,0.40803539592817767,1.3687518732562878,2167.821422566486,0.36238073783058994,0.96071647732811,1.3230972151587,0,0
spline,regime,15,basis,0.014544316535952877,0.2918934108177322,1.2758772489456243,1936.4786171260027,0.2773490942817793,0.983983838127892,1.2613329324096714,0,0
spline,regime,16,spline,0.05356991110524991,0.43827038921227224,1.4430139994364055,2302.389536868774,0.38470047810702235,1.0047436102241334,1.3894440883311556,0,0
spline,regime,16,basis,0.021757590500678717,0.30730867885718516,1.2707215283031135,1933.277903028847,0.28555108835650644,0.9634128494459283,1.2489639378024346,0,0
spline,regime,17,spline,0.05888886450836408,0.4405647091978726,1.3538526506353148,2309.859607435451,0.38167584468950855,0.9132879414374422,1.2949637861269507,0,0
spline,regime,17,basis,0.022851873685177083,0.31919685240951007,1.2691381822203747,1993.4782851140644,0.29634497872433296,0.9499413298108645,1.2462863085351976,0,0
spline,regime,18,spline,0.04230723340598979,0.42244924871884454,1.4209193148311026,2230.113521800862,0.38014201531285474,0.9984700661122581,1.3786120814251128,0,0
spline,regime,18,basis,0.024087987370080114,0.3144580964994821,1.249125540991094,1964.9051668152679,0.290370109129402,0.9346674444916119,1.2250375536210139,0,0
spline,regime,19,spline,0.05362064035193247,0.4538608313756891,1.4273352642531962,2271.707731826475,0.40024019102375663,0.9734744328775071,1.3737146239012639,0,0
spline,regime,19,basis,0.01997034284217714,0.3070762840610575,1.2267261570178374,1937.604773312597,0.2871059412188804,0.9196498729567799,1.2067558141756602,0,0
spline,regime,20,spline,0.06526166001483728,0.3452626481784454,1.261762464285629,1885.2845333307587,0.2800009881636081,0.9164998161071838,1.1965008042707919,0,0
spline,regime,20,basis,0.014081485409886569,0.16110702949692196,1.0748575438976622,1355.3025969634334,0.1470255440870354,0.9137505144007403,1.0607760584877757,0,0
spline,regime,21,spline,0.05714725900531417,0.4211159389364386,1.391084640887847,2330.552364771897,0.3639686799311245,0.9699687019514084,1.3339373818825329,0,0
spline,regime,21,basis,0.026024569473453166,0.3069102805715214,1.2151043474897985,1953.7759372724863,0.28088571109806826,0.9081940669182771,1.1890797780163453,0,0
spline,regime,22,spline,0.05224930958006252,0.44484872735486425,1.4771508213812536,2308.412016039523,0.39259941777480173,1.0323020940263894,1.4249015118011912,0,0
spline,regime,22,basis,0.015544620238482533,0.3171480440933736,1.2374198438260842,1909.2328730648344,0.3016034238548911,0.9202717997327106,1.2218752235876016,0,0
spline,regime,23,spline,0.07886150750539243,0.4271453529410709,1.3594889049256722,1792.1709696519758,0.3482838454356785,0.9323435519846013,1.2806273974202798,0,0
spline,regime,23,basis,0.013602951454689533,0.15978960449397803,0.9249475806903553,1285.4697365822033,0.1461866530392885,0.7651579761963773,0.9113446292356658,0,0
spline,regime,24,spline,0.059601573791330145,0.4720430220222989,1.513889312701038,2321.579391780934,0.4124414482309688,1.0418462906787391,1.4542877389097078,0,0
spline,regime,24,basis,0.023338433908545477,0.314981487421725,1.2598962396257862,1969.1695773707088,0.29164305351317954,0.9449147522040613,1.2365578057172408,0,0
spline,regime,25,spline,0.012192443812971129,0.3636220845499446,1.4019360011130542,1894.9895405192992,0.35142964073697347,1.0383139165631095,1.3897435573000831,0,0
spline,regime,25,basis,0.010582167332463435,0.2799549317759342,1.2293393587213512,1832.8653253007767,0.2693727644434708,0.949384426945417,1.2187571913888877,0,0
spline,regime,26,spline,0.05258069545342577,0.4699027457485876,1.4867940543284939,2246.9261556510787,0.41732205029516184,1.0168913085799063,1.434213358875068,0,0
spline,regime,26,basis,0.021119502799190462,0.29574569992492317,1.244091714552484,1963.5489892180562,0.2746261971257327,0.9483460146275607,1.2229722117532935,0,0
spline,regime,27,spline,0.03179093970196566,0.24638818735978152,1.2547485766877178,1841.9551168592507,0.21459724765781585,1.0083603893279363,1.2229576369857522,0,0
spline,regime,27,basis,0.012039701912934157,0.15640902379666113,1.1333101759245996,1539.01681142038,0.14436932188372698,0.9769011521279385,1.1212704740116655,0,0
spline,regime,28,spline,0.034502652870548454,0.3441838010253024,1.3134461543649463,2039.6008212933016,0.30968114815475395,0.9692623533396438,1.2789435014943977,0,0
spline,regime,28,basis,0.016275213733282345,0.27427852977478906,1.2324135918796293,1833.9511888381069,0.2580033160415067,0.9581350621048402,1.2161383781463468,0,0
spline,regime,29,spline,0.06479984312944372,0.45565386542670017,1.4102107927984897,2276.8372947591442,0.39085402229725646,0.9545569273717895,1.345410949669046,0,0
spline,regime,29,basis,0.020696599119946042,0.31848234021924565,1.2472269053129819,1970.6614602411255,0.2977857410992996,0.9287445650937363,1.2265303061930357,0,0
spline,regime,30,spline,0.03938807662154896,0.26624963083171727,1.1751458280193314,1700.0635311575272,0.2268615542101683,0.9088961971876142,1.1357577513977826,0,0
spline,regime,30,basis,0.010895806044317214,0.12731337718995983,0.959122604982696,1408.160415244516,0.11641757114564262,0.8318092277927361,0.9482267989383788,0,0
spline,regime,31,spline,0.04691543481230325,0.4239005831032213,1.3495430179134587,2284.932191545873,0.37698514829091806,0.9256424348102373,1.3026275831011553,0,0
spline,regime,31,basis,0.023911514249932393,0.3001551437832001,1.2014551185820859,1951.4713091138299,0.2762436295332677,0.9012999747988858,1.1775436043321534,0,0
spline,regime,32,spline,0.05853205171692322,0.4626212654797259,1.4387277479393799,2235.067105129573,0.40408921376280266,0.9761064824596539,1.3801956962224566,0,0
spline,regime,32,basis,0.026568821991772355,0.31150003706993845,1.2002800971459693,1934.7378255486801,0.2849312150781661,0.8887800600760308,1.173711275154197,0,0
spline,regime,33,spline,0.06399674665222255,0.4598709771322348,1.4796773069435183,2276.038694611983,0.39587423048001225,1.0198063298112836,1.4156805602912956,0,0
spline,regime,33,basis,0.03017164977529891,0.3404522950456642,1.2522019909382895,1933.845446297035,0.3102806452703653,0.9117496958926253,1.2220303411629907,0,0
spline,regime,34,spline,0.03786720989190365,0.2716321711794899,1.024455860048465,1547.4395343209324,0.23376496128758625,0.7528236888689751,0.9865886501565614,0,0
spline,regime,34,basis,0.030351890619675085,0.2550795690158344,1.0426336280001276,1481.1696324710483,0.2247276783961593,0.7875540589842932,1.0122817373804525,0,0
spline,regime,35,spline,0.07750784311458177,0.4829239517930214,1.5017828984490011,2231.6754760139274,0.40541610867843964,1.0188589466559796,1.4242750553344194,0,0
spline,regime,35,basis,0.03480192232517956,0.3387146747889007,1.3216839566295573,1941.4982821253811,0.3039127524637212,0.9829692818406566,1.2868820343043776,0,0
spline,regime,36,spline,0.028662090770682103,0.3798323506779801,1.3764010529342459,2123.952362560519,0.351170259907298,0.9965687022562657,1.3477389621635638,0,0
spline,regime,36,basis,0.02282120585680867,0.3131139769897922,1.2079405127915757,1902.014347520867,0.2902927711329835,0.8948265358017835,1.185119306934767,0,0
spline,regime,37,spline,0.03294974065187404,0.4008263749605568,1.371938443326166,2134.618584138822,0.3678766343086827,0.9711120683656094,1.3389887026742922,0,0
spline,regime,37,basis,0.016104181848754003,0.2847881840904102,1.214958182457265,1893.0573107127257,0.2686840022416562,0.9301699983668549,1.198854000608511,0,0
spline,regime,38,spline,0.023165863046308438,0.19030499531748554,1.069622036527252,1399.0486423699003,0.1671391322711771,0.8793170412097664,1.0464561734809434,0,0
spline,regime,38,basis,0.030835892345298564,0.25980577692144263,1.174881218303356,1551.2034200553287,0.22896988457614406,0.9150754413819133,1.1440453259580574,0,0
spline,regime,39,spline,0.020931418279099518,0.24231008708871418,1.1750062156267693,1812.2743351706154,0.22137866880961465,0.9326961285380552,1.1540747973476697,0,0
spline,regime,39,basis,0.012696756098851942,0.19883202422388882,1.1310321886153007,1694.1401237717732,0.1861352681250369,0.932200164391412,1.1183354325164487,0,0
spline,bound,0,spline,0.0001220479650016849,0.00012205746339669465,0.05453584661735705,388.58539182768067,9.498395009744135e-09,0.054413789153960355,0.05441379865235537,0,1
spline,bound,0,basis,0.0001220479650016849,0.00012205514400826374,0.05524205339126743,370.6125269505662,7.179006578835194e-09,0.05511999824725916,0.055120005426265745,0,1
spline,bound,1,spline,0.0001220479650016849,0.0001220586001627854,0.05361040930617744,377.0174632690042,1.0635161100494865e-08,0.05348835070601465,0.05348836134117576,0,1
spline,bound,1,basis,0.0001220479650016849,0.00012205869547374221,0.051977749551198923,392.3664167335055,1.0730472057307876e-08,0.05185569085572518,0.05185570158619724,0,1
spline,bound,2,spline,0.00012204796500190697,0.0001220561317587947,0.05896815927319256,355.82716382557044,8.166756887721324e-09,0.058846103141433764,0.05884611130819065,0,1
spline,bound,2,basis,0.0001220479650016849,0.00012207160315451962,0.07358378217885966,379.00941997541906,2.363815283471665e-08,0.07346171057570515,0.07346173421385797,0,1
spline,bound,3,spline,0.0001220479650016849,0.00012206238589205596,0.06175452648332133,367.366337805029,1.4420890371061833e-08,0.06163246409742928,0.06163247851831965,0,1
spline,bound,3,basis,0.0001220479650016849,0.00012205607113410658,0.0575928543264682,367.7557249898432,8.106132421675642e-09,0.05747079825533409,0.057470806361466516,0,1
spline,bound,4,spline,0.0001220479650016849,0.00012206168489061464,0.053581014201311006,371.11839561387586,1.3719888929732702e-08,0.05345895251642039,0.05345896623630932,0,1
spline,bound,4,basis,0.0001220479650016849,0.00012205440725894531,0.05797947943550454,362.0695588667381,6.442257260408347e-09,0.0578574250282456,0.05785743147050286,0,1
spline,bound,5,spline,0.0001220479650016849,0.0001220573968612348,0.06882504383359392,358.6587318006859,9.431859549890315e-09,0.06870298643673269,0.06870299586859223,0,1
spline,bound,5,basis,0.0001220479650016849,0.00012206261441072968,0.06561223386348017,366.2018459593552,1.4649409044772271e-08,0.06549017124906945,0.06549018589847848,0,1
spline,bound,6,spline,0.0001220479650016849,0.0001220537958357958,0.054980251401074376,402.8494736679364,5.830834110898478e-09,0.05485819760523858,0.05485820343607269,0,1
spline,bound,6,basis,0.0001220479650016849,0.00012205935415020128,0.06541406816461873,390.8702980180308,1.1389148516372915e-08,0.06529200881046852,0.06529202019961704,0,1
spline,bound,7,spline,0.00012204796500146283,0.00012205743947701778,0.05516043037236387,371.65958265600534,9.474475554948378e-09,0.05503837293288685,0.05503838240736241,0,1
spline,bound,7,basis,0.0001220479650016849,0.00012207872806404356,0.06623365094669155,398.84693834838043,3.0763062358658984e-08,0.06611157221862751,0.06611160298168986,0,1
spline,bound,8,spline,0.0001220479650016849,0.00012205834330054522,0.06486380464634575,391.04521684049627,1.0378298860317585e-08,0.0647417463030452,0.06474175668134406,0,1
spline,bound,8,basis,0.0001220479650016849,0.00012205710419326296,0.053157426492950785,396.8485480693686,9.139191578055959e-09,0.053035369388757525,0.0530353785279491,0,1
spline,bound,9,spline,0.0001220479650016849,0.00012205940505769782,0.06550903514960217,364.5528490156302,1.1440056012920687e-08,0.06538697574454447,0.06538698718460048,0,1
spline,bound,9,basis,0.00012204796500146283,0.00012205507086994595,0.048959975719787475,404.2166078769414,7.105868483117108e-09,0.04883792064891753,0.048837927754786015,0,1
spline,bound,10,spline,0.0001220479650016849,0.00012206368411971959,0.06835643694876907,368.8576215922584,1.5719118034684108e-08,0.06823437326464935,0.06823438898376738,0,1
spline,bound,10,basis,0.00012204796500190697,0.0001220616193510351,0.05585281999964421,382.97601193373606,1.3654349128119523e-08,0.05573075838029318,0.05573077203464231,0,1
spline,bound,11,spline,0.0001220479650016849,0.00012206009573791072,0.06908891756141633,389.0552940880451,1.2130736225813015e-08,0.06896685746567842,0.06896686959641464,0,1
spline,bound,11,basis,0.0001220479650016849,0.00012205665241346582,0.0528590322075891,370.91501121497276,8.687411780916717e-09,0.05273697555517563,0.052736984242587416,0,1
spline,bound,12,spline,0.0001220479650016849,0.00012205589185872535,0.05450996999060434,414.608094606929,7.926857040446537e-09,0.05438791409874561,0.05438792202560266,0,1
spline,bound,12,basis,0.0001220479650016849,0.00012206086207184857,0.05901489587919831,391.83797693641344,1.2897070163662093e-08,0.05889283501712646,0.058892847914196626,0,1
spline,bound,13,spline,0.00012204796500146283,0.00012205390824460812,0.0457325870720782,414.43784049759347,5.943243145290367e-09,0.045610533163833594,0.04561053910707674,0,1
spline,bound,13,basis,0.00012204796500146283,0.00012206665336672172,0.06519998687292215,388.5714130463204,1.8688365258890077e-08,0.06507792021955543,0.06507793890792068,0,1
spline,bound,14,spline,0.00012204796500124076,0.00012205684182186821,0.0544331744141223,382.24721424330903,8.876820627447507e-09,0.05431111757230043,0.05431112644912106,0,1
spline,bound,14,basis,0.0001220479650016849,0.00012205643312320539,0.052284452753189076,357.5313306206142,8.468121520487223e-09,0.05216239632006587,0.05216240478818739,0,1
spline,bound,15,spline,0.0001220479650016849,0.00012205519992780749,0.05387750810130193,378.4684622715631,7.234926122583847e-09,0.05375545290137412,0.05375546013630025,0,1
spline,bound,15,basis,0.00012204796500146283,0.00012205611557065545,0.05302971970176862,395.26623825406415,8.150569192616063e-09,0.052907663586197966,0.05290767173676716,0,1
spline,bound,16,spline,0.0001220479650016849,0.00012205701104628407,0.052704711605321544,372.2418101211245,9.046044599169919e-09,0.05258265459427526,0.05258266364031986,0,1
spline,bound,16,basis,0.0001220479650016849,0.00012205391074347002,0.05257415718300388,374.38338482560624,5.9457417851216474e-09,0.05245210327226041,0.052452109218002196,0,1
spline,bound,17,spline,0.00012204796500190697,0.00012205450467647393,0.05442219749924194,391.21345848506877,6.539674566956831e-09,0.05430014299456547,0.05430014953424003,0,1
spline,bound,17,basis,0.0001220479650016849,0.00012205836374702057,0.05435279707794611,372.0066163630783,1.039874533566808e-08,0.05423073871419909,0.054230749112944426,0,1
spline,bound,18,spline,0.0001220479650016849,0.00012205866406625143,0.060771387225253944,384.59256657469905,1.0699064566523325e-08,0.06064932856118769,0.06064933926025226,0,1
spline,bound,18,basis,0.0001220479650016849,0.00012205955877884396,0.058527890934585776,372.7044630518216,1.1593777159057332e-08,0.05840583137580693,0.05840584296958409,0,1
spline,bound,19,spline,0.00012204796500190697,0.0001220567467231011,0.05899058032876334,386.73472190265943,8.781721194127986e-09,0.058868523582040234,0.05886853236376143,0,1
spline,bound,19,basis,0.0001220479650016849,0.0001220762377548494,0.08395381783368547,359.1556605767793,2.827275316450307e-08,0.08383174159593061,0.08383176986868378,0,1
spline,bound,20,spline,0.0001220479650016849,0.00012205561008248297,0.053415760002247514,396.12344828267146,7.645080798065747e-09,0.053293704392165034,0.05329371203724583,0,1
spline,bound,20,basis,0.0001220479650016849,0.00012205384013144006,0.0546539827828886,407.549541788366,5.875129755158787e-09,0.05453192894275716,0.054531934817886915,0,1
spline,bound,21,spline,0.0001220479650016849,0.00012206963360694862,0.060928253744772544,390.81002705351904,2.1668605263715744e-08,0.0608061841111656,0.06080620577977086,0,1
spline,bound,21,basis,0.00012204796500190697,0.00012206418638719014,0.05475780457870892,382.8983105770329,1.6221385283160484e-08,0.05463574039232173,0.054635756613707016,0,1
spline,bound,22,spline,0.00012204796500124076,0.00012205795366063102,0.05832108824538514,365.8477254816244,9.98865939025556e-09,0.05819903029172451,0.058199040280383904,0,1
spline,bound,22,basis,0.0001220479650016849,0.00012205693289169935,0.05519029652458986,378.46540398532716,8.967890014450835e-09,0.05506823959169816,0.055068248559588175,0,1
spline,bound,23,spline,0.00012204796500190697,0.00012206301587563115,0.060317995767902026,383.47950319901054,1.505087372417088e-08,0.06019593275202639,0.06019594780290012,0,1
spline,bound,23,basis,0.0001220479650016849,0.00012208059936233168,0.07194866839254323,411.6139656330409,3.2634360646777876e-08,0.0718265877931809,0.07182662042754154,0,1
spline,bound,24,spline,0.0001220479650016849,0.00012205588331995712,0.06467659088092045,365.8894053971798,7.918318272216187e-09,0.0645545349976005,0.06455454291591876,0,1
spline,bound,24,basis,0.0001220479650016849,0.00012205773537480065,0.05642014662012112,370.9948550541656,9.770373115742278e-09,0.05629808888474632,0.056298098655119436,0,1
spline,bound,25,spline,0.0001220479650016849,0.00012207421357818317,0.06960618843531634,406.1194769775914,2.6248576498268702e-08,0.06948411422173816,0.06948414047031465,0,1
spline,bound,25,basis,0.0001220479650016849,0.0001221164197529441,0.07549887213248574,387.25899374295005,6.845475125919138e-08,0.0753767557127328,0.07537682416748405,0,1
spline,bound,26,spline,0.0001220479650016849,0.00012205613896524372,0.06274021267664968,365.28140272342074,8.173963558812916e-09,0.06261815653768445,0.062618164711648,0,1
spline,bound,26,basis,0.0001220479650016849,0.00012205686188382638,0.061878066280003204,359.4205835573753,8.8968821414752e-09,0.06175600941811938,0.06175601831500152,0,1
spline,bound,27,spline,0.0001220479650016849,0.0001220577712136213,0.06410494978376842,370.1443373431828,9.80621193639585e-09,0.0639828920125548,0.06398290181876673,0,1
spline,bound,27,basis,0.0001220479650016849,0.00012205488785376697,0.05672443529697949,367.0545122998014,6.92285208206498e-09,0.05660238040912573,0.05660238733197781,0,1
spline,bound,28,spline,0.0001220479650016849,0.0001220602080929824,0.05394846761900001,405.24691283333016,1.2243091297497663e-08,0.05382640741090703,0.05382641965399833,0,1
spline,bound,28,basis,0.0001220479650016849,0.00012205553594550866,0.057517907880295156,384.396770007333,7.570943823755516e-09,0.05739585234434965,0.05739585991529347,0,1
spline,bound,29,spline,0.0001220479650016849,0.00012205762039861687,0.05681472789486189,360.21000636797123,9.6553969319629e-09,0.05669267027446327,0.056692679929860205,0,1
spline,bound,29,basis,0.0001220479650016849,0.00012205551423155909,0.05918911507811736,361.0461484973144,7.549229874188076e-09,0.059067059563885804,0.05906706711311568,0,1
spline,bound,30,spline,0.0001220479650016849,0.000122055213781751,0.04836989124256936,375.51863870121247,7.248780066102488e-09,0.048247836028787607,0.048247843277567676,0,1
spline,bound,30,basis,0.0001220479650016849,0.00012206347628391643,0.07983372637978008,359.60712691973487,1.5511282231523912e-08,0.07971166290349616,0.07971167841477839,0,1
spline,bound,31,spline,0.0001220479650016849,0.00012208451148513444,0.08927584424761777,382.3609393753704,3.654648344954129e-08,0.08915375973613263,0.08915379628261608,0,1
spline,bound,31,basis,0.0001220479650016849,0.00012205848764537948,0.060457599138067204,377.1813814829268,1.0522643694579957e-08,0.06033554065042183,0.06033555117306552,0,1
spline,bound,32,spline,0.00012204796500190697,0.00012205430233195085,0.05187154330571257,384.04733276292126,6.3373300438753985e-09,0.051749489003380625,0.05174949534071067,0,1
spline,bound,32,basis,0.0001220479650016849,0.00012205591505555876,0.052562318173024015,397.52291313090126,7.950053873857364e-09,0.052440262257968454,0.05244027020802233,0,1
spline,bound,33,spline,0.0001220479650016849,0.00012205832576332028,0.06454975339259761,347.5603728469723,1.0360761635376569e-08,0.0644276950668343,0.06442770542759592,0,1
spline,bound,33,basis,0.0001220479650016849,0.00012205369333837692,0.04935678032463685,390.0742969041487,5.728336692020926e-09,0.04923472663129847,0.049234732359635165,0,1
spline,bound,34,spline,0.00012204796500190697,0.0001220567655104787,0.060822308489361744,385.71845316881877,8.800508571719674e-09,0.06070025172385127,0.06070026052435984,0,1
spline,bound,34,basis,0.0001220479650016849,0.00012206422043067228,0.06448720233446383,376.7513733553498,1.625542898737683e-08,0.06436513811403315,0.06436515436946214,0,1
spline,bound,35,spline,0.0001220479650016849,0.00012207104991903366,0.07165899564462845,392.7570142920297,2.3084917348756566e-08,0.07153692459470942,0.07153694767962676,0,1
spline,bound,35,basis,0.00012204796500190697,0.00012205765189626872,0.05817365527820218,393.2434352063504,9.686894361749334e-09,0.05805159762630591,0.058051607313200276,0,1
spline,bound,36,spline,0.0001220479650016849,0.00012206143128405596,0.05374776322662491,400.69454025671644,1.3466282371059975e-08,0.053625701795340854,0.05362571526162323,0,1
spline,bound,36,basis,0.0001220479650016849,0.00012205452615313986,0.05365219649767407,360.4887381646232,6.561151454960315e-09,0.05353014197152093,0.053530148532672385,0,1
spline,bound,37,spline,0.0001220479650016849,0.00012205939300531098,0.06095042173544782,364.6659781699328,1.142800362608149e-08,0.06082836234244251,0.060828373770446136,0,1
spline,bound,37,basis,0.0001220479650016849,0.0001220604829005048,0.06429351694179883,338.936168755187,1.2517898819898042e-08,0.06417145645889832,0.06417146897679714,0,1
spline,bound,38,spline,0.00012204796500190697,0.0001220553106408804,0.05552467878955478,361.16515362088336,7.345638973431097e-09,0.0554026234789139,0.05540263082455287,0,1
spline,bound,38,basis,0.0001220479650016849,0.00012205715104473068,0.05692549972529206,372.61970950163936,9.186043045775498e-09,0.056803442574247326,0.05680345176029038,0,1
spline,bound,39,spline,0.0001220479650016849,0.00012205365779291313,0.054572978143395554,375.1073609844957,5.692791228231763e-09,0.05445092448560264,0.05445093017839387,0,1
spline,bound,39,basis,0.0001220479650016849,0.00012205500833821709,0.05274873641880779,405.17605379401033,7.043336532186321e-09,0.05262668141046958,0.05262668845380611,0,1
spline,asymptote,0,spline,0.00012205269857871009,0.003209411003236817,0.43757219725923535,713.8540825089844,0.003087358304658107,0.43436278625599856,0.4374501445606566,0,0
spline,asymptote,0,basis,0.00012205088103215367,0.003257205403521583,0.4356916017075003,711.1556616236185,0.003135154522489429,0.43243439630397873,0.43556955082646814,0,0
spline,asymptote,1,spline,0.0001220499057352982,0.0029062284760618365,0.3771945222790255,723.4518117108416,0.002784178570326538,0.3742882938029637,0.3770724723732902,0,0
spline,asymptote,1,basis,0.00012205476135417154,0.0034426141363539096,0.4068542429390999,722.2027893870569,0.003320559374999738,0.403411628802746,0.4067321881777457,0,0
spline,asymptote,2,spline,0.00012205221297761593,0.003644895882560758,0.4408207571575041,711.3759225292081,0.003522843669583142,0.4371758612749433,0.44069870494452645,0,0
spline,asymptote,2,basis,0.00012205483713703025,0.003912558101297794,0.4015200169812802,770.8719409540741,0.0037905032641607638,0.3976074588799824,0.4013979621441432,0,0
spline,asymptote,3,spline,0.00012205179866409395,0.003143231908669276,0.34557350289557787,761.5601512672171,0.003021180110005182,0.3424302709869086,0.3454514510969138,0,0
spline,asymptote,3,basis,0.00012205044517612215,0.00369177565086274,0.3899909645046533,726.627253738659,0.003569725205686618,0.38629918885379055,0.3898689140594772,0,0
spline,asymptote,4,spline,0.00012205134012754543,0.0039047802956699513,0.398818914029285,765.2716201632215,0.003782728955542406,0.39491413373361506,0.39869686268915744,0,0
spline,asymptote,4,basis,0.00012205188697423953,0.0026851179792480545,0.3727416262452968,733.8448834698056,0.002563066092273815,0.37005650826604874,0.37261957435832255,0,0
spline,asymptote,5,spline,0.00012205039129708454,0.002764826479813518,0.38045265167514425,763.5552929406757,0.0026427760885164337,0.37768782519533073,0.38033060128384716,0,0
spline,asymptote,5,basis,0.00012205169250948736,0.003252374150883385,0.4022994152024998,708.641612835987,0.0031303224583738975,0.3990470410516164,0.4021773635099903,0,0
spline,asymptote,6,spline,0.00012205175466014097,0.002842141531992985,0.3318541611812108,774.3468371740769,0.002720089777332844,0.32901201964921784,0.3317321094265507,0,0
spline,asymptote,6,basis,0.00012205332125789655,0.003556272351377134,0.40221249714810475,742.5393878917561,0.0034342190301192375,0.39865622479672763,0.40209044382684683,0,0
spline,asymptote,7,spline,0.00012206302932362769,0.004140172378603411,0.3961944561449792,772.8430870693618,0.004018109349279783,0.3920542837663758,0.3960723931156556,0,0
spline,asymptote,7,basis,0.00012205269658628273,0.0040210922726972576,0.4204635807354164,731.9477529303668,0.003899039576110975,0.41644248846271914,0.4203415280388301,0,0
spline,asymptote,8,spline,0.00012204999939070959,0.002587344722017277,0.3544875869890111,755.3656366158559,0.0024652947226265673,0.35190024226699385,0.3543655369896204,0,0
spline,asymptote,8,basis,0.00012204983501423131,0.0030334714078437417,0.38991763979184596,718.1784881094546,0.0029114215728295104,0.3868841683840022,0.3897955899568317,0,0
spline,asymptote,9,spline,0.00012205112920628054,0.0036505888186437394,0.4175373274615746,721.4332497530318,0.003528537689437459,0.4138867386429309,0.41741527633236836,0,0
spline,asymptote,9,basis,0.00012204971473319951,0.002650376594874367,0.3640832555183535,740.3743704710092,0.0025283268801411674,0.36143287892347914,0.36396120580362035,0,0
spline,asymptote,10,spline,0.00012205100671852202,0.003032914872716165,0.36046630599915536,752.0059628490301,0.0029108638659976426,0.3574333911264392,0.36034425499243683,0,0
spline,asymptote,10,basis,0.00012205072147751823,0.0031189458888863943,0.3914521722428839,709.5083542165258,0.002996895167408876,0.38833322635399753,0.3913301215214064,0,0
spline,asymptote,11,spline,0.00012205077677681546,0.003200767608411362,0.37276269922104965,735.786556751964,0.0030787168316345464,0.3695619316126383,0.37264064844427286,0,0
spline,asymptote,11,basis,0.00012205365463294376,0.0030874909004688293,0.3841307695140719,747.2347183997302,0.0029654372458358855,0.38104327861360304,0.3840087158594389,0,0
spline,asymptote,12,spline,0.00012205426543618001,0.0037778156959663244,0.42773003913166296,722.0558297131222,0.0036557614305301445,0.42395222343569666,0.4276079848662268,0,0
spline,asymptote,12,basis,0.0001220571684860206,0.003751240889531643,0.42917142654318946,738.5323495094577,0.0036291837210456223,0.4254201856536578,0.42904936937470345,0,0
spline,asymptote,13,spline,0.00012205664188360265,0.003754007667222653,0.4127265370762102,755.1746355485922,0.0036319510253390503,0.40897252940898754,0.4126044804343266,0,0
spline,asymptote,13,basis,0.00012205230138314135,0.0028635157670309844,0.34811484951538946,719.4579104366015,0.002741463465647843,0.3452513337483585,0.34799279721400633,0,0
spline,asymptote,14,spline,0.0001220658839324363,0.0045973864407032605,0.39059595052999685,722.2318531951043,0.004475320556770824,0.38599856408929356,0.3904738846460644,0,0
spline,asymptote,14,basis,0.00012205742108903614,0.004104494075865105,0.34473440533210287,719.1907603368136,0.003982436654776069,0.34062991125623776,0.3446123479110138,0,0
spline,asymptote,15,spline,0.00012205079160598683,0.003196051858906845,0.42121430557199285,698.0938634275766,0.0030740010673008583,0.418018253713086,0.42109225478038687,0,0
spline,asymptote,15,basis,0.00012205299501712512,0.002954722937154035,0.3629372498622576,753.2815337240479,0.0028326699421369096,0.3599825269251036,0.3628151968672405,0,0
spline,asymptote,16,spline,0.00012205248550212795,0.0032059318674479372,0.41957787153959086,711.4205277283619,0.0030838793819458095,0.4163719396721429,0.41945581905408874,0,0
spline,asymptote,16,basis,0.00012205080738651338,0.0032745849487363556,0.358768296707584,722.473617002608,0.0031525341413498422,0.35549371175884764,0.35864624590019745,0,0
spline,asymptote,17,spline,0.00012205076077643791,0.0031080121974430483,0.3667873973087593,718.1678891061634,0.0029859614366666105,0.36367938511131626,0.3666653465479829,0,0
spline,asymptote,17,basis,0.00012208834174165864,0.006700426529871976,0.4719562730422108,734.5973096070902,0.006578338188130317,0.46525584651233887,0.4718341847004692,0,0
spline,asymptote,18,spline,0.00012205606663315719,0.0039084891214047155,0.38325376207989353,725.7085811063728,0.0037864330547715585,0.3793452729584888,0.38313170601326035,0,0
spline,asymptote,18,basis,0.00012205141612348169,0.0032575361853895302,0.4271795597306112,716.5624689282623,0.0031354847692660484,0.4239220235452217,0.42705750831448774,0,0
spline,asymptote,19,spline,0.00012204991142000079,0.0034542277224540057,0.3875313067961919,710.5875155260969,0.003332177811034005,0.3840770790737379,0.3874092568847719,0,0
spline,asymptote,19,basis,0.00012205717008338241,0.005633670966547214,0.4445042758337001,674.4864115519546,0.005511613796463832,0.4388706048671529,0.4443822186636167,0,0
spline,asymptote,20,spline,0.00012205428399682234,0.003786163504287772,0.3647695073474915,736.1159441660938,0.0036641092202909496,0.3609833438432037,0.36464745306349466,0,0
spline,asymptote,20,basis,0.00012205048035649994,0.0028968711209699377,0.36053866038961624,746.2862370566803,0.0027748206406134376,0.3576417892686463,0.3604166099092597,0,0
spline,asymptote,21,spline,0.00012206061542501746,0.003879245327730352,0.39627001824662605,722.1240432375502,0.0037571847123053343,0.3923907729188957,0.39614795763120103,0,0
spline,asymptote,21,basis,0.00012205509325510725,0.0043131275947579754,0.44984397344591215,778.641777009107,0.004191072501502868,0.44553084585115416,0.44972191835265707,0,0
spline,asymptote,22,spline,0.00012205068651354932,0.00343248625373507,0.35555930367470184,720.6763133013592,0.0033104355672215206,0.3521268174209668,0.3554372529881883,0,0
spline,asymptote,22,basis,0.00012205327155236343,0.003614453895275748,0.3753668667160202,715.353071959792,0.0034924006237233847,0.37175241282074445,0.37524481344446786,0,0
spline,asymptote,23,spline,0.00012204950850375494,0.0027603576510879415,0.3648991592074827,727.8531111925074,0.0026383081425841864,0.3621388015563948,0.364777109698979,0,0
spline,asymptote,23,basis,0.00012205001836185139,0.0026231154216210563,0.3800179696955783,701.3888163765114,0.002501065403259205,0.3773948542739572,0.3798959196772164,0,0
spline,asymptote,24,spline,0.00012205063123612615,0.0030090963549907796,0.37813642233928085,731.1622752006573,0.0028870457237546534,0.37512732598429005,0.37801437170804475,0,0
spline,asymptote,24,basis,0.00012205021907947629,0.0025940535175473017,0.37204309541779557,717.8418955114232,0.0024720032984678255,0.36944904190024824,0.3719210451987161,0,0
spline,asymptote,25,spline,0.0001220506646799032,0.0032116722242457782,0.4026909893676481,718.654829280102,0.0030896215595658753,0.3994793171434023,0.40256893870296817,0,0
spline,asymptote,25,basis,0.00012205022132584265,0.0026053531201398784,0.38089934531078407,752.3703920439389,0.002483302898814036,0.3782939921906442,0.38077729508945823,0,0
spline,asymptote,26,spline,0.00012205977531852488,0.004466980516511246,0.4443519207616279,785.7519919457314,0.004344920741192721,0.43988494024511665,0.44422986098630934,0,0
spline,asymptote,26,basis,0.00012205241505831742,0.003433290044213246,0.38304922354651055,726.9658104187589,0.003311237629154929,0.37961593350229733,0.38292717113145225,0,0
spline,asymptote,27,spline,0.0001220530800020801,0.0029954847502063004,0.3943632039044781,717.0538133300349,0.0028734316702042203,0.3913677191542718,0.394241150824476,0,0
spline,asymptote,27,basis,0.00012204930299215721,0.0028061214935121556,0.3768824878304156,725.7637021206829,0.0026840721905199982,0.37407636633690344,0.37676043852742347,0,0
spline,asymptote,28,spline,0.00012204964804706452,0.0024393223256815376,0.392991583819319,734.5847637887612,0.0023172726776344733,0.3905522614936374,0.3928695341712719,0,0
spline,asymptote,28,basis,0.00012205778914613387,0.004481455640505276,0.3965842638980081,741.5207013551495,0.004359397851359142,0.3921028082575028,0.39646220610886196,0,0
spline,asymptote,29,spline,0.00012204987209743051,0.002937631582233722,0.3774388076563016,719.7721778320469,0.0028155817101362915,0.3745011760740679,0.3773167577842042,0,0
spline,asymptote,29,basis,0.00012205101136048692,0.002956632785700828,0.43365227445156074,729.1224317749342,0.002834581774340341,0.4306956416658599,0.43353022344020026,0,0
spline,asymptote,30,spline,0.00012206771770646613,0.007032671232031495,0.4677172117535048,728.5224176845994,0.006910603514325028,0.4606845405214733,0.4675951440357983,0,0
spline,asymptote,30,basis,0.00012205827643286603,0.00411980244305285,0.3813464894337714,712.167080930806,0.003997744166619984,0.3772266869907186,0.38122443115733856,0,0
spline,asymptote,31,spline,0.00012205460561139635,0.0036847151636598126,0.395411641093484,745.6976131598135,0.003562660558048416,0.39172692592982417,0.3952895864878726,0,0
spline,asymptote,31,basis,0.00012205110614080265,0.00319164538347153,0.4135580148159004,713.1691666283867,0.0030695942773307275,0.4103663694324288,0.41343596370975955,0,0
spline,asymptote,32,spline,0.00012205057000029703,0.002873550729143543,0.40040483686199774,714.8584859725141,0.002751500159143246,0.3975312861328542,0.40028278629199743,0,0
spline,asymptote,32,basis,0.00012204951295118502,0.0025704061277987637,0.3579381891369923,704.504091910682,0.0024483566148475787,0.3553677830091936,0.35781613962404113,0,0
spline,asymptote,33,spline,0.0001220815178955773,0.007077369833281473,0.43483437501915795,739.1268164554903,0.006955288315385896,0.42775700518587645,0.4347122935012624,0,0
spline,asymptote,33,basis,0.00012205318302580886,0.0037027610599429943,0.38396025499834885,751.9659018947267,0.0035807078769171854,0.38025749393840585,0.383838201815323,0,0
spline,asymptote,34,spline,0.00012206157407172384,0.0059584396859788755,0.5089960672869426,756.8127523639653,0.005836378111907152,0.5030376276009637,0.5088740057128709,0,0
spline,asymptote,34,basis,0.00012206146538216765,0.0039017095927531037,0.41955141700357534,775.7841079236856,0.003779648127370936,0.41564970741082224,0.41942935553819316,0,0
spline,asymptote,35,spline,0.00012205452361941272,0.004264984167589861,0.396977268426011,738.2359634251328,0.004142929643970448,0.39271228425842114,0.3968552139023916,0,0
spline,asymptote,35,basis,0.00012205308353979343,0.0040956001537965385,0.4168762475104529,724.277949227577,0.003973547070256745,0.4127806473566563,0.4167541944269131,0,0
spline,asymptote,36,spline,0.00012205055437877382,0.003245330726027116,0.4239069319457799,716.1774491792808,0.0031232801716483422,0.42066160121975277,0.42378488139140114,0,0
spline,asymptote,36,basis,0.00012204994044144184,0.003054197213985465,0.41978208886629337,715.0052695671968,0.0029321472735440233,0.4167278916523079,0.4196600389258519,0,0
spline,asymptote,37,spline,0.00012205086500035299,0.002894243248063241,0.3800315501288604,757.0360952903849,0.002772192383062888,0.37713730688079716,0.3799094992638601,0,0
spline,asymptote,37,basis,0.0001220521002073821,0.003512990106444932,0.37104524076935275,727.0366799199477,0.00339093800623755,0.3675322506629078,0.37092318866914537,0,0
spline,asymptote,38,spline,0.00012205065775315355,0.002914107614720504,0.3670848716522465,714.8994643784417,0.0027920569569673506,0.364170764037526,0.36696282099449334,0,0
spline,asymptote,38,basis,0.00012205150730445922,0.0030254375692222364,0.4289382014901111,725.4165527245837,0.0029033860619177773,0.42591276392088884,0.42881614998280665,0,0
spline,asymptote,39,spline,0.00012206848839579124,0.0051522097654841705,0.45240296161105853,732.8553250099357,0.005030141277088379,0.44725075184557433,0.45228089312266273,0,0
spline,asymptote,39,basis,0.00012204947411772769,0.0026711371804628327,0.40571761069355355,688.8846846789547,0.002549087706345105,0.4030464735130907,0.40559556121943585,0,0
basis,direction,0,spline,0.4249277677364574,1.0674623980636302,2.206348556304465,3958.838533438665,0.6425346303271728,1.1388861582408347,1.7814207885680076,0,0
basis,direction,0,basis,0.3324833204037199,0.9427990829397865,2.0367024011082804,3860.9365776003256,0.6103157625360667,1.0939033181684938,1.7042190807045605,0,0
basis,direction,1,spline,0.3968586259950373,1.0530289251978384,2.1915527465083935,3923.3283232207873,0.6561702992028011,1.138523821310555,1.7946941205133562,0,0
basis,direction,1,basis,0.3119469793184184,0.9553741752594298,2.127872432734203,3794.0250077461533,0.6434271959410114,1.1724982574747733,1.8159254534157847,0,0
basis,direction,2,spline,0.3661480023591429,0.9906782539066459,2.0840897861147467,3866.1738115252983,0.624530251547503,1.0934115322081008,1.7179417837556037,0,0
basis,direction,2,basis,0.3567902648398692,0.9976345357884214,2.088978030973964,3893.860814399735,0.6408442709485522,1.0913434951855425,1.7321877661340945,0,0
basis,direction,3,spline,0.3764050198367713,1.0392777284574128,2.1067477841173914,3948.874556500245,0.6628727086206415,1.0674700556599785,1.73034276428062,0,0
basis,direction,3,basis,0.3956961376803501,1.025130052151292,2.107013777201182,3835.758169566413,0.629433914470942,1.0818837250498898,1.7113176395208318,0,0
basis,direction,4,spline,0.4114412601059984,1.0611203110572807,2.1167322470750163,3948.796107396463,0.6496790509512822,1.0556119360177356,1.7052909869690178,0,0
basis,direction,4,basis,0.3654641046052729,1.0148970103686823,2.1067656017917966,3771.04438771627,0.6494329057634094,1.0918685914231143,1.7413014971865237,0,0
basis,direction,5,spline,0.36454160405666064,1.0025317547027472,2.022093050180673,3890.913962788196,0.6379901506460866,1.0195612954779256,1.6575514461240122,0,0
basis,direction,5,basis,0.2974163378973471,0.9171399079373402,1.98561876548482,3701.530558576428,0.6197235700399931,1.06847885754748,1.688202427587473,0,0
basis,direction,6,spline,0.36520023049235395,1.0071283518987615,2.0312095839841864,3889.9809819240477,0.6419281214064075,1.024081232085425,1.6660093534918325,0,0
basis,direction,6,basis,0.3838503598065047,1.0328265430158752,2.087861284051846,3926.450200382793,0.6489761832093704,1.0550347410359706,1.704010924245341,0,0
basis,direction,7,spline,0.41602397193931523,1.060750234415347,2.067822476625168,3940.6908776885493,0.6447262624760317,1.0070722422098208,1.6517985046858525,0,0
basis,direction,7,basis,0.3447732661515438,0.9912836198114328,2.0635887858285598,3794.0562378144705,0.646510353659889,1.072305166017127,1.7188155196770158,0,0
basis,direction,8,spline,0.41593164441813224,1.0424609231235373,2.1296398360884665,3961.695802310914,0.6265292787054051,1.0871789129649292,1.7137081916703343,0,0
basis,direction,8,basis,0.3513290931273083,0.9455504248449039,1.9885760187502268,3789.459445208054,0.5942213317175956,1.0430255939053228,1.6372469256229185,0,0
basis,direction,9,spline,0.42239585911924116,1.0485925903893565,2.098699551516748,3960.6980135336935,0.6261967312701153,1.0501069611273917,1.676303692397507,0,0
basis,direction,9,basis,0.36726871993697263,1.0224307763718934,2.2286555826690297,3919.7903930546813,0.6551620564349208,1.2062248062971364,1.8613868627320571,0,0
basis,direction,10,spline,0.38938047824133276,1.0258068734313421,2.146321335895211,3936.076891565167,0.6364263951900093,1.120514462463869,1.7569408576538783,0,0
basis,direction,10,basis,0.3595004527776235,0.9725258592023208,2.073484023649714,3916.3970492128196,0.6130254064246974,1.100958164447393,1.7139835708720903,0,0
basis,direction,11,spline,0.36224006226857536,0.9885706739728064,2.093102308780964,3849.179862527344,0.6263306117042311,1.1045316348081575,1.7308622465123886,0,0
basis,direction,11,basis,0.37850234972010893,1.005162811673098,2.086285844991765,3920.565807996588,0.626660461952989,1.0811230333186672,1.7077834952716562,0,0
basis,direction,12,spline,0.36405428967511566,0.9779256943216154,2.064030527161547,3905.2572695064678,0.6138714046464997,1.0861048328399319,1.6999762374864313,0,0
basis,direction,12,basis,0.36084573961678934,1.015570038751284,2.0562882840888657,3904.4980860768687,0.6547242991344947,1.0407182453375816,1.6954425444720762,0,0
basis,direction,13,spline,0.4042061660130294,1.0081349022969734,2.0328109214971226,3927.5718889656955,0.6039287362839441,1.0246760192001492,1.6286047554840932,0,0
basis,direction,13,basis,0.41385759052694465,1.0555261147186503,2.1499667710528154,3931.661213472613,0.6416685241917057,1.094440656334165,1.7361091805258708,0,0
basis,direction,14,spline,0.4350740423547897,1.080621507754174,2.139522559535132,3824.5616432235474,0.6455474653993845,1.0589010517809578,1.7044485171803423,0,0
basis,direction,14,basis,0.37539731211275496,0.9637544778150419,1.9753750618536106,3797.8802383660327,0.5883571657022869,1.0116205840385688,1.5999777497408556,0,0
basis,direction,15,spline,0.35895927671290523,1.0435669811719706,2.1927019061977737,3843.096308177449,0.6846077044590653,1.1491349250258032,1.8337426294848684,0,0
basis,direction,15,basis,0.3971615005255942,1.0319044982577394,2.070551338651354,3951.2011382946716,0.6347429977321453,1.0386468403936147,1.67338983812576,0,0
basis,direction,16,spline,0.3644207387802536,1.0075279879844872,2.098028461583112,3888.3902576641303,0.6431072492042336,1.0905004735986248,1.7336077228028584,0,0
basis,direction,16,basis,0.3996678063427378,1.071088571304232,2.206845577719186,3961.0794970436004,0.6714207649614942,1.1357570064149543,1.8071777713764483,0,0
basis,direction,17,spline,0.39301233978702305,0.9965691185693132,2.059578941773191,3930.0300244318883,0.6035567787822902,1.063009823203878,1.666566601986168,0,0
basis,direction,17,basis,0.36386153379784425,1.023590457303258,2.132375103788662,3882.233589430233,0.6597289235054137,1.1087846464854039,1.7685135699908177,0,0
basis,direction,18,spline,0.39980830904237286,1.0251776909843555,2.1663908681907036,3968.521627769402,0.6253693819419827,1.141213177206348,1.7665825591483308,0,0
basis,direction,18,basis,0.38082303600542716,1.0401307024200097,2.086179715680267,3949.6400454880973,0.6593076664145825,1.0460490132602573,1.7053566796748398,0,0
basis,direction,19,spline,0.35999459197428796,0.9900582826325285,2.1009194029204825,3922.0039675451653,0.6300636906582405,1.1108611202879541,1.7409248109461946,0,0
basis,direction,19,basis,0.3677315699322684,1.0063561451129288,2.048748111008359,3906.16965668881,0.6386245751806604,1.0423919658954304,1.6810165410760907,0,0
basis,direction,20,spline,0.37085621975064925,1.0109809601492414,2.067393986334282,3860.860462471757,0.6401247403985921,1.0564130261850404,1.6965377665836325,0,0
basis,direction,20,basis,0.36488021580668234,0.9916799115558529,2.0678341608001225,3887.9551901162067,0.6267996957491706,1.0761542492442695,1.70295394499344,0,0
basis,direction,21,spline,0.37451005729074965,1.0245686767491875,2.1302877188214806,3935.665240440638,0.6500586194584379,1.105719042072293,1.755777661530731,0,0
basis,direction,21,basis,0.4364084620902564,1.0581399782073724,2.124571997844997,3947.1380257858427,0.621731516117116,1.0664320196376245,1.6881635357547404,0,0
basis,direction,22,spline,0.3493432512180473,0.989980481995798,2.164204981149473,3821.7075922871904,0.6406372307777507,1.174224499153675,1.8148617299314256,0,0
basis,direction,22,basis,0.3871454890891721,0.9885298763103578,1.9940439050916754,3949.3482054684705,0.6013843872211857,1.0055140287813176,1.6068984160025033,0,0
basis,direction,23,spline,0.3470064884824071,1.0021788129286031,2.121597781243203,3827.1802230147173,0.655172324446196,1.1194189683145999,1.7745912927607959,0,0
basis,direction,23,basis,0.3914824936018796,1.0069279906168467,2.085041033784201,3924.246052213089,0.6154454970149671,1.0781130431673545,1.6935585401823214,0,0
basis,direction,24,spline,0.3882853949626549,1.0385581931177292,2.0518392481836623,3949.4187592724024,0.6502727981550743,1.013281055065933,1.6635538532210075,0,0
basis,direction,24,basis,0.37302950479659325,1.0284144852135646,2.0847370194056873,3875.7910136027276,0.6553849804169714,1.0563225341921227,1.711707514609094,0,0
basis,direction,25,spline,0.3543895408732368,0.9576561496986971,2.0754261627338155,3920.2292852200626,0.6032666088254602,1.1177700130351185,1.7210366218605788,0,0
basis,direction,25,basis,0.3431430598695886,0.953060843420295,1.9793542342498296,3812.405924693951,0.6099177835507064,1.0262933908295346,1.636211174380241,0,0
basis,direction,26,spline,0.3979497433809625,1.096119170697343,2.1729106129668443,3958.175608327158,0.6981694273163805,1.0767914422695013,1.7749608695858818,0,0
basis,direction,26,basis,0.38886024510218087,1.0269488418323318,2.110277390050752,3953.5064802777524,0.638088596730151,1.0833285482184203,1.7214171449485711,0,0
basis,direction,27,spline,0.35825832969818755,0.9773412638880694,2.090902165011508,3788.0818004328557,0.6190829341898818,1.1135609011234384,1.7326438353133202,0,0
basis,direction,27,basis,0.32696804563657095,0.9666685570526069,2.0078632066521647,3448.402938101086,0.6397005114160359,1.0411946495995577,1.6808951610155938,0,0
basis,direction,28,spline,0.3278005909857243,0.9949992054487448,2.082556532655673,3700.6639203357167,0.6671986144630204,1.0875573272069285,1.754755941669949,0,0
basis,direction,28,basis,0.3529853037767288,0.9343448085636236,1.995753006646331,3834.9773068373806,0.5813595047868947,1.0614081980827073,1.6427677028696022,0,0
basis,direction,29,spline,0.3527804743418586,1.0134076038121718,2.0539627387408643,3890.8571380287694,0.6606271294703132,1.0405551349286926,1.7011822643990058,0,0
basis,direction,29,basis,0.2998954291417542,0.9438404297348812,1.9633437744471847,3677.465151672924,0.6439450005931271,1.0195033447123034,1.6634483453054305,0,0
basis,direction,30,spline,0.40706766588607146,1.0381658125753883,2.1305937157807127,3955.0256843044153,0.6310981466893169,1.0924279032053243,1.7235260498946412,0,0
basis,direction,30,basis,0.34724926176603577,0.9664153549684598,2.088834518827663,3837.1358426537386,0.619166093202424,1.1224191638592032,1.7415852570616273,0,0
basis,direction,31,spline,0.390898640208217,1.023792718157376,2.1488227869934735,3913.3103685651085,0.632894077949159,1.1250300688360975,1.7579241467852564,0,0
basis,direction,31,basis,0.39118378224900846,1.034737312237883,2.0600680820469104,3940.277321253782,0.6435535299888744,1.0253307698090275,1.6688842997979019,0,0
basis,direction,32,spline,0.3823338481581766,1.0335799205055698,2.0911421664785586,3959.2303540406233,0.6512460723473932,1.0575622459729888,1.708808318320382,0,0
basis,direction,32,basis,0.42233541698884275,1.0583019430729605,2.1855101131782164,3932.1158586282927,0.6359665260841179,1.1272081701052559,1.7631746961893737,0,0
basis,direction,33,spline,0.38995597494707834,1.0567212359013067,2.1638876133908727,3941.3149569386987,0.6667652609542284,1.107166377489566,1.7739316384437944,0,0
basis,direction,33,basis,0.40426598743465575,1.0387486246166735,2.085502202334825,3963.725599358705,0.6344826371820178,1.0467535777181514,1.6812362149001692,0,0
basis,direction,34,spline,0.40313381183626196,1.0497327964327468,2.095456422364902,3913.5689115598398,0.6465989845964848,1.0457236259321554,1.6923226105286402,0,0
basis,direction,34,basis,0.39736524457548417,1.0415246011670671,2.071234917179963,3962.350584797222,0.644159356591583,1.029710316012896,1.673869672604479,0,0
basis,direction,35,spline,0.34189033301867644,0.9702928971690565,2.0837333839611967,3862.813649823691,0.6284025641503801,1.1134404867921401,1.7418430509425202,0,0
basis,direction,35,basis,0.2983025986285842,0.935723010263302,2.0425049319944257,3685.071972113971,0.6374204116347177,1.1067819217311237,1.7442023333658416,0,0
basis,direction,36,spline,0.37962956418970784,1.044873183479876,2.1220750406452353,3942.8746027591906,0.6652436192901681,1.0772018571653594,1.7424454764555275,0,0
basis,direction,36,basis,0.35239467291655857,1.0152012209598436,2.190216598492851,3897.6883650264203,0.662806548043285,1.1750153775330077,1.8378219255762926,0,0
basis,direction,37,spline,0.39496373850778294,1.0683023668904759,2.165451126000873,3955.707196104716,0.673338628382693,1.097148759110397,1.77048738749309,0,0
basis,direction,37,basis,0.3779877253537657,1.0135771151242652,2.1571213766197963,3899.0809791150004,0.6355893897704995,1.1435442614955311,1.7791336512660307,0,0
basis,direction,38,spline,0.3818236329651322,1.0251560958945547,2.1242062675839457,3876.2566021656253,0.6433324629294225,1.099050171689391,1.7423826346188136,0,0
basis,direction,38,basis,0.4137771554737154,1.0899457338989331,2.1471014870221987,3952.7478952778515,0.6761685784252177,1.0571557531232656,1.7333243315484834,0,0
basis,direction,39,spline,0.37143682262147165,1.0122021816318116,2.0720589020722167,3860.5291852517394,0.6407653590103399,1.059856720440405,1.700622079450745,0,0
basis,direction,39,basis,0.3111396629772354,0.9676361527781681,2.0540721280795884,3774.7566633773695,0.6564964898009327,1.0864359753014203,1.742932465102353,0,0
basis,curvature,0,spline,0.5249274537052028,1.1894081900960585,2.262830581801514,4020.5423312236035,0.6644807363908557,1.0734223917054557,1.7379031280963115,0,0
basis,curvature,0,basis,0.4767767897682854,1.1411028610889167,2.280767923396873,4044.108644531464,0.6643260713206313,1.1396650623079565,1.8039911336285877,0,0
basis,curvature,1,spline,0.45237401252658105,1.1079338217425958,2.167572400439161,4067.019409731766,0.6555598092160148,1.0596385786965654,1.7151983879125803,0,0
basis,curvature,1,basis,0.4599696411894017,1.1334164552119164,2.2996845311376153,4051.8811456301696,0.6734468140225147,1.166268075925699,1.8397148899482136,0,0
basis,curvature,2,spline,0.43041941410121015,1.118916709016483,2.173255376446426,4000.317516401247,0.688497294915273,1.054338667429943,1.742835962345216,0,0
basis,curvature,2,basis,0.414663051624548,1.1193243257479608,2.270057988298288,4007.976939538437,0.7046612741234128,1.1507336625503273,1.8553949366737401,0,0
basis,curvature,3,spline,0.4323074021191988,1.0895528556557326,2.147308584634893,4046.6885542754057,0.6572454535365337,1.0577557289791606,1.7150011825156943,0,0
basis,curvature,3,basis,0.4886862334363952,1.1782842343619082,2.2058091685498065,4052.8064669608075,0.6895980009255129,1.0275249341878983,1.7171229351134112,0,0
basis,curvature,4,spline,0.4127033141910272,1.0802565156312265,2.172388632406843,3915.0500432632225,0.6675532014401993,1.0921321167756166,1.7596853182158159,0,0
basis,curvature,4,basis,0.4283488839935808,1.078156028895679,2.2431462744775734,4059.087993079149,0.6498071449020983,1.1649902455818943,1.8147973904839927,0,0
basis,curvature,5,spline,0.45291523810847834,1.1119062900559384,2.206217900659334,4051.796480350438,0.6589910519474601,1.0943116106033954,1.7533026625508557,0,0
basis,curvature,5,basis,0.44480334391549053,1.100405663360767,2.202230611357705,4059.6509619976055,0.6556023194452765,1.101824947996938,1.7574272674422144,0,0
basis,curvature,6,spline,0.4277288731707929,1.1152198810973815,2.20350647399295,3982.68996240336,0.6874910079265886,1.0882865928955687,1.7757776008221573,0,0
basis,curvature,6,basis,0.4440983028432405,1.0872996752693311,2.2615214865106226,4059.8370399097284,0.6432013724260907,1.1742218112412914,1.817423183667382,0,0
basis,curvature,7,spline,0.4551435710695124,1.1136874003456314,2.236329773060222,4041.44196497865,0.658543829276119,1.1226423727145907,1.7811862019907096,0,0
basis,curvature,7,basis,0.4366019291576139,1.0823771054149436,2.212517295325885,4003.4923077164813,0.6457751762573296,1.1301401899109416,1.7759153661682712,0,0
basis,curvature,8,spline,0.4923801827654319,1.1409473913784136,2.133469015696136,4064.1423024683845,0.6485672086129817,0.9925216243177222,1.6410888329307038,0,0
basis,curvature,8,basis,0.3895325869178654,1.0595408894985376,2.153732209930394,3971.603210395283,0.6700083025806722,1.0941913204318565,1.7641996230125288,0,0
basis,curvature,9,spline,0.3910122222546135,1.058177682308329,2.1249202833866327,3950.023435168675,0.6671654600537156,1.0667426010783037,1.7339080611320192,0,0
basis,curvature,9,basis,0.44341938948397885,1.1382684910089786,2.2074224260996727,4047.7686539283022,0.6948491015249998,1.069153935090694,1.7640030366156938,0,0
basis,curvature,10,spline,0.509180374871603,1.1723752995169134,2.2773667228943064,4056.7535745297964,0.6631949246453105,1.104991423377393,1.7681863480227036,0,0
basis,curvature,10,basis,0.3997780157379245,1.0529330443096254,2.194565319156019,3957.608308886156,0.6531550285717009,1.1416322748463934,1.7947873034180943,0,0
basis,curvature,11,spline,0.4643190278423921,1.1464636642244912,2.2297502702451557,4057.1739126393545,0.6821446363820991,1.0832866060206645,1.7654312424027636,0,0
basis,curvature,11,basis,0.45919131210941233,1.1018601198637266,2.250777220043047,4046.526002590958,0.6426688077543142,1.1489171001793206,1.791585907933635,0,0
basis,curvature,12,spline,0.41567130246764217,1.0756982492900224,2.273401683771918,3982.9322946094026,0.6600269468223803,1.1977034344818955,1.8577303813042758,0,0
basis,curvature,12,basis,0.4746138192168277,1.161510400824707,2.256385563327086,4058.9167592764597,0.6868965816078794,1.0948751625023792,1.7817717441102585,0,0
basis,curvature,13,spline,0.4722452613822815,1.1245885170621985,2.178342618975372,4045.440905864893,0.652343255679917,1.0537541019131735,1.7060973575930904,0,0
basis,curvature,13,basis,0.43692975964667763,1.0936256577158792,2.165011350755901,4059.4415324115494,0.6566958980692015,1.0713856930400218,1.7280815911092233,0,0
basis,curvature,14,spline,0.5030363063213814,1.1645996760296946,2.207506259498669,4034.67370205574,0.6615633697083132,1.0429065834689746,1.7044699531772878,0,0
basis,curvature,14,basis,0.4501887683771239,1.1061688472334152,2.1310876080201955,4051.9341784491176,0.6559800788562913,1.0249187607867802,1.6808988396430715,0,0
basis,curvature,15,spline,0.44436392340412495,1.1307007548822503,2.2574460057878243,4067.5292461153317,0.6863368314781253,1.126745250905574,1.8130820823836993,0,0
basis,curvature,15,basis,0.4427923736681259,1.1290321870856639,2.188068512360212,4036.935110279631,0.686239813417538,1.059036325274548,1.745276138692086,0,0
basis,curvature,16,spline,0.47565118136486834,1.0856001067397412,2.135317381524506,4065.1304864982217,0.6099489253748729,1.0497172747847647,1.6596662001596376,0,0
basis,curvature,16,basis,0.4440677604121175,1.1272525118730923,2.2635077390622445,4057.8618255943447,0.6831847514609748,1.1362552271891522,1.819439978650127,0,0
basis,curvature,17,spline,0.4531902022423643,1.1232713634879363,2.2731462917334904,4058.5836133091793,0.670081161245572,1.149874928245554,1.819956089491126,0,0
basis,curvature,17,basis,0.4158694579459974,1.0800982166144664,2.1637691948379474,3994.330621085605,0.664228758668469,1.083670978223481,1.74789973689195,0,0
basis,curvature,18,spline,0.4187967382969023,1.0893174948971325,2.1663147458913428,4022.3268518531368,0.6705207566002302,1.0769972509942103,1.7475180075944405,0,0
basis,curvature,18,basis,0.4446796431578862,1.1349607643665007,2.1929208800164433,4025.4577292327467,0.6902811212086145,1.0579601156499425,1.748241236858557,0,0
basis,curvature,19,spline,0.3630594995326048,1.0297079949629477,2.0518751211172797,3929.1517962389967,0.6666484954303429,1.022167126154332,1.6888156215846748,0,0
basis,curvature,19,basis,0.34243889987590576,1.0151167107531616,2.1032729576598674,3865.3044277569397,0.6726778108772558,1.0881562469067059,1.7608340577839616,0,0
basis,curvature,20,spline,0.41480787932574587,1.0915030201075273,2.140062235193981,3969.8345026350703,0.6766951407817814,1.0485592150864538,1.7252543558682352,0,0
basis,curvature,20,basis,0.432596628511163,1.0848687533083106,2.1683694566690264,4042.2238738375054,0.6522721247971476,1.0835007033607158,1.7357728281578635,0,0
basis,curvature,21,spline,0.48842348972255845,1.1560937263298412,2.2573634067373636,4053.439747238272,0.6676702366072828,1.1012696804075224,1.768939917014805,0,0
basis,curvature,21,basis,0.45200200764180637,1.1380116383332877,2.258793079865394,4002.353356266392,0.6860096306914814,1.1207814415321065,1.8067910722235878,0,0
basis,curvature,22,spline,0.4475699727944858,1.0917026493444968,2.146587904598497,4028.7781548936855,0.644132676550011,1.054885255254,1.699017931804011,0,0
basis,curvature,22,basis,0.405625426311461,1.049350825351674,2.1617636284579436,3957.6442175612124,0.643725399040213,1.1124128031062697,1.7561382021464826,0,0
basis,curvature,23,spline,0.4309963441839473,1.1224615222912904,2.2244206463698224,4044.928182994868,0.6914651781073431,1.101959124078532,1.7934243021858751,0,0
basis,curvature,23,basis,0.4426371307914078,1.10035262140313,2.2053046499563282,4041.055392045503,0.6577154906117222,1.1049520285531982,1.7626675191649204,0,0
basis,curvature,24,spline,0.4284513378415328,1.0921073797433956,2.1551668701924083,4017.4250163482916,0.6636560419018628,1.0630594904490127,1.7267155323508754,0,0
basis,curvature,24,basis,0.47369719811034455,1.1170520513927462,2.228865347445212,4059.321912990544,0.6433548532824016,1.1118132960524658,1.7551681493348674,0,0
basis,curvature,25,spline,0.46499191406274293,1.1016084787764429,2.2941868878205334,4067.9005414366493,0.6366165647136999,1.1925784090440905,1.8291949737577904,0,0
basis,curvature,25,basis,0.43896810955730303,1.1091226621543753,2.2708310684519843,4047.130866780964,0.6701545525970722,1.161708406297609,1.8318629588946813,0,0
basis,curvature,26,spline,0.4670661310188764,1.1027917669404916,2.1922099001607354,4067.2606377985394,0.6357256359216152,1.0894181332202437,1.725143769141859,0,0
basis,curvature,26,basis,0.46003089511109924,1.13664446030098,2.218426029872302,4059.6666555416964,0.6766135651898808,1.081781569571322,1.7583951347612028,0,0
basis,curvature,27,spline,0.42701677581265046,1.1071240841382701,2.2017100009148476,3970.7481388640504,0.6801073083256197,1.0945859167765775,1.7746932251021972,0,0
basis,curvature,27,basis,0.43791990942449927,1.1179026907258516,2.204007601952687,4048.795120324668,0.6799827813013524,1.0861049112268355,1.7660876925281879,0,0
basis,curvature,28,spline,0.4580425866852855,1.0972233216814609,2.2145527758791133,3990.921464570489,0.6391807349961753,1.1173294541976524,1.7565101891938277,0,0
basis,curvature,28,basis,0.4521907071388996,1.1015238015374638,2.2422167925466177,4056.259013072349,0.6493330943985642,1.140692991009154,1.7900260854077181,0,0
basis,curvature,29,spline,0.4647106599111224,1.1549539197364602,2.2084032412964665,4062.0704161015897,0.6902432598253379,1.0534493215600063,1.743692581385344,0,0
basis,curvature,29,basis,0.42819209003796865,1.067132256226024,2.0767899422739373,3881.0435726860983,0.6389401661880553,1.0096576860479134,1.6485978522359686,0,0
basis,curvature,30,spline,0.4877818587823787,1.1685486499698474,2.221793295557622,4066.244504715453,0.6807667911874687,1.0532446455877744,1.7340114367752433,0,0
basis,curvature,30,basis,0.4088577497247828,1.1031593200147949,2.1751998184433603,3973.1968462017176,0.6943015702900122,1.0720404984285654,1.7663420687185776,0,0
basis,curvature,31,spline,0.45823623565233546,1.132112748925349,2.2474108500948535,4066.7728088044146,0.6738765132730136,1.1152981011695045,1.789174614442518,0,0
basis,curvature,31,basis,0.46462146030980284,1.1105286939183576,2.2073076651825585,4058.2715735661222,0.6459072336085547,1.0967789712642009,1.7426862048727556,0,0
basis,curvature,32,spline,0.4722832780447187,1.1489173140815159,2.2716298542424536,4062.9030718498348,0.6766340360367972,1.1227125401609377,1.7993465761977347,0,0
basis,curvature,32,basis,0.4393746911190711,1.1100516121408348,2.1258007652453985,4036.4339515394463,0.6706769210217637,1.0157491531045637,1.6864260741263273,0,0
basis,curvature,33,spline,0.3960492899866144,1.0901106651959516,2.09463264924434,3982.8736349989936,0.6940613752093372,1.0045219840483883,1.6985833592577255,0,0
basis,curvature,33,basis,0.395609497226351,1.0314913445034752,2.165711150646316,3998.972270483616,0.6358818472771242,1.1342198061428406,1.7701016534199647,0,0
basis,curvature,34,spline,0.43514745352468326,1.0837624004039086,2.106577802610453,4050.1582028476746,0.6486149468792253,1.0228154022065443,1.6714303490857696,0,0
basis,curvature,34,basis,0.43735086098085274,1.1145844620069236,2.228417054885662,4031.6027657277255,0.6772336010260709,1.1138325928787385,1.7910661939048094,0,0
basis,curvature,35,spline,0.4746424273054776,1.162598531933849,2.2454678563683994,4043.762486802524,0.6879561046283713,1.0828693244345504,1.7708254290629217,0,0
basis,curvature,35,basis,0.46193928222971375,1.084313790406616,2.167966575028409,4050.6407899705114,0.6223745081769023,1.0836527846217932,1.7060272927986955,0,0
basis,curvature,36,spline,0.4094654302372364,1.049688887216288,2.1108925566695227,3966.51937557323,0.6402234569790515,1.0612036694532347,1.7014271264322862,0,0
basis,curvature,36,basis,0.5103427416130192,1.1777551672409883,2.2613952533038257,4026.5323070468326,0.6674124256279691,1.0836400860628375,1.7510525116908067,0,0
basis,curvature,37,spline,0.4891923977573209,1.1516635977536251,2.210822168863197,4040.444010655538,0.6624711999963042,1.059158571109572,1.7216297711058761,0,0
basis,curvature,37,basis,0.4266699865810686,1.069834705857089,2.1273176539345453,4033.0362219229646,0.6431647192760204,1.0574829480774564,1.7006476673534767,0,0
basis,curvature,38,spline,0.3673506411535568,1.0372535396381897,2.1725380245739405,3889.7949014898322,0.6699028984846329,1.1352844849357508,1.8051873834203838,0,0
basis,curvature,38,basis,0.43300162294174455,1.106989250317156,2.139642956127095,4054.7163131749007,0.6739876273754113,1.0326537058099392,1.7066413331853505,0,0
basis,curvature,39,spline,0.44992199542722516,1.1224813856443778,2.173153355368355,4052.0495529343734,0.6725593902171527,1.050671969723977,1.7232313599411297,0,0
basis,curvature,39,basis,0.3793386173701886,1.0335354190563042,2.0859022107656378,3950.78983924278,0.6541968016861156,1.0523667917093336,1.7065635933954493,0,0
basis,inflection,0,spline,0.0001220479650016849,0.00012204796530603418,0.004633659995767426,255.1006438276497,3.043492785266902e-13,0.004511612030461392,0.004511612030765741,1,1
basis,inflection,0,basis,0.0001220479650016849,0.00012204796546792446,0.0038269643492022105,256.89149521583755,4.662395551016316e-13,0.003704916383734286,0.0037049163842005255,1,1
basis,inflection,1,spline,0.0001220479650016849,0.00012204797173278937,0.00984511895390092,293.5584105863771,6.7311044704611994e-12,0.00972307098216813,0.009723070988899235,1,1
basis,inflection,1,basis,0.0001220479650016849,0.00012204796532491028,0.003481976227998708,245.06290663505462,3.232253738749344e-13,0.0033599282626737975,0.003359928262997023,1,1
basis,inflection,2,spline,0.00012204796500212905,0.00012204796589152623,0.0048963275148484935,221.88509251633963,8.893971849147433e-13,0.004774279548956967,0.004774279549846365,1,1
basis,inflection,2,basis,0.0001220479650016849,0.00012204796571009364,0.004985713121926906,253.01622838536187,7.084087412815784e-13,0.004863665156216813,0.004863665156925222,1,1
basis,inflection,3,spline,0.0001220479650016849,0.00012204796525606805,0.0044778211001301515,264.8441623315819,2.543831437813379e-13,0.0043557731348740835,0.004355773135128467,1,1
basis,inflection,3,basis,0.0001220479650016849,0.00012204796603587284,0.005120535785233062,266.60537139297054,1.0341879398212753e-12,0.004998487819197189,0.004998487820231377,1,1
basis,inflection,4,spline,0.0001220479650016849,0.00012204796502344793,0.001464597289944507,222.18149693801624,2.1763027577975658e-14,0.001342549324921059,0.0013425493249428222,1,1
basis,inflection,4,basis,0.0001220479650016849,0.00012204796579870026,0.0034507506670743058,208.30084643053496,7.970153535633365e-13,0.0033287027012756055,0.0033287027020726207,1,1
basis,inflection,5,spline,0.0001220479650016849,0.00012204796504831996,0.0018267700020846564,242.99925466550022,4.6635059095662124e-14,0.0017047220370363363,0.0017047220370829716,1,1
basis,inflection,5,basis,0.0001220479650016849,0.00012204796539242008,0.0026113670059576062,213.53474391543995,3.907351737086548e-13,0.002489319040565186,0.002489319040955921,1,1
basis,inflection,6,spline,0.0001220479650016849,0.0001220479650778555,0.0020416959017085603,229.75866451529402,7.61705965229148e-14,0.0019196479366307049,0.0019196479367068755,1,1
basis,inflection,6,basis,0.00012204796500146283,0.00012204796565535297,0.0033104271194623483,235.18830063782417,6.538901364816496e-13,0.0031883791538069952,0.0031883791544608854,1,1
basis,inflection,7,spline,0.00012204796500146283,0.00012204796618188499,0.005150646674100429,235.30411825453797,1.180422160842673e-12,0.0050285987079185445,0.005028598709098967,1,1
basis,inflection,7,basis,0.0001220479650016849,0.0001220479666303588,0.0048058738533202925,233.66122797426462,1.6286738938834505e-12,0.004683825886689933,0.004683825888318608,1,1
basis,inflection,8,spline,0.00012204796500190697,0.00012204796500923534,0.0009800950778512316,208.98054232089,7.328366429318334e-15,0.0008580471128419963,0.0008580471128493246,1,1
basis,inflection,8,basis,0.0001220479650016849,0.00012204796553099281,0.0026493786719904593,236.4500187902468,5.293079071832379e-13,0.0025273307064594664,0.0025273307069887743,1,1
basis,inflection,9,spline,0.0001220479650016849,0.0001220479650589794,0.004131966378577676,259.48906150057087,5.729450117467061e-14,0.004009918413518697,0.0040099184135759915,1,1
basis,inflection,9,basis,0.0001220479650016849,0.00012204796573718639,0.00605193833925282,247.53986189229713,7.355014898990583e-13,0.0059298903735156335,0.0059298903742511355,1,1
basis,inflection,10,spline,0.0001220479650016849,0.0001220479650221155,0.0014334998832422783,216.47466987560603,2.0430597318099597e-14,0.0013114519182201628,0.0013114519182405935,1,1
basis,inflection,10,basis,0.0001220479650016849,0.00012204796537643091,0.0024136058988245344,223.60484661303173,3.7474601059014206e-13,0.0022915579334481036,0.0022915579338228494,1,1
basis,inflection,11,spline,0.0001220479650016849,0.0001220479650354398,0.0022603627589020785,202.86606647590662,3.3754899916860204e-14,0.0021383147938666388,0.0021383147939003934,1,1
basis,inflection,11,basis,0.0001220479650016849,0.00012204796575028862,0.0024506332736962074,234.3883082976881,7.486037207878396e-13,0.002328585307945919,0.0023285853086945224,1,1
basis,inflection,12,spline,0.0001220479650016849,0.0001220479650605339,0.0021717592051497705,206.4691069798225,5.884900314452601e-14,0.0020497112400892368,0.0020497112401480855,1,1
basis,inflection,12,basis,0.0001220479650016849,0.00012204797199261326,0.006783121888743286,218.404020289132,6.990928357584504e-12,0.006661073916750673,0.0066610739237416014,1,1
basis,inflection,13,spline,0.0001220479650016849,0.00012204796563447823,0.005044586530012047,260.45470312568057,6.32793324033612e-13,0.004922538564377569,0.004922538565010362,1,1
basis,inflection,13,basis,0.0001220479650016849,0.00012204796589152623,0.005009076448368146,257.6807756861272,8.89841328334702e-13,0.004887028482476619,0.004887028483366461,1,1
basis,inflection,14,spline,0.00012204796500190697,0.0001220479668257819,0.007634674569358709,232.54828925875736,1.8238749269552934e-12,0.007512626602532927,0.007512626604356802,1,1
basis,inflection,14,basis,0.0001220479650016849,0.00012204796568699819,0.003106093600860029,241.41852597297716,6.853132834437267e-13,0.0029840456351730308,0.002984045635858344,1,1
basis,inflection,15,spline,0.0001220479650016849,0.00012204796510517032,0.0023550004797336863,214.8619918587001,1.0348541685037405e-13,0.002232952514628516,0.0022329525147320012,1,1
basis,inflection,15,basis,0.0001220479650016849,0.00012204796817009298,0.005027314756158997,232.85814668925994,3.168408081472701e-12,0.004905266787988904,0.0049052667911573125,1,1
basis,inflection,16,spline,0.00012204796500190697,0.00012204796500235112,0.0006157351281517818,200.7647608519349,4.441434199586869e-16,0.0004936871631494306,0.0004936871631498748,1,1
basis,inflection,16,basis,0.0001220479650016849,0.0001220479680404031,0.004687358156945467,234.7924360009328,3.0387182028447646e-12,0.004565310188905064,0.004565310191943782,1,1
basis,inflection,17,spline,0.0001220479650016849,0.00012204796510761311,0.003922144291806286,230.8197882168049,1.0592820566014682e-13,0.003800096326698673,0.0038000963268046014,1,1
basis,inflection,17,basis,0.0001220479650016849,0.0001220479650778555,0.00398687685571765,218.49124503597392,7.61705965229148e-14,0.0038648288906397944,0.003864828890715965,1,1
basis,inflection,18,spline,0.0001220479650016849,0.00012204796500523805,0.0008765512422145087,212.2230594510369,3.553147359669495e-15,0.0007545032772092706,0.0007545032772128238,1,1
basis,inflection,18,basis,0.0001220479650016849,0.00012204796546903482,0.0015990373929994773,216.476717033942,4.673499136515283e-13,0.0014769894275304426,0.0014769894279977925,1,1
basis,inflection,19,spline,0.00012204796500146283,0.00012204796780756092,0.00814934734756656,245.70222867368088,2.8060980866414023e-12,0.008027299379758998,0.008027299382565098,1,1
basis,inflection,19,basis,0.0001220479650016849,0.00012204796553943154,0.004020922879642969,239.64990009227705,5.37746632162453e-13,0.0038988749141035377,0.0038988749146412842,1,1
basis,inflection,20,spline,0.0001220479650016849,0.00012204796505054068,0.002029284522074888,217.19481501361693,4.885577619545556e-14,0.001907236557024347,0.001907236557073203,1,1
basis,inflection,20,basis,0.0001220479650016849,0.00012204796585421818,0.003665952104547977,229.1392257317079,8.525332810581723e-13,0.003543904138693759,0.003543904139546292,1,1
basis,inflection,21,spline,0.0001220479650016849,0.00012204796519621972,0.003997700166178754,261.7311330269216,1.9453481794190486e-13,0.0038756522009825343,0.0038756522011770688,1,1
basis,inflection,21,basis,0.0001220479650016849,0.00012204796574273819,0.004532842730433809,262.1445933308029,7.410532826485419e-13,0.004410794764691071,0.004410794765432125,1,1
basis,inflection,22,spline,0.00012204796500146283,0.00012204796501834028,0.0017928432808607699,222.17136138331972,1.6877449958430102e-14,0.0016707953158424296,0.0016707953158593071,1,1
basis,inflection,22,basis,0.0001220479650016849,0.00012204796626982539,0.003647659706113501,239.5346491429708,1.2681404862845136e-12,0.0035256117398436756,0.003525611741111816,1,1
basis,inflection,23,spline,0.00012204796500190697,0.0001220479650032394,0.000808648363303772,229.9131363562929,1.3324302598760607e-15,0.0006866003983005325,0.000686600398301865,1,1
basis,inflection,23,basis,0.0001220479650016849,0.00012204796522175797,0.0023612487205298184,225.5470225815528,2.2007306458952935e-13,0.0022392007553080602,0.0022392007555281333,1,1
basis,inflection,24,spline,0.00012204796500146283,0.00012204796527472207,0.003538236820751873,253.88872163109926,2.732592391295821e-13,0.0034161888554771506,0.00341618885575041,1,1
basis,inflection,24,basis,0.0001220479650016849,0.00012204796670364246,0.0058553595689244,247.83887069863593,1.7019575581766339e-12,0.005733311602220757,0.005733311603922715,1,1
basis,inflection,25,spline,0.0001220479650016849,0.00012204796538997729,0.004674264622513927,267.3347405067049,3.88292384898882e-13,0.004552216657123949,0.004552216657512242,1,1
basis,inflection,25,basis,0.0001220479650016849,0.0001220479663702018,0.008205609740658556,242.58977803817132,1.3685168991951768e-12,0.008083561774288355,0.008083561775656872,1,1
basis,inflection,26,spline,0.0001220479650016849,0.00012204796537198948,0.004042073015092903,211.6415151180704,3.703045763905552e-13,0.003920025049720914,0.003920025050091218,1,1
basis,inflection,26,basis,0.00012204796500190697,0.00012204796562470707,0.004020798177133897,236.6869141954854,6.228000970845415e-13,0.00389875021150919,0.00389875021213199,1,1
basis,inflection,27,spline,0.0001220479650016849,0.00012204796587975643,0.005011584119634926,255.4414847833862,8.780715277057968e-13,0.004889536153755169,0.004889536154633241,1,1
basis,inflection,27,basis,0.00012204796500190697,0.00012204796516046618,0.002848761341097393,276.98877805662147,1.5855920092525122e-13,0.002726713375936927,0.002726713376095486,1,1
basis,inflection,28,spline,0.0001220479650016849,0.00012204796502589072,0.002553791765969957,260.4755053892576,2.4205816387748436e-14,0.002431743800944066,0.002431743800968272,1,1
basis,inflection,28,basis,0.0001220479650016849,0.00012204796543594613,0.0034745177132262687,258.88395235169384,4.342612288646061e-13,0.0033524697477903226,0.0033524697482245837,1,1
basis,inflection,29,spline,0.0001220479650016849,0.00012204796500279526,0.0009330850416336493,199.21099172516932,1.1103585498967172e-15,0.000811037076630854,0.0008110370766319644,1,1
basis,inflection,29,basis,0.0001220479650016849,0.00012204796561182691,0.0026667638076283925,255.91545168689476,6.10142009615719e-13,0.0025447158420165658,0.0025447158426267075,1,1
basis,inflection,30,spline,0.0001220479650016849,0.00012204796719963963,0.00811918220829894,241.24813819165863,2.1979547224154974e-12,0.0079971342410993,0.007997134243297255,1,1
basis,inflection,30,basis,0.0001220479650016849,0.00012204796674739059,0.004672066492312968,237.3800743329898,1.7457056850425645e-12,0.0045500185255655775,0.0045500185273112835,1,1
basis,inflection,31,spline,0.0001220479650016849,0.00012204796535422374,0.003409007103911226,220.44968054449902,3.525388395922077e-13,0.003286959138557002,0.003286959138909541,1,1
basis,inflection,31,basis,0.0001220479650016849,0.00012204797430515699,0.0063759995855757045,232.71325727986627,9.303472082349343e-12,0.006253951611270548,0.00625395162057402,1,1
basis,inflection,32,spline,0.00012204796500190697,0.00012204796503011008,0.001870548143111749,205.46479253285867,2.8203107167376618e-14,0.0017485001780816391,0.001748500178109842,1,1
basis,inflection,32,basis,0.0001220479650016849,0.00012204796682644812,0.002806029629588999,224.02428274868248,1.8247632137952108e-12,0.002683981662762551,0.0026839816645873138,1,1
basis,inflection,33,spline,0.0001220479650016849,0.00012204796577071922,0.0045869468994497765,248.0788944928094,7.690343181059392e-13,0.004464898933679057,0.004464898934448092,1,1
basis,inflection,33,basis,0.00012204796500190697,0.00012204796690905879,0.005182089868166027,268.57522890577303,1.907151818197547e-12,0.005060041901256968,0.00506004190316412,1,1
basis,inflection,34,spline,0.0001220479650016849,0.00012204796507941,0.0018861843491824468,230.65016928003146,7.77250984927702e-14,0.0017641363841030368,0.001764136384180762,1,1
basis,inflection,34,basis,0.00012204796500146283,0.0001220479697892178,0.006057630171396639,229.31739822206873,4.787754963537019e-12,0.005935582201607421,0.005935582206395176,1,1
basis,inflection,35,spline,0.0001220479650016849,0.0001220479651540261,0.0029466637480058777,222.78980914218516,1.523411930458296e-13,0.0028246157828518514,0.0028246157830041927,1,1
basis,inflection,35,basis,0.0001220479650016849,0.00012204796702919959,0.004290741989863814,249.6156891931449,2.0275146850063513e-12,0.004168694022834614,0.004168694024862129,1,1
basis,inflection,36,spline,0.0001220479650016849,0.00012204796791948506,0.006575255788153506,272.87436742359006,2.917800156761012e-12,0.006453207820234021,0.006453207823151822,1,1
basis,inflection,36,basis,0.0001220479650016849,0.00012204797252758401,0.00883335083152956,253.31947183720123,7.525899106924742e-12,0.008711302859001976,0.008711302866527876,1,1
basis,inflection,37,spline,0.0001220479650016849,0.00012204796501678578,0.0015405456948930454,203.81642318588283,1.5100876278595354e-14,0.0014184977298762596,0.0014184977298913606,1,1
basis,inflection,37,basis,0.00012204796500190697,0.00012204797098796086,0.007175190127724246,220.89765541436196,5.986053883480502e-12,0.007053142156736285,0.007053142162722339,1,1
basis,inflection,38,spline,0.0001220479650016849,0.00012204796674739059,0.005269759923931523,257.9506437939722,1.7457056850425645e-12,0.005147711957184132,0.0051477119589298384,1,1
basis,inflection,38,basis,0.0001220479650016849,0.00012204796503588395,0.003719375576331272,234.0342509303374,3.419904333681889e-14,0.003597327611295388,0.0035973276113295868,1,1
basis,inflection,39,spline,0.0001220479650016849,0.00012204796715344871,0.006849548684137466,252.24134001885207,2.151763806739794e-12,0.006727500716984017,0.006727500719135781,1,1
basis,inflection,39,basis,0.0001220479650016849,0.00012204796554587161,0.0033476454847963136,234.34571638644852,5.44186711751854e-13,0.003225597519250442,0.0032255975197946285,1,1
basis,turning,0,spline,0.0001220479650016849,0.00012204796501167813,0.005179554008922594,265.68406135064095,9.993226949070455e-15,0.0050575060439109155,0.005057506043920909,1,1
basis,turning,0,basis,0.0001220479650016849,0.00012204796500745877,0.00425241335305131,251.16393203853622,5.7738644594629296e-15,0.004130365388043851,0.004130365388049625,1,1
basis,turning,1,spline,0.0001220479650016849,0.00012204796500346148,0.005030683577075331,226.89391235615082,1.7765736798347476e-15,0.0049086356120718695,0.004908635612073647,1,1
basis,turning,1,basis,0.0001220479650016849,0.00012204796500235112,0.004192488270891505,242.81446005056543,6.662151299380303e-16,0.004070440305889154,0.00407044030588982,1,1
basis,turning,2,spline,0.0001220479650016849,0.0001220479650056822,0.0042668690940497874,242.41221040790603,3.997290779628182e-15,0.004144821129044105,0.004144821129048103,1,1
basis,turning,2,basis,0.0001220479650016849,0.00012204796500257319,0.004775849010743032,243.4048927704986,8.882868399173738e-16,0.004653801045740459,0.004653801045741347,1,1
basis,turning,3,spline,0.0001220479650016849,0.00012204796500257319,0.0026479185784064915,222.4913119659645,8.882868399173738e-16,0.0025258706134039183,0.0025258706134048065,1,1
basis,turning,3,basis,0.0001220479650016849,0.00012204796500301733,0.0022699419577499086,200.25195274916067,1.3324302598760607e-15,0.0021478939927468913,0.0021478939927482236,1,1
basis,turning,4,spline,0.0001220479650016849,0.0001220479650056822,0.0032391628801817034,240.1911082249863,3.997290779628182e-15,0.003117114915176021,0.0031171149151800184,1,1
basis,turning,4,basis,0.0001220479650016849,0.00012204796500301733,0.0026697910059166286,223.2569253410805,1.3324302598760607e-15,0.0025477430409136114,0.0025477430409149436,1,1
basis,turning,5,spline,0.00012204796500146283,0.00012204796503632809,0.004873369775785131,272.23122280425287,3.486525846675692e-14,0.004751321810748803,0.004751321810783669,1,1
basis,turning,5,basis,0.0001220479650016849,0.00012204796501101191,0.003203589365024271,271.39450502842476,9.327011819132425e-15,0.003081541400013259,0.003081541400022586,1,1
basis,turning,6,spline,0.0001220479650016849,0.00012204796502744522,0.003250547143317791,239.49860296025716,2.576031835760384e-14,0.003128499178290346,0.003128499178316106,1,1
basis,turning,6,basis,0.0001220479650016849,0.00012204796500368355,0.0021404364569441387,243.7658056602563,1.998645389814091e-15,0.0020183884919404553,0.0020183884919424537,1,1
basis,turning,7,spline,0.0001220479650016849,0.00012204796508229693,0.006651186151413732,213.91939838555447,8.061203072250167e-14,0.006529138186331435,0.0065291381864120476,1,1
basis,turning,7,basis,0.00012204796500190697,0.00012204796500390562,0.00302288896023133,223.25440883106967,1.998645389814091e-15,0.0029008409952274244,0.0029008409952294228,1,1
basis,turning,8,spline,0.00012204796500146283,0.00012204796501145606,0.003247469284394514,264.3890468850782,9.993226949070455e-15,0.003125421319383058,0.003125421319393051,1,1
basis,turning,8,basis,0.00012204796500146283,0.00012204796503566187,0.007257450982004355,267.22283805348087,3.419904333681889e-14,0.007135403016968693,0.007135403017002892,1,1
basis,turning,9,spline,0.0001220479650016849,0.00012204796501767407,0.003905835575132635,257.7923784364039,1.5989163118512728e-14,0.003783787610114961,0.00378378761013095,1,1
basis,turning,9,basis,0.00012204796500146283,0.0001220479650032394,0.0022835643236384217,246.44142028948414,1.7765736798347476e-15,0.0021615163586351824,0.0021615163586369587,1,1
basis,turning,10,spline,0.0001220479650016849,0.00012204796505231725,0.004483023046429154,275.8877852572144,5.0632349875290306e-14,0.004360975081376837,0.004360975081427469,1,1
basis,turning,10,basis,0.00012204796500190697,0.00012204796500390562,0.003796267878405284,251.51693940119875,1.998645389814091e-15,0.0036742199134013787,0.003674219913403377,1,1
basis,turning,11,spline,0.0001220479650016849,0.00012204796502833351,0.006201119842554973,249.66508427606902,2.6648605197521213e-14,0.006079071877526639,0.006079071877553288,1,1
basis,turning,11,basis,0.0001220479650016849,0.00012204796500768084,0.004426779121654828,247.43663259305552,5.995936169442273e-15,0.0043047311566471475,0.004304731156653144,1,1
basis,turning,12,spline,0.00012204796500146283,0.00012204796500434976,0.004534102193932876,230.5993720670158,2.8869322297314648e-15,0.004412054228928526,0.004412054228931413,1,1
basis,turning,12,basis,0.0001220479650016849,0.0001220479650056822,0.005102124056398303,250.83077311891185,3.997290779628182e-15,0.004980076091392621,0.0049800760913966185,1,1
basis,turning,13,spline,0.0001220479650016849,0.00012204796501278849,0.00505828913464678,235.82446466682777,1.1103585498967172e-14,0.004936241169633992,0.004936241169645096,1,1
basis,turning,13,basis,0.0001220479650016849,0.00012204796501767407,0.004701254547250644,255.66854140555927,1.5989163118512728e-14,0.00457920658223297,0.00457920658224896,1,1
basis,turning,14,spline,0.0001220479650016849,0.00012204796500457184,0.003968642336304102,240.801667499014,2.8869322297314648e-15,0.0038465943712995302,0.0038465943713024173,1,1
basis,turning,14,basis,0.0001220479650016849,0.00012204796500212905,0.0037547690066737087,230.95029075570665,4.441434199586869e-16,0.0036327210416715796,0.0036327210416720237,1,1
basis,turning,15,spline,0.0001220479650016849,0.00012204796501167813,0.004041297965455098,245.00937732862366,9.993226949070455e-15,0.00391925000044342,0.003919250000453413,1,1
basis,turning,15,basis,0.00012204796500146283,0.00012204796501456506,0.0034160958689935985,251.79001917322486,1.3102230888781263e-14,0.0032940479039790336,0.0032940479039921355,1,1
basis,turning,16,spline,0.0001220479650016849,0.00012204796500523805,0.0034205856686398283,277.1486442727508,3.553147359669495e-15,0.00329853770363459,0.0032985377036381432,1,1
basis,turning,16,basis,0.0001220479650016849,0.00012204796500523805,0.0051865206786417956,239.68673808153818,3.553147359669495e-15,0.005064472713636557,0.005064472713640111,1,1
basis,turning,17,spline,0.0001220479650016849,0.0001220479650032394,0.004063892931505676,268.03729256813386,1.5545019698554041e-15,0.003941844966502436,0.003941844966503991,1,1
basis,turning,17,basis,0.0001220479650016849,0.00012204796500590427,0.004372584985043006,233.3591119006287,4.2193624896075255e-15,0.004250537020037102,0.0042505370200413214,1,1
basis,turning,18,spline,0.0001220479650016849,0.00012204796504743168,0.008675642720390907,246.64873182639982,4.574677225574475e-14,0.008553594755343476,0.008553594755389223,1,1
basis,turning,18,basis,0.0001220479650016849,0.00012204796500235112,0.005307449494981234,237.98810987585958,6.662151299380303e-16,0.005185401529978883,0.005185401529979549,1,1
basis,turning,19,spline,0.00012204796500146283,0.00012204796502122721,0.003529118654438947,226.08741500107152,1.9764382188161567e-14,0.00340707068941772,0.003407070689437484,1,1
basis,turning,19,basis,0.0001220479650016849,0.00012204796500190697,0.0015830932966312656,208.76145348669192,2.2207170997934345e-16,0.0014610453316293585,0.0014610453316295808,1,1
basis,turning,20,spline,0.0001220479650016849,0.00012204796505298347,0.0053994664194836825,231.66462014320297,5.1298565005228336e-14,0.005277418454430699,0.005277418454481998,1,1
basis,turning,20,basis,0.0001220479650016849,0.00012204796501945064,0.003503403580337633,253.8785267466797,1.7765736798347476e-14,0.003381355615318182,0.003381355615335948,1,1
basis,turning,21,spline,0.00012204796500146283,0.00012204796501389885,0.004985028207068242,252.09350209952473,1.2436015758843233e-14,0.004862980242054343,0.004862980242066779,1,1
basis,turning,21,basis,0.0001220479650016849,0.00012204796502389207,0.005668570090839186,280.3914910478494,2.2207170997934345e-14,0.005546522125815295,0.005546522125837502,1,1
basis,turning,22,spline,0.0001220479650016849,0.0001220479650056822,0.0025964590648339322,237.35141226868234,3.997290779628182e-15,0.00247441109982825,0.002474411099832247,1,1
basis,turning,22,basis,0.0001220479650016849,0.00012204796500390562,0.0026721642749700674,221.48663106252346,2.2207170997934345e-15,0.002550116309966162,0.0025501163099683824,1,1
basis,turning,23,spline,0.0001220479650016849,0.000122047965020561,0.003959417574285289,225.487132930358,1.8876095348244193e-14,0.0038373696092647283,0.0038373696092836042,1,1
basis,turning,23,basis,0.0001220479650016849,0.00012204796500190697,0.0020923865969431367,225.64307488700726,2.2207170997934345e-16,0.0019703386319412297,0.0019703386319414517,1,1
basis,turning,24,spline,0.0001220479650016849,0.00012204796500546012,0.003615719932426367,246.98257324602264,3.7752190696488386e-15,0.0034936719674209067,0.003493671967424682,1,1
basis,turning,24,basis,0.0001220479650016849,0.00012204796500235112,0.0050929073303574825,249.9726258897359,6.662151299380303e-16,0.004970859365355132,0.004970859365355798,1,1
basis,turning,25,spline,0.00012204796500146283,0.00012204796501278849,0.004867202487636457,260.16136398769106,1.1325657208946516e-14,0.004745154522623669,0.004745154522634995,1,1
basis,turning,25,basis,0.0001220479650016849,0.0001220479650354398,0.006275177598601303,261.1721004266832,3.3754899916860204e-14,0.006153129633565863,0.006153129633599618,1,1
basis,turning,26,spline,0.0001220479650016849,0.00012204796503877088,0.005028011948252878,225.8532594249438,3.7085975566550355e-14,0.004905963983214107,0.004905963983251193,1,1
basis,turning,26,basis,0.0001220479650016849,0.00012204796500434976,0.0037904198097052817,221.0118842500999,2.6648605197521213e-15,0.003668371844700932,0.0036683718447035967,1,1
basis,turning,27,spline,0.0001220479650016849,0.00012204796500679255,0.0045493215489131825,224.74588658382052,5.107649329524899e-15,0.00442727358390639,0.004427273583911498,1,1
basis,turning,27,basis,0.0001220479650016849,0.00012204796500523805,0.004028607753356221,230.6495254339251,3.553147359669495e-15,0.003906559788350983,0.003906559788354537,1,1
basis,turning,28,spline,0.0001220479650016849,0.00012204796500479391,0.0022987797184506357,249.69246590838586,3.1090039397108082e-15,0.0021767317534458416,0.0021767317534489507,1,1
basis,turning,28,basis,0.0001220479650016849,0.00012204796501945064,0.004158651862400027,219.58064276043436,1.7765736798347476e-14,0.004036603897380576,0.004036603897398342,1,1
basis,turning,29,spline,0.00012204796500190697,0.00012204796500479391,0.004475148532656398,232.97504557663754,2.8869322297314648e-15,0.004353100567651604,0.0043531005676544915,1,1
basis,turning,29,basis,0.0001220479650016849,0.00012204796502389207,0.005910104165765769,261.76544703411696,2.2207170997934345e-14,0.005788056200741878,0.005788056200764085,1,1
basis,turning,30,spline,0.00012204796500190697,0.00012204796500701462,0.0029325172674605307,226.83119749282068,5.107649329524899e-15,0.002810469302453516,0.0028104693024586236,1,1
basis,turning,30,basis,0.0001220479650016849,0.00012204796500390562,0.0030012380093984705,236.65841458818133,2.2207170997934345e-15,0.002879190044394565,0.0028791900443967855,1,1
basis,turning,31,spline,0.0001220479650016849,0.0001220479650032394,0.004920833053796843,258.3525882028263,1.5545019698554041e-15,0.004798785088793603,0.004798785088795159,1,1
basis,turning,31,basis,0.0001220479650016849,0.00012204796504498889,0.0061109926207183725,269.6096431612113,4.330398344597197e-14,0.005988944655673384,0.005988944655716688,1,1
basis,turning,32,spline,0.00012204796500190697,0.00012204796503011008,0.005050449198876634,232.77305448682458,2.8203107167376618e-14,0.004928401233846524,0.0049284012338747275,1,1
basis,turning,32,basis,0.0001220479650016849,0.00012204796500301733,0.0041042396837606045,242.86675903591862,1.3324302598760607e-15,0.003982191718757587,0.00398219171875892,1,1
basis,turning,33,spline,0.0001220479650016849,0.00012204796502167136,0.005471562649283019,261.2050246200193,1.998645389814091e-14,0.005349514684261348,0.005349514684281334,1,1
basis,turning,33,basis,0.0001220479650016849,0.00012204796500257319,0.0051024542929018115,237.97583150197983,8.882868399173738e-16,0.004980406327899239,0.004980406327900127,1,1
basis,turning,34,spline,0.0001220479650016849,0.00012204796501278849,0.0031149936099550365,253.4740220694101,1.1103585498967172e-14,0.002992945644942248,0.0029929456449533515,1,1
basis,turning,34,basis,0.0001220479650016849,0.00012204796500412769,0.0029973789991733445,252.3815581299799,2.442788809772778e-15,0.002875331034169217,0.0028753310341716595,1,1
basis,turning,35,spline,0.0001220479650016849,0.0001220479650016849,0.005183688307953951,237.23355978072456,0.0,0.0050616403429522665,0.0050616403429522665,1,1
basis,turning,35,basis,0.0001220479650016849,0.00012204796501367678,0.00638638091871502,240.25033498342924,1.1991872338884546e-14,0.006264332953701344,0.006264332953713336,1,1
basis,turning,36,spline,0.0001220479650016849,0.00012204796503743845,0.003884328612536396,243.23389545030278,3.5753545306674295e-14,0.0037622806474989575,0.003762280647534711,1,1
basis,turning,36,basis,0.0001220479650016849,0.00012204796500212905,0.0017524683757379278,263.95714144765367,4.441434199586869e-16,0.0016304204107357987,0.001630420410736243,1,1
basis,turning,37,spline,0.0001220479650016849,0.00012204796501301056,0.0026397358111612665,232.70806178767532,1.1325657208946516e-14,0.002517687846148256,0.0025176878461595814,1,1
basis,turning,37,basis,0.0001220479650016849,0.00012204796500279526,0.002120719974125008,207.62965216963653,1.1103585498967172e-15,0.001998672009122213,0.001998672009123323,1,1
basis,turning,38,spline,0.0001220479650016849,0.0001220479650134547,0.00390149874069066,254.41740895185572,1.1769800628905203e-14,0.0037794507756772054,0.003779450775688975,1,1
basis,turning,38,basis,0.0001220479650016849,0.0001220479650032394,0.004524066713414541,261.0712336638094,1.5545019698554041e-15,0.004402018748411301,0.004402018748412857,1,1
basis,turning,39,spline,0.0001220479650016849,0.00012204796501634164,0.003383599748493946,233.25470264073726,1.4656732858636667e-14,0.003261551783477604,0.0032615517834922608,1,1
basis,turning,39,basis,0.0001220479650016849,0.00012204796500279526,0.001832199895855247,245.99017802384714,1.1103585498967172e-15,0.0017101519308524518,0.0017101519308535622,1,1
basis,regime,0,spline,0.024132533873627883,0.3745128462813649,1.4000368216097208,2049.44109931313,0.350380312407737,1.0255239753283558,1.375904287736093,0,0
basis,regime,0,basis,0.014092221921984657,0.283717066177733,1.2127150071144617,1877.232271952524,0.26962484425574834,0.9289979409367286,1.1986227851924771,0,0
basis,regime,1,spline,0.04263090591933215,0.4248897091486974,1.3868423091310316,2240.2312613656754,0.38225880322936523,0.9619525999823342,1.3442114032116994,0,0
basis,regime,1,basis,0.03134495576957044,0.3614692700729977,1.370641721832975,1931.2226461722298,0.33012431430342726,1.0091724517599774,1.3392967660634045,0,0
basis,regime,2,spline,0.031694747859895706,0.3771716782612343,1.4254720181298113,2185.116758408329,0.34547693040133864,1.048300339868577,1.3937772702699156,0,0
basis,regime,2,basis,0.007222300556655889,0.3371877981786092,1.3230142144666166,1881.460107746374,0.3299654976219533,0.9858264162880074,1.3157919139099608,0,0
basis,regime,3,spline,0.03893204110483537,0.2806253962612017,1.1735457662478392,1671.3243719683057,0.24169335515636634,0.8929203699866375,1.134613725143004,0,0
basis,regime,3,basis,0.007017885783104706,0.10994342796805047,0.9482918724034723,1231.843457188866,0.10292554218494576,0.8383484444354219,0.9412739866203677,0,0
basis,regime,4,spline,0.051524697185658136,0.43822729279252093,1.415066481038202,2270.301817516294,0.3867025956068628,0.9768391882456812,1.3635417838525439,0,0
basis,regime,4,basis,0.024622861676737672,0.3036738626243291,1.2259472111328353,1967.8804954913894,0.27905100094759144,0.9222733485085062,1.2013243494560977,0,0
basis,regime,5,spline,0.03633972474317109,0.3888370782290731,1.362243589203531,2231.288353167883,0.352497353485902,0.9734065109744579,1.3259038644603598,0,0
basis,regime,5,basis,0.009442284597523326,0.2832004174224868,1.194291722240401,1880.6544473960869,0.2737581328249635,0.9110913048179142,1.1848494376428778,0,0
basis,regime,6,spline,0.0470967462986256,0.27685581555376515,1.2109414635661258,1771.840936540732,0.22975906925513956,0.9340856480123606,1.1638447172675002,0,0
basis,regime,6,basis,0.04314813828717075,0.31868887521617384,1.221081878658419,1695.7678928352195,0.2755407369290031,0.9023930034422452,1.1779337403712482,0,0
basis,regime,7,spline,0.025019108932200766,0.38096518695253523,1.3336875355195867,2103.3827932770323,0.35594607802033446,0.9527223485670515,1.308668426587386,0,0
basis,regime,7,basis,0.007918619813609279,0.285791715204564,1.3035307643038365,1793.0285663572452,0.2778730953909547,1.0177390490992726,1.2956121444902273,0,0
basis,regime,8,spline,0.04428141315367704,0.4553275002407249,1.4411531288018082,2200.855188471389,0.4110460870870478,0.9858256285610834,1.3968717156481312,0,0
basis,regime,8,basis,0.018514249574543038,0.30323301204845193,1.2527176260150585,1925.525716750658,0.28471876247390887,0.9494846139666067,1.2342033764405156,0,0
basis,regime,9,spline,0.039200987814856564,0.4144372419532725,1.4338076546351413,2175.332249986654,0.3752362541384159,1.0193704126818688,1.3946066668202848,0,0
basis,regime,9,basis,0.011858791189888382,0.30016215029654914,1.2822896310510694,1928.5530820575432,0.2883033591066608,0.9821274807545203,1.270430839861181,0,0
basis,regime,10,spline,0.04339203605658596,0.3016834809702531,1.3195726224644724,1851.2774753655892,0.2582914449136671,1.0178891414942193,1.2761805864078863,0,0
basis,regime,10,basis,0.019042857050739638,0.18946798738236795,1.0661990258345433,1625.423675706235,0.17042513033162832,0.8767310384521754,1.0471561687838036,0,0
basis,regime,11,spline,0.07963661296985561,0.4959465843556934,1.4560711660240997,2278.871230215468,0.4163099713858378,0.9601245816684063,1.3764345530542441,0,0
basis,regime,11,basis,0.011878911773030697,0.2952527075165912,1.2490655770950352,1966.593408513859,0.28337379574356053,0.953812869578444,1.2371866653220045,0,0
basis,regime,12,spline,0.04596227242666875,0.4395897004356267,1.3997511239063432,2302.790500286089,0.39362742800895795,0.9601614234707165,1.3537888514796743,0,0
basis,regime,12,basis,0.009048657511593087,0.3124620059864384,1.2083095849805894,1885.8545112644233,0.30341334847484536,0.8958475789941509,1.1992609274689963,0,0
basis,regime,13,spline,0.00708946681496162,0.29694550892612664,1.3501286701117723,1615.9519484716195,0.289856042111165,1.0531831611856457,1.3430392032968106,0,0
basis,regime,13,basis,0.015694266850831393,0.24841415100243755,1.1823193522614037,1778.109189772185,0.23271988415160616,0.9339052012589661,1.1666250854105724,0,0
basis,regime,14,spline,0.025937299168270245,0.21729677766155495,0.9406241809123331,1378.8804641271056,0.1913594784932847,0.7233274032507782,0.9146868817440629,0,0
basis,regime,14,basis,0.015051335656173755,0.17378935749892174,0.9605077571661117,1260.1588611921431,0.158738021842748,0.7867183996671899,0.9454564215099379,0,0
basis,regime,15,spline,0.05244167882685772,0.42066664296565204,1.411686808929867,2263.0201946743377,0.3682249641387943,0.991020165964215,1.3592451301030093,0,0
basis,regime,15,basis,0.02235349131131281,0.33038870608138704,1.2140836667209425,1928.8775507360442,0.30803521477007423,0.8836949606395554,1.1917301754096297,0,0
basis,regime,16,spline,0.028936691301686322,0.40567640790021586,1.4027269260967323,2253.1489898268746,0.37673971659852956,0.9970505181965165,1.373790234795046,0,0
basis,regime,16,basis,0.01786713314512432,0.29426983513326,1.2090308119101456,1888.0459144251158,0.27640270198813566,0.9147609767768856,1.1911636787650213,0,0
basis,regime,17,spline,0.04496840064606761,0.42093739892120324,1.4105286929334133,2212.501477655419,0.37596899827513564,0.98959129401221,1.3655602922873458,0,0
basis,regime,17,basis,0.010884514154797395,0.2878594770199427,1.2658269127025286,1887.6320828532796,0.2769749628651453,0.9779674356825858,1.2549423985477313,0,0
basis,regime,18,spline,0.04336488240359999,0.3840433432484065,1.3085224562101132,2100.3762685382358,0.3406784608448065,0.9244791129617067,1.2651575738065133,0,0
basis,regime,18,basis,0.018010536740538128,0.30148271563298695,1.2393689045359289,1826.5759931918064,0.2834721788924488,0.937886188902942,1.2213583677953908,0,0
basis,regime,19,spline,0.05563897023295702,0.4352116682486526,1.4434305160712844,2307.9911494230846,0.3795726980156956,1.0082188478226317,1.3877915458383274,0,0
basis,regime,19,basis,0.032002116783670174,0.33374595318034217,1.2706577179342933,1913.2368857797644,0.301743836396672,0.9369117647539511,1.2386556011506231,0,0
basis,regime,20,spline,0.022061278554651505,0.1948840739940882,1.2163870183065921,1692.918098068726,0.17282279543943668,1.0215029443125039,1.1943257397519407,0,0
basis,regime,20,basis,0.011556708601265757,0.15761063595361863,1.0461811392935982,1517.5994034356286,0.14605392735235287,0.8885705033399796,1.0346244306923325,0,0
basis,regime,21,spline,0.030999244578509833,0.2435238872082489,1.2733377854005279,1742.8158698367572,0.21252464262973908,1.029813898192279,1.242338540822018,0,0
basis,regime,21,basis,0.02272903460318463,0.22676357745222853,1.1848654433032488,1668.0336453673308,0.2040345428490439,0.9581018658510203,1.1621364087000643,0,0
basis,regime,22,spline,0.04857780512557724,0.3841548815707445,1.3950317228016884,2051.4170818514804,0.33557707644516727,1.010876841230944,1.3464539176761112,0,0
basis,regime,22,basis,0.00996253150318509,0.25194689674086324,1.2658197428116331,1715.0185531064694,0.24198436523767813,1.01387284607077,1.255857211308448,0,0
basis,regime,23,spline,0.0461331225757873,0.42473129344016625,1.4611129724436154,2297.146082912718,0.37859817086437897,1.036381679003449,1.414979849867828,0,0
basis,regime,23,basis,0.02114411086962986,0.3117920631835787,1.2663675804767134,1970.955757560879,0.29064795231394885,0.9545755172931347,1.2452234696070836,0,0
basis,regime,24,spline,0.08966826746491592,0.5087096282051351,1.5124215869678646,2290.2502225158178,0.4190413607402192,1.0037119587627295,1.4227533195029487,0,0
basis,regime,24,basis,0.021520162867851918,0.3001669273676605,1.2191762815739764,1932.7687639398564,0.2786467644998086,0.9190093542063159,1.1976561187061245,0,0
basis,regime,25,spline,0.07804651486917515,0.3955608259253776,1.3439728086234355,1804.2214366238657,0.3175143110562025,0.9484119826980579,1.2659262937542604,0,0
basis,regime,25,basis,0.013343006292504886,0.1583150457595582,1.0124079416532321,1395.8008312544785,0.14497203946705334,0.8540928958936739,0.9990649353607273,0,0
basis,regime,26,spline,0.03972571057144867,0.4327205238384172,1.452379038016072,2154.109272559228,0.3929948132669685,1.0196585141776549,1.4126533274446234,0,0
basis,regime,26,basis,0.03043336644699135,0.3564280365041744,1.2931171273363051,1975.1269530845545,0.325994670057183,0.9366890908321308,1.2626837608893138,0,0
basis,regime,27,spline,0.05196979701287278,0.31709350424513616,1.339555175696658,1733.5578069216124,0.26512370723226336,1.0224616714515218,1.2875853786837852,0,0
basis,regime,27,basis,0.029969250125822515,0.23382012910269354,1.1093830645406717,1620.5491544372271,0.20385087897687101,0.8755629354379781,1.0794138144148493,0,0
basis,regime,28,spline,0.046320191733531496,0.29944329227571653,1.1679011355444415,1718.350215826876,0.253123100542185,0.868457843268725,1.1215809438109101,0,0
basis,regime,28,basis,0.04578315150483466,0.31547118742237995,1.1719881217996817,1615.0143400496356,0.2696880359175453,0.8565169343773018,1.1262049702948471,0,0
basis,regime,29,spline,0.046055192349858796,0.4261223809450276,1.4133693096103288,2247.206773808356,0.3800671885951688,0.9872469286653012,1.36731411726047,0,0
basis,regime,29,basis,0.025424963100433105,0.32389831967073585,1.2810699297365813,1934.0322310765393,0.2984733565703027,0.9571716100658454,1.2556449666361482,0,0
basis,regime,30,spline,0.04856154898111164,0.4286478615811662,1.3663803671506003,2284.4929668942855,0.38008631260005454,0.9377325055694341,1.3178188181694888,0,0
basis,regime,30,basis,0.02246108657314673,0.3261187520815077,1.2626086439926125,1944.6015663246517,0.303657665508361,0.9364898919111049,1.2401475574194658,0,0
basis,regime,31,spline,0.014582260585142625,0.32421847342685145,1.3170308625565028,1915.7746471768,0.30963621284170884,0.9928123891296514,1.3024486019713601,0,0
basis,regime,31,basis,0.040558943796595005,0.3666775175361393,1.3520074755953642,1893.6138342339443,0.3261185737395443,0.9853299580592249,1.3114485317987692,0,0
basis,regime,32,spline,0.024048244448187987,0.18340044106486028,1.1599086045949527,1622.9482213838132,0.1593521966166723,0.9765081635300924,1.1358603601467647,0,0
basis,regime,32,basis,0.011944831084992098,0.16033000900876293,1.0101132945475353,1543.956724411566,0.14838517792377084,0.8497832855387724,0.9981684634625432,0,0
basis,regime,33,spline,0.04425091354154244,0.4176385108402448,1.406561255483947,2264.667650823955,0.37338759729870236,0.9889227446437023,1.3623103419424045,0,0
basis,regime,33,basis,0.017870939682125556,0.3053027717021652,1.2659845776341225,1906.8420493956276,0.28743183202003963,0.9606818059319573,1.248113637951997,0,0
basis,regime,34,spline,0.050436751611901656,0.40318153973168713,1.3763142261162626,2285.1209429348733,0.3527447881197855,0.9731326863845755,1.3258774745043609,0,0
basis,regime,34,basis,0.01729696868798556,0.2763223361900086,1.2199326902896765,1922.5001314791741,0.25902536750202304,0.9436103540996679,1.202635721601691,0,0
basis,regime,35,spline,0.023227428584117284,0.22396968320599348,1.2220221557542188,1751.0939966285823,0.2007422546218762,0.9980524725482254,1.1987947271701016,0,0
basis,regime,35,basis,0.012930557067731845,0.18390523948725299,1.1389289671721787,1618.5905518834409,0.17097468241952113,0.9550237276849257,1.125998410104447,0,0
basis,regime,36,spline,0.05064682556245866,0.41186178222228437,1.4037987290368894,2132.2474969842806,0.3612149566598257,0.9919369468146051,1.3531519034744308,0,0
basis,regime,36,basis,0.013781562265602884,0.276050597609233,1.1946192662679365,1851.6064381241517,0.2622690353436301,0.9185686686587035,1.1808377040023337,0,0
basis,regime,37,spline,0.051080617638826105,0.4127630437750343,1.3283387786857794,2321.242460064122,0.3616824261362082,0.9155757349107452,1.2772581610469533,0,0
basis,regime,37,basis,0.021814666756750818,0.2967338578462561,1.2685485496689273,1963.1596093558933,0.2749191910895053,0.9718146918226711,1.2467338829121763,0,0
basis,regime,38,spline,0.052871179668178045,0.43718673031737953,1.416507766200854,2326.153181715191,0.3843155506492015,0.9793210358834745,1.363636586532676,0,0
basis,regime,38,basis,0.025262349456838713,0.315095998275791,1.170722331031958,1952.695302061651,0.2898336488189523,0.8556263327561671,1.1454599815751194,0,0
basis,regime,39,spline,0.05208013303007044,0.3510575356528775,1.3165502756698602,1959.496901058324,0.2989774026228071,0.9654927400169826,1.2644701426397897,0,0
basis,regime,39,basis,0.013220557815795106,0.22251180616988764,1.1333189745505685,1678.5715660136193,0.20929124835409252,0.9108071683806809,1.1200984167347734,0,0
basis,bound,0,spline,0.0001220479650016849,0.00012205835530252177,0.06618079876433597,373.3249485729945,1.0390300836865063e-08,0.06605874040903345,0.06605875079933428,0,1
basis,bound,0,basis,0.0001220479650016849,0.0001220564010087494,0.05055121126914383,383.5825533314957,8.436007064495268e-09,0.05042915486813508,0.05042916330414215,0,1
basis,bound,1,spline,0.0001220479650016849,0.00012207675524834015,0.06852359292748027,383.94255593679463,2.879024665524354e-08,0.06840151617223193,0.06840154496247858,0,1
basis,bound,1,basis,0.0001220479650016849,0.00012206747184820998,0.06518620358462052,383.75210953577016,1.9506846525078306e-08,0.0650641361127723,0.06506415561961883,0,1
basis,bound,2,spline,0.0001220479650016849,0.00012206430347172349,0.055747460025127024,359.59060351647594,1.633847003858506e-08,0.0556253957216553,0.05562541206012534,0,1
basis,bound,2,basis,0.00012204796500190697,0.00012207412105655664,0.061063996183201456,403.1932755348013,2.615605464966061e-08,0.0609419220621449,0.06094194821819955,0,1
basis,bound,3,spline,0.00012204796500190697,0.00012205627078001462,0.05599763363787888,377.3725887835392,8.305778107645166e-09,0.05587557736709887,0.055875585672876975,0,1
basis,bound,3,basis,0.00012204796500190697,0.00012205975838677844,0.06271533219347002,377.0179014272222,1.1793384871469181e-08,0.06259327243508324,0.0625932842284681,0,1
basis,bound,4,spline,0.0001220479650016849,0.00012205779551315183,0.056760808349067014,368.6999592576826,9.830511466923236e-09,0.056638750553553864,0.05663876038406533,0,1
basis,bound,4,basis,0.0001220479650016849,0.0001220913684426843,0.07747412849455346,373.7341245826979,4.340344099939815e-08,0.07735203712611077,0.07735208052955177,0,1
basis,bound,5,spline,0.0001220479650016849,0.00012205724194134592,0.056520034821556674,412.06152270881137,9.276939661015567e-09,0.05639797757961533,0.05639798685655499,0,1
basis,bound,5,basis,0.0001220479650016849,0.00012206665531717756,0.07125886213728716,385.09780190002,1.8690315492660668e-08,0.07113679548196998,0.07113681417228547,0,1
basis,bound,6,spline,0.0001220479650016849,0.00012205563118084976,0.05106829666066925,397.7038806054905,7.666179164853124e-09,0.0509462410294884,0.050946248695667565,0,1
basis,bound,6,basis,0.0001220479650016849,0.00012207841086491367,0.07296515642610796,364.00347202073874,3.044586322876813e-08,0.07284307801524305,0.07284310846110627,0,1
basis,bound,7,spline,0.0001220479650016849,0.00012205536659973086,0.0512958325132444,365.4784233294372,7.401598045957678e-09,0.051173777146644665,0.051173784548242715,0,1
basis,bound,7,basis,0.0001220479650016849,0.00012205505424432543,0.0612206215323179,384.72394671605423,7.089242640528058e-09,0.061098566478073574,0.06109857356731622,0,1
basis,bound,8,spline,0.0001220479650016849,0.00012205758320960022,0.054377454373167586,404.9662356873266,9.618207915312654e-09,0.054255396789957985,0.0542554064081659,0,1
basis,bound,8,basis,0.0001220479650016849,0.00012206085372750408,0.06065120614504064,391.7439495979053,1.2888725819173172e-08,0.06052914529131313,0.060529158180038956,0,1
basis,bound,9,spline,0.0001220479650016849,0.0001220597868561495,0.05676612752249657,374.4928313548041,1.1821854464593665e-08,0.05664406773564042,0.05664407955749489,0,1
basis,bound,9,basis,0.00012204796500190697,0.0001220689080861204,0.06902660119953064,382.3134469968363,2.0943084213427836e-08,0.06890453229144451,0.06890455323452872,0,1
basis,bound,10,spline,0.0001220479650016849,0.00012206327739471629,0.06158935502961645,383.67892971023133,1.5312393031384312e-08,0.06146729175222173,0.061467307064614764,0,1
basis,bound,10,basis,0.0001220479650016849,0.00012207005778978899,0.05760106467237316,413.48780801106653,2.2092788104084954e-08,0.05747899461458337,0.057479016707371475,0,1
basis,bound,11,spline,0.0001220479650016849,0.0001220922672501975,0.07598154717837174,365.4102927091056,4.430224851259665e-08,0.07585945491112155,0.07585949921337005,0,1
basis,bound,11,basis,0.0001220479650016849,0.0001220736309553909,0.06712675594309188,366.1598556080292,2.56659537059995e-08,0.0670046823121365,0.06700470797809019,0,1
basis,bound,12,spline,0.00012204796500146283,0.00012205554813591302,0.056044969352875784,380.20348311217623,7.583134450193517e-09,0.05592291380473987,0.05592292138787432,0,1
basis,bound,12,basis,0.0001220479650016849,0.00012206265721960424,0.06181600993418855,381.7148858271823,1.4692217919340844e-08,0.06169394727696895,0.06169396196918687,0,1
basis,bound,13,spline,0.0001220479650016849,0.00012206192807512597,0.05762729755551954,392.7142157510068,1.3963073441065703e-08,0.05750523562744442,0.05750524959051786,0,1
basis,bound,13,basis,0.0001220479650016849,0.00012205759808007703,0.050611227578116084,373.842293617667,9.633078392124383e-09,0.050489169980036004,0.0504891796131144,0,1
basis,bound,14,spline,0.0001220479650016849,0.00012205616112622365,0.05258115005628032,374.6530253921644,8.196124538746097e-09,0.052459093895154095,0.05245910209127864,0,1
basis,bound,14,basis,0.0001220479650016849,0.0001220727977858525,0.0732205270894257,388.97588868378284,2.4832784167592753e-08,0.07309845429163984,0.073098479124424,0,1
basis,bound,15,spline,0.0001220479650016849,0.00012205468715046476,0.058551382875153206,367.8084798533053,6.722148779861282e-09,0.05842932818800274,0.05842933491015152,0,1
basis,bound,15,basis,0.0001220479650016849,0.0001220576078651117,0.054200578569140324,384.4283644004003,9.642863426791138e-09,0.05407852096127521,0.05407853060413864,0,1
basis,bound,16,spline,0.0001220479650016849,0.00012205486111311326,0.05095616432197973,402.1853077935157,6.896111428360513e-09,0.05083410946086662,0.05083411635697805,0,1
basis,bound,16,basis,0.0001220479650016849,0.00012205775348530368,0.052197808078113146,368.2030943403137,9.788483618775501e-09,0.05207575032462784,0.05207576011311146,0,1
basis,bound,17,spline,0.0001220479650016849,0.00012205756004296852,0.05991260387777258,354.26593473687296,9.595041283613727e-09,0.05979054631772961,0.059790555912770896,0,1
basis,bound,17,basis,0.0001220479650016849,0.00012205550022760613,0.05439689937503222,406.2412619688773,7.535225921229344e-09,0.054274843874804614,0.054274851410030536,0,1
basis,bound,18,spline,0.0001220479650016849,0.00012206148764163651,0.07015756624647931,369.07871246282343,1.3522639951608927e-08,0.07003550475883767,0.07003551828147762,0,1
basis,bound,18,basis,0.0001220479650016849,0.0001220552235291445,0.055432701250788544,361.515713387026,7.2585274596008486e-09,0.0553106460272594,0.05531065328578686,0,1
basis,bound,19,spline,0.0001220479650016849,0.00012205401750233395,0.058395692929107505,380.02545446117614,6.0525006490507426e-09,0.05827363891160517,0.05827364496410582,0,1
basis,bound,19,basis,0.0001220479650016849,0.00012205470625551588,0.05501152114249015,383.5357509243968,6.741253830979885e-09,0.05488946643623464,0.05488947317748847,0,1
basis,bound,20,spline,0.0001220479650016849,0.00012207945461851168,0.0635943651057436,396.7837083718463,3.148961682677791e-08,0.06347228565112509,0.0634723171407419,0,1
basis,bound,20,basis,0.0001220479650016849,0.00012205564395019507,0.05221649797128835,364.4602041057815,7.67894851016733e-09,0.052094442327338154,0.052094450006286666,0,1
basis,bound,21,spline,0.0001220479650016849,0.00012206458958569503,0.06542818831437934,371.3420932494706,1.6624584010129883e-08,0.06530612372479365,0.06530614034937765,0,1
basis,bound,21,basis,0.0001220479650016849,0.0001220538308129781,0.0589464178467919,386.78063776810785,5.865811293195356e-09,0.058824364015978924,0.05882436988179022,0,1
basis,bound,22,spline,0.0001220479650016849,0.00012205827470814611,0.0639502183064973,370.05409481769937,1.0309706461209423e-08,0.06382816003178916,0.06382817034149561,0,1
basis,bound,22,basis,0.0001220479650016849,0.00012205715256425634,0.05606177108788819,391.4675158085589,9.187562571437479e-09,0.05593971393532394,0.05593972312288651,0,1
basis,bound,23,spline,0.0001220479650016849,0.00012205500403913088,0.04772385077175157,378.15567093929536,7.039037445979936e-09,0.04760179576771244,0.04760180280674989,0,1
basis,bound,23,basis,0.0001220479650016849,0.00012206697844717291,0.06025219026293297,386.15804934891275,1.9013445488010104e-08,0.0601301232844858,0.06013014229793129,0,1
basis,bound,24,spline,0.0001220479650016849,0.00012205469121915156,0.06408694225305527,375.0144853806851,6.726217466655011e-09,0.06396488756183612,0.06396489428805358,0,1
basis,bound,24,basis,0.00012204796500146283,0.0001220805285894089,0.06744679759134806,376.7379988237902,3.25635879460626e-08,0.06732471706275865,0.06732474962634659,0,1
basis,bound,25,spline,0.0001220479650016849,0.00012206453699833678,0.05923502467068973,408.8812573965565,1.6571996651874475e-08,0.05911296013369139,0.05911297670568805,0,1
basis,bound,25,basis,0.0001220479650016849,0.0001220577396424637,0.06306280250661005,378.29617681001855,9.774640778801701e-09,0.06294074476696758,0.06294075454160836,0,1
basis,bound,26,spline,0.00012204796500190697,0.0001220569014429033,0.06297085201117128,398.4636251374433,8.93644099632428e-09,0.06284879510972838,0.06284880404616937,0,1
basis,bound,26,basis,0.0001220479650016849,0.00012206293730321803,0.06508800228325752,379.000506589638,1.497230153312684e-08,0.06496593934595431,0.06496595431825583,0,1
basis,bound,27,spline,0.0001220479650016849,0.0001220736928800879,0.08083944560712382,393.24431929168134,2.5727878403004867e-08,0.08071737191424373,0.08071739764212213,0,1
basis,bound,27,basis,0.0001220479650016849,0.00012205661109635822,0.0640054440471876,359.0131870932036,8.646094673317429e-09,0.06388338743609123,0.0638833960821859,0,1
basis,bound,28,spline,0.0001220479650016849,0.000122059668843579,0.06071038890246434,370.6234191377674,1.1703841894093346e-08,0.060588329233620765,0.06058834093746266,0,1
basis,bound,28,basis,0.0001220479650016849,0.00012205464097231859,0.05149579294957437,348.34214606220354,6.675970633688373e-09,0.05137373830860205,0.051373744984572686,0,1
basis,bound,29,spline,0.00012204796500146283,0.00012206032423748574,0.0592715541862334,364.748134658313,1.2359236022913109e-08,0.059149493861995917,0.05914950622123194,0,1
basis,bound,29,basis,0.0001220479650016849,0.0001220710428803597,0.06669612325216669,373.99708103873587,2.3077878674805153e-08,0.06657405220928633,0.066574075287165,0,1
basis,bound,30,spline,0.00012204796500190697,0.00012206028097758364,0.06032929633935715,403.71413082435504,1.2315975676666568e-08,0.06020723605837957,0.060207248374355246,0,1
basis,bound,30,basis,0.0001220479650016849,0.0001220581825000863,0.05160535610475181,384.9482708365293,1.0217498401391203e-08,0.051483297922251724,0.05148330813975013,0,1
basis,bound,31,spline,0.0001220479650016849,0.00012205678687055702,0.06116730661572676,359.19316103116796,8.821868872116076e-09,0.0610452498288562,0.061045258650725076,0,1
basis,bound,31,basis,0.0001220479650016849,0.00012206108869391848,0.059681467553145434,365.7909766848355,1.3123692233581088e-08,0.059559406464451514,0.05955941958814375,0,1
basis,bound,32,spline,0.0001220479650016849,0.00012205957777308139,0.05759804675387414,367.9755718921642,1.1612771396487523e-08,0.05747598717610106,0.057475998788872454,0,1
basis,bound,32,basis,0.0001220479650016849,0.00012205692309911426,0.06243165061616042,361.6742928285604,8.958097429359493e-09,0.062309593693061306,0.06230960265115874,0,1
basis,bound,33,spline,0.0001220479650016849,0.00012205985171119288,0.06536433069489989,372.8524776662333,1.1886709507980702e-08,0.06524227084318869,0.0652422827298982,0,1
basis,bound,33,basis,0.0001220479650016849,0.00012205433122414628,0.053929153125627675,373.05286723245564,6.366222461373053e-09,0.05380709879440353,0.05380710516062599,0,1
basis,bound,34,spline,0.0001220479650016849,0.00012205566583114256,0.04844602358663146,407.24462657297386,7.700829457660675e-09,0.04832396792080032,0.04832397562162978,0,1
basis,bound,34,basis,0.0001220479650016849,0.00012205518805740847,0.06395151226073784,362.4830789804504,7.223055723565189e-09,0.06382945707268042,0.06382946429573615,0,1
basis,bound,35,spline,0.0001220479650016849,0.0001220552940716661,0.05435175665734824,375.3010552755123,7.329069981199801e-09,0.054229701363276574,0.05422970869234656,0,1
basis,bound,35,basis,0.0001220479650016849,0.0001220912333366949,0.07161339737926253,385.5814243886491,4.326833500998661e-08,0.07149130614592585,0.07149134941426084,0,1
basis,bound,36,spline,0.0001220479650016849,0.00012206180752449765,0.0621188443200219,355.9851978953994,1.3842522812748084e-08,0.0619967825124974,0.061996796355020214,0,1
basis,bound,36,basis,0.0001220479650016849,0.00012206851754314748,0.07666046487365108,401.20525866676417,2.0552541462579054e-08,0.07653839635610793,0.07653841690864939,0,1
basis,bound,37,spline,0.0001220479650016849,0.0001221133553377353,0.07723133269038958,370.47636220303775,6.539033605040855e-08,0.07710921933505184,0.07710928472538789,0,1
basis,bound,37,basis,0.0001220479650016849,0.00012205909612275063,0.058091297257955664,359.66139021829315,1.1131121065730085e-08,0.057969238161832914,0.05796924929295398,0,1
basis,bound,38,spline,0.0001220479650016849,0.00012205397226654911,0.051793790439145115,394.25454711526453,6.007264864206236e-09,0.051671736466878566,0.05167174247414343,0,1
basis,bound,38,basis,0.0001220479650016849,0.00012205610136572758,0.05675626491227594,358.938875361614,8.136364042674537e-09,0.05663420881091021,0.05663421694727426,0,1
basis,bound,39,spline,0.0001220479650016849,0.00012206844778453808,0.062247321784834324,382.49013426051937,2.0482782853181204e-08,0.06212525333704979,0.06212527381983264,0,1
basis,bound,39,basis,0.0001220479650016849,0.00012206192673991981,0.06885878489108341,415.7226494509459,1.3961738234909453e-08,0.0687367229643435,0.06873673692608172,0,1
basis,asymptote,0,spline,0.00012205543193877924,0.00391390746270489,0.37179847809416616,724.7106602145249,0.003791852030766111,0.3678845706314613,0.3716764226622274,0,0
basis,asymptote,0,basis,0.00012205060549268557,0.0037747211433022316,0.3862828334316461,693.9295173801263,0.0036526705378095463,0.38250811228834386,0.3861607828261534,0,0
basis,asymptote,1,spline,0.00012205250142966601,0.003644303495850357,0.4191591898576571,735.6999617129502,0.003522250994420691,0.4155148863618067,0.41903713735622744,0,0
basis,asymptote,1,basis,0.00012205554237115355,0.004690989736254583,0.4439517717568199,773.2000832113149,0.0045689341938834295,0.4392607820205653,0.4438297162144487,0,0
basis,asymptote,2,spline,0.0001220519207812149,0.0038665190410343176,0.4020356671699352,750.5593269100892,0.0037444671202531026,0.3981691481289009,0.401913615249154,0,0
basis,asymptote,2,basis,0.00012205176734720866,0.0033876983530834134,0.37586016152195334,751.1093414675283,0.003265646585736205,0.37247246316886995,0.37573810975460614,0,0
basis,asymptote,3,spline,0.0001220509126335128,0.0028070534379645885,0.40428609776360386,738.892722157529,0.0026850025253310757,0.40147904432563924,0.40416404685097035,0,0
basis,asymptote,3,basis,0.00012206518599613729,0.004787909210794867,0.40699877902123077,699.4355851757949,0.00466584402479873,0.4022108698104359,0.40687671383523466,0,0
basis,asymptote,4,spline,0.00012205245074257598,0.0032926199334860715,0.37869818651528075,711.0701482386179,0.0031705674827434954,0.3754055665817947,0.37857613406453816,0,0
basis,asymptote,4,basis,0.00012204963555353237,0.0026152751531316686,0.4093979133501313,724.3240268698828,0.002493225517578136,0.40678263819699967,0.4092758637145778,0,0
basis,asymptote,5,spline,0.00012205995090263085,0.0041107311809738655,0.40246752057665974,743.6496302230609,0.003988671230071235,0.39835678939568586,0.4023454606257571,0,0
basis,asymptote,5,basis,0.00012205022546026265,0.0026304659421374182,0.36530048277620625,727.90546067793,0.0025084157166771555,0.36267001683406885,0.365178432550746,0,0
basis,asymptote,6,spline,0.0001220513845994035,0.0030750525045144163,0.4086401540509685,751.0252056328019,0.002953001119915013,0.4055651015464541,0.40851810266636907,0,0
basis,asymptote,6,basis,0.00012205131281805515,0.0029853996138193193,0.3841031498796999,807.7840950175978,0.002863348301001264,0.3811177502658806,0.38398109856688184,0,0
basis,asymptote,7,spline,0.00012205315511372694,0.003698575395447772,0.3755233230340779,740.4511489049574,0.003576522240334045,0.37182474763863016,0.3754012698789642,0,0
basis,asymptote,7,basis,0.00012208470514121883,0.007208762248292562,0.44016428427726767,744.7155405400704,0.007086677543151344,0.4329555220289751,0.4400421995721264,0,0
basis,asymptote,8,spline,0.00012205049642150034,0.003504580290907693,0.39842349921985964,749.8851761452418,0.0033825297944861926,0.394918918928952,0.39830144872343815,0,0
basis,asymptote,8,basis,0.00012204977300681409,0.00276199437349685,0.40282237925346653,763.8869507527276,0.002639944600490036,0.4000603848799697,0.4027003294804597,0,0
basis,asymptote,9,spline,0.00012205175839871816,0.005078336636595148,0.4462912432528358,706.8976378018643,0.00495628487819643,0.4412129066162407,0.44616919149443707,0,0
basis,asymptote,9,basis,0.00012205148070970671,0.0032904032428268315,0.3885989680111457,771.8587097318855,0.003168351762117125,0.3853085647683189,0.388476916530436,0,0
basis,asymptote,10,spline,0.00012205486128810577,0.0038007494790592337,0.39508948049624276,738.7650622946745,0.003678694617771128,0.39128873101718353,0.3949674256349547,0,0
basis,asymptote,10,basis,0.00012205474768310409,0.003588477679739998,0.38662395361464147,760.784607904184,0.0034664229320568937,0.38303547593490145,0.38650189886695835,0,0
basis,asymptote,11,spline,0.00012205649973439163,0.00406518229704909,0.3864077632762847,728.2847531291719,0.003943125797314698,0.38234258097923557,0.3862857067765503,0,0
basis,asymptote,11,basis,0.00012205028600511564,0.002815132125876614,0.4003943194584581,752.8641488152747,0.0026930818398714983,0.39757918733258146,0.400272269172453,0,0
basis,asymptote,12,spline,0.00012205477063499238,0.003544080201686341,0.356886341920851,758.0070263249128,0.0034220254310513487,0.35334226171916466,0.356764287150216,0,0
basis,asymptote,12,basis,0.00012205059084927719,0.003165626592664353,0.4020755028009033,697.0991680564699,0.0030435760018150755,0.398909876208239,0.401953452210054,0,0
basis,asymptote,13,spline,0.00012205228966752634,0.0030522636384729403,0.39078427427614415,730.6551251814641,0.002930211348805414,0.3877320106376712,0.3906622219864766,0,0
basis,asymptote,13,basis,0.00012205658808517675,0.0037862577947250617,0.41623893376043125,710.7482900436346,0.003664201206639885,0.4124526759657062,0.4161168771723461,0,0
basis,asymptote,14,spline,0.00012207073417125588,0.005341543707675045,0.45117692133902076,728.7656707136405,0.005219472973503789,0.44583537763134573,0.4510548506048495,0,0
basis,asymptote,14,basis,0.00012205043953150349,0.0037910371753700173,0.41875362300751884,709.7907843716869,0.0036689867358385138,0.41496258583214884,0.41863157256798733,0,0
basis,asymptote,15,spline,0.0001220519171618902,0.0033200593939369137,0.343721706664226,750.9616647728803,0.0031980074767750236,0.3404016472702891,0.3435996547470641,0,0
basis,asymptote,15,basis,0.00012205517747880057,0.00377083069083212,0.41433754180764454,713.268210205557,0.0036487755133533194,0.4105667111168124,0.4142154866301657,0,0
basis,asymptote,16,spline,0.00012205079241921342,0.0027418619789282626,0.35046659009724085,700.978712923576,0.002619811186509049,0.34772472811831256,0.3503445393048216,0,0
basis,asymptote,16,basis,0.00012205370142156501,0.0036245624848750277,0.41409379301543386,718.6346607920198,0.003502508783453463,0.41046923053055884,0.4139717393140123,0,0
basis,asymptote,17,spline,0.00012205470284349512,0.003483280400923995,0.3756542299108785,745.9702693008722,0.0033612256980805,0.3721709495099545,0.375532175208035,0,0
basis,asymptote,17,basis,0.0001220508534067664,0.0029348830659217187,0.3800909200622452,722.4769305073669,0.002812832212514952,0.3771560369963235,0.37996886920883843,0,0
basis,asymptote,18,spline,0.00012205077277019771,0.0033124372053033977,0.369078376099786,749.8571444295203,0.0031903864325332,0.3657659388944826,0.3689563253270158,0,0
basis,asymptote,18,basis,0.00012205068092311616,0.003010898930677351,0.3464137914688572,722.260817801587,0.0028888482497542345,0.34340289253817985,0.34629174078793407,0,0
basis,asymptote,19,spline,0.0001220569302217312,0.003791519327223955,0.4206672274798683,715.7119157065592,0.0036694623970022237,0.41687570815264435,0.4205451705496466,0,0
basis,asymptote,19,basis,0.00012205001580136461,0.003157380359754908,0.44650713724981755,682.7720671549648,0.0030353303439535437,0.4433497568900626,0.4463850872340162,0,0
basis,asymptote,20,spline,0.00012205052822749854,0.0035449436674427457,0.41125574350343985,715.3285503856572,0.003422893139215247,0.4077107998359971,0.41113369297521235,0,0
basis,asymptote,20,basis,0.00012204971627837445,0.003017979825745825,0.3742322613627107,732.1645834261784,0.0028959301094674504,0.3712142815369649,0.3741102116464323,0,0
basis,asymptote,21,spline,0.00012205618011468716,0.0038252046902296096,0.3620695864875467,761.0129485775554,0.0037031485101149224,0.3582443817973171,0.36194753030743204,0,0
basis,asymptote,21,basis,0.00012208881694825954,0.0061565945640273895,0.4708656474086995,725.1865658773099,0.00603450574707913,0.4647090528446721,0.47074355859175127,0,0
basis,asymptote,22,spline,0.00012205141451801427,0.0029556244541164302,0.37616197172047117,765.2935592897079,0.002833573039598416,0.3732063472663547,0.3760399203059532,0,0
basis,asymptote,22,basis,0.0001220530766048271,0.0033259955819956825,0.40261739083740045,741.3089321005166,0.0032039425053908555,0.39929139525540475,0.4024953377607956,0,0
basis,asymptote,23,spline,0.0001220499108889163,0.002999830506050299,0.40766499701154285,744.891255923605,0.0028777805951613828,0.40466516650549256,0.4075429471006539,0,0
basis,asymptote,23,basis,0.00012204879560716269,0.002441567637507095,0.38569860942336986,726.0604436616663,0.002319518841899932,0.3832570417858628,0.3855765606277627,0,0
basis,asymptote,24,spline,0.0001220537568406701,0.0032695593752902347,0.3894460686343338,714.1277576428843,0.0031475056184495647,0.38617650925904357,0.38932401487749313,0,0
basis,asymptote,24,basis,0.00012204985938782257,0.002721375183950712,0.39159535774612697,713.8264627300753,0.0025993253245628896,0.38887398256217626,0.3914733078867392,0,0
basis,asymptote,25,spline,0.00012204900820862163,0.002354848502168035,0.3775717390412651,739.1285818660713,0.0022327994939594135,0.37521689053909707,0.3774496900330565,0,0
basis,asymptote,25,basis,0.00012204890883386455,0.002383343584698382,0.38331544200715045,725.145153395281,0.0022612946758645176,0.38093209842245207,0.38319339309831657,0,0
basis,asymptote,26,spline,0.00012205436172691678,0.0047368448216962,0.4266080118170889,753.0619226555011,0.004614790459969284,0.42187116699539273,0.426485957455362,0,0
basis,asymptote,26,basis,0.00012205373805373672,0.0041523682900521846,0.38157249286730766,750.0219099932011,0.004030314551998448,0.3774201245772555,0.3814504391292539,0,0
basis,asymptote,27,spline,0.00012204950738906601,0.0029723714561583356,0.339837881443603,713.0091542732573,0.0028503219487692696,0.33686550998744463,0.3397158319362139,0,0
basis,asymptote,27,basis,0.0001220488158069162,0.0023325462910129533,0.37719624943043917,727.0399939682399,0.0022104974752060374,0.37486370313942624,0.37707420061463226,0,0
basis,asymptote,28,spline,0.00012205395492186042,0.003607029319879872,0.3995231073036794,709.3786642562172,0.0034849753649580117,0.3959160779837995,0.39940105334875753,0,0
basis,asymptote,28,basis,0.00012205877016756155,0.003738250783818426,0.4080228472173468,778.0142117825468,0.0036161920136508646,0.4042845964335283,0.4079007884471792,0,0
basis,asymptote,29,spline,0.0001220502542184377,0.003471712403726134,0.4146476802162348,724.7218146288247,0.0033496621495076964,0.4111759678125087,0.41452562996201636,0,0
basis,asymptote,29,basis,0.00012204891601011176,0.0024213363619052415,0.39817032085506093,733.074310694844,0.0022992874458951295,0.3957489844931557,0.39804827193905085,0,0
basis,asymptote,30,spline,0.00012205209090968385,0.003624553918375263,0.39038379614387897,785.6791498631239,0.003502501827465579,0.38675924222550373,0.39026174405296926,0,0
basis,asymptote,30,basis,0.00012205100883453228,0.0033469771422148533,0.38197111707457637,750.6917382437412,0.003224926133380321,0.3786241399323615,0.3818490660657418,0,0
basis,asymptote,31,spline,0.00012205626957261075,0.005434296404351936,0.48087371268450996,710.8165177265635,0.005312240134779326,0.475439416280158,0.48075165641493733,0,0
basis,asymptote,31,basis,0.00012205147254612868,0.0032651662504752273,0.37384348522210264,725.7425646708423,0.0031431147779290985,0.3705783189716274,0.3737214337495565,0,0
basis,asymptote,32,spline,0.00012205177712524801,0.0035512177031471934,0.3864300334040602,728.7342631943562,0.0034291659260219454,0.382878815700913,0.3863079816269349,0,0
basis,asymptote,32,basis,0.00012206385328351103,0.004687143608704594,0.405534724015373,724.1978507729616,0.004565079755421083,0.4008475804066684,0.4054126601620895,0,0
basis,asymptote,33,spline,0.00012205149839694097,0.002952309062091119,0.39620487912989144,782.792961259737,0.002830257563694178,0.39325257006780034,0.3960828276314945,0,0
basis,asymptote,33,basis,0.00012206188286698869,0.0044990019538607515,0.3815391404618104,743.5318569519152,0.004376940070993763,0.37704013850794965,0.3814170785789434,0,0
basis,asymptote,34,spline,0.00012205744386537681,0.0038400942297927405,0.4065549078810228,742.8284493188003,0.0037180367859273636,0.40271481365123,0.4064328504371574,0,0
basis,asymptote,34,basis,0.0001220538457300899,0.0039048186440019117,0.4113438753376228,735.3432233979063,0.003782764798271822,0.4074390566936209,0.4112218214918927,0,0
basis,asymptote,35,spline,0.00012205861202785475,0.004431115561069947,0.448666837203631,749.0151699114072,0.004309056949042092,0.44423572164256103,0.44854477859160313,0,0
basis,asymptote,35,basis,0.00012205878806021226,0.003867841758141721,0.3740270781550558,722.3694204794613,0.003745782970081509,0.3701592363969141,0.3739050193669956,0,0
basis,asymptote,36,spline,0.00012205768629739714,0.003992934689439003,0.40944824661536244,764.1975254395201,0.0038708770031416063,0.40545531192592343,0.409326188929065,0,0
basis,asymptote,36,basis,0.00012205267389255285,0.003648445520606851,0.38445497825891517,747.6960488637768,0.0035263928467142982,0.38080653273830833,0.38433292558502263,0,0
basis,asymptote,37,spline,0.00012204926217004775,0.00360450786687203,0.43520143008551054,747.3536289866797,0.0034824586047019824,0.4315969222186385,0.4350793808233405,0,0
basis,asymptote,37,basis,0.0001220486163779737,0.0025965721729004866,0.36315956664289084,725.4760525717135,0.0024745235565225127,0.36056299446999035,0.36303751802651285,0,0
basis,asymptote,38,spline,0.0001220544740757698,0.003528943334475098,0.3972249136903833,733.9236163443637,0.003406888860399328,0.3936959703559082,0.39710285921630756,0,0
basis,asymptote,38,basis,0.00012205514152194889,0.003908081890084593,0.421582312171085,747.6143086224787,0.003786026748562644,0.4176742302810004,0.421460257029563,0,0
basis,asymptote,39,spline,0.00012205106809991918,0.0037027667502616463,0.4459925116244065,757.3824900930551,0.0035807156821617272,0.44228974487414485,0.4458704605563066,0,0
basis,asymptote,39,basis,0.00012205146229330002,0.0035181661057878803,0.4077268919753782,748.8692611819689,0.00339611464349458,0.40420872586959034,0.4076048405130849,0,0
ode,direction,0,spline,0.4154974029497797,1.0661907743337575,2.1373988525858247,3941.3609294357243,0.6506933713839778,1.0712080782520672,1.721901449636045,0,0
ode,direction,0,basis,0.38931983996395136,1.039424209441994,2.1048621981926656,3965.8874339219406,0.6501043694780427,1.0654379887506715,1.7155423582287144,0,0
ode,direction,1,spline,0.38010107466822995,1.0272408139685643,2.046660257380625,3902.0483794648926,0.6471397393003343,1.0194194434120607,1.666559182712395,0,0
ode,direction,1,basis,0.3539446583124464,0.9835194773223027,2.011104384418556,3888.1685231824217,0.6295748190098562,1.0275849070962533,1.6571597261061097,0,0
ode,direction,2,spline,0.3835246551157341,1.0142821474393275,2.0316292235248876,3885.8600079192684,0.6307574923235935,1.01734707608556,1.6481045684091535,0,0
ode,direction,2,basis,0.3255513060647002,0.9640876298172889,2.0365350540849767,3755.4080571033082,0.6385363237525887,1.0724474242676878,1.7109837480202765,0,0
ode,direction,3,spline,0.35725021361903675,0.9813071388322857,2.0453501606272093,3827.3250171072295,0.624056925213249,1.0640430217949235,1.6880999470081726,0,0
ode,direction,3,basis,0.36262563292525857,1.0237512081181712,2.0397404654564535,3733.7373061687217,0.6611255751929126,1.0159892573382823,1.6771148325311949,0,0
ode,direction,4,spline,0.35051486217788325,0.9939810927220137,2.1072425820121476,3887.376684980237,0.6434662305441305,1.1132614892901338,1.7567277198342643,0,0
ode,direction,4,basis,0.28698274977010735,0.9333343002775698,2.015170729114071,3461.9368308476414,0.6463515505074624,1.081836428836501,1.7281879793439634,0,0
ode,direction,5,spline,0.39446741566105026,1.0257642523628094,2.197274770220863,3950.4957661963413,0.6312968367017592,1.1715105178580534,1.8028073545598127,0,0
ode,direction,5,basis,0.361424652924027,1.0046587228912107,2.0848292613970387,3765.415685573183,0.6432340699671837,1.080170538505828,1.7234046084730117,0,0
ode,direction,6,spline,0.32573949215687825,0.9451566439491385,2.0528939103433492,3802.321709896111,0.6194171517922602,1.1077372663942109,1.7271544181864709,0,0
ode,direction,6,basis,0.3602585211348124,1.0243080454995028,2.0855770771446536,3912.4414459947798,0.6640495243646904,1.0612690316451507,1.7253185560098412,0,0
ode,direction,7,spline,0.4183675453581961,1.0618101876132549,2.128484791685569,3967.7017310022775,0.6434426422550588,1.066674604072314,1.7101172463273728,0,0
ode,direction,7,basis,0.4308662105977465,1.088736739506489,2.204508297213959,3968.0710772423217,0.6578705289087425,1.1157715577074698,1.7736420866162124,0,0
ode,direction,8,spline,0.3422749621855902,0.9943307757884187,2.0719125927398956,3873.917784482543,0.6520558136028285,1.077581816951477,1.7296376305543053,0,0
ode,direction,8,basis,0.40641444118789266,1.0347361888865616,2.118353289115086,3943.8920438859172,0.6283217476986689,1.0836171002285244,1.7119388479271933,0,0
ode,direction,9,spline,0.3558682253592403,0.9820122921259928,2.112894437601677,3904.5848883055396,0.6261440667667526,1.130882145475684,1.7570262122424367,0,0
ode,direction,9,basis,0.354242570128393,1.0099096461523964,2.1244843583902786,3823.824797113287,0.6556670760240034,1.1145747122378822,1.7702417882618855,0,0
ode,direction,10,spline,0.3488740352614519,0.9525121822589471,1.996894701165767,3863.2425434016345,0.6036381469974952,1.0443825189068199,1.648020665904315,0,0
ode,direction,10,basis,0.4333279602657103,1.1071330970800997,2.1860505321324464,3955.9478665565903,0.6738051368143894,1.0789174350523467,1.752722571866736,0,0
ode,direction,11,spline,0.4257947700480713,1.0568444229904053,2.056688113683572,3845.9030477686815,0.631049652942334,0.9998436906931669,1.6308933436355009,0,0
ode,direction,11,basis,0.3859368038119896,1.0064634187279937,2.1083877131941775,3956.3517770008953,0.6205266149160041,1.1019242944661838,1.722450909382188,0,0
ode,direction,12,spline,0.29242986874624716,0.927362771454701,2.0258331487106194,3625.636471989064,0.6349329027084538,1.0984703772559183,1.7334032799643722,0,0
ode,direction,12,basis,0.39492926310793597,1.0280377203822668,2.1632301112794323,3932.0345528942316,0.6331084572743308,1.1351923908971655,1.7683008481714964,0,0
ode,direction,13,spline,0.3062038207325527,0.9424094900406903,2.0383801520931,3598.000883972858,0.6362056693081376,1.0959706620524097,1.7321763313605474,0,0
ode,direction,13,basis,0.3079482037399999,0.9628082259399073,2.0197179608828075,3537.4690529622308,0.6548600221999075,1.0569097349429002,1.7117697571428077,0,0
ode,direction,14,spline,0.4144410980682722,1.049292605541887,2.179983293631814,3947.038496113712,0.6348515074736147,1.130690688089927,1.7655421955635417,0,0
ode,direction,14,basis,0.4000811361363164,1.0363177107543562,2.1244167164758982,3916.0131266726185,0.6362365746180398,1.088099005721542,1.724335580339582,0,0
ode,direction,15,spline,0.42673097639396446,1.0834068892352224,2.0810000675369253,3971.737382742042,0.656675912841258,0.9975931783017029,1.654269091142961,0,0
ode,direction,15,basis,0.37795362285636225,1.0402299990777704,2.1285746482697814,3928.63859435361,0.6622763762214081,1.088344649192011,1.7506210254134191,0,0
ode,direction,16,spline,0.36841322038194824,0.9878544176737879,2.022969811569192,3876.961300506707,0.6194411972918397,1.035115393895404,1.654556591187244,0,0
ode,direction,16,basis,0.3325618975639304,0.977319606993505,2.0361330589575397,3799.0541571006206,0.6447577094295746,1.0588134519640349,1.7035711613936093,0,0
ode,direction,17,spline,0.3968488980000978,1.0205128732474935,2.0509135373739498,3967.1235717360337,0.6236639752473957,1.0304006641264563,1.654064639373852,0,0
ode,direction,17,basis,0.37729922236138674,1.0545103836377678,2.0714548772073313,3964.097381552604,0.6772111612763811,1.0169444935695635,1.6941556548459447,0,0
ode,direction,18,spline,0.38041166955740857,0.9928469625966136,2.0928275684816913,3941.104446241299,0.6124352930392051,1.0999806058850776,1.7124158989242826,0,0
ode,direction,18,basis,0.34827829564485435,0.9788736673061195,2.080887512126673,3852.3443156406215,0.6305953716612651,1.1020138448205534,1.7326092164818183,0,0
ode,direction,19,spline,0.36234083654201626,1.01020997508878,2.1357724281144086,3802.7219103856505,0.6478691385467639,1.1255624530256285,1.7734315915723924,0,0
ode,direction,19,basis,0.34886738194923683,0.9543300323636353,2.0224194209960222,3683.464412621616,0.6054626504143985,1.0680893886323868,1.6735520390467853,0,0
ode,direction,20,spline,0.4364760828181253,1.0808616675141298,2.185413864725974,3915.122050956756,0.6443855846960045,1.1045521972118442,1.7489377819078487,0,0
ode,direction,20,basis,0.35473434686188754,0.9786439058676152,2.1018944347815105,3841.2853073642646,0.6239095590057276,1.1232505289138954,1.747160087919623,0,0
ode,direction,21,spline,0.4047535153755933,1.0322842013185907,2.1002464832943155,3940.796372372258,0.6275306859429974,1.0679622819757248,1.6954929679187223,0,0
ode,direction,21,basis,0.39149904204193575,1.0490744039273965,2.0686916036541056,3962.057399790907,0.6575753618854607,1.0196171997267092,1.67719256161217,0,0
ode,direction,22,spline,0.3068463706803405,0.9472855815792682,1.9762371944098727,3755.305415328283,0.6404392108989277,1.0289516128306044,1.669390823729532,0,0
ode,direction,22,basis,0.3306191019594616,0.9744358931304156,2.053100164961697,3773.5428757156906,0.643816791170954,1.0786642718312813,1.7224810630022354,0,0
ode,direction,23,spline,0.3903160730957763,1.015660683840529,2.0744608559914797,3930.4839988595627,0.6253446107447528,1.0588001721509506,1.6841447828957032,0,0
ode,direction,23,basis,0.38098623489687816,0.9848876510000847,2.107815932123395,3951.098239920578,0.6039014161032066,1.1229282811233103,1.7268296972265167,0,0
ode,direction,24,spline,0.3617289272206722,1.003144262386062,2.0919403345901273,3845.4894473880818,0.6414153351653898,1.0887960722040653,1.7302114073694552,0,0
ode,direction,24,basis,0.3541580495869077,1.0041186548047094,2.0970134389353645,3866.9601306020973,0.6499606052178017,1.092894784130655,1.7428553893484569,0,0
ode,direction,25,spline,0.35669698437130654,1.0021225686372544,2.100610488593573,3789.5455270551456,0.6454255842659478,1.0984879199563184,1.7439135042222662,0,0
ode,direction,25,basis,0.4367088044800622,1.0473282971808096,2.096345571190391,3958.0404493160977,0.6106194927007473,1.0490172740095813,1.6596367667103287,0,0
ode,direction,26,spline,0.31936925920683656,0.9545899512010112,2.0720142560686643,3726.8037950538155,0.6352206919941746,1.117424304867653,1.7526449968618278,0,0
ode,direction,26,basis,0.3420703620859674,0.9949397495815894,2.0759801313378747,3804.825323506296,0.652869387495622,1.0810403817562855,1.7339097692519072,0,0
ode,direction,27,spline,0.3264616608231586,0.9421317680325632,1.991937039446526,3795.853412542919,0.6156701072094046,1.0498052714139627,1.6654753786233674,0,0
ode,direction,27,basis,0.47867123318651295,1.1419259870341982,2.2200714866257227,3965.806632197921,0.6632547538476853,1.0781454995915245,1.7414002534392097,0,0
ode,direction,28,spline,0.36881813615721615,1.0213080544081625,2.139240826422134,3892.975967310187,0.6524899182509464,1.1179327720139713,1.7704226902649176,0,0
ode,direction,28,basis,0.35046955976004096,0.9906194158675304,2.110749388199773,3803.3335313561897,0.6401498561074894,1.1201299723322427,1.760279828439732,0,0
ode,direction,29,spline,0.41730336940235163,1.049454655075521,2.1541085479956386,3953.009155544163,0.6321512856731695,1.1046538929201175,1.736805178593287,0,0
ode,direction,29,basis,0.3541935359525008,1.0011379145876649,2.0527987994642327,3832.945442004839,0.6469443786351641,1.0516608848765678,1.698605263511732,0,0
ode,direction,30,spline,0.3211634208243327,0.9428545471632196,2.0374779796848115,3696.908428439767,0.6216911263388869,1.0946234325215918,1.716314558860479,0,0
ode,direction,30,basis,0.37927125075901863,1.0365624255550876,2.204174491916272,3895.0780134519414,0.657291174796069,1.1676120663611842,1.8249032411572532,0,0
ode,direction,31,spline,0.3576422916375081,0.9733747264585406,2.1326723211034078,3875.600242141358,0.6157324348210325,1.1592975946448671,1.7750300294658996,0,0
ode,direction,31,basis,0.4072809700599583,1.0795456888208328,2.1402242065271126,3949.848468920128,0.6722647187608746,1.0606785177062799,1.7329432364671544,0,0
ode,direction,32,spline,0.388013174951364,1.0102577503731456,2.0696623438496724,3897.799053925604,0.6222445754217816,1.0594045934765268,1.6816491688983084,0,0
ode,direction,32,basis,0.4261936605578282,1.0926395887171811,2.1725862575662176,3918.6084152902276,0.6664459281593529,1.0799466688490365,1.7463925970083893,0,0
ode,direction,33,spline,0.3830435155287034,1.0229151222293835,2.0958388177195224,3972.398986457343,0.6398716067006801,1.0729236954901389,1.7127953021908189,0,0
ode,direction,33,basis,0.4057131994506408,1.0781947489246093,2.170493164405389,3905.6560461319027,0.6724815494739684,1.0922984154807795,1.764779964954748,0,0
ode,direction,34,spline,0.43581921988733113,1.0864974252745259,2.1457248150437134,3954.9487387771273,0.6506782053871947,1.0592273897691875,1.7099055951563822,0,0
ode,direction,34,basis,0.2968708788356814,0.9425061201940126,2.014382831440735,3649.102866897268,0.6456352413583312,1.0718767112467222,1.7175119526050535,0,0
ode,direction,35,spline,0.39013883526159265,1.0116378733098295,2.0636456129733474,3953.9117578068494,0.6214990380482368,1.052007739663518,1.6735067777117547,0,0
ode,direction,35,basis,0.4303973230684743,1.0440822828999514,2.1148190439839674,3945.689894449857,0.6136849598314771,1.070736761084016,1.684421720915493,0,0
ode,direction,36,spline,0.26641134452598497,0.877663542180135,1.9872902541751736,3629.6901148787974,0.6112521976541501,1.1096267119950385,1.7208789096491885,0,0
ode,direction,36,basis,0.29713053749423435,0.9077330522055529,1.9953094478595883,3679.7678602825636,0.6106025147113185,1.0875763956540354,1.698178910365354,0,0
ode,direction,37,spline,0.3580257778833735,0.9846467475271444,2.0619827714128403,3903.0818074436343,0.626620969643771,1.077336023885696,1.7039569935294667,0,0
ode,direction,37,basis,0.39851730266833246,1.0008675846676793,2.127071520344908,3921.576900297067,0.6023502819993469,1.1262039356772287,1.7285542176765756,0,0
ode,direction,38,spline,0.4272116699871939,1.0734630505816773,2.144961853324197,3920.9944913741224,0.6462513805944834,1.0714988027425196,1.717750183337003,0,0
ode,direction,38,basis,0.3775698813452715,1.0303192761167956,2.0950689910820306,3933.878419388725,0.6527493947715242,1.064749714965235,1.7174991097367591,0,0
ode,direction,39,spline,0.4479022823132617,1.0545391715189154,2.220362358754226,3961.381629215834,0.6066368892056537,1.1658231872353106,1.7724600764409644,0,0
ode,direction,39,basis,0.3012045288968368,0.9194826014828669,1.9475291740393925,3565.627905632586,0.6182780725860301,1.0280465725565255,1.6463246451425557,0,0
ode,curvature,0,spline,0.43631467634586835,1.0931224130982786,2.1586160009195026,4027.746726394412,0.6568077367524103,1.065493587821224,1.7223013245736343,0,0
ode,curvature,0,basis,0.43200151521204,1.117506005349887,2.2332471958727225,4026.780165592559,0.6855044901378471,1.1157411905228354,1.8012456806606825,0,0
ode,curvature,1,spline,0.4573987564942025,1.1485049337424935,2.330860263237149,4034.54620756492,0.691106177248291,1.1823553294946554,1.8734615067429465,0,0
ode,curvature,1,basis,0.4704344920907046,1.1703807184464186,2.28729909287535,4054.5232643969607,0.6999462263557139,1.1169183744289315,1.8168646007846454,0,0
ode,curvature,2,spline,0.43174776997517583,1.1036889883179617,2.1714529522643833,4033.0610373747563,0.6719412183427859,1.0677639639464216,1.7397051822892076,0,0
ode,curvature,2,basis,0.46347967865458317,1.092289455090346,2.271760569738334,4059.5889983609145,0.6288097764357627,1.179471114647988,1.8082808910837507,0,0
ode,curvature,3,spline,0.4637990005189074,1.1449023063102128,2.2400529681785857,4051.5707851849334,0.6811033057913054,1.0951506618683728,1.7762539676596782,0,0
ode,curvature,3,basis,0.4294962259884886,1.1033366350984704,2.1921253963172496,4024.009875954297,0.6738404091099818,1.0887887612187792,1.7626291703287609,0,0
ode,curvature,4,spline,0.4579283398219895,1.1394164905846178,2.1785968969678637,4064.528741751885,0.6814881507626283,1.039180406383246,1.7206685571458742,0,0
ode,curvature,4,basis,0.46667928809760323,1.120391002731936,2.102314946868071,4045.0263168084425,0.6537117146343328,0.9819239441361349,1.6356356587704677,0,0
ode,curvature,5,spline,0.4342334357042091,1.0870132632610672,2.202471901629571,4060.1823248503224,0.6527798275568581,1.115458638368504,1.768238465925362,0,0
ode,curvature,5,basis,0.4635116872657275,1.147901758073925,2.2929252980061396,4055.608802031182,0.6843900708081976,1.1450235399322146,1.8294136107404122,0,0
ode,curvature,6,spline,0.4475509912244544,1.0905605615031206,2.2372184543693736,4055.5905717385012,0.6430095702786662,1.146657892866253,1.7896674631449192,0,0
ode,curvature,6,basis,0.4173685592021997,1.094011192566516,2.167767572288549,4026.4208391457705,0.6766426333643163,1.073756379722033,1.7503990130863494,0,0
ode,curvature,7,spline,0.40682912607473953,1.0652529785439613,2.1645905168625044,4033.6183496389285,0.6584238524692217,1.099337538318543,1.7577613907877647,0,0
ode,curvature,7,basis,0.38786289047418127,1.0427168122699826,2.128240887048443,3978.279365525616,0.6548539217958014,1.0855240747784605,1.7403779965742618,0,0
ode,curvature,8,spline,0.4680903163344963,1.117631154716435,2.2317543126856303,4066.5550475432233,0.6495408383819388,1.1141231579691953,1.763663996351134,0,0
ode,curvature,8,basis,0.48004537052120827,1.1167193733264813,2.2031245281827565,4054.6262868491217,0.6366740028052731,1.0864051548562752,1.7230791576615483,0,0
ode,curvature,9,spline,0.4269902146372845,1.067219279047586,2.148172436131796,4044.1076325962617,0.6402290644103016,1.0809531570842101,1.7211822214945118,0,0
ode,curvature,9,basis,0.3825582365118552,1.054928301235418,2.1298309789209364,3949.1245018081495,0.6723700647235629,1.0749026776855184,1.7472727424090813,0,0
ode,curvature,10,spline,0.4895110275466316,1.2033701143690863,2.3172967099019157,4068.730441963028,0.7138590868224546,1.1139265955328295,1.827785682355284,0,0
ode,curvature,10,basis,0.4316774264408016,1.1288247963334626,2.237032003439282,4047.4940848915726,0.6971473698926609,1.1082072071058193,1.8053545769984802,0,0
ode,curvature,11,spline,0.45313411341213866,1.1242901197256494,2.1872235261569437,4058.982972948463,0.6711560063135107,1.0629334064312943,1.734089412744805,0,0
ode,curvature,11,basis,0.4648131417381974,1.1426610303258131,2.1670158122730756,4051.63474136756,0.6778478885876158,1.0243547819472625,1.7022026705348783,0,0
ode,curvature,12,spline,0.47400868428794934,1.1434872079133753,2.279872638963783,4026.230280556402,0.6694785236254259,1.1363854310504076,1.8058639546758335,0,0
ode,curvature,12,basis,0.4419228136636578,1.122040002727888,2.2323134034988845,4050.1454260483406,0.6801171890642302,1.1102734007709965,1.7903905898352268,0,0
ode,curvature,13,spline,0.45611295897483384,1.1266791350080534,2.2633221145616744,4059.3119610169792,0.6705661760332196,1.136642979553621,1.8072091555868406,0,0
ode,curvature,13,basis,0.43056137284960316,1.0737388227883355,2.191473430105488,4027.478603630084,0.6431774499387324,1.1177346073171524,1.7609120572558847,0,0
ode,curvature,14,spline,0.498001734131021,1.2354556856138945,2.3540314012251438,4042.484889793382,0.7374539514828735,1.1185757156112492,1.8560296670941228,0,0
ode,curvature,14,basis,0.461338137618213,1.1010769493307775,2.1025882252319446,4049.0393655848166,0.6397388117125644,1.001511275901167,1.6412500876137315,0,0
ode,curvature,15,spline,0.4338069355669872,1.080657205373344,2.1915039097860936,4050.6932587926435,0.646850269806357,1.1108467044127495,1.7576969742191064,0,0
ode,curvature,15,basis,0.42266899311571376,1.0792484374003988,2.1337253235956775,4043.906470356994,0.6565794442846851,1.0544768861952787,1.7110563304799637,0,0
ode,curvature,16,spline,0.448552910657959,1.1082538613069806,2.2268397233717843,4066.1552699249983,0.6597009506490216,1.1185858620648037,1.7782868127138252,0,0
ode,curvature,16,basis,0.44314591854643237,1.1146523301371585,2.197739877202626,4055.197131710851,0.6715064115907261,1.0830875470654675,1.7545939586561936,0,0
ode,curvature,17,spline,0.43555651419644764,1.1084336597974211,2.2268269543643706,4047.718369313603,0.6728771456009734,1.1183932945669495,1.791270440167923,0,0
ode,curvature,17,basis,0.4206323331098332,1.0905776196459862,2.1783887864640104,4032.9909632199706,0.669945286536153,1.0878111668180241,1.7577564533541772,0,0
ode,curvature,18,spline,0.33702563533827207,0.9789825677829443,2.0771374246470313,3734.485540717934,0.6419569324446723,1.0981548568640869,1.7401117893087592,0,0
ode,curvature,18,basis,0.4072202448004132,1.0825834671604433,2.1286572746168124,3978.8535782023473,0.6753632223600301,1.0460738074563691,1.7214370298163992,0,0
ode,curvature,19,spline,0.45900518033027043,1.1350935736679837,2.264969465517315,4057.597904959,0.6760883933377133,1.1298758918493315,1.8059642851870448,0,0
ode,curvature,19,basis,0.4635660115690552,1.1219044449647948,2.1695571389610793,3956.50511487564,0.6583384333957396,1.0476526939962845,1.705991127392024,0,0
ode,curvature,20,spline,0.46601982382771173,1.1277276700295373,2.1639820636826537,4068.186227127739,0.6617078462018255,1.0362543936531163,1.6979622398549419,0,0
ode,curvature,20,basis,0.481307528831057,1.1729480439932778,2.29562222054392,4052.3747167644497,0.6916405151622208,1.122674176550642,1.814314691712863,0,0
ode,curvature,21,spline,0.4582216219312323,1.1410676212678466,2.2470464251028406,4059.4211694343085,0.6828459993366143,1.105978803834994,1.7888248031716083,0,0
ode,curvature,21,basis,0.4321373077106225,1.1189428214783352,2.1935828602054457,4042.780123110223,0.6868055137677127,1.0746400387271104,1.7614455524948232,0,0
ode,curvature,22,spline,0.42233271330224126,1.1150487861380889,2.1502895498497328,3996.5224340719037,0.6927160728358477,1.0352407637116439,1.7279568365474915,0,0
ode,curvature,22,basis,0.4379393810289006,1.1067766553774507,2.1676137365751575,4055.280900389778,0.6688372743485501,1.0608370811977068,1.729674355546257,0,0
ode,curvature,23,spline,0.4311255631631722,1.1055961286218758,2.239323135982574,4048.9831907033426,0.6744705654587037,1.133727007360698,1.8081975728194015,0,0
ode,curvature,23,basis,0.4090174583779515,1.0897555160429127,2.1860446661776898,3899.7170530857647,0.6807380576649611,1.0962891501347771,1.7770272077997382,0,0
ode,curvature,24,spline,0.4090624271247395,1.0596969087467758,2.171663205411215,4006.6942977084127,0.6506344816220363,1.111966296664439,1.7626007782864752,0,0
ode,curvature,24,basis,0.42524428976501294,1.082097747635448,2.2254249065494816,4000.0816996288368,0.6568534578704351,1.1433271589140335,1.8001806167844685,0,0
ode,curvature,25,spline,0.38917044487277014,1.0743869676782523,2.1247469748496957,3976.592902971174,0.6852165228054821,1.0503600071714434,1.7355765299769255,0,0
ode,curvature,25,basis,0.44957207525615106,1.1222966183947063,2.255383478423207,4055.315810893565,0.6727245431385552,1.1330868600285007,1.805811403167056,0,0
ode,curvature,26,spline,0.4286722582000298,1.088358863494003,2.1849055775220267,4064.257182829998,0.6596866052939732,1.0965467140280238,1.756233319321997,0,0
ode,curvature,26,basis,0.451365541247531,1.1125349920192205,2.1752245780416937,4058.89465284861,0.6611694507716894,1.0626895860224732,1.7238590367941626,0,0
ode,curvature,27,spline,0.47589556323039767,1.1494999652276658,2.1970694937005817,4065.7495797793276,0.6736044019972682,1.0475695284729158,1.721173930470184,0,0
ode,curvature,27,basis,0.40440916099514174,1.0395406111634649,2.1002912746068114,4007.393623424697,0.6351314501683232,1.0607506634433466,1.6958821136116697,0,0
ode,curvature,28,spline,0.4115571296549339,1.0534180910510638,2.1408820610992225,4040.0512766547618,0.6418609613961299,1.0874639700481588,1.7293249314442887,0,0
ode,curvature,28,basis,0.45263343573374415,1.171492295907701,2.20873305432316,4048.6813352209692,0.7188588601739568,1.0372407584154588,1.7560996185894155,0,0
ode,curvature,29,spline,0.42327387515472087,1.1219532810864763,2.213371060606704,3997.4476004570884,0.6986794059317554,1.0914177795202278,1.7900971854519832,0,0
ode,curvature,29,basis,0.43088077194554664,1.0936628134784696,2.188876398860658,4046.857636559087,0.662782041532923,1.0952135853821883,1.7579956269151111,0,0
ode,curvature,30,spline,0.4338979736633088,1.1131112366551508,2.1957796055021173,3974.9566370995526,0.6792132629918419,1.0826683688469665,1.7618816318388084,0,0
ode,curvature,30,basis,0.4075607604657821,1.0409700155545034,2.1346313771624197,4027.044489405368,0.6334092550887214,1.0936613616079163,1.7270706166966376,0,0
ode,curvature,31,spline,0.4436892421321744,1.1124939747326248,2.205478805307578,4038.182593029708,0.6688047326004504,1.092984830574953,1.7617895631754035,0,0
ode,curvature,31,basis,0.4358178872799177,1.0805716718305027,2.138562341861197,4005.081542173329,0.6447537845505851,1.0579906700306942,1.7027444545812793,0,0
ode,curvature,32,spline,0.4099771394745218,1.094512716194933,2.218588936531367,3913.9809139309423,0.6845355767204113,1.124076220336434,1.8086117970568454,0,0
ode,curvature,32,basis,0.4494469207246836,1.0663291798516514,2.0804752033625227,4051.2122305303187,0.6168822591269678,1.0141460235108712,1.631028282637839,0,0
ode,curvature,33,spline,0.44424081114208613,1.1284631291627796,2.241346113102566,4057.0829489090315,0.6842223180206934,1.1128829839397865,1.79710530196048,0,0
ode,curvature,33,basis,0.4542178923103538,1.1192216651132612,2.150102136407261,4054.9241813683043,0.6650037728029073,1.0308804712939998,1.695884244096907,0,0
ode,curvature,34,spline,0.46520150543330846,1.164735784665582,2.2488649120646738,4051.1761615658393,0.6995342792322734,1.0841291273990918,1.7836634066313652,0,0
ode,curvature,34,basis,0.4477059656220661,1.0989469889187975,2.22724081837027,4048.066197653088,0.6512410232967314,1.1282938294514724,1.7795348527482038,0,0
ode,curvature,35,spline,0.46111191414287234,1.1580117972921924,2.2745617859710223,4068.7551592337813,0.69689988314932,1.11654998867883,1.81344987182815,0,0
ode,curvature,35,basis,0.42733164692301473,1.0899721077379858,2.1429373272107095,3993.6029893565174,0.6626404608149711,1.0529652194727237,1.7156056802876947,0,0
ode,curvature,36,spline,0.4459303019886174,1.0817684602156405,2.21944441466644,4043.562057634505,0.6358381582270232,1.1376759544507995,1.7735141126778227,0,0
ode,curvature,36,basis,0.46075386723320727,1.1124091755214933,2.210800378490274,4057.416126577061,0.6516553082882861,1.0983912029687808,1.750046511257067,0,0
ode,curvature,37,spline,0.4388293792688806,1.1027218351907173,2.2420288224084493,4049.862373046475,0.6638924559218367,1.139306987217732,1.8031994431395686,0,0
ode,curvature,37,basis,0.44052519175476706,1.0726236818643946,2.176537987933941,4048.2480871042917,0.6320984901096276,1.1039143060695464,1.736012796179174,0,0
ode,curvature,38,spline,0.46763344123967376,1.1362297237201904,2.233061088462722,4063.7818848981615,0.6685962824805166,1.0968313647425318,1.7654276472230483,0,0
ode,curvature,38,basis,0.4366868273126856,1.0969775215673077,2.156322092084895,4015.6442698805317,0.6602906942546221,1.0593445705175875,1.7196352647722095,0,0
ode,curvature,39,spline,0.5099368727653084,1.1839493751143568,2.323007247195362,4052.420942171116,0.6740125023490484,1.1390578720810052,1.8130703744300536,0,0
ode,curvature,39,basis,0.39276220879971063,1.059565172324864,2.1291667872099413,3963.715528034423,0.6668029635251533,1.0696016148850773,1.7364045784102307,0,0
ode,inflection,0,spline,0.0001220479650016849,0.00012204796501367678,0.0014508699620188663,226.9536380936167,1.1991872338884546e-14,0.0013288219970051896,0.0013288219970171815,1,1
ode,inflection,0,basis,0.0001220479650016849,0.00012204796683022334,0.004764626096050543,236.36564676122688,1.8285384328648596e-12,0.004642578129220319,0.004642578131048858,1,1
ode,inflection,1,spline,0.0001220479650016849,0.00012204796500745877,0.0011298349890423323,205.3062967354195,5.7738644594629296e-15,0.0010077870240348735,0.0010077870240406475,1,1
ode,inflection,1,basis,0.0001220479650016849,0.00012204796976467887,0.004196401651336662,222.414189939023,4.7629939678743224e-12,0.004074353681571983,0.004074353686334978,1,1
ode,inflection,2,spline,0.0001220479650016849,0.00012204796502877765,0.0025918805473262433,214.34641519421356,2.70927486174799e-14,0.002469832582297466,0.0024698325823245583,1,1
ode,inflection,2,basis,0.0001220479650016849,0.00012204797010988933,0.005278974125951957,220.4110552235767,5.108204427484685e-12,0.005156926155842068,0.005156926160950272,1,1
ode,inflection,3,spline,0.0001220479650016849,0.00012204796528804637,0.004761935691326231,259.77475376554395,2.8636147001836337e-13,0.004639887726038184,0.004639887726324546,1,1
ode,inflection,3,basis,0.0001220479650016849,0.00012204796514647566,0.0037357197739048458,244.29725420823974,1.4479075490653193e-13,0.0036136718087583703,0.0036136718089031608,1,1
ode,inflection,4,spline,0.0001220479650016849,0.00012204796506164426,0.002041787036826003,250.8792006924664,5.995936169442273e-14,0.0019197390717643587,0.0019197390718243181,1,1
ode,inflection,4,basis,0.0001220479650016849,0.00012204796577360615,0.002278955543592563,217.64372920664766,7.719212503356707e-13,0.0021569075778189568,0.002156907578590878,1,1
ode,inflection,5,spline,0.0001220479650016849,0.00012204796509628745,0.0033748217433416557,256.7933617942612,9.460254845120031e-14,0.0032527737782453684,0.0032527737783399706,1,1
ode,inflection,5,basis,0.0001220479650016849,0.00012204796540574438,0.004032340348834961,261.3390835714849,4.040594763074154e-13,0.0039102923834292164,0.003910292383833276,1,1
ode,inflection,6,spline,0.0001220479650016849,0.00012204796502566865,0.00268538131555075,220.73043271566806,2.3983744677769092e-14,0.0025633333505250817,0.002563333350549065,1,1
ode,inflection,6,basis,0.0001220479650016849,0.00012204796525851084,0.0019474841735144808,225.42174473009766,2.568259325911107e-13,0.00182543620825597,0.001825436208512796,1,1
ode,inflection,7,spline,0.0001220479650016849,0.00012204796579314846,0.006739146100224006,239.28004192233556,7.914635608138529e-13,0.006617098134430857,0.006617098135222321,1,1
ode,inflection,7,basis,0.0001220479650016849,0.00012204796541396103,0.004178539099385211,274.9800866022797,4.122761295766511e-13,0.0040564911339712505,0.004056491134383527,1,1
ode,inflection,8,spline,0.0001220479650016849,0.00012204796504965239,0.0018883581795958483,215.89138753321495,4.7967489355538184e-14,0.001766310214546196,0.0017663102145941635,1,1
ode,inflection,8,basis,0.0001220479650016849,0.00012204796911078873,0.0057859022980454216,239.2321771000626,4.109103831392673e-12,0.005663854328934632,0.005663854333043737,1,1
ode,inflection,9,spline,0.0001220479650016849,0.00012204796501545335,0.0013523899977925726,219.3507360399009,1.3768446018719294e-14,0.0012303420327771193,0.0012303420327908878,1,1
ode,inflection,9,basis,0.0001220479650016849,0.000122047965076301,0.0018624494587497426,227.9217673563437,7.46160945530594e-14,0.0017404014936734417,0.0017404014937480578,1,1
ode,inflection,10,spline,0.00012204796500146283,0.00012204796530092653,0.003492646949665028,225.96929843060772,2.9946370090714464e-13,0.0033705989843641013,0.003370598984663565,1,1
ode,inflection,10,basis,0.0001220479650016849,0.00012204796590618296,0.004940800805536263,227.7030789797104,9.044980611933387e-13,0.00481875283963008,0.0048187528405345785,1,1
ode,inflection,11,spline,0.0001220479650016849,0.00012204796500301733,0.001027375465516038,227.7204978048712,1.3324302598760607e-15,0.0009053275005130206,0.000905327500514353,1,1
ode,inflection,11,basis,0.00012204796500146283,0.00012204796616411926,0.0034222243698787554,213.22287372953758,1.1626564240443255e-12,0.003300176403714636,0.0033001764048772924,1,1
ode,inflection,12,spline,0.0001220479650016849,0.00012204796500990156,0.0012051467097298181,185.2616940081475,8.216653269235707e-15,0.0010830987447199166,0.0010830987447281333,1,1
ode,inflection,12,basis,0.0001220479650016849,0.00012204796557673958,0.002208461534778742,217.5241459088849,5.750546794389827e-13,0.002086413569202002,0.0020864135697770568,1,1
ode,inflection,13,spline,0.0001220479650016849,0.00012204796528404908,0.004186495449989902,266.2302972458236,2.823641792387352e-13,0.004064447484705853,0.004064447484988218,1,1
ode,inflection,13,basis,0.0001220479650016849,0.0001220479651085014,0.0029264693821865516,237.00388969778024,1.068164925000642e-13,0.00280442141707805,0.0028044214171848666,1,1
ode,inflection,14,spline,0.0001220479650016849,0.00012204796512915406,0.002656242581134582,256.528383900158,1.2746916152814314e-13,0.0025341946160054277,0.002534194616132897,1,1
ode,inflection,14,basis,0.0001220479650016849,0.00012204796512959821,0.002511961485859454,226.6494906358673,1.2791330494810182e-13,0.0023899135207298555,0.002389913520857769,1,1
ode,inflection,15,spline,0.0001220479650016849,0.00012204796637597567,0.004953073502582671,230.16236385351408,1.3742907636546398e-12,0.0048310255362066954,0.004831025537580987,1,1
ode,inflection,15,basis,0.0001220479650016849,0.00012204796512782163,0.003686024386588199,252.3429842060986,1.2613673126826708e-13,0.0035639764214603774,0.003563976421586514,1,1
ode,inflection,16,spline,0.00012204796500190697,0.00012204796502633486,0.0017413653331267139,236.5862841032227,2.442788809772778e-14,0.001619317368100379,0.0016193173681248068,1,1
ode,inflection,16,basis,0.0001220479650016849,0.00012204796556252699,0.0035774133214414926,221.2278484099649,5.608420900003047e-13,0.0034553653558789654,0.0034553653564398075,1,1
ode,inflection,17,spline,0.0001220479650016849,0.00012204796555719727,0.004141089255447042,252.71646356111995,5.555123689608005e-13,0.004019041289889844,0.004019041290445357,1,1
ode,inflection,17,basis,0.0001220479650016849,0.00012204796516290896,0.004296552715201711,230.4017429969279,1.6122406144500334e-13,0.004174504750038802,0.004174504750200026,1,1
ode,inflection,18,spline,0.00012204796500146283,0.00012204796520754538,0.0027581933262954017,252.40505167599835,2.0608254686083072e-13,0.002636145361087856,0.0026361453612939387,1,1
ode,inflection,18,basis,0.0001220479650016849,0.00012204796508118658,0.0023490347006186636,250.8641617271893,7.950167217260495e-14,0.002226986735537477,0.0022269867356169786,1,1
ode,inflection,19,spline,0.0001220479650016849,0.00012204796659271764,0.006664604952547893,251.18975052732728,1.5910327390419518e-12,0.006542556985955176,0.006542556987546209,1,1
ode,inflection,19,basis,0.0001220479650016849,0.00012204796999596656,0.009840092962900338,241.84989516892048,4.994281653817809e-12,0.00971804499290437,0.009718044997898653,1,1
ode,inflection,20,spline,0.0001220479650016849,0.00012204796603809356,0.005975455946360756,243.73641079363207,1.0364086569210687e-12,0.005853407980322663,0.005853407981359072,1,1
ode,inflection,20,basis,0.0001220479650016849,0.00012204796543061641,0.003169744942129937,264.4819950491814,4.2893150782510187e-13,0.0030476969766993207,0.003047696977128252,1,1
ode,inflection,21,spline,0.0001220479650016849,0.00012204796501989478,0.0023389803103990798,221.18645886782076,1.8209880218306163e-14,0.002216932345379185,0.0022169323453973947,1,1
ode,inflection,21,basis,0.0001220479650016849,0.00012204796590262982,0.0022780896524113386,224.08704918149255,9.009449138336692e-13,0.002156041686508709,0.0021560416874096535,1,1
ode,inflection,22,spline,0.0001220479650016849,0.00012204796506475327,0.0021033650072265113,223.3820111702182,6.306836563413354e-14,0.0019813170421617583,0.0019813170422248263,1,1
ode,inflection,22,basis,0.0001220479650016849,0.00012204796516868283,0.002092224509414089,256.59991656494753,1.6699792590446627e-13,0.0019701765442454063,0.001970176544412404,1,1
ode,inflection,23,spline,0.00012204796500190697,0.00012204796502544658,0.0014340798783562998,231.40540469858482,2.3539601257810405e-14,0.0013120319133308532,0.0013120319133543927,1,1
ode,inflection,23,basis,0.00012204796500146283,0.0001220479877078507,0.013719452413424267,254.83289875797178,2.270638786315473e-11,0.013597404425716416,0.013597404448422805,0,1
ode,inflection,24,spline,0.0001220479650016849,0.00012204796509362259,0.002354860712147823,237.69026076463524,9.193768793144819e-14,0.0022328127470542004,0.002232812747146138,1,1
ode,inflection,24,basis,0.0001220479650016849,0.00012204796597991077,0.0035517316878384943,254.76396695093,9.782258689064807e-13,0.0034296837218585835,0.0034296837228368093,1,1
ode,inflection,25,spline,0.0001220479650016849,0.0001220479657402954,0.0046054456456173926,219.5028316292859,7.386104938387691e-13,0.004483397679877097,0.004483397680615708,1,1
ode,inflection,25,basis,0.0001220479650016849,0.00012204796508984737,0.0017895137906505905,209.38862397620287,8.816246886179935e-14,0.0016674658255607432,0.0016674658256489057,1,1
ode,inflection,26,spline,0.0001220479650016849,0.00012204796532935171,0.00266211287718489,261.34048371784786,3.2766680807452125e-13,0.0025400649118555384,0.002540064912183205,1,1
ode,inflection,26,basis,0.0001220479650016849,0.00012204796788972745,0.004765276570566694,240.7894443178469,2.88804254762378e-12,0.004643228602676967,0.00464322860556501,1,1
ode,inflection,27,spline,0.0001220479650016849,0.00012204796524318789,0.0033155075401298025,230.3594038249208,2.41502984602536e-13,0.0031934595748866145,0.0031934595751281175,1,1
ode,inflection,27,basis,0.0001220479650016849,0.00012204796807571251,0.0070236000349596164,222.62516127029073,3.07402760473148e-12,0.006901552066883904,0.006901552069957932,1,1
ode,inflection,28,spline,0.0001220479650016849,0.00012204796535289131,0.004069489598019474,230.4519365655713,3.5120640933233166e-13,0.003947441632666583,0.0039474416330177895,1,1
ode,inflection,28,basis,0.0001220479650016849,0.00012204797312506793,0.011378459528812128,252.46745320047242,8.123383029071639e-12,0.01125641155568706,0.011256411563810444,0,1
ode,inflection,29,spline,0.00012204796500146283,0.00012204796500657048,0.0013070344924158241,238.30213991942216,5.107649329524899e-15,0.0011849865274092537,0.0011849865274143614,1,1
ode,inflection,29,basis,0.0001220479650016849,0.00012204796637952881,0.003665770281713609,220.22252813090896,1.3778439110143093e-12,0.0035437223153340805,0.003543722316711924,1,1
ode,inflection,30,spline,0.0001220479650016849,0.00012204796516113239,0.0033609011471301595,213.83563204956675,1.594474877651686e-13,0.003238853181969027,0.0032388531821284745,1,1
ode,inflection,30,basis,0.0001220479650016849,0.00012204796600655938,0.0033611143184946847,223.98152111689973,1.004874474104002e-12,0.003239066352488125,0.0032390663534929997,1,1
ode,inflection,31,spline,0.00012204796500190697,0.00012204796850819715,0.007196802160738271,233.40809628779647,3.506290174653745e-12,0.007074754192230074,0.0070747541957363646,1,1
ode,inflection,31,basis,0.0001220479650016849,0.00012204796657250912,0.004591518908142118,242.63229265393045,1.5708242134338316e-12,0.004469470941569609,0.0044694709431404335,1,1
ode,inflection,32,spline,0.0001220479650016849,0.0001220479650032394,0.0006815957417067467,197.19218265838663,1.5545019698554041e-15,0.0005595477767035073,0.0005595477767050618,1,1
ode,inflection,32,basis,0.0001220479650016849,0.00012204796535644446,0.0020166421421835266,231.25194270169456,3.5475955669200115e-13,0.0018945941768270822,0.0018945941771818418,1,1
ode,inflection,33,spline,0.0001220479650016849,0.00012204796500257319,0.0006467996508896917,201.1699087312269,8.882868399173738e-16,0.0005247516858871185,0.0005247516858880068,1,1
ode,inflection,33,basis,0.0001220479650016849,0.00012204796730223676,0.0037183705481366332,212.83755160791293,2.300551852425954e-12,0.0035963225808343965,0.003596322583134948,1,1
ode,inflection,34,spline,0.0001220479650016849,0.0001220479659710279,0.005050996608102755,258.961444450482,9.69343000507307e-13,0.004928948642131727,0.0049289486431010705,1,1
ode,inflection,34,basis,0.0001220479650016849,0.0001220479653027031,0.003216182477841667,236.57799399557743,3.0101820287700004e-13,0.003094134512538964,0.003094134512839982,1,1
ode,inflection,35,spline,0.0001220479650016849,0.00012204796532935171,0.0049101908694321565,236.8298493099988,3.2766680807452125e-13,0.004788142904102805,0.004788142904430472,1,1
ode,inflection,35,basis,0.0001220479650016849,0.00012204796501945064,0.004093405939994834,242.73556990472946,1.7765736798347476e-14,0.003971357974975383,0.00397135797499315,1,1
ode,inflection,36,spline,0.0001220479650016849,0.00012204796527383378,0.00392674596781487,232.8830206614554,2.721488805796854e-13,0.003804698002541036,0.0038046980028131846,1,1
ode,inflection,36,basis,0.00012204796500190697,0.00012204796520154944,0.0026873737315073042,242.6001900398513,1.9964246727142976e-13,0.0025653257663057548,0.002565325766505397,1,1
ode,inflection,37,spline,0.0001220479650016849,0.00012204796682222875,0.006040087605691507,252.5189654137491,1.8205438513056033e-12,0.005918039638869278,0.005918039640689822,1,1
ode,inflection,37,basis,0.00012204796500146283,0.00012204796615146117,0.004052286388290356,248.5400742384536,1.1499983365755029e-12,0.003930238422138895,0.0039302384232888935,1,1
ode,inflection,38,spline,0.0001220479650016849,0.00012204796516379725,0.002854421369403172,233.82033531153533,1.6211234828492072e-13,0.002732373404239375,0.002732373404401487,1,1
ode,inflection,38,basis,0.0001220479650016849,0.00012204796574273819,0.0043096613370588776,256.21389334001617,7.410532826485419e-13,0.004187613371316139,0.004187613372057193,1,1
ode,inflection,39,spline,0.0001220479650016849,0.00012204796534067737,0.004492186568832306,229.77066716474155,3.3899246528346777e-13,0.004370138603491629,0.004370138603830622,1,1
ode,inflection,39,basis,0.0001220479650016849,0.00012204796503743845,0.0034798338296259733,239.66621497011968,3.5753545306674295e-14,0.0033577858645885347,0.0033577858646242882,1,1
ode,turning,0,spline,0.0001220479650016849,0.00012204796506652984,0.006782791773440289,268.54078100228867,6.484493931396829e-14,0.00666074380837376,0.0066607438084386045,1,1
ode,turning,0,basis,0.0001220479650016849,0.00012204796500612634,0.0028491441873719357,229.9837252305269,4.441434199586869e-15,0.0027270962223658094,0.0027270962223702507,1,1
ode,turning,1,spline,0.0001220479650016849,0.00012204796500212905,0.003706896652230484,246.5934013063327,4.441434199586869e-16,0.003584848687228355,0.003584848687228799,1,1
ode,turning,1,basis,0.0001220479650016849,0.00012204796500923534,0.003517290003992697,246.07138933429417,7.550438139297677e-15,0.0033952420389834616,0.003395242038991012,1,1
ode,turning,2,spline,0.0001220479650016849,0.000122047965020561,0.004379448303165724,248.49292561702163,1.8876095348244193e-14,0.004257400338145163,0.004257400338164039,1,1
ode,turning,2,basis,0.0001220479650016849,0.00012204796500212905,0.0024030463839212904,239.83143706005873,4.441434199586869e-16,0.0022809984189191613,0.0022809984189196054,1,1
ode,turning,3,spline,0.0001220479650016849,0.00012204796500523805,0.0032487199637793156,233.43046660097025,3.553147359669495e-15,0.0031266719987740775,0.0031266719987776306,1,1
ode,turning,3,basis,0.0001220479650016849,0.0001220479650119002,0.003716453043852514,254.3789437109391,1.0215298659049799e-14,0.0035944050788406135,0.003594405078850829,1,1
ode,turning,4,spline,0.0001220479650016849,0.00012204796500434976,0.004479105873960315,246.95634289588918,2.6648605197521213e-15,0.004357057908955965,0.004357057908958631,1,1
ode,turning,4,basis,0.00012204796500146283,0.00012204796500390562,0.003382430293237138,245.63665924695323,2.442788809772778e-15,0.0032603823282332327,0.0032603823282356752,1,1
ode,turning,5,spline,0.00012204796500190697,0.0001220479650056822,0.0036425862178186166,237.32118470865166,3.7752190696488386e-15,0.0035205382528129344,0.0035205382528167095,1,1
ode,turning,5,basis,0.0001220479650016849,0.00012204796507607893,0.007828489799480615,272.7974512052773,7.439402284308005e-14,0.0077064418344045356,0.00770644183447893,1,1
ode,turning,6,spline,0.00012204796500190697,0.00012204796500346148,0.002536701168525834,242.0973585739319,1.5545019698554041e-15,0.0024146532035223727,0.002414653203523927,1,1
ode,turning,6,basis,0.0001220479650016849,0.00012204796500901327,0.0031189608055796464,253.09271725364488,7.328366429318334e-15,0.002996912840570633,0.0029969128405779614,1,1
ode,turning,7,spline,0.0001220479650016849,0.00012204796500479391,0.0045068596829782245,274.39440908835553,3.1090039397108082e-15,0.0043848117179734305,0.00438481171797654,1,1
ode,turning,7,basis,0.0001220479650016849,0.00012204796500346148,0.004450477445208289,268.6095791661786,1.7765736798347476e-15,0.004328429480204827,0.0043284294802066045,1,1
ode,turning,8,spline,0.0001220479650016849,0.00012204796500212905,0.004647529494673743,242.73575006115365,4.441434199586869e-16,0.004525481529671614,0.004525481529672058,1,1
ode,turning,8,basis,0.0001220479650016849,0.00012204796503721638,0.007421550680215195,249.74830604165416,3.553147359669495e-14,0.007299502715177979,0.00729950271521351,1,1
ode,turning,9,spline,0.00012204796500146283,0.00012204796501301056,0.004329310634175793,255.21451583558866,1.1547728918925859e-14,0.004207262669162782,0.00420726266917433,1,1
ode,turning,9,basis,0.00012204796500146283,0.00012204796502944387,0.005600716566951076,229.15571529269923,2.7981035457397274e-14,0.005478668601921632,0.005478668601949613,1,1
ode,turning,10,spline,0.0001220479650016849,0.0001220479650016849,0.005892399722049651,247.8847901809396,0.0,0.005770351757047967,0.005770351757047967,1,1
ode,turning,10,basis,0.0001220479650016849,0.00012204796501056777,0.005245852857381632,281.1204255094043,8.882868399173738e-15,0.005123804892371064,0.005123804892379948,1,1
ode,turning,11,spline,0.0001220479650016849,0.0001220479650190065,0.004924002719793312,242.95310795570643,1.732159337838879e-14,0.004801954754774305,0.004801954754791627,1,1
ode,turning,11,basis,0.0001220479650016849,0.00012204796500745877,0.003918810554774437,227.2290389025243,5.7738644594629296e-15,0.0037967625897669787,0.0037967625897727523,1,1
ode,turning,12,spline,0.00012204796500146283,0.00012204796500546012,0.003485499316267723,256.90246069031286,3.997290779628182e-15,0.0033634513512622627,0.00336345135126626,1,1
ode,turning,12,basis,0.0001220479650016849,0.0001220479650425461,0.0067086766778798185,245.87660876548196,4.0861194636199194e-14,0.0065866287128372725,0.006586628712878134,1,1
ode,turning,13,spline,0.0001220479650016849,0.00012204796507896586,0.005612477034999087,238.15945057276514,7.728095507281152e-14,0.005490429069920122,0.005490429069997403,1,1
ode,turning,13,basis,0.00012204796500190697,0.00012204796501278849,0.00308558624524786,257.49119495223147,1.0881513788987829e-14,0.0029635382802350716,0.002963538280245953,1,1
ode,turning,14,spline,0.0001220479650016849,0.00012204796500546012,0.003313943634479053,254.1399899239522,3.7752190696488386e-15,0.0031918956694735926,0.003191895669477368,1,1
ode,turning,14,basis,0.0001220479650016849,0.00012204796500279526,0.0025556649094714916,239.15936589011412,1.1103585498967172e-15,0.0024336169444686964,0.0024336169444698066,1,1
ode,turning,15,spline,0.0001220479650016849,0.00012204796500523805,0.004251237039462175,241.23527874205615,3.553147359669495e-15,0.004129189074456936,0.00412918907446049,1,1
ode,turning,15,basis,0.0001220479650016849,0.00012204796500457184,0.0036888318066260273,233.0216265796108,2.8869322297314648e-15,0.0035667838416214553,0.0035667838416243423,1,1
ode,turning,16,spline,0.0001220479650016849,0.000122047965017452,0.003555166047239996,257.13607478505287,1.5767091408533385e-14,0.003433118082222544,0.003433118082238311,1,1
ode,turning,16,basis,0.00012204796500124076,0.00012204796501634164,0.00519435571667152,212.16556036758803,1.5100876278595354e-14,0.005072307751655179,0.00507230775167028,1,1
ode,turning,17,spline,0.0001220479650016849,0.00012204796501323263,0.004644433818752354,246.84318323783765,1.1547728918925859e-14,0.004522385853739121,0.004522385853750669,1,1
ode,turning,17,basis,0.0001220479650016849,0.00012204796501056777,0.004225931299319937,267.9196991677267,8.882868399173738e-15,0.004103883334309369,0.004103883334318253,1,1
ode,turning,18,spline,0.0001220479650016849,0.00012204796500190697,0.0056512853463142705,258.75872234730224,2.2207170997934345e-16,0.005529237381312364,0.005529237381312586,1,1
ode,turning,18,basis,0.00012204796500146283,0.00012204796500479391,0.0025815721477605016,250.8778267907482,3.3310756496901517e-15,0.0024595241827557075,0.0024595241827590386,1,1
ode,turning,19,spline,0.0001220479650016849,0.00012204796500546012,0.0031875954654670474,260.04551222443763,3.7752190696488386e-15,0.003065547500461587,0.0030655475004653624,1,1
ode,turning,19,basis,0.0001220479650016849,0.00012204796502589072,0.004975075371302872,244.1086734622671,2.4205816387748436e-14,0.004853027406276981,0.004853027406301187,1,1
ode,turning,20,spline,0.0001220479650016849,0.0001220479650323308,0.0033531875324655067,244.68398300312782,3.0645895977149396e-14,0.003231139567433176,0.0032311395674638217,1,1
ode,turning,20,basis,0.0001220479650016849,0.00012204796500212905,0.0018538593895658063,228.32408662167205,4.441434199586869e-16,0.0017318114245636772,0.0017318114245641215,1,1
ode,turning,21,spline,0.0001220479650016849,0.00012204796500701462,0.003929177616938416,232.11595989232853,5.329721039504243e-15,0.0038071296519314015,0.003807129651936731,1,1
ode,turning,21,basis,0.0001220479650016849,0.00012204796500257319,0.003907872199964844,260.2684165492395,8.882868399173738e-16,0.0037858242349622707,0.003785824234963159,1,1
ode,turning,22,spline,0.0001220479650016849,0.0001220479650103457,0.004166997575918678,249.00780440169976,8.660796689194394e-15,0.004044949610908332,0.004044949610916993,1,1
ode,turning,22,basis,0.0001220479650016849,0.00012204796500390562,0.0036418521817872503,253.04273453919052,2.2207170997934345e-15,0.003519804216783345,0.0035198042167855653,1,1
ode,turning,23,spline,0.0001220479650016849,0.000122047965026779,0.0050856095512542485,248.3263289770607,2.509410322766581e-14,0.004963561586227469,0.004963561586252564,1,1
ode,turning,23,basis,0.0001220479650016849,0.00012204796502633486,0.004693654011120696,253.26116026553163,2.4649959807707122e-14,0.004571606046094361,0.004571606046119011,1,1
ode,turning,24,spline,0.0001220479650016849,0.00012204796500190697,0.005906433921292101,255.9772328599425,2.2207170997934345e-16,0.005784385956290194,0.005784385956290416,1,1
ode,turning,24,basis,0.0001220479650016849,0.00012204796500212905,0.0056435871855587145,242.2616237518848,4.441434199586869e-16,0.005521539220556586,0.00552153922055703,1,1
ode,turning,25,spline,0.00012204796500190697,0.00012204796500346148,0.004383029273208016,245.47960742357816,1.5545019698554041e-15,0.004260981308204554,0.0042609813082061096,1,1
ode,turning,25,basis,0.0001220479650016849,0.00012204796500967948,0.004883398258242923,261.6036461753648,7.994581559256364e-15,0.004761350293233244,0.004761350293241239,1,1
ode,turning,26,spline,0.0001220479650016849,0.00012204796500457184,0.004232958578922744,237.01354868235293,2.8869322297314648e-15,0.004110910613918172,0.0041109106139210596,1,1
ode,turning,26,basis,0.0001220479650016849,0.00012204796501234435,0.004305631599787637,239.69797686378575,1.0659442079008485e-14,0.0041835836347752925,0.004183583634785952,1,1
ode,turning,27,spline,0.0001220479650016849,0.0001220479650056822,0.004128104691900916,246.52128982311575,3.997290779628182e-15,0.004006056726895234,0.004006056726899232,1,1
ode,turning,27,basis,0.0001220479650016849,0.00012204796501678578,0.004389397319439901,260.6023732857995,1.5100876278595354e-14,0.004267349354423116,0.004267349354438217,1,1
ode,turning,28,spline,0.0001220479650016849,0.00012204796501301056,0.004093359963903018,236.99421193792548,1.1325657208946516e-14,0.003971311998890007,0.003971311998901333,1,1
ode,turning,28,basis,0.00012204796500190697,0.00012204796509895231,0.007444213434236753,235.11242190902973,9.704533726097309e-14,0.007322165469137801,0.0073221654692348466,1,1
ode,turning,29,spline,0.0001220479650016849,0.00012204796500434976,0.0035645524893016824,237.83719948512535,2.6648605197521213e-15,0.003442504524297333,0.0034425045242999974,1,1
ode,turning,29,basis,0.0001220479650016849,0.00012204796504076952,0.006213064664167029,271.9088749634226,3.9084620956364446e-14,0.006091016699126259,0.006091016699165344,1,1
ode,turning,30,spline,0.0001220479650016849,0.00012204796500279526,0.004050313340599379,254.4423497509086,1.1103585498967172e-15,0.003928265375596584,0.003928265375597695,1,1
ode,turning,30,basis,0.0001220479650016849,0.00012204796500301733,0.003728664860529861,245.78467928327527,1.3324302598760607e-15,0.0036066168955268436,0.003606616895528176,1,1
ode,turning,31,spline,0.0001220479650016849,0.00012204796500346148,0.002820537692941634,269.9578091009955,1.7765736798347476e-15,0.0026984897279381725,0.002698489727939949,1,1
ode,turning,31,basis,0.0001220479650016849,0.00012204796500745877,0.0032940955357803757,266.2750608443916,5.7738644594629296e-15,0.003172047570772917,0.0031720475707786907,1,1
ode,turning,32,spline,0.0001220479650016849,0.00012204796502122721,0.00541598477551983,236.26970210065792,1.9542310478182223e-14,0.005293936810498603,0.005293936810518146,1,1
ode,turning,32,basis,0.0001220479650016849,0.0001220479650056822,0.0032430547786695646,237.92927323946634,3.997290779628182e-15,0.0031210068136638823,0.0031210068136678796,1,1
ode,turning,33,spline,0.0001220479650016849,0.00012204796502944387,0.005897288091162214,220.93495296354803,2.775896374741793e-14,0.00577524012613277,0.005775240126160529,1,1
ode,turning,33,basis,0.00012204796500190697,0.00012204796505720283,0.0069168811177724564,260.55652347738055,5.529585578485652e-14,0.006794833152715254,0.00679483315277055,1,1
ode,turning,34,spline,0.0001220479650016849,0.00012204796500812498,0.00482281109720512,269.66405265959554,6.44007958940096e-15,0.004700763132196995,0.004700763132203435,1,1
ode,turning,34,basis,0.00012204796500190697,0.00012204796508940323,0.010341761048841127,252.47810792901376,8.749625373186132e-14,0.010219713083751724,0.01021971308383922,0,1
ode,turning,35,spline,0.0001220479650016849,0.0001220479650032394,0.0037393464131882203,268.16515635493124,1.5545019698554041e-15,0.003617298448184981,0.0036172984481865353,1,1
ode,turning,35,basis,0.0001220479650016849,0.00012204796500679255,0.0037257592928078053,238.42462643096752,5.107649329524899e-15,0.003603711327801013,0.0036037113278061202,1,1
ode,turning,36,spline,0.0001220479650016849,0.00012204796501101191,0.0036926886662518002,244.9830904727453,9.327011819132425e-15,0.0035706407012407885,0.003570640701250115,1,1
ode,turning,36,basis,0.0001220479650016849,0.00012204796500257319,0.0033145173933554666,245.57199607867003,8.882868399173738e-16,0.0031924694283528934,0.0031924694283537816,1,1
ode,turning,37,spline,0.0001220479650016849,0.00012204796500301733,0.0019112937194600665,232.24333369344612,1.3324302598760607e-15,0.0017892457544570492,0.0017892457544583817,1,1
ode,turning,37,basis,0.0001220479650016849,0.00012204796500434976,0.0028194866884692694,221.56762713712098,2.6648605197521213e-15,0.00269743872346492,0.0026974387234675844,1,1
ode,turning,38,spline,0.0001220479650016849,0.00012204796501412092,0.004480877412672388,260.8287405108693,1.2436015758843233e-14,0.004358829447658267,0.004358829447670703,1,1
ode,turning,38,basis,0.0001220479650016849,0.00012204796500479391,0.004071723479071389,271.98605620350435,3.1090039397108082e-15,0.0039496755140665946,0.003949675514069704,1,1
ode,turning,39,spline,0.0001220479650016849,0.00012204796501278849,0.004050546880017387,229.95088217042203,1.1103585498967172e-14,0.003928498915004598,0.003928498915015702,1,1
ode,turning,39,basis,0.0001220479650016849,0.00012204796501700785,0.004667314072862187,235.30192314914737,1.5322947988574698e-14,0.004545266107845179,0.004545266107860503,1,1
ode,regime,0,spline,0.04512420077817247,0.43799600679798134,1.3996063225333801,2305.6483682759877,0.39287180601980887,0.9616103157353988,1.3544821217552077,0,0
ode,regime,0,basis,0.02441620645054521,0.3104925960554017,1.248754858067053,1905.4127772124607,0.2860763896048565,0.9382622620116514,1.2243386516165078,0,0
ode,regime,1,spline,0.043833888432216986,0.409264869803226,1.4168220877893778,2318.5596784748986,0.36543098137100904,1.0075572179861518,1.3729881993571609,0,0
ode,regime,1,basis,0.022936237568269773,0.29568818646059075,1.175027079332484,1943.2447603145167,0.27275194889232096,0.8793388928718933,1.1520908417642142,0,0
ode,regime,2,spline,0.047744015074774444,0.43336089421261614,1.3550115997048573,2234.288180362775,0.3856168791378417,0.9216507054922412,1.3072675846300827,0,0
ode,regime,2,basis,0.01113728970530391,0.31844340299264495,1.2916037031140508,1890.5184952732595,0.30730611328734103,0.9731603001214059,1.280466413408747,0,0
ode,regime,3,spline,0.04176394040077108,0.41846284876922535,1.3865005065072702,2206.548501188197,0.37669890836845427,0.9680376577380448,1.3447365661064992,0,0
ode,regime,3,basis,0.022911450090459945,0.29820092508111995,1.161524574066858,1898.8384360753648,0.27528947499066003,0.8633236489857381,1.1386131239763981,0,0
ode,regime,4,spline,0.052398284695025096,0.42346639295084704,1.3442395767680202,2319.3396601783243,0.3710681082558219,0.9207731838171731,1.2918412920729951,0,0
ode,regime,4,basis,0.02234982293276663,0.3142197291657282,1.336459662817148,1928.2546708937057,0.2918699062329616,1.0222399336514196,1.3141098398843813,0,0
ode,regime,5,spline,0.03272719384724152,0.23743064689772567,1.2041546621979011,1792.7439748666914,0.20470345305048415,0.9667240153001755,1.1714274683506596,0,0
ode,regime,5,basis,0.013434400776714457,0.16548446552257343,1.1052993111730691,1497.0445866933705,0.15205006474585897,0.9398148456504957,1.0918649103963547,0,0
ode,regime,6,spline,0.0340597897015516,0.2943452300437549,1.2241521471940229,1934.1137356238096,0.2602854403422033,0.929806917150268,1.1900923574924713,0,0
ode,regime,6,basis,0.007967847080077,0.1934347154996414,1.1683372083726034,1579.2010150939288,0.1854668684195644,0.9749024928729619,1.1603693612925263,0,0
ode,regime,7,spline,0.03285177630696929,0.29407994980941005,1.224216495561049,1864.6978112233892,0.26122817350244076,0.9301365457516391,1.1913647192540797,0,0
ode,regime,7,basis,0.010809432648603312,0.15715771828428238,1.059114977658584,1595.544017775262,0.14634828563567906,0.9019572593743016,1.0483055450099807,0,0
ode,regime,8,spline,0.029836151931199657,0.2150586503495773,0.9650775121822428,1438.3440100580144,0.18522249841837765,0.7500188618326655,0.9352413602510431,0,0
ode,regime,8,basis,0.01789313141794302,0.19751841903337433,0.9259915230211789,1310.7485836980732,0.1796252876154313,0.7284731039878046,0.9080983916032359,0,0
ode,regime,9,spline,0.02448822642501892,0.22151032358285136,1.1948797470981534,1676.742427914327,0.19702209715783245,0.973369423515302,1.1703915206731343,0,0
ode,regime,9,basis,0.02074616710771468,0.22542296421376315,1.1933223196741112,1644.8017293948394,0.20467679710604847,0.967899355460348,1.1725761525663965,0,0
ode,regime,10,spline,0.05329338787483963,0.41370769847230987,1.3854794324252329,2340.015224166691,0.36041431059747026,0.971771733952923,1.3321860445503932,0,0
ode,regime,10,basis,0.023298703707168716,0.30858870227709106,1.3123176554747973,1954.765806856233,0.2852899985699223,1.0037289531977063,1.2890189517676285,0,0
ode,regime,11,spline,0.060379827105104096,0.45391967985998877,1.4124400323774933,2258.541275798587,0.3935398527548847,0.9585203525175046,1.3520602052723891,0,0
ode,regime,11,basis,0.022750591534326105,0.3190052705449349,1.273412979733537,1978.311536502339,0.29625467901060876,0.9544077091886021,1.250662388199211,0,0
ode,regime,12,spline,0.03906935284614336,0.434098109744855,1.458514822757328,2254.3036927585017,0.39502875689871164,1.0244167130124728,1.4194454699111845,0,0
ode,regime,12,basis,0.014543607662335126,0.2956163754310703,1.2077946841032898,1902.9179937940057,0.28107276776873513,0.9121783086722195,1.1932510764409547,0,0
ode,regime,13,spline,0.03851792286792575,0.33045088141584866,1.2927506018071213,1929.1900155214512,0.2919329585479229,0.9622997203912727,1.2542326789391955,0,0
ode,regime,13,basis,0.006000369115401312,0.16030837370779988,1.1257241280616523,1473.766342038812,0.15430800459239857,0.9654157543538524,1.119723758946251,0,0
ode,regime,14,spline,0.049915426221695404,0.45099219583599964,1.4465494137584314,2321.5406967927515,0.4010767696143042,0.9955572179224317,1.396633987536736,0,0
ode,regime,14,basis,0.024221083026071344,0.3188379963685261,1.2693923341288906,1957.3880558600877,0.29461691334245477,0.9505543377603645,1.2451712511028192,0,0
ode,regime,15,spline,0.05046533432684004,0.4537314516395644,1.523726300804515,2308.657432576537,0.4032661173127244,1.0699948491649507,1.473260966477675,0,0
ode,regime,15,basis,0.024402728602569083,0.33851567329564297,1.3031505541711177,1894.8309268319497,0.3141129446930739,0.9646348808754748,1.2787478255685487,0,0
ode,regime,16,spline,0.03264918707122802,0.27494367670683034,1.0434902549597702,1499.441902690689,0.24229448963560232,0.7685465782529399,1.0108410678885422,0,0
ode,regime,16,basis,0.03378928957422231,0.28407699236621453,1.1023399120106625,1572.539420917263,0.2502877027919922,0.818262919644448,1.0685506224364403,0,0
ode,regime,17,spline,0.052132985955827084,0.4174206868307215,1.3587594350295669,2301.7106868688475,0.36528770087489437,0.9413387481988453,1.3066264490737398,0,0
ode,regime,17,basis,0.021653465206422078,0.32169774713314325,1.2884051676355281,1927.2333638442176,0.30004428192672117,0.9667074205023849,1.2667517024291062,0,0
ode,regime,18,spline,0.04891335955288132,0.407096377792613,1.450480193604423,2264.841424128242,0.35818301823973164,1.04338381581181,1.4015668340515417,0,0
ode,regime,18,basis,0.020008146216561613,0.2897613756174177,1.2169272713861168,1968.3319930877965,0.2697532294008561,0.927165895768699,1.1969191251695552,0,0
ode,regime,19,spline,0.03814030058945115,0.38545409067670633,1.344302512993934,2225.557104664526,0.34731379008725516,0.9588484223172278,1.306162212404483,0,0
ode,regime,19,basis,0.03350103936949693,0.3767207020629815,1.3287944928803712,1908.047099772796,0.3432196626934846,0.9520737908173897,1.2952934535108742,0,0
ode,regime,20,spline,0.021602668668411103,0.33215846525723114,1.3086754517464767,1988.7580822064497,0.31055579658882004,0.9765169864892456,1.2870727830780655,0,0
ode,regime,20,basis,0.010061965219950904,0.24897950757285428,1.1507167239698806,1781.1729079353372,0.23891754235290338,0.9017372163970263,1.1406547587499296,0,0
ode,regime,21,spline,0.05738349671961265,0.42316672858883114,1.4689481541388019,2327.975296937339,0.36578323186921846,1.0457814255499707,1.4115646574191891,0,0
ode,regime,21,basis,0.0251228995919673,0.3097851324985598,1.184062148126585,1927.151041232772,0.28466223290659254,0.8742770156280251,1.1589392485346177,0,0
ode,regime,22,spline,0.02087516468881998,0.28889065937968356,1.282448501710895,1812.2323325079328,0.26801549469086355,0.9935578423312115,1.2615733370220752,0,0
ode,regime,22,basis,0.011261941118413672,0.23913157321747175,1.1963934910043403,1653.0945244032218,0.22786963209905808,0.9572619177868686,1.1851315498859267,0,0
ode,regime,23,spline,0.049470659632369685,0.41329536846721,1.3536469121255545,2221.064967062423,0.3638247088348403,0.9403515436583445,1.3041762524931848,0,0
ode,regime,23,basis,0.038633877655109,0.36194316042509467,1.3546537928124487,1923.6652011161136,0.32330928276998566,0.992710632387354,1.3160199151573397,0,0
ode,regime,24,spline,0.048106487524921394,0.4628895453278008,1.4625475475708893,2236.8671981357775,0.4147830578028794,0.9996580022430885,1.414441060045968,0,0
ode,regime,24,basis,0.024017822540668844,0.317875947862621,1.252441089546045,1966.6392749236113,0.29385812532195216,0.934565141683424,1.228423267005376,0,0
ode,regime,25,spline,0.02033755544554288,0.3283060837715873,1.3278436731722973,1925.1582457283637,0.30796852832604443,0.99953758940071,1.3075061177267544,0,0
ode,regime,25,basis,0.010647314589940072,0.29132994184323485,1.2507908120906277,1778.9882243381635,0.2806826272532948,0.9594608702473928,1.2401434975006875,0,0
ode,regime,26,spline,0.05115064642824355,0.43553697834858324,1.4412800259603007,2319.4842482525123,0.38438633192033966,1.0057430476117175,1.390129379532057,0,0
ode,regime,26,basis,0.020846102490106724,0.30940527813605495,1.2013614329118405,1934.4172008760308,0.28855917564594824,0.8919561547757855,1.1805153304217337,0,0
ode,regime,27,spline,0.05637727288521734,0.44065709212708143,1.4124706371111244,2242.902551840181,0.3842798192418641,0.971813544984043,1.356093364225907,0,0
ode,regime,27,basis,0.014482418811195464,0.31147369591359236,1.2143223845433837,1916.0580097277577,0.2969912771023969,0.9028486886297913,1.1998399657321883,0,0
ode,regime,28,spline,0.05139973036988552,0.4402925067701144,1.4979199063874633,2244.3820911906096,0.38889277640022885,1.0576273996173489,1.4465201760175779,0,0
ode,regime,28,basis,0.022493641370341273,0.30144028605859696,1.2160046374045999,1946.8504838605431,0.2789466446882557,0.9145643513460029,1.1935109960342585,0,0
ode,regime,29,spline,0.036170585563708696,0.24732700825376144,1.121082658266395,1582.0793523690197,0.21115642269005275,0.8737556500126337,1.0849120727026864,0,0
ode,regime,29,basis,0.017977863302782792,0.17596268126330467,0.9746717262252391,1366.9896030679333,0.15798481796052188,0.7987090449619345,0.9566938629224563,0,0
ode,regime,30,spline,0.04205068233446071,0.30626086644425715,1.3006777711081128,1976.4690516844103,0.26421018410979646,0.9944169046638556,1.2586270887736521,0,0
ode,regime,30,basis,0.03374751925479816,0.29089395056844464,1.216660268349989,1828.3093170027587,0.25714643131364645,0.9257663177815443,1.1829127490951907,0,0
ode,regime,31,spline,0.03642045365509907,0.2912761624083215,1.271047201156455,1806.6019765335698,0.25485570875322244,0.9797710387481335,1.234626747501356,0,0
ode,regime,31,basis,0.01581995831393822,0.19442398818333825,1.1104427259641032,1610.535201844879,0.17860402986940002,0.9160187377807649,1.094622767650165,0,0
ode,regime,32,spline,0.0535096531658839,0.44889151248905634,1.4771897956300242,2325.6291559436454,0.39538185932317244,1.028298283140968,1.4236801424641403,0,0
ode,regime,32,basis,0.02415095959823077,0.3117378481386845,1.2518020303496291,1974.837871598112,0.2875868885404537,0.9400641822109446,1.2276510707513983,0,0
ode,regime,33,spline,0.053313689689350414,0.43635996617180495,1.453417490324522,2261.4750708560696,0.38304627648245454,1.017057524152717,1.4001038006351716,0,0
ode,regime,33,basis,0.022023283637700272,0.3172134551086024,1.2095434692346398,1941.1716803096956,0.2951901714709021,0.8923300141260375,1.1875201855969395,0,0
ode,regime,34,spline,0.037889550740192776,0.37846298331554906,1.3045686979630593,2123.2313307179784,0.34057343257535627,0.9261057146475102,1.2666791472228665,0,0
ode,regime,34,basis,0.010059195929080092,0.2744985363957591,1.1700552480614084,1823.7446875588148,0.264439340466679,0.8955567116656493,1.1599960521323283,0,0
ode,regime,35,spline,0.06238559519235386,0.4579074681843515,1.4308728809074496,2294.708979011474,0.39552187299199765,0.972965412723098,1.3684872857150958,0,0
ode,regime,35,basis,0.021134815709626116,0.29774934140627374,1.2932835349826313,1930.3033511396966,0.27661452569664763,0.9955341935763575,1.2721487192730052,0,0
ode,regime,36,spline,0.053692984987958096,0.4204741343585418,1.3694621252043542,2293.5339870339058,0.3667811493705837,0.9489879908458123,1.315769140216396,0,0
ode,regime,36,basis,0.023267888570586162,0.3073809663722547,1.2343733438581521,1951.784839311381,0.28411307780166856,0.9269923774858975,1.211105455287566,0,0
ode,regime,37,spline,0.040965002543705956,0.29208151294513457,1.1085951019489297,1594.8046513159347,0.2511165104014286,0.8165135890037951,1.0676300994052237,0,0
ode,regime,37,basis,0.018321389113660897,0.19074616965738062,0.9066255305153937,1371.1801987240533,0.1724247805437197,0.7158793608580132,0.8883041414017329,0,0
ode,regime,38,spline,0.04255523460005565,0.4089509826162804,1.3929562140570868,2219.387452442592,0.3663957480162247,0.9840052314408064,1.350400979457031,0,0
ode,regime,38,basis,0.015633600307525284,0.27890153328196055,1.201295135505307,1945.0477928681107,0.26326793297443524,0.9223936022233464,1.1856615351977817,0,0
ode,regime,39,spline,0.01901773555341934,0.18973688067533145,1.1265162539025093,1642.196745541065,0.1707191451219121,0.9367793732271779,1.10749851834909,0,0
ode,regime,39,basis,0.0196765199699199,0.2190150412906991,1.186834962237448,1664.3482628557435,0.1993385213207792,0.9678199209467491,1.1671584422675283,0,0
ode,bound,0,spline,0.00012204796500190697,0.00012207481911600065,0.06846155240651544,368.6941297521789,2.6854114093676656e-08,0.06833947758739944,0.06833950444151353,0,1
ode,bound,0,basis,0.0001220479650016849,0.00012206065720581095,0.06095396558826676,373.0597814910043,1.2692204126048658e-08,0.06083190493106095,0.06083191762326508,0,1
ode,bound,1,spline,0.0001220479650016849,0.00012206014883436815,0.06621870982912044,372.4737608211546,1.218383268324671e-08,0.06609664968028607,0.06609666186411875,0,1
ode,bound,1,basis,0.00012204796500190697,0.00012206729054964238,0.07083865485141633,375.5820590818871,1.932554773540374e-08,0.07071658756086668,0.07071660688641442,0,1
ode,bound,2,spline,0.0001220479650016849,0.00012205390225233619,0.05207170403013449,402.9582209439602,5.93725065128664e-09,0.05194965012788215,0.051949656065132806,0,1
ode,bound,2,basis,0.0001220479650016849,0.00012205833086130948,0.05551860674659267,362.09743983526965,1.0365859624573157e-08,0.055396548415731356,0.055396558781590985,0,1
ode,bound,3,spline,0.0001220479650016849,0.00012205871907041579,0.04810787707875375,391.5794809043541,1.075406873088673e-08,0.04798581835968333,0.047985829113752064,0,1
ode,bound,3,basis,0.0001220479650016849,0.00012205693393388189,0.05580756829406747,388.4900242571769,8.968932196985768e-09,0.05568551136013358,0.055685520329065784,0,1
ode,bound,4,spline,0.0001220479650016849,0.00012205809966645058,0.0665181266555753,359.1277892813927,1.0134664765675092e-08,0.06639606855590885,0.06639607869057361,0,1
ode,bound,4,basis,0.0001220479650016849,0.0001220657760971895,0.07002229536175751,380.1600862506725,1.7811095504599735e-08,0.06990022958566032,0.06990024739675582,0,1
ode,bound,5,spline,0.0001220479650016849,0.00012206099829330006,0.054163944244753015,391.3048761856225,1.3033291615152892e-08,0.05404188324645971,0.05404189627975133,0,1
ode,bound,5,basis,0.0001220479650016849,0.00012205752192213898,0.051020448638497036,403.56112250678865,9.55692045408196e-09,0.0508983911165749,0.05089840067349535,0,1
ode,bound,6,spline,0.0001220479650016849,0.00012207596108947073,0.06376082457838649,373.12897178888466,2.7996087785826644e-08,0.06363874861729701,0.0636387766133848,0,1
ode,bound,6,basis,0.0001220479650016849,0.00012206817887057464,0.0551408787210983,370.20091432867787,2.0213868889737115e-08,0.05501881054222773,0.05501883075609662,0,1
ode,bound,7,spline,0.00012204796500146283,0.00012205911231410999,0.05537900164572076,421.1772146229737,1.1147312647158034e-08,0.05525694253340665,0.0552569536807193,0,1
ode,bound,7,basis,0.00012204796500146283,0.00012205953300575656,0.057830656495169,372.5193929468542,1.156800429372943e-08,0.05770859696216324,0.057708608530167536,0,1
ode,bound,8,spline,0.0001220479650016849,0.00012205812791952374,0.0579291291527128,392.84822333655575,1.0162917838841688e-08,0.05780707102479327,0.057807081187711114,0,1
ode,bound,8,basis,0.00012204796500146283,0.0001220548553682292,0.05659407527619169,383.13683471170395,6.89036676637157e-09,0.05647202042082346,0.05647202731119023,0,1
ode,bound,9,spline,0.0001220479650016849,0.00012205963735636445,0.057486527334514696,354.6006993430061,1.167235467955136e-08,0.05736446769715833,0.05736447936951301,0,1
ode,bound,9,basis,0.0001220479650016849,0.00012206032208794263,0.05034161063745472,385.0058648491596,1.2357086257724654e-08,0.05021955031536678,0.05021956267245304,0,1
ode,bound,10,spline,0.0001220479650016849,0.00012205876007817759,0.061519528309557626,377.4638496871892,1.0795076492688886e-08,0.06139746954947945,0.061397480344555944,0,1
ode,bound,10,basis,0.0001220479650016849,0.00012207263205950758,0.056850582984107334,372.6112294263645,2.4667057822673325e-08,0.056728510352047824,0.05672853501910565,0,1
ode,bound,11,spline,0.0001220479650016849,0.0001220775872812078,0.06301808162983427,376.30833523405676,2.9622279522896022e-08,0.06289600404255306,0.06289603366483258,0,1
ode,bound,11,basis,0.0001220479650016849,0.00012205429181141471,0.06502284333373748,382.0614087296752,6.326809729804007e-09,0.06490078904192606,0.06490079536873579,0,1
ode,bound,12,spline,0.0001220479650016849,0.0001220549765890691,0.055127503399316796,402.167138888467,7.01158738419794e-09,0.055005448422727726,0.05500545543431511,0,1
ode,bound,12,basis,0.0001220479650016849,0.00012206326015195837,0.06610565361892073,371.85190807856094,1.5295150273462966e-08,0.06598359035876877,0.06598360565391904,0,1
ode,bound,13,spline,0.0001220479650016849,0.00012206199307407196,0.06128894952191105,384.0867485261771,1.4028072387056332e-08,0.06116688752883698,0.06116690155690937,0,1
ode,bound,13,basis,0.00012204796500146283,0.0001220598846017896,0.06844635025568348,374.2225271770072,1.1919600326765613e-08,0.06832429037108169,0.06832430229068201,0,1
ode,bound,14,spline,0.0001220479650016849,0.00012205956921943433,0.05608914278870837,389.1023531899398,1.1604217749425498e-08,0.055967083219488935,0.05596709482370669,0,1
ode,bound,14,basis,0.0001220479650016849,0.00012205579685766988,0.048506972346360026,371.9174567378133,7.831855984975853e-09,0.04838491654950235,0.048384924381358344,0,1
ode,bound,15,spline,0.0001220479650016849,0.00012207457858535417,0.0711371197653817,361.31228687763644,2.661358366926839e-08,0.07101504518679634,0.07101507180038001,0,1
ode,bound,15,basis,0.0001220479650016849,0.00012205539579660871,0.05255441125970896,367.8919388053193,7.430794923810372e-09,0.05243235586391235,0.052432363294707275,0,1
ode,bound,16,spline,0.0001220479650016849,0.00012205716392355735,0.05545758004585849,394.0659335780853,9.198921872442724e-09,0.05533552288193493,0.05533553208085681,0,1
ode,bound,16,basis,0.0001220479650016849,0.00012205505274245447,0.05524055982641968,373.9843679114877,7.08774076956702e-09,0.055118504773677225,0.055118511861417994,0,1
ode,bound,17,spline,0.0001220479650016849,0.00012205431218838153,0.05053722319031816,404.73591909797995,6.347186696627964e-09,0.05041516887812978,0.05041517522531648,0,1
ode,bound,17,basis,0.0001220479650016849,0.00012205838738211256,0.05881974452727103,357.37067056374224,1.0422380427652761e-08,0.05869768613988892,0.05869769656226935,0,1
ode,bound,18,spline,0.0001220479650016849,0.00012205760384106129,0.060426503024445896,378.2540778556431,9.63883937638401e-09,0.060304445420604834,0.06030445505944421,0,1
ode,bound,18,basis,0.00012204796500146283,0.00012205774337637742,0.060276310350536697,375.27363721702477,9.778374914591451e-09,0.06015425260716032,0.060154262385535236,0,1
ode,bound,19,spline,0.0001220479650016849,0.00012205610675607415,0.05501579648272902,400.7455714533362,8.141754389250208e-09,0.05489374037597295,0.05489374851772734,0,1
ode,bound,19,basis,0.0001220479650016849,0.00012206077059062922,0.05851498663376418,369.05794775029466,1.2805588944320243e-08,0.05839292586317355,0.058392938668762495,0,1
ode,bound,20,spline,0.0001220479650016849,0.00012205727717246732,0.07143616529188672,345.984887911691,9.312170782421227e-09,0.07131410801471426,0.07131411732688503,0,1
ode,bound,20,basis,0.00012204796500190697,0.0001220663141679506,0.06563055737183937,357.94189587386245,1.834916604362489e-08,0.06550849105767143,0.06550850940683746,0,1
ode,bound,21,spline,0.0001220479650016849,0.00012206100105653834,0.06250804574283345,380.40150931208314,1.3036054853440165e-08,0.06238598474177691,0.06238599777783176,0,1
ode,bound,21,basis,0.00012204796500190697,0.00012205773401028102,0.05036193325544409,376.10485901944656,9.7690083740486e-09,0.05023987552143381,0.05023988529044218,0,1
ode,bound,22,spline,0.0001220479650016849,0.00012207472625127324,0.07546842571864514,374.6518775036033,2.676124958833875e-08,0.07534635099239387,0.07534637775364345,0,1
ode,bound,22,basis,0.0001220479650016849,0.00012205754293778411,0.056852990279217384,360.13184362265537,9.57793609921158e-09,0.0567309327362796,0.0567309423142157,0,1
ode,bound,23,spline,0.0001220479650016849,0.00012205703530883965,0.055937948903463784,366.51794570316395,9.070307154744042e-09,0.05581589186815494,0.0558159009384621,0,1
ode,bound,23,basis,0.0001220479650016849,0.0001220584917815761,0.05756500223390546,380.0336456566978,1.0526779891200625e-08,0.057442943742123886,0.05744295426890378,0,1
ode,bound,24,spline,0.00012204796500190697,0.00012205998458913259,0.05830186771126872,360.40398767360546,1.2019587225612369e-08,0.058179807726679585,0.05817981974626681,0,1
ode,bound,24,basis,0.0001220479650016849,0.00012206118446212118,0.06726794405928649,384.0285955733973,1.321946043627534e-08,0.06714588287482437,0.0671458960942848,0,1
ode,bound,25,spline,0.0001220479650016849,0.0001220556846144118,0.05572503911140116,368.66260132349515,7.719612726898623e-09,0.05560298342678675,0.05560299114639948,0,1
ode,bound,25,basis,0.0001220479650016849,0.00012207886849564407,0.07921421558800214,375.85053140506676,3.0903493959170644e-08,0.07909213671950649,0.07909216762300045,0,1
ode,bound,26,spline,0.0001220479650016849,0.00012206400262040711,0.06174726191514403,398.960722771436,1.6037618722205085e-08,0.06162519791252362,0.061625213950142345,0,1
ode,bound,26,basis,0.0001220479650016849,0.00012206046759576673,0.06676327075792415,361.18695228945893,1.2502594081830343e-08,0.06664121029032839,0.06664122279292246,0,1
ode,bound,27,spline,0.0001220479650016849,0.00012206238373918179,0.06350662157461949,381.19857270772377,1.441873749688299e-08,0.0633845591908803,0.0633845736096178,0,1
ode,bound,27,basis,0.0001220479650016849,0.00012205577452736028,0.05779098726438911,402.7641206653736,7.809525675377365e-09,0.05766893148986175,0.05766893929938743,0,1
ode,bound,28,spline,0.00012204796500146283,0.00012205398667678225,0.058538540510191375,370.14537562189355,6.021675319416533e-09,0.058416486523514596,0.058416492545189914,0,1
ode,bound,28,basis,0.0001220479650016849,0.00012205759746471632,0.06997546137778729,359.1420758130563,9.63246303141603e-09,0.06985340378032258,0.0698534134127856,0,1
ode,bound,29,spline,0.0001220479650016849,0.00012205744067942505,0.06016160286223913,370.1262003455542,9.47567774015035e-09,0.060039545421559704,0.060039554897237446,0,1
ode,bound,29,basis,0.0001220479650016849,0.00012205593701378722,0.0521880772234316,367.0811527090166,7.972012102319334e-09,0.05206602128641781,0.052066029258429916,0,1
ode,bound,30,spline,0.0001220479650016849,0.00012205559649236063,0.0664687039984687,376.9030042623099,7.631490675725008e-09,0.06634664840197634,0.06634665603346701,0,1
ode,bound,30,basis,0.0001220479650016849,0.00012206746021409511,0.06284198161713082,383.8397630272471,1.9495212410209988e-08,0.06271991415691673,0.06271993365212913,0,1
ode,bound,31,spline,0.0001220479650016849,0.0001220622063478558,0.06133332963068711,367.1116476984203,1.4241346170902939e-08,0.06121126742433926,0.06121128166568543,0,1
ode,bound,31,basis,0.0001220479650016849,0.00012207701602504317,0.08528498819545462,371.56041691578474,2.9051023358263772e-08,0.08516291117942958,0.08516294023045293,0,1
ode,bound,32,spline,0.0001220479650016849,0.00012205517716257046,0.053114461317933716,368.33770006846174,7.212160885554917e-09,0.052992406140771144,0.05299241335293203,0,1
ode,bound,32,basis,0.0001220479650016849,0.000122054369423367,0.04809095797579403,369.6485973963273,6.404421682096469e-09,0.04796890360637066,0.04796891001079235,0,1
ode,bound,33,spline,0.0001220479650016849,0.00012205980073663065,0.06389152506175202,372.7083533900767,1.1835734945749412e-08,0.06376946526101539,0.06376947709675033,0,1
ode,bound,33,basis,0.0001220479650016849,0.00012205635545495776,0.05811627225963408,358.7999305586413,8.390453272853651e-09,0.05799421590417912,0.0579942242946324,0,1
ode,bound,34,spline,0.0001220479650016849,0.00012205746086174609,0.06387857513308302,352.9012390068509,9.495860061188273e-09,0.06375651767222128,0.06375652716808133,0,1
ode,bound,34,basis,0.0001220479650016849,0.00012205536771353151,0.05407979429484,384.10977239549,7.402711846605527e-09,0.05395773892712647,0.05395774632983832,0,1
ode,bound,35,spline,0.0001220479650016849,0.00012206707154662939,0.06653337561333342,380.8942036162049,1.9106544944485332e-08,0.06641130854178678,0.06641132764833173,0,1
ode,bound,35,basis,0.0001220479650016849,0.00012207511660659802,0.07441901466510878,400.6095823178965,2.7151604913117316e-08,0.07429693954850218,0.07429696670010709,0,1
ode,bound,36,spline,0.0001220479650016849,0.00012206327185469334,0.05467868701254595,396.91313687676376,1.5306853008435458e-08,0.05455662374069126,0.054556639047544264,0,1
ode,bound,36,basis,0.0001220479650016849,0.00012205859430864204,0.051736345776370866,403.6274597205995,1.062930695713935e-08,0.05161428718206222,0.051614297811369184,0,1
ode,bound,37,spline,0.0001220479650016849,0.00012205619168762114,0.05882397715902452,342.80295657954304,8.226685936234312e-09,0.0587019209673369,0.05870192919402284,0,1
ode,bound,37,basis,0.0001220479650016849,0.0001220640335412279,0.05492986943946805,413.42381387537904,1.6068539542999846e-08,0.05480780540592682,0.05480782147446637,0,1
ode,bound,38,spline,0.0001220479650016849,0.00012205232286869009,0.051501926111813534,379.2128056317112,4.357867005189836e-09,0.051379873788944846,0.05137987814681185,0,1
ode,bound,38,basis,0.0001220479650016849,0.00012205607377031982,0.05667574278933051,384.7410253645753,8.108768634917701e-09,0.05655368671556019,0.05655369482432883,0,1
ode,bound,39,spline,0.0001220479650016849,0.00012206217183657967,0.05790646822752646,414.79256621796054,1.4206834894768994e-08,0.05778440605568988,0.057784420262524776,0,1
ode,bound,39,basis,0.0001220479650016849,0.00012205876434295373,0.06041517002276075,348.7324842676406,1.0799341268829632e-08,0.0602931112584178,0.060293122057759066,0,1
ode,asymptote,0,spline,0.00012205528083408262,0.003472675549163825,0.3859364477623104,735.774211287862,0.003350620268329742,0.3824637722131466,0.3858143924814763,0,0
ode,asymptote,0,basis,0.0001220524006183267,0.0032894625056736756,0.3590237131116488,732.5841486093433,0.003167410105055349,0.35573425060597513,0.3589016607110305,0,0
ode,asymptote,1,spline,0.00012205196769086514,0.003679490109335522,0.3828287926962179,722.3458317096121,0.003557438141644657,0.37914930258688234,0.382706740728527,0,0
ode,asymptote,1,basis,0.00012205339632557321,0.0032025522742921463,0.40706867166681393,706.916304334411,0.0030804988779665732,0.40386611939252176,0.40694661827048834,0,0
ode,asymptote,2,spline,0.00012205779872042248,0.004965773816027243,0.45221815653229414,719.6631033395252,0.0048437160173068206,0.4472523827162669,0.4520960987335737,0,0
ode,asymptote,2,basis,0.00012205575210044947,0.005186663803664712,0.45006006123264053,744.5710229652195,0.005064608051564262,0.4448733974289758,0.4499380054805401,0,0
ode,asymptote,3,spline,0.00012205186947343448,0.0031379255219792443,0.34202944426978205,764.8699529398644,0.00301587365250581,0.3388915187478028,0.3419073924003086,0,0
ode,asymptote,3,basis,0.00012205322658250949,0.003495641844005239,0.370108522091505,736.1659676981453,0.0033735886174227295,0.3666128802474998,0.36998646886492254,0,0
ode,asymptote,4,spline,0.00012205297147530338,0.003174741778158331,0.4055962383091458,722.1227108704693,0.0030526888066830277,0.40242149653098747,0.4054741853376705,0,0
ode,asymptote,4,basis,0.00012205050527538827,0.0031095164942359856,0.4115045592548774,706.837722322094,0.0029874659889605974,0.4083950427606414,0.411382508749602,0,0
ode,asymptote,5,spline,0.00012205273706184944,0.0029289552228947617,0.3838837351678335,749.6179569533112,0.002806902485832912,0.3809547799449387,0.38376168243077163,0,0
ode,asymptote,5,basis,0.00012205452973360202,0.003481656005913237,0.3919945447833356,718.6173465411571,0.003359601476179635,0.3885128887774224,0.391872490253602,0,0
ode,asymptote,6,spline,0.00012206016702737086,0.003953745497566821,0.37297150460400935,749.3829450106743,0.00383168533053945,0.3690177591064425,0.372849444436982,0,0
ode,asymptote,6,basis,0.00012205984021354116,0.0053400771479271405,0.4241145730161881,698.7781822978953,0.0052180173077135995,0.418774495868261,0.4239925131759746,0,0
ode,asymptote,7,spline,0.00012205317724228433,0.004371320392411793,0.41360159001620445,714.0046769183925,0.004249267215169508,0.40923026962379266,0.41347953683896216,0,0
ode,asymptote,7,basis,0.00012205537801788086,0.0031397574186836936,0.4003355421998172,750.7131542094352,0.003017702040665813,0.3971957847811335,0.4002134868217993,0,0
ode,asymptote,8,spline,0.00012206346100649313,0.004769610633696137,0.4313690797553721,758.8993605035968,0.004647547172689644,0.42659946912167596,0.43124701629436557,0,0
ode,asymptote,8,basis,0.00012205555152406108,0.004251799534071292,0.4783886343536489,721.7062117249202,0.004129743982547231,0.47413683481957763,0.47826657880212486,0,0
ode,asymptote,9,spline,0.00012205488895257779,0.0034109182775721772,0.3838909348873937,748.1871038406807,0.0032888633886195996,0.3804800166098215,0.3837688799984411,0,0
ode,asymptote,9,basis,0.00012205125154325239,0.0030269592568441138,0.4152529714447522,755.3230787172079,0.002904908005300861,0.4122260121879081,0.41513092019320896,0,0
ode,asymptote,10,spline,0.00012205693095057055,0.003615302216872218,0.41775844497987086,704.4991554269051,0.0034932452859216473,0.41414314276299863,0.4176363880489203,0,0
ode,asymptote,10,basis,0.00012204993226365121,0.0024502056209277814,0.3470641436437975,737.466537409063,0.0023281556886641302,0.3446139380228697,0.34694209371153384,0,0
ode,asymptote,11,spline,0.00012205641341578473,0.005737644327997346,0.42641236057267173,721.5679520403127,0.0056155879145815615,0.4206747162446744,0.42629030415925595,0,0
ode,asymptote,11,basis,0.00012205306223068064,0.0032188759548478904,0.38304833609142525,747.7270687484776,0.0030968228926172097,0.37982946013657737,0.38292628302919457,0,0
ode,asymptote,12,spline,0.00012205178327918813,0.003360788374106912,0.3588301132925574,718.3629187429588,0.003238736590827724,0.35546932491845046,0.3587080615092782,0,0
ode,asymptote,12,basis,0.00012205012850231184,0.002677848169083832,0.3643470696220896,705.0656719119225,0.00255579804058152,0.3616692214530058,0.3642250194935873,0,0
ode,asymptote,13,spline,0.00012204921748278024,0.002695831223602093,0.36187273073402726,721.6290344615298,0.0025737820061193127,0.35917689951042514,0.3617506815165445,0,0
ode,asymptote,13,basis,0.00012204892194508917,0.002351279465924989,0.36650584346178633,747.2239392626736,0.0022292305439798998,0.3641545639958613,0.36638379453984127,0,0
ode,asymptote,14,spline,0.00012205018502977661,0.0029034641781679007,0.38220156198237326,797.3255431416004,0.002781413993138124,0.37929809780420537,0.3820795117973435,0,0
ode,asymptote,14,basis,0.00012205297365837931,0.003337267061006799,0.41384789995296895,740.5557100786178,0.00321521408734842,0.41051063289196216,0.4137258469793106,0,0
ode,asymptote,15,spline,0.00012205412619188934,0.0035405729898370067,0.3764245712430858,759.6195754557839,0.0034185188636451174,0.3728839982532488,0.37630251711689394,0,0
ode,asymptote,15,basis,0.00012205202912533751,0.0038374351036061295,0.42748480868376537,740.6217960355436,0.003715383074480792,0.42364737358015925,0.42736275665464,0,0
ode,asymptote,16,spline,0.00012205306587176836,0.003660898622589959,0.4128585847013168,735.6859993043122,0.0035388455567181903,0.40919768607872686,0.41273653163544505,0,0
ode,asymptote,16,basis,0.00012205170980576438,0.003826438987408912,0.43763348896205057,731.345961419241,0.003704387277603148,0.43380704997464165,0.4375114372522448,0,0
ode,asymptote,17,spline,0.00012205793078091595,0.003962533219876419,0.40970210917922545,754.5263977039681,0.003840475289095503,0.405739575959349,0.40958005124844454,0,0
ode,asymptote,17,basis,0.00012205016399692108,0.003348997735109674,0.39164143424320297,708.8631017926639,0.003226947571112753,0.3882924365080933,0.39151938407920606,0,0
ode,asymptote,18,spline,0.00012205297880877739,0.0037630664556042364,0.390914008619286,711.2416912210641,0.0036410134767954593,0.38715094216368173,0.3907919556404772,0,0
ode,asymptote,18,basis,0.00012206801198557132,0.0047985285921406905,0.40591447627210214,734.8517047083349,0.004676460580155119,0.40111594767996145,0.4057924082601166,0,0
ode,asymptote,19,spline,0.00012205072534800602,0.002959306393562484,0.3886543893449963,731.4231866839817,0.002837255668214478,0.3856950829514338,0.3885323386196483,0,0
ode,asymptote,19,basis,0.00012205176507552613,0.0034012101735988644,0.3391157228836704,712.1243691662929,0.0032791584085233383,0.3357145127100716,0.3389936711185949,0,0
ode,asymptote,20,spline,0.00012204931663113525,0.0024726511248051113,0.3959950742995232,735.6025541750902,0.002350601808173976,0.3935224231747181,0.39587302498289206,0,0
ode,asymptote,20,basis,0.00012204969712979737,0.0025074528910466864,0.4139359667547596,694.6363614193765,0.002385403193916889,0.4114285138637129,0.41381391705762977,0,0
ode,asymptote,21,spline,0.00012204827635387917,0.0024448603457634327,0.36160769434744516,741.4164796001243,0.0023228120694095537,0.35916283400168175,0.3614856460710913,0,0
ode,asymptote,21,basis,0.00012204820129886098,0.0027074946948655618,0.3775307655169293,718.2139887960515,0.002585446493566701,0.37482327082206374,0.37740871731563047,0,0
ode,asymptote,22,spline,0.00012206306112385243,0.004079722721665391,0.35778361568227113,759.2389423425715,0.003957659660541539,0.3537038929606057,0.3576615526211473,0,0
ode,asymptote,22,basis,0.00012205431247052364,0.003180472486114903,0.43515809328517413,767.9373179675453,0.003058418173644379,0.4319776207990592,0.4350360389727036,0,0
ode,asymptote,23,spline,0.00012205405656563569,0.0040614304379657015,0.422144005396194,710.9015644874323,0.003939376381400066,0.4180825749582283,0.4220219513396284,0,0
ode,asymptote,23,basis,0.00012205472362030207,0.0033847037570986535,0.4107309485422774,744.5027049816333,0.0032626490334783514,0.4073462447851787,0.41060889381865706,0,0
ode,asymptote,24,spline,0.00012205023721629469,0.002560062793623914,0.41922478136625757,718.7197776331449,0.0024380125564076194,0.41666471857263365,0.4191027311290413,0,0
ode,asymptote,24,basis,0.00012205298832976875,0.0028652110226226385,0.425007489291617,735.0670389059326,0.0027431580342928696,0.42214227826899436,0.42488543630328723,0,0
ode,asymptote,25,spline,0.00012205086138880081,0.002935818677615039,0.3711252836820875,756.9444754616699,0.002813767816226238,0.36818946500447247,0.37100323282069875,0,0
ode,asymptote,25,basis,0.00012205050861046117,0.0031190718876921474,0.38735690271218765,735.8092762881637,0.002997021379081686,0.3842378308244955,0.3872348522035772,0,0
ode,asymptote,26,spline,0.00012205550464794348,0.003927220877524492,0.3874519363866132,701.0191500304929,0.0038051653728765483,0.3835247155090887,0.38732988088196524,0,0
ode,asymptote,26,basis,0.00012205546525675282,0.004227379022255053,0.3757741460918476,708.5765016728095,0.0041053235569983,0.37154676706959255,0.3756520906265909,0,0
ode,asymptote,27,spline,0.0001220507121668288,0.0031227599450720186,0.4034201425065358,743.2386894066173,0.0030007092329051898,0.4002973825614638,0.403298091794369,0,0
ode,asymptote,27,basis,0.00012205933688123896,0.005149773839987827,0.43851527918340116,772.6224045751363,0.0050277145031065885,0.43336550534341334,0.4383932198465199,0,0
ode,asymptote,28,spline,0.00012205008917541115,0.0029976020934147376,0.40547261966866616,713.6856184440483,0.0028755520042393263,0.4024750175752514,0.4053505695794907,0,0
ode,asymptote,28,basis,0.00012205014870039982,0.002744500006791595,0.4255204250486291,653.9972795707321,0.002622449858091195,0.4227759250418375,0.42539837489992866,0,0
ode,asymptote,29,spline,0.00012207845115949295,0.00584468673098109,0.41958989414914694,710.4582285550688,0.005722608279821597,0.41374520741816584,0.41946781569798747,0,0
ode,asymptote,29,basis,0.00012205129897676976,0.0030906080108573323,0.3986660808152063,727.92644805742,0.0029685567118805625,0.395575472804349,0.3985440295162296,0,0
ode,asymptote,30,spline,0.00012205777909916561,0.0040898421417191275,0.3820269133073571,697.3512989565929,0.003967784362619962,0.37793707116563796,0.3819048555282579,0,0
ode,asymptote,30,basis,0.0001220522795526042,0.003342506416941444,0.40988802980446687,751.0636853473821,0.0032204541373888397,0.4065455233875254,0.4097659775249143,0,0
ode,asymptote,31,spline,0.00012205922304661462,0.003836399091149052,0.4078571851008961,754.9704975113399,0.0037143398681024377,0.404020786009747,0.4077351258778495,0,0
ode,asymptote,31,basis,0.00012206165294082465,0.0042918819124309554,0.46551089810595053,729.9744242826442,0.004169820259490131,0.46121901619351957,0.4653888364530097,0,0
ode,asymptote,32,spline,0.00012205444351948002,0.005090276801565833,0.4531959840450443,732.6799701360324,0.004968222358046353,0.4481057072434785,0.4530739296015248,0,0
ode,asymptote,32,basis,0.00012204933289233598,0.0024194501726180935,0.36488470677238694,763.3358782542276,0.0022974008397257575,0.36246525659976886,0.3647626574394946,0,0
ode,asymptote,33,spline,0.00012205548344131673,0.0034761251542953695,0.40254073113760597,744.511423097357,0.0033540696708540528,0.3990646059833106,0.40241867565416467,0,0
ode,asymptote,33,basis,0.0001220568260284614,0.0038859373665309387,0.39803107632205886,746.0673962474611,0.0037638805405024772,0.39414513895552794,0.3979090194960304,0,0
ode,asymptote,34,spline,0.00012207088628438247,0.008043821305277815,0.5316310572442478,719.9280822913018,0.007921750418993432,0.5235872359389699,0.5315089863579634,0,0
ode,asymptote,34,basis,0.00012205239796479186,0.0038438907188264953,0.4171896601686504,765.8070754180696,0.0037218383208617034,0.4133457694498239,0.4170676077706856,0,0
ode,asymptote,35,spline,0.00012205455629704248,0.0037043710567050705,0.39957183597140183,736.1295840488075,0.003582316500408028,0.39586746491469677,0.3994497814151048,0,0
ode,asymptote,35,basis,0.00012205373432948313,0.0034308555463420675,0.41638637724165767,738.1709707702882,0.0033088018120125844,0.4129555216953156,0.41626432350732817,0,0
ode,asymptote,36,spline,0.00012205112677581673,0.003743343983791876,0.38354850749523245,748.4304324141837,0.0036212928570160596,0.37980516351144056,0.3834264563684566,0,0
ode,asymptote,36,basis,0.00012206602499660627,0.004744109735915602,0.40127554701879725,743.3848343463288,0.004622043710918996,0.39653143728288165,0.40115348099380066,0,0
ode,asymptote,37,spline,0.00012204852389299135,0.0060774798710396555,0.47809926068050423,757.7515138634698,0.0059554313471466645,0.47202178080946455,0.47797721215661126,0,0
ode,asymptote,37,basis,0.00012204820418756975,0.002997533004082549,0.39625110081791026,736.0825807751249,0.0028754847998949794,0.3932535678138277,0.39612905261372267,0,0
ode,asymptote,38,spline,0.00012205386402846552,0.003253406309679122,0.40065290692047745,738.4311064433612,0.0031313524456506566,0.3973995006107983,0.400530853056449,0,0
ode,asymptote,38,basis,0.00012205158704541277,0.003275976923649939,0.40648589057681017,773.5878434082821,0.003153925336604526,0.4032099136531602,0.40636383898976475,0,0
ode,asymptote,39,spline,0.00012205169097708156,0.003965769312724545,0.407888446563854,761.2870123965894,0.0038437176217474634,0.40392267725112946,0.4077663948728769,0,0
ode,asymptote,39,basis,0.00012205163680313265,0.003270436503033759,0.4081839847275576,702.8178821804388,0.0031483848662306265,0.40491354822452386,0.4080619330907545,0,0
