task_id,noise_sd,target_range
v1_0000,0.013682941199460757,0.5255552531287225
v1_0001,0.004820933978847084,0.48089991368402696
v1_0002,0.002921670538581314,0.5094809451375366
v1_0003,0.0021881044067178852,0.2975424197876828
v1_0004,0.0035243392269371622,0.8424796529797356
v1_0005,0.017498354639004374,0.48100963830467536
v1_0006,0.003573768242696111,0.6642842757872177
v1_0007,0.003444614953245453,0.823768879842058
v1_0008,0.01631953866023797,0.65530269048595
v1_0009,0.0006112599980654967,0.6789887032307891
v1_0010,0.010803540596357866,0.6366165660773628
v1_0011,0.0011289290491152187,0.7299086238610336
v1_0012,0.01489963852818069,0.7227291859744817
v1_0013,0.0010628164322897824,0.7446555057045796
v1_0014,0.010643109136172352,0.6343427124572787
v1_0015,0.0008380227142571921,1.2128002054842844
v1_0016,0.005122838296129482,0.7414845594316943
v1_0017,0.0005870194109179757,0.6576895956005258
v1_0018,0.00730198186631155,0.5453179618877914
v1_0019,0.0016069108540802477,0.9747428207177816
v1_0020,0.0005843425633229635,0.4489725017242931
v1_0021,0.0016472702447516317,0.7687912066090655
v1_0022,0.0006304504223342059,0.43316824967681417
v1_0023,0.005991640370997285,0.7805882105258373
v1_0024,0.013054906556513502,1.750848494413097
v1_0025,0.004521039142844375,0.6135043104092545
v1_0026,0.0015566856736765923,0.5751118722805569
v1_0027,0.0063540939701958316,0.6055789646345088
v1_0028,0.014847158585023192,0.9195759447133012
v1_0029,0.007453893997742986,0.7133963534340727
v1_0030,0.011661629716619742,0.9528245197468531
v1_0031,0.012807341327985514,0.38501607128730964
v1_0032,0.002957951969605283,1.2817496207047674
v1_0033,0.0009209057045638206,0.7272973612355083
v1_0034,0.002319580230185883,0.7679831606319076
v1_0035,0.013655460029459367,0.8855717217080498
v1_0036,0.0030330832452328932,0.6687265081406236
v1_0037,0.0011626864546074643,0.8479339802251024
v1_0038,0.000992643217132436,0.6507292455981618
v1_0039,0.0012909261574647738,0.6695232359878605
v1_0040,0.011744747434624375,0.5108423348426456
v1_0041,0.001076978302416635,1.5959963816575187
v1_0042,0.0005122453396801455,0.6493676866906866
v1_0043,0.004140448918453357,0.9635943919932213
v1_0044,0.0022506246284547523,0.9747848060167019
v1_0045,0.009037691902755208,0.8196050352576129
v1_0046,0.004592502631604477,0.8960538294175484
v1_0047,0.009525660526856454,1.4156114568727813
v1_0048,0.0008196213543795447,0.41524452367761944
v1_0049,0.003175374106761504,0.4266393926709836
v1_0050,0.0179385465986757,0.6105436707554135
v1_0051,0.016978316842922093,0.791643250766399
v1_0052,0.019083256955404047,0.7555168740582743
v1_0053,0.0004983088853456386,0.4826787667315919
v1_0054,0.002840667379577603,0.5610642835955194
v1_0055,0.00433230759639816,0.4205538689887046
v1_0056,0.0008347885083143989,0.597753541677364
v1_0057,0.0055812365884855475,0.6814665309044462
v1_0058,0.0011052853649524386,1.1690683835192999
v1_0059,0.003268059304471481,0.856685673933058
v1_0060,0.000531837894555747,0.6636415875355216
v1_0061,0.012099060544372006,0.6313629693088909
v1_0062,0.0021833936089314565,0.9069211779772113
v1_0063,0.009746992264085238,1.2119676215065458
v1_0064,0.0013110864826931107,0.7284520798092499
v1_0065,0.000747484059991577,0.4617955275347872
v1_0066,0.0033900077482306263,0.34483252799862485
v1_0067,0.005965030686473895,0.7393512443630268
v1_0068,0.007919840365770231,0.9772637750392728
v1_0069,0.001502187463304294,1.184967991833226
v1_0070,0.010032789916399871,0.5149910229440243
v1_0071,0.009107329016121121,0.5118748918756646
v1_0072,0.04270780541767228,0.9559981967745587
v1_0073,0.008000127081983105,0.5867826621170587
v1_0074,0.0005866233533638851,0.49633149239715957
v1_0075,0.0019167468473093774,0.7546979007067788
v1_0076,0.003936968407966712,0.867548824985334
v1_0077,0.0016893101779378481,0.8327639696958371
v1_0078,0.0010571632314620835,1.2207703183690792
v1_0079,0.0008155202246391692,0.3720938021572004
v1_0080,0.0018414814381222345,0.610692323454624
v1_0081,0.02697830814842523,0.6641434863358293
v1_0082,0.012434696372244678,0.7551655914049319
v1_0083,0.0005517262535737436,0.6381167831084256
v1_0084,0.0013237749227671231,0.7419504420775134
v1_0085,0.021445826863224066,0.7780063190595903
v1_0086,0.004582599973095474,0.5325395759564823
v1_0087,0.0004239392327930784,0.32541024649869826
v1_0088,0.0005079698981376306,0.520544263720325
v1_0089,0.006686467273308039,0.601190987415106
v1_0090,0.0013059143272353905,0.9868435505334139
v1_0091,0.0005171993531029245,0.5228585321305403
v1_0092,0.024979087659771866,0.7078302859335986
v1_0093,0.03266159351013093,0.8324858822069002
v1_0094,0.0009635841068452822,0.368496349481867
v1_0095,0.0026853726945989566,1.0922747254845413
v1_0096,0.0033294983988300204,0.42622815933525526
v1_0097,0.0016450389197230893,0.6377749790635561
v1_0098,0.008670017108313567,0.6817953022480241
v1_0099,0.008343634547928419,0.8054197786112449
v1_0100,0.03236511872301017,1.1006052280766059
v1_0101,0.0020376926046359314,0.5579058823473465
v1_0102,0.006151594319480646,1.0097838826190788
v1_0103,0.003766170292515865,0.6556822557608114
v1_0104,0.00910268894291016,0.5273167101333018
v1_0105,0.014986515075756159,0.40440818982938487
v1_0106,0.010050706201333756,1.046493025288603
v1_0107,0.0008850247156521873,0.788399209594304
v1_0108,0.0007224935239521414,0.7462482062170792
v1_0109,0.0016851731607134572,1.332929010063198
v1_0110,0.006219624102464244,0.4958440535186466
v1_0111,0.001067417938152955,0.8159286199065253
v1_0112,0.0018002039585030551,0.6913088294372068
v1_0113,0.015741376046888224,1.2249560896882818
v1_0114,0.019560925977863363,0.7304386476906239
v1_0115,0.0035336761042564268,0.7980589347512806
v1_0116,0.001194481964185592,1.1510794434101148
v1_0117,0.009870772464160947,1.0943235933191202
v1_0118,0.012945900464357988,0.8671713548600595
v1_0119,0.018803352370786473,0.4890565899409548
v1_0120,0.002013530821878681,0.65191710626569
v1_0121,0.007416771553978168,0.5994141362538605
v1_0122,0.0009535958228224882,1.0197131128916412
v1_0123,0.007414839160951271,0.8830898370234566
v1_0124,0.0026283933902824215,0.4806697556663926
v1_0125,0.01519159086855242,0.6180192435115763
v1_0126,0.0018493502402968259,0.7565101181721148
v1_0127,0.003089354278341253,0.7385627265067818
v1_0128,0.014483387912704235,1.3372270628370355
v1_0129,0.0016619572024975677,0.9169511755516787
v1_0130,0.0028694471741138364,0.7754892593505475
v1_0131,0.011761590987850118,1.0292817982482971
v1_0132,0.03712104240991889,1.2006232430521786
v1_0133,0.004951325161495651,0.5709356376148798
v1_0134,0.000588009175568712,0.8020787397161837
v1_0135,0.002144246269833009,0.6066451250260885
v1_0136,0.02155894559742335,0.6105752235309396
v1_0137,0.012692240732874015,0.3896929986227324
v1_0138,0.002932353221686294,0.6796668041633814
v1_0139,0.004649208729897259,0.7407915082230967
v1_0140,0.011717150227839125,0.600926560162354
v1_0141,0.0013410230667251037,0.6844689507710991
v1_0142,0.0021104724392346933,0.8895614522741419
v1_0143,0.0009025256365154581,0.7277494386427829
v1_0144,0.0024947692494356206,1.3941991269211587
v1_0145,0.0007669953876046035,0.5384119486778572
v1_0146,0.0006084003122052242,0.7115644369801039
v1_0147,0.022509919623897468,0.713227444023213
v1_0148,0.0012436967483204497,0.42697992210282126
v1_0149,0.010902099308152047,1.005897080463555
v1_0150,0.0019952580418320385,0.8956728900697961
v1_0151,0.028142949931094206,0.8547047296659163
v1_0152,0.0006976474425319695,0.6114762441156151
v1_0153,0.0017541201386958043,1.2663454097151936
v1_0154,0.0019933332288124654,1.1245235237917468
v1_0155,0.0017753651490221701,0.5612792154257022
v1_0156,0.008369320416723294,1.0254959875582166
v1_0157,0.00047587425296011763,0.8032193534337662
v1_0158,0.0018118748640683787,0.6665073691337245
v1_0159,0.00584512201997808,1.1923276505000884
v1_0160,0.0012483003538756427,0.7968201126713919
v1_0161,0.0007299085398578924,0.8254627390134888
v1_0162,0.0014426992579543308,0.5998414598420496
v1_0163,0.0011809450047606963,0.9512813556639226
v1_0164,0.0285466383249103,0.6300441526547503
v1_0165,0.0008642155611738288,0.9894368217499444
v1_0166,0.015559958412389127,0.9046202214337311
v1_0167,0.0008062148453336894,0.5913557527340295
v1_0168,0.023973508357945594,0.5746907826626444
v1_0169,0.0012079903836805213,0.5143641742309848
v1_0170,0.000583406630891391,0.5065981261105714
v1_0171,0.00205098071538347,0.5277397144474493
v1_0172,0.001336273090629428,0.42224516878293294
v1_0173,0.012476299275791532,1.1038478422418845
v1_0174,0.0007357134896661556,0.572530609921588
v1_0175,0.03254728110365337,1.1619077170653638
v1_0176,0.002005939334756524,0.9668960072275868
v1_0177,0.0064233757679671,1.2686705049142184
v1_0178,0.0051892115276466425,0.6491525095308569
v1_0179,0.00719085510751874,1.3083287350741566
v1_0180,0.031645072302671114,0.8206686788137606
v1_0181,0.0031782070007946193,1.010421820634475
v1_0182,0.024591494227092447,0.7239795077659548
v1_0183,0.01630012067357082,0.6785159418591397
v1_0184,0.005188619182767235,0.4834904227165619
v1_0185,0.0015485696786761572,0.9810618002374603
v1_0186,0.0026451938878674333,1.0897607652768728
v1_0187,0.02454754048984083,1.244016941108264
v1_0188,0.003864553305634094,1.7589528016382872
v1_0189,0.000742072268513516,0.3212188267954642
v1_0190,0.0007375666953160344,0.43157640037880557
v1_0191,0.004296130284895769,0.8333530844525326
v1_0192,0.0011409297169870946,0.7112694549927631
v1_0193,0.0015740383113806817,0.5654927704055217
v1_0194,0.0014321598298921924,0.93778989881032
v1_0195,0.0019654495062011116,0.6049370058531394
v1_0196,0.018358255363395918,1.3343895812149809
v1_0197,0.0059478145383812095,0.6745204432780453
v1_0198,0.0007805403036681451,0.6067222710755911
v1_0199,0.0005816935454537369,0.4305969684618591
v1_0200,0.0009736864755380583,0.09537834094994044
v1_0201,0.0015511400230638838,0.17369698926762833
v1_0202,0.0007749907817728698,0.07516935625082022
v1_0203,0.00043173932301123223,0.09151061275028953
v1_0204,0.0007316378013953121,0.11494086062959011
v1_0205,7.518046897688285e-05,0.2617554623131074
v1_0206,0.003804422459630094,0.1731463081300927
v1_0207,0.000238341727297616,0.19321420869685435
v1_0208,0.0015468274621436835,0.0795901065872203
v1_0209,0.00011721879586594188,0.08207410988755512
v1_0210,0.0021009106759241505,0.1329897897899445
v1_0211,0.00021136415738367534,0.13993149525566376
v1_0212,0.0009475576742524293,0.12553935699801225
v1_0213,0.0003472564241060474,0.30810014209185754
v1_0214,0.0018141756822777882,0.09629225870325823
v1_0215,0.003747670682993725,0.17885963048442957
v1_0216,0.0010961453047292975,0.3314062104554755
v1_0217,0.0037685589085163554,0.0942874435842466
v1_0218,0.0041771006092971765,0.11981471394762389
v1_0219,0.00010467198740115235,0.10729538136628453
v1_0220,0.0008019526999573699,0.16198394672377645
v1_0221,0.0007010658795169607,0.05856541382720695
v1_0222,0.0004937835718576319,0.07131240187406312
v1_0223,0.0005645417334139239,0.16027412926757323
v1_0224,0.0009130357442207528,0.10922433739310895
v1_0225,0.003372559269937401,0.18056880238481182
v1_0226,0.0024614440888560962,0.07403483483279892
v1_0227,0.0010917740480661444,0.1448994685736669
v1_0228,0.0002404243846833229,0.09914947725100154
v1_0229,0.0002860863509915316,0.06381820785755185
v1_0230,9.071493639997535e-05,0.07150571160279867
v1_0231,0.0013298791804629024,0.2072148493582439
v1_0232,0.0009534059697343455,0.08659952420659639
v1_0233,0.0011725102223456411,0.08624782343078778
v1_0234,0.0007274472129667772,0.08070552872652466
v1_0235,0.0008323859642521124,0.15021017563643693
v1_0236,0.0003826751059952735,0.19625631022729795
v1_0237,0.0003119788862978212,0.11227113592708145
v1_0238,0.0002831034958701509,0.08240610493744785
v1_0239,0.0022076322029147086,0.06630165522588179
v1_0240,0.000315954256545165,0.11461572894962209
v1_0241,0.0019751966196689973,0.10638808351213501
v1_0242,0.0008917856205968308,0.09990889313426826
v1_0243,0.00015932819442038775,0.09494659263176358
v1_0244,0.00037271509723670385,0.19703108246079729
v1_0245,0.0030012926071985883,0.21062902215991136
v1_0246,0.0011356731047139062,0.12437994953666351
v1_0247,0.0010406515691410425,0.09253465014645804
v1_0248,0.0009708865667160791,0.17749446579551312
v1_0249,0.0022662954450518766,0.14835685887041256
v1_0250,0.003598674788974926,0.12072708892783482
v1_0251,0.00010165998336764831,0.09464917773108278
v1_0252,0.00013218314578102488,0.10911139370496353
v1_0253,5.122270014285729e-05,0.03088392013767756
v1_0254,0.0005045704411506648,0.08862574774467448
v1_0255,0.0001664944405304449,0.2972828173755662
v1_0256,0.0010202658755543992,0.16726979310677098
v1_0257,0.0001061104206036377,0.2708161029728208
v1_0258,0.003265012046450838,0.08729455464011439
v1_0259,0.00019614886943207014,0.13438949410432047
v1_0260,0.0008815538587327778,0.0841822910608252
v1_0261,0.0002122157540836665,0.0556477691646494
v1_0262,0.0003717086508183579,0.19844521939727888
v1_0263,0.002137008938071588,0.12605371775166613
v1_0264,0.0017552834122068867,0.049131200253349654
v1_0265,0.0004695190834321918,0.07269873825445658
v1_0266,0.0008328920728551066,0.13547602515090718
v1_0267,0.0005069422522391072,0.10097665011146112
v1_0268,0.000375563029119496,0.19300325689632947
v1_0269,0.0003708894987971736,0.15859737478293193
v1_0270,0.004671079058151282,0.13725991013931838
v1_0271,0.0025282972513325135,0.07423169547349896
v1_0272,0.0001161070613267095,0.06880124062399215
v1_0273,0.0006983463619436211,0.14444366771795478
v1_0274,0.0035936588885826784,0.14883961485825775
v1_0275,0.00020733386765778191,0.03830250205987695
v1_0276,0.002700502075140969,0.06864603773586367
v1_0277,0.0005651539010754443,0.07632243298210069
v1_0278,0.0015485271341719308,0.05901813836217517
v1_0279,0.00021480350306753935,0.1087397507888533
v1_0280,0.0007258461233418765,0.11856281075185089
v1_0281,0.00012114827690331722,0.12567149406144879
v1_0282,0.00026073642908001936,0.06328949376785799
v1_0283,0.0009292932563838038,0.15005777033623383
v1_0284,4.825825728335815e-05,0.04495581809679493
v1_0285,0.00045053933363280705,0.050333946636439676
v1_0286,0.00024680878192000113,0.1164061383178273
v1_0287,0.0008735935180350455,0.11910012652593582
v1_0288,0.00085532821920636,0.16801864203672556
v1_0289,0.0006321412500221026,0.09320495555912185
v1_0290,0.00015411852598449298,0.08627204662496529
v1_0291,0.0028478111039242186,0.16161069154360275
v1_0292,0.00021669843917063227,0.1923953168636062
v1_0293,0.00019965373774817255,0.2015089696933573
v1_0294,0.003157812011718848,0.18623107616404294
v1_0295,0.00021981916741305077,0.19313855346824346
v1_0296,0.0027575354340780515,0.12666806379576176
v1_0297,0.00014718733186143388,0.2009829142121856
v1_0298,0.00041098410124536244,0.057897772321843045
v1_0299,0.0005142608729338777,0.2278267635179087
v1_0300,0.0013155427471079762,0.34645515728587023
v1_0301,0.0004120838937099191,0.2135795750649549
v1_0302,0.00054083511829293,0.30595309439147617
v1_0303,0.00812845920767869,0.25621859809512565
v1_0304,0.0045183492585007656,0.28082697864737693
v1_0305,0.0013780797338546237,0.18050116962521512
v1_0306,0.0018756043077744742,0.21813377320023178
v1_0307,0.00015050772599839178,0.17468614327087856
v1_0308,0.0012998785902116389,0.13323621232994035
v1_0309,0.003745727222204315,0.10035496021985338
v1_0310,0.0005382179809989144,0.14097508447379273
v1_0311,0.0037046278703950757,0.1906546757472781
v1_0312,0.0002333675576955603,0.2073342390742548
v1_0313,0.0005316418850195418,0.24239502164333662
v1_0314,0.006203904166868391,0.281468060908469
v1_0315,0.0022677779533687562,0.2873362810256231
v1_0316,0.0009637022195500398,0.2602961845753755
v1_0317,0.0013642079209411507,0.10867534276211603
v1_0318,0.0038090842692259197,0.26243771578452507
v1_0319,0.0008398396995433077,0.12367081281988643
v1_0320,0.00010829784193446697,0.09318539970491103
v1_0321,0.006114506488788676,0.23339810526266197
v1_0322,0.0003961806078334127,0.12326669081530779
v1_0323,0.002954268165739669,0.07621719787407803
v1_0324,0.0003490006730503665,0.22032507333460166
v1_0325,0.002193902504672247,0.17394844984697985
v1_0326,0.005143145037986993,0.2706352973430695
v1_0327,0.0038941793722704933,0.2588305272672039
v1_0328,0.005377454741637309,0.26673523125249515
v1_0329,0.0019664667479030304,0.5085083299493325
v1_0330,0.0029693354621644586,0.10382570444361398
v1_0331,0.007561137085320257,0.16861879726903437
v1_0332,0.005021120475647129,0.55077021155182
v1_0333,0.0005067763270076393,0.2158475447919796
v1_0334,0.0003396747712635879,0.2676498187116912
v1_0335,0.00034031981458359134,0.17369846545415907
v1_0336,0.0007466933825401237,0.25632041000772815
v1_0337,0.00019576170914673455,0.19900688227698413
v1_0338,0.0017693100186875659,0.2968023028680035
v1_0339,0.007888678381530952,0.2572530232643521
v1_0340,0.004370545200725169,0.14060741111200942
v1_0341,0.0001965304854189259,0.11119591851092861
v1_0342,0.0014670623732920176,1.0915637610138245
v1_0343,0.00018048992571159395,0.662814625544545
v1_0344,0.0005213762797168338,0.18389947959092884
v1_0345,0.00042496120717109594,0.1445918832730827
v1_0346,0.009224589527448769,0.23571549455001453
v1_0347,0.0018696302270780998,0.07264535080082654
v1_0348,0.001545958320867618,0.2507278955745563
v1_0349,0.0005245246828166582,0.42212833874745886
v1_0350,0.0002548046595917241,0.22609472556857016
v1_0351,0.006306505579350477,0.258134316487723
v1_0352,0.0003778832916187913,0.2320895639369071
v1_0353,0.0004259748130447956,0.09963770298342842
v1_0354,0.0005149539993065085,0.2983010514023536
v1_0355,0.0034956672113108807,0.30882534626416935
v1_0356,0.013861864579608611,0.2843203529562705
v1_0357,0.009005598308032532,0.2570182039026033
v1_0358,0.00016523103455935118,0.16122308882828115
v1_0359,0.0007829135179047432,0.21511709076588156
v1_0360,0.0009260317351152567,0.3592472162036157
v1_0361,0.0012440418805816861,0.22111853131771925
v1_0362,0.004628358986893282,0.1446704837993315
v1_0363,0.008398333387519361,0.31055244679841254
v1_0364,0.0003191655976787173,0.10369397749208037
v1_0365,0.001524556584084311,0.16128115696082035
v1_0366,0.0004190520573318153,0.15932064913602162
v1_0367,0.0007768368374563479,0.18335466022430413
v1_0368,0.0016532899984118654,0.1659317851702546
v1_0369,0.0021543409452614696,0.1285813679618434
v1_0370,0.0002861836698939686,0.6248289573713687
v1_0371,0.0014001855214992125,0.22665981047040507
v1_0372,0.006732783601865361,0.22105847796144798
v1_0373,0.00022864743575557445,0.46330244007312343
v1_0374,0.0005792053581727288,0.15990593488105764
v1_0375,0.0023505550237045043,0.25053737016241595
v1_0376,0.0007551345806874691,0.2504838020436143
v1_0377,0.00026200180397436466,0.08409716124594366
v1_0378,0.0028371596477322686,0.2853427828523526
v1_0379,0.0008226638338109163,0.1432985413022311
v1_0380,0.0035903608250601555,0.2897482184644289
v1_0381,0.002192564607427577,0.28206613219585597
v1_0382,0.0068271981770322235,0.4452843836502777
v1_0383,0.009532314103224072,0.2387622522655266
v1_0384,0.001127961984128704,0.17313959325937747
v1_0385,0.0007722292935249182,0.3063150285890652
v1_0386,0.004326817061699502,0.2536392188078761
v1_0387,0.00167282187254309,0.23206345404974504
v1_0388,0.0020969861886875707,0.3942480218216819
v1_0389,0.0022460486292026965,1.3700948152730408
v1_0390,0.0055490188037826795,0.19579832717243437
v1_0391,0.0003084201035858455,0.2013187982090975
v1_0392,0.002434274820895609,0.18382963130342297
v1_0393,0.00031504051569390933,0.20751771259566498
v1_0394,0.0002732887336537582,0.1504755689127716
v1_0395,0.0006568192221829786,0.22911603409882175
v1_0396,0.00043669553891731173,0.15614299748899665
v1_0397,0.008978253249858566,0.22507188318143304
v1_0398,0.002558020451610028,0.5710145459432013
v1_0399,0.003533161562628,0.30168443258484173
v1_0400,0.003631590128096059,0.0768656866261163
v1_0401,0.0002934700072943425,0.08598667782470536
v1_0402,0.00023540229230525916,0.09494282691653894
v1_0403,0.0008679543105953633,0.23143163411432852
v1_0404,0.001576846187997904,0.25344751112411945
v1_0405,0.004970688548887321,0.3460949110010349
v1_0406,0.0002383784498931932,0.07831598156758324
v1_0407,0.001662551931831662,0.4028292318567477
v1_0408,0.006414343028887514,0.2778345043642195
v1_0409,0.014911849856177705,0.39036994128909086
v1_0410,0.0026344229197736834,0.8708262059517378
v1_0411,0.0006954925372219226,0.09781024348646972
v1_0412,0.0006938575551697416,0.07233778750301913
v1_0413,0.00012606618800296038,0.3425702724127521
v1_0414,0.0005508883290565047,0.10754031994002719
v1_0415,0.0021559460291577853,0.3933165970333393
v1_0416,0.0016469177485142243,0.1063035915554916
v1_0417,0.002012247034754972,0.08724436981268804
v1_0418,0.0006836297104028344,0.20436967980375523
v1_0419,0.0006536052966093192,0.0912382074855128
v1_0420,0.000210771583474956,0.3159176935993172
v1_0421,0.0004878300949158845,0.365633909209671
v1_0422,0.0031700949799338333,0.42444786351759667
v1_0423,0.0003650168160797169,0.3184569558798928
v1_0424,0.0005070910857510393,0.10724780407104684
v1_0425,0.00040098230785973296,0.5239663778682611
v1_0426,0.0007281923148202444,0.2824519692784456
v1_0427,0.013421827878643992,0.9015102442733398
v1_0428,0.0022994416040560306,0.3882010524855194
v1_0429,0.000530494752400841,0.09695898400980056
v1_0430,0.00014060805397196984,0.5552415816166184
v1_0431,0.00019781811231561365,0.17356579464298547
v1_0432,0.003005192424273573,0.47270120623271306
v1_0433,0.007284361862008885,0.7580549580679623
v1_0434,0.002423358762399507,0.14362395005040063
v1_0435,0.0008716450541685627,0.10253581122329758
v1_0436,0.0011098147067032942,0.10612257000934745
v1_0437,0.0005206464446906777,0.22791972601986793
v1_0438,0.00019760594772672588,0.09278880051504715
v1_0439,9.796568729792251e-05,0.09365327311932257
v1_0440,0.0001856079954477036,0.2995274482373808
v1_0441,0.0004151313575022961,0.9335159921031125
v1_0442,0.00019357131865860888,0.08641139546598124
v1_0443,0.00035082382696022415,0.07957048139610647
v1_0444,0.00019796936770948568,0.18473503190645235
v1_0445,0.0022737958332824794,0.41834405104342887
v1_0446,0.0005063597435255252,0.6615204553826192
v1_0447,0.0038167860199931586,0.08012572418193274
v1_0448,0.0005952969879536339,0.1955832984895433
v1_0449,0.001441888158651511,0.10458434567759826
v1_0450,0.0003805319374421774,0.1013002103998017
v1_0451,0.0002987318393409293,0.5008786978974203
v1_0452,0.0007547962631811652,0.27523463069215104
v1_0453,0.005917245283729046,0.38238006072638775
v1_0454,0.0012944792679184772,0.5401492704576061
v1_0455,0.0026803732797361732,0.23518163598645747
v1_0456,0.0004800080765930978,0.07700775137826821
v1_0457,0.0008759979460365868,0.08440161436494605
v1_0458,0.0035051377156635516,0.16035395572250546
v1_0459,0.0025363103375780774,0.08987928268104703
v1_0460,0.0050779603034525524,0.35433085481084015
v1_0461,0.0030459430885839958,0.07859554883703618
v1_0462,0.002373636796914979,0.10841245900634078
v1_0463,0.00438627789562817,0.13711587476363962
v1_0464,0.0006346994831155304,0.062363307605264845
v1_0465,0.006223850672771412,0.6195386788454713
v1_0466,0.0005918394593848677,0.10774398240921071
v1_0467,0.0014970320080798668,0.28771268394292304
v1_0468,0.0017189282863565105,0.28022582480277103
v1_0469,0.0008233412693576473,0.34493305126795354
v1_0470,0.00023982286362825362,0.2531313038180947
v1_0471,0.00021303054511339378,0.1257722762720664
v1_0472,0.0007823283189861029,0.2391174175882129
v1_0473,0.001869589459443372,0.08797069896074676
v1_0474,0.0030689484692250943,0.5315249655212959
v1_0475,0.0008039426194232517,0.4017706920836359
v1_0476,0.0019443475566928907,0.32980583134874203
v1_0477,0.00015387475753536237,0.30845999034409194
v1_0478,0.0002409704871071437,0.26465067436804846
v1_0479,0.0007419242411340284,0.10891837217818258
v1_0480,0.00033050225771514056,0.5032183766123455
v1_0481,0.009030182714048474,0.23653223305967108
v1_0482,0.0005774850764247043,0.0894634015867801
v1_0483,0.001098865580975801,0.3787888240800915
v1_0484,0.0005809677828407133,0.7530576437212219
v1_0485,0.0008278069717300094,0.08575743825080034
v1_0486,0.001223757830400877,0.08718479937016732
v1_0487,0.002415081446316367,0.1075254947843064
v1_0488,0.0010599324847365976,0.27399746053841556
v1_0489,0.0029784976236731943,0.11098149117202674
v1_0490,0.0009746923674978673,0.21152288291916527
v1_0491,0.007901378432035448,0.5877471671152786
v1_0492,0.0004576381309099356,0.18135868760414559
v1_0493,0.002602028138018382,0.22322256532698367
v1_0494,0.0038034829031865823,0.1371678504117253
v1_0495,0.0024146334206051096,0.4122409477089838
v1_0496,0.00043040976751784293,0.11873907706583266
v1_0497,0.0014519813023399005,0.5096817747347646
v1_0498,0.0005990663373437165,0.2888917766794563
v1_0499,0.0012794359621847357,0.0899631983779533
v1_0500,0.0029365531372621684,0.699976708618655
v1_0501,0.0007129515984878925,0.6999321557549277
v1_0502,0.0048058657208404285,0.6999451545379658
v1_0503,0.03483921122518067,0.6999413575284859
v1_0504,0.006746588714546195,0.6999715596491062
v1_0505,0.013230576716470844,0.695613092875869
v1_0506,0.001109845318985568,0.6998764609932746
v1_0507,0.005755684319527923,0.699965366346837
v1_0508,0.0038512765879970593,0.699910960235608
v1_0509,0.0009356669119860892,0.699982606749198
v1_0510,0.015129362363472482,0.6999650406340996
v1_0511,0.0055035901487289806,0.40302257651891965
v1_0512,0.0011551235810574518,0.4341266685168369
v1_0513,0.0062387600166526995,0.6988406382391529
v1_0514,0.0024564990526795534,0.6999777427189382
v1_0515,0.005717792062507746,0.5410051148368863
v1_0516,0.00782949918553331,0.699901372719437
v1_0517,0.0025412315037769404,0.6984365114002549
v1_0518,0.0021156483366251517,0.6999475560942141
v1_0519,0.0024765748049467777,0.6999701533841005
v1_0520,0.01634264791955435,0.6556548308968553
v1_0521,0.010627563092373393,0.6999995825112943
v1_0522,0.003131108461987185,0.6999818791647774
v1_0523,0.004126266500903775,0.6999998026628307
v1_0524,0.016068058677485366,0.6999653883781809
v1_0525,0.0027367387711468385,0.6999441446838288
v1_0526,0.0067483966780620686,0.5181000743698736
v1_0527,0.0016551763348563021,0.6999571846375321
v1_0528,0.01988223930524347,0.6999730165700667
v1_0529,0.0023005133963202567,0.6999272439048063
v1_0530,0.0031145352999217197,0.698378439598649
v1_0531,0.004690507816287035,0.6999127310583053
v1_0532,0.004834542089110931,0.38847023623277355
v1_0533,0.013251823664329723,0.6999489672505554
v1_0534,0.01930852777466953,0.6999914812095978
v1_0535,0.030139202913773373,0.6999549227395103
v1_0536,0.021493766243657522,0.6994744793771996
v1_0537,0.031261267019326244,0.6999846634803126
v1_0538,0.008282804591078663,0.5829475195883993
v1_0539,0.01947595182123537,0.6570575544751864
v1_0540,0.010764813134891776,0.699963991842947
v1_0541,0.025142829989895792,0.6999815353895209
v1_0542,0.02282928241786872,0.6037989886411519
v1_0543,0.01585593648961751,0.6999542376110176
v1_0544,0.0011963973743586752,0.6740547246609125
v1_0545,0.007946436984980825,0.6902310413803436
v1_0546,0.0178237691324741,0.6750240557445907
v1_0547,0.0005100341758175355,0.4485854570156567
v1_0548,0.007633778738389036,0.6999771660325416
v1_0549,0.0002863649307054425,0.33054170961838003
v1_0550,0.0005512171959882452,0.5575033896687477
v1_0551,0.01396458669013812,0.6739681069602649
v1_0552,0.02013650428485139,0.6974044387569714
v1_0553,0.018814046835481976,0.5430915968413548
v1_0554,0.0008371488950384083,0.6809628984850749
v1_0555,0.0038624780269239404,0.656487767487389
v1_0556,0.0011807437307150583,0.6999886565784855
v1_0557,0.007635902450179531,0.6999850541348642
v1_0558,0.010264448879652716,0.6394814425267844
v1_0559,0.03419502981194049,0.6976115528311271
v1_0560,0.0008125179327244592,0.6999859222330518
v1_0561,0.001553956240101327,0.6705972065033327
v1_0562,0.014767798378260755,0.5972044355659014
v1_0563,0.0020762709880979098,0.6998907125154059
v1_0564,0.0009860943277192082,0.4894740171325214
v1_0565,0.0022695485846824324,0.6999678434021495
v1_0566,0.02653521182115872,0.6804884401585143
v1_0567,0.008532100737503264,0.6999679502403329
v1_0568,0.01543850102581701,0.699960493565362
v1_0569,0.030069813889695665,0.6934017622026131
v1_0570,0.007879825812645142,0.6999870421686462
v1_0571,0.004655567402481657,0.6999301033265465
v1_0572,0.01749191779034827,0.6999907228846012
v1_0573,0.00833307995119593,0.679964506890897
v1_0574,0.011045557235890091,0.6998354879755113
v1_0575,0.013254275155905331,0.554988496796428
v1_0576,0.012119382906173672,0.6917491521530688
v1_0577,0.01328734565811608,0.6965232585718631
v1_0578,0.0012039114084910342,0.6999105389124904
v1_0579,0.0009948862640376552,0.6999440390580287
v1_0580,0.001013680940431705,0.6999945976699281
v1_0581,0.002819824859267987,0.6999919486690602
v1_0582,0.0020961652355551974,0.6999676869231064
v1_0583,0.0042398353365672055,0.6999765197599379
v1_0584,0.0018202599908557296,0.6027687069276935
v1_0585,0.031226473532030768,0.6784698655748669
v1_0586,0.0007276725767880425,0.6999658932427449
v1_0587,0.01126673310957657,0.699987701745728
v1_0588,0.0025031913294783306,0.6999566951680134
v1_0589,0.018873645369110077,0.6885438123757077
v1_0590,0.005553361917154327,0.6999807253351832
v1_0591,0.0071118356516155015,0.6892440740536655
v1_0592,0.02200990153654032,0.6999592644704936
v1_0593,0.002217695469496319,0.6065383950902685
v1_0594,0.016854068257623468,0.6999898239082503
v1_0595,0.0009444660662755062,0.6739637325977698
v1_0596,0.017048922942447003,0.6999934301363808
v1_0597,0.009856429181648583,0.692491354259461
v1_0598,0.012794538221812047,0.699969380509354
v1_0599,0.017384338843780194,0.6999656197816077
v1_0600,0.0014519938562263179,0.16527055518629863
v1_0601,0.02649746177224417,0.8394974162878442
v1_0602,0.007391672940178615,0.5928176790041034
v1_0603,0.02253415315833735,0.734514191496153
v1_0604,0.002767208987974322,0.5122326254748197
v1_0605,0.008362979427388052,0.30223960069332534
v1_0606,0.0058877782941626974,0.602093047012429
v1_0607,0.004354727831199898,0.5075616666506634
v1_0608,0.0022003482195508788,0.525936717994281
v1_0609,0.001416084882010459,0.4385726915407603
v1_0610,0.010454092798845863,0.7174540346789553
v1_0611,0.0039181779760913815,0.3463320250455081
v1_0612,0.0002656724774424306,0.24609439689275658
v1_0613,0.007631245994187295,0.6469907487229387
v1_0614,0.0027599357780746505,0.2913498207913
v1_0615,0.019469596083359728,0.7489533426962225
v1_0616,0.01038086850082959,0.9544413791875275
v1_0617,0.013612499921347058,0.8578818629273093
v1_0618,0.005313955368511362,0.8391544197979363
v1_0619,0.005658874643154636,0.33464124233717807
v1_0620,0.0019226935704554522,0.1309006857379552
v1_0621,0.00019966385776686856,0.1283544589030492
v1_0622,0.005121952755452889,0.2654966046156524
v1_0623,0.003758112348710082,0.3483291884248266
v1_0624,0.01838950225799406,0.7397623010332801
v1_0625,0.00011833451502172454,0.14076446372662144
v1_0626,0.002979156547539004,0.3999769721928129
v1_0627,0.0008300024495208271,0.7286589145956845
v1_0628,0.0036604391794763397,0.6556213966150095
v1_0629,0.004420473202349486,0.9452928102726781
v1_0630,0.001368240376173471,0.4683296607460957
v1_0631,0.009420176523845043,0.9616586262183989
v1_0632,0.0005771900225827451,0.2613075488572757
v1_0633,0.00047057733546103966,0.37817616155817
v1_0634,0.0007092746511180313,0.38916063395986866
v1_0635,0.0008200982973548258,0.5029858269632123
v1_0636,0.0013516323902059355,0.7203526144585228
v1_0637,0.006361207814848954,0.8986056830944305
v1_0638,0.009365073057960338,0.8321413625129999
v1_0639,0.002128235573922202,1.0800915740121606
v1_0640,0.009101335927857727,0.2616807242123439
v1_0641,0.0005556425024239152,0.5330827791940436
v1_0642,0.007851305443111285,0.4083428369688038
v1_0643,0.004349028180040902,0.23433164119763528
v1_0644,0.00280275804094345,0.6574924535372307
v1_0645,0.012417117572834568,1.1986388310133427
v1_0646,0.001743917881251292,1.021648893206391
v1_0647,0.007468158485163112,0.6036779178606433
v1_0648,0.0013820068627319396,0.3024930477048974
v1_0649,0.0018979791659240273,0.2391036637615227
v1_0650,0.001223886896784332,0.7123509617929759
v1_0651,0.01412257910056806,0.35976721412755
v1_0652,0.00298869535621309,0.8139536489712368
v1_0653,0.001951262787993627,1.1259249430657878
v1_0654,0.0018095502932591384,0.4496290912894729
v1_0655,0.0033988085465028327,0.15558787081332293
v1_0656,9.197100585893365e-05,0.0999740154140204
v1_0657,0.011391567171824499,0.8655069908115425
v1_0658,0.01654228638628688,0.9047078023341183
v1_0659,0.005726823873402539,0.870506862252424
v1_0660,0.0039388836062387335,0.8461668109073958
v1_0661,0.007198417736604455,0.7215404946283719
v1_0662,0.002210711112012412,0.6468746623125688
v1_0663,0.004981346915979679,0.9071827087562896
v1_0664,0.01086970145610736,0.35406682422266006
v1_0665,0.05113105283137468,1.277673239936321
v1_0666,0.0011619881135763036,0.3304430747971976
v1_0667,0.011961238855685962,0.7421227587413115
v1_0668,0.008994011403998178,0.5575693630220265
v1_0669,0.002568828307487338,0.3226359193903373
v1_0670,0.009524267859252719,0.48160913899394053
v1_0671,0.025524198793013906,0.8233147853751649
v1_0672,0.0022800382608343574,0.8062753002593139
v1_0673,0.0009482725657787214,0.45172116186692246
v1_0674,0.004776002167281174,0.5736275009710491
v1_0675,0.0007320444305078115,0.6109862838310978
v1_0676,0.012765050877420067,0.5434129959100892
v1_0677,0.006371371795577323,0.7705231526745807
v1_0678,0.0010652409813340922,0.7339756313411295
v1_0679,0.0003189839401118417,0.1909093138065001
v1_0680,0.003868069384997416,0.7891969592117878
v1_0681,0.0009470138301076944,0.5301580220498373
v1_0682,0.00821538118698707,0.9850659377155352
v1_0683,0.00048809735605557505,0.2278481739754037
v1_0684,0.0008099336532609664,0.67059286857698
v1_0685,0.0008709190058891394,0.3565722967452125
v1_0686,0.006289841688553835,0.722239772935614
v1_0687,0.0014068693499429466,0.47276331290162554
v1_0688,0.0027436776690749395,0.4734077463837008
v1_0689,0.02116441879172244,0.8484676517369355
v1_0690,0.011127509852682776,0.8356786617608466
v1_0691,0.0052433953682428525,0.5707637764162624
v1_0692,0.0009858342008896902,0.583616658129593
v1_0693,0.024803497363266726,0.7546893271345906
v1_0694,0.0016988591963203428,0.5129300981236876
v1_0695,0.011151836240698678,0.7643873706015367
v1_0696,0.00013759650840263602,0.1303290134441959
v1_0697,0.0021272206774913655,0.8285321727707324
v1_0698,0.012878685094478063,1.048853661993934
v1_0699,0.0030106220966024614,0.7335447028047087
v1_0700,0.0024302855908142646,0.48108805052089604
v1_0701,0.004743812111328575,0.600036925362096
v1_0702,0.00424534937134728,0.5199787715052524
v1_0703,0.002535361120524366,0.34750200821445565
v1_0704,0.0011049068402513083,0.6146290967826193
v1_0705,0.0029123561312328957,0.6990036127038626
v1_0706,0.00451573611068856,0.7762658134937725
v1_0707,0.0043751961369629805,0.7003100041810878
v1_0708,0.0005667613196291759,1.0414691343917393
v1_0709,0.0023990315935327527,1.3417140332044257
v1_0710,0.011335405806559324,1.1215200567061416
v1_0711,0.007649897824370854,1.2579230102339893
v1_0712,0.007178255963300453,1.0131859752142063
v1_0713,0.0007013844538176321,0.28646043111629066
v1_0714,0.001411698357815505,1.9668687837294887
v1_0715,0.0037549945633239042,0.9830077153860727
v1_0716,0.01631413071022015,0.826946562708769
v1_0717,0.004719876118536272,0.5127063362148164
v1_0718,0.014565063129294195,0.4182498959513967
v1_0719,0.0009244914357936016,0.7998561007200812
v1_0720,0.007475524525001329,1.133147940551499
v1_0721,0.0007159115524756192,0.9752024274073966
v1_0722,0.001887022577618979,0.6441178339720792
v1_0723,0.018955779950712688,0.5733803807516424
v1_0724,0.003377263723795425,1.0134118786527169
v1_0725,0.0013803035710994599,0.5635013916683371
v1_0726,0.001546839033360742,0.434136863438864
v1_0727,0.004384055580150447,0.6509074132404618
v1_0728,0.021962305825354213,0.8494214418179115
v1_0729,0.001060744748184863,0.7955948621917048
v1_0730,0.033788045141669325,0.814572267449892
v1_0731,0.004183522639646552,0.7556293595601141
v1_0732,0.0036798943964067277,0.6859296384759487
v1_0733,0.01978547592708856,0.85900849906282
v1_0734,0.0005244720455551555,0.4205914334414199
v1_0735,0.0015595638269981697,0.8084375636008218
v1_0736,0.010171625954477148,0.7851695159934151
v1_0737,0.035228337031878706,1.117226007110949
v1_0738,0.0008639912361715022,0.17674643651317432
v1_0739,0.006204690081038713,0.5285603476015408
v1_0740,0.0006116560025111124,0.9519268395608449
v1_0741,0.0021753959201332974,1.161671119579457
v1_0742,0.000837458952164543,0.7559953795586886
v1_0743,0.021726224062983874,1.3994060285273786
v1_0744,0.0054996227375757835,0.5716312409064936
v1_0745,0.0007040250617723611,0.6581360057683145
v1_0746,0.01977691561150893,0.44166954826042915
v1_0747,0.016584749943401825,0.945458265074206
v1_0748,0.01082042387493865,0.8773307085798033
v1_0749,0.0004773112623371913,0.43096352659602083
v1_0750,0.0014208897982566475,0.5032800248121065
v1_0751,0.007663819326804786,0.32984083288243365
v1_0752,0.0047982520579831975,0.401686138348598
v1_0753,0.0021130109916162277,0.45561874218025655
v1_0754,0.0007397647590120636,1.074752293774776
v1_0755,0.000600223238855558,0.6652025039479678
v1_0756,0.0053985175153096945,1.3255314785963812
v1_0757,0.0051677325109535125,0.6528423685390244
v1_0758,0.0053906237085700045,0.7989474732133068
v1_0759,0.010021073301310118,0.9571284788164913
v1_0760,0.0009077700372104143,0.5017829311676002
v1_0761,0.01603998247509701,0.44561455379409703
v1_0762,0.0026169064106387496,0.54718569674866
v1_0763,0.0007198541784975394,0.49813717514721956
v1_0764,0.022151875280452187,0.8537791885007927
v1_0765,0.0008497181922940315,0.5151351560574178
v1_0766,0.004528798478727412,0.8176593278535936
v1_0767,0.006505954522926128,0.6686223178917293
v1_0768,0.02207445502020573,0.6996441339195199
v1_0769,0.016188011118744565,1.0166975160184188
v1_0770,0.006387404291614654,0.4877009852934214
v1_0771,0.007697566430770118,1.0599849794537877
v1_0772,0.037669754463998756,0.942609997932038
v1_0773,0.00048557579992700736,0.4701062522285758
v1_0774,0.0012918592046251248,0.5542983828291724
v1_0775,0.01858051233570627,1.1125217234792624
v1_0776,0.0013463782673390765,0.9015064713256744
v1_0777,0.001605234382451504,1.2589669492146047
v1_0778,0.0035183103789959,0.7791594817699864
v1_0779,0.004496559730662802,1.1892240242876304
v1_0780,0.010629255437754415,0.4556348794615814
v1_0781,0.01884620991687206,1.321019608722148
v1_0782,0.01712414726398552,1.4118220658166718
v1_0783,0.0064972379921791985,0.32503641523638577
v1_0784,0.015826686664588186,0.6229251433921476
v1_0785,0.0010106801478995803,0.6407768017607567
v1_0786,0.0010436119582197744,0.8472460286324147
v1_0787,0.000846088725218456,0.4761552451125048
v1_0788,0.0011679788272232748,0.9496706765142472
v1_0789,0.010093048842702753,1.217784762481867
v1_0790,0.010285080031151089,0.637602509243544
v1_0791,0.009202315563409984,0.5820015519761086
v1_0792,0.0026263375841144836,0.8550585517436813
v1_0793,0.00975629432402923,0.577438858262893
v1_0794,0.003723534874003808,0.3803971029205455
v1_0795,0.0014622625488209338,0.7748364273499638
v1_0796,0.001730423613416222,0.8391155206125613
v1_0797,0.003508829308318078,1.0905262937535547
v1_0798,0.016832234239934966,1.118977319363128
v1_0799,0.00043553230591746544,0.4828613758999377
v1_0800,7.897398912371538e-05,0.23396286855796491
v1_0801,0.0001603114973944377,0.3761957205944412
v1_0802,0.0003532731775124039,0.1737969789174858
v1_0803,0.0006444283303018536,0.11078385404367347
v1_0804,0.00013245197673872054,0.06466773081892031
v1_0805,8.000443352248468e-05,0.11418132265552464
v1_0806,6.432953327531567e-05,0.10522622658698044
v1_0807,0.00030848743202503264,0.07893250706669984
v1_0808,0.00012572427287272292,0.11050704374480712
v1_0809,0.0023906678333915836,0.2613648509735509
v1_0810,0.00032437873376531517,0.0910367414419615
v1_0811,0.0054186622720669994,0.15793150766548647
v1_0812,0.00013518122863947035,0.07895078877887798
v1_0813,0.00023435467916012943,0.2327796333688201
v1_0814,0.0004125449919664348,0.1569087197000158
v1_0815,0.0003390716242350438,0.041655886388749334
v1_0816,0.0007858194332176797,0.3636490227725647
v1_0817,0.00012306926881745482,0.05539720050634356
v1_0818,0.0003668177018825392,0.06484134046445626
v1_0819,0.00015184453380739392,0.11239412880374906
v1_0820,0.00018695850514046993,0.02896835694812115
v1_0821,0.0002042215251395165,0.08555591093941597
v1_0822,0.000828887530260161,0.12284040596430176
v1_0823,0.0013145122685360572,0.10091852035062325
v1_0824,0.005011286336987128,0.1908193787397352
v1_0825,0.002097864520936004,0.2991173377486819
v1_0826,0.004785924181437772,0.12808652178088265
v1_0827,0.001915009744160774,0.17252164420635496
v1_0828,0.0005780654869168857,0.08403793117173367
v1_0829,9.512949017492108e-05,0.05509368310019395
v1_0830,0.0004559311742118394,0.10476852525853611
v1_0831,0.0015023279083563703,0.1335878467873912
v1_0832,0.0007156833873576018,0.1540695846446283
v1_0833,0.0004722582521387347,0.09372239253876438
v1_0834,0.0005390936309375774,0.445544619881
v1_0835,0.0004259619555750337,0.38260384470844166
v1_0836,0.0011097086509378807,0.11621874468473041
v1_0837,0.001026075330423586,0.042562747397424223
v1_0838,0.001502530725022525,0.07335685012545967
v1_0839,0.0015416467350270516,0.12498587913120514
v1_0840,0.00014824979169328445,0.17107114812489818
v1_0841,7.396537960801413e-05,0.11335172906094382
v1_0842,0.0006842309833344212,0.14556773435135367
v1_0843,0.00011992331689346554,0.039871398815492204
v1_0844,8.004113361331224e-05,0.0424438547239191
v1_0845,0.0012851408993395082,0.1253151554119312
v1_0846,0.003949743232282698,0.10976576769036864
v1_0847,0.0021265337008604113,0.28954976758422896
v1_0848,0.004822327871844466,0.10859266874139256
v1_0849,0.00016027796487029237,0.16292440205457223
v1_0850,0.00010037423081852797,0.037493793134339884
v1_0851,0.0002799192977257539,0.16630758492797282
v1_0852,0.0010358376657128065,0.0819317887786605
v1_0853,0.0014848675248107703,0.07044623643063595
v1_0854,0.0011066417831532976,0.10419853236868487
v1_0855,7.57677709132126e-05,0.08062061397561093
v1_0856,0.00013744358392388633,0.08094741949099238
v1_0857,0.0007805388333920463,0.06259915578787656
v1_0858,0.0013140157537040015,0.13410489606386577
v1_0859,0.00017625703301626545,0.15403412426266133
v1_0860,0.00020614667143110645,0.2391888022557525
v1_0861,0.0005794041432665072,0.04668045359351321
v1_0862,0.0012694341174304628,0.24446708217989085
v1_0863,0.003247924016472193,0.11330672803172921
v1_0864,0.0015986021423111095,0.22810858254450578
v1_0865,0.0003239528866699067,0.05031751040130786
v1_0866,0.0054352664436535525,0.15900950420400234
v1_0867,0.0003600140640023124,0.0910812704727944
v1_0868,0.0026843725329126875,0.12161136991553005
v1_0869,0.002102579259798282,0.11963807151929823
v1_0870,0.0013152412329113096,0.090521848660979
v1_0871,0.0005412388952372945,0.25326531361769644
v1_0872,0.00021159756970030256,0.07659661028511748
v1_0873,0.003334413248232967,0.122066975293869
v1_0874,0.0001138734035174982,0.0715628594040682
v1_0875,0.0023971132682561232,0.19761311227615205
v1_0876,0.00021227450094387143,0.17949560562634742
v1_0877,0.0009666084809547031,0.08070208398472883
v1_0878,0.0024179841353425017,0.18580433629701676
v1_0879,0.000429172332213747,0.09479570484835279
v1_0880,0.0005536220652698604,0.14413374863124645
v1_0881,0.0027691158219669467,0.12451550143524853
v1_0882,0.000270516034773871,0.21106983546212316
v1_0883,0.0003668321190493886,0.19268597003926596
v1_0884,0.0024603017193559956,0.177718419364236
v1_0885,0.00012263257571210642,0.19086055845118294
v1_0886,0.0002467630259854588,0.03804453430561183
v1_0887,0.0014096643739954116,0.05263596498930867
v1_0888,0.00014660643791554687,0.08159623579811195
v1_0889,3.355730384113695e-05,0.19530447034794432
v1_0890,0.000500212663138008,0.114352165360668
v1_0891,0.0029723938274304616,0.4420318042974533
v1_0892,0.0006529155506976852,0.6376875574045672
v1_0893,0.0001901950040153053,0.0686924471451282
v1_0894,0.0012151759698774526,0.06924357935050815
v1_0895,0.0004722813686525284,0.04307533659857106
v1_0896,0.0002980618963268548,0.1875589913749813
v1_0897,0.0014809090825810593,0.20166615710025237
v1_0898,0.003174221023125918,0.11023489406774999
v1_0899,0.0005643249311696091,0.10799563757655958
v1_0900,0.004525766178237521,1.027726888348095
v1_0901,0.007779440535697262,0.45741684293964907
v1_0902,0.0253693473377747,0.7290102719071646
v1_0903,0.03236142108380989,0.7268418104004621
v1_0904,0.00040838087299226275,0.3639358905686281
v1_0905,0.004835318373598681,0.6702162304688246
v1_0906,0.0025373645495093966,0.6982787071578719
v1_0907,0.0214721445352561,1.4024811175541043
v1_0908,0.0019085486489095456,0.6356360596604852
v1_0909,0.0007904195542914897,0.4571713564190721
v1_0910,0.0006154366949404145,0.8867159075293402
v1_0911,0.004277467717821034,0.8219798884108511
v1_0912,0.002493596383132645,0.5850907937592468
v1_0913,0.0022983038422373613,1.086553753662675
v1_0914,0.0007482731215598221,0.5541668299935891
v1_0915,0.013470054146714427,1.339525557152926
v1_0916,0.0010595461379049112,0.578001938592665
v1_0917,0.019703078399725796,0.9046846903748286
v1_0918,0.0015595996148082356,0.6291633522874037
v1_0919,0.0016088600887335378,0.609114476080271
v1_0920,0.0013436791102502726,0.7085718768558528
v1_0921,0.0009148510912839994,0.575938202700259
v1_0922,0.017232072644120106,1.3713632261292343
v1_0923,0.0023563828590286804,0.6759788020861098
v1_0924,0.006252161195025905,0.6165971864124983
v1_0925,0.004080206895331853,0.9514674179537235
v1_0926,0.00102344594046951,0.8414884130065963
v1_0927,0.0011289307623802008,0.5791647800059296
v1_0928,0.00534634542341798,1.459925900006294
v1_0929,0.0006393557073542998,0.5776619121055302
v1_0930,0.011957444310809105,0.6676584859121623
v1_0931,0.0009597546870618548,0.5146598389662588
v1_0932,0.0029595861869871933,0.6869668581957213
v1_0933,0.0005708572578067995,0.41728987970234593
v1_0934,0.0029162631914615837,0.5654436535638339
v1_0935,0.00357573294240868,0.9242868833988515
v1_0936,0.01611697430314764,1.0030991707423713
v1_0937,0.0017822463864498733,0.5869584110255365
v1_0938,0.0015460506602841789,0.6252700845690793
v1_0939,0.004573763033651669,1.100310884705733
v1_0940,0.009877506855845538,0.9063578140900151
v1_0941,0.0010805573792178006,1.5186586102189534
v1_0942,0.01597505807037665,0.6548503048661394
v1_0943,0.0021943753781845862,1.0418936894261241
v1_0944,0.010295602934938346,0.7029254085029887
v1_0945,0.00783768789718272,0.5891530061394512
v1_0946,0.0010774715140420264,0.6171943743777866
v1_0947,0.026544081566296084,0.6767840191628955
v1_0948,0.010420474225235593,0.5723888495750551
v1_0949,0.0006796316564324616,0.4934791698701763
v1_0950,0.006413913590737179,0.6279444414944152
v1_0951,0.005462249151645802,0.8189324228354492
v1_0952,0.014165797426544386,1.1856389607530382
v1_0953,0.002363407261584558,0.6193400044353001
v1_0954,0.00803907238944118,0.6084967008173995
v1_0955,0.001738233812803847,0.4100148021213493
v1_0956,0.014483988239172498,0.6243972777913163
v1_0957,0.01028299849479631,0.5046178147003505
v1_0958,0.0018430855398597439,0.8255200809729177
v1_0959,0.015500808597364562,0.48804409291661216
v1_0960,0.004514791933527247,0.4991099875957344
v1_0961,0.0006249833180535166,0.7196113497238097
v1_0962,0.01832682044672997,0.5486466987192355
v1_0963,0.0008969173111377006,0.6505894849754394
v1_0964,0.01198621954877821,0.7319559540103249
v1_0965,0.030236227487999003,0.7673052321233506
v1_0966,0.0019933039066937844,0.5611915049067232
v1_0967,0.004418006344595609,0.7801142204337161
v1_0968,0.004791485319852281,0.6463386867615397
v1_0969,0.005476935544800421,0.6298194992445846
v1_0970,0.011841082048056496,0.7565400588057946
v1_0971,0.017947723334179044,0.4318452935697055
v1_0972,0.015463943774354921,1.3185377997633865
v1_0973,0.0013517587465504174,0.8939397330427994
v1_0974,0.0013812814783946993,1.0553169201563188
v1_0975,0.003128501808907719,1.021400946679392
v1_0976,0.0012945282730324457,0.7556706916079228
v1_0977,0.006702872337887481,0.5141406956624532
v1_0978,0.00571113218052396,0.4002063554071964
v1_0979,0.0014089213074954742,0.6936237980973103
v1_0980,0.0036494632596023023,0.4803681476904182
v1_0981,0.014085319638960432,0.5858068262463684
v1_0982,0.0008779931111592007,0.8751953839581682
v1_0983,0.006170872442797994,0.8088495245321274
v1_0984,0.0010621291289282739,0.7936245276562631
v1_0985,0.0006469201332692852,0.46644710659041705
v1_0986,0.0005907400989123387,0.4660304551809224
v1_0987,0.017157603036607277,0.6265434807787444
v1_0988,0.008461965681073906,0.554427287271552
v1_0989,0.011943733134887476,0.7277464594623226
v1_0990,0.010740570713281276,0.5804655447408738
v1_0991,0.01190737271968391,0.7995398714886913
v1_0992,0.015979997072398316,0.6504673426457145
v1_0993,0.0024419828853148736,0.7650749811563146
v1_0994,0.0006982909851413799,0.6973087117433808
v1_0995,0.0016460267622188727,0.9457205533891201
v1_0996,0.015082410770094892,1.3192094195241637
v1_0997,0.006550957426711694,1.1493976900274003
v1_0998,0.009502360428908297,0.7259775372533582
v1_0999,0.0020059713037570578,0.5207503702917418
v1_1000,0.002283876181275511,0.8529825646661574
v1_1001,0.0007082315940137321,0.40174135599499516
v1_1002,0.0008283181785092111,0.15810341597094324
v1_1003,0.006177202371883147,0.8731272400990793
v1_1004,0.0043353262071303056,0.8581614451032336
v1_1005,0.00037539589609685746,0.16784729601534865
v1_1006,0.0029066828414035842,0.689605176913827
v1_1007,0.0032428928890441593,0.47662344761350545
v1_1008,0.004424805893648116,0.8650853543217384
v1_1009,0.001399810571901118,0.19226505894237012
v1_1010,0.0007654766069533391,0.12151283139488078
v1_1011,0.001064076203088629,0.3717528839248506
v1_1012,0.005027072290544749,0.27313784392616436
v1_1013,0.0002849169558677729,0.24109646106786292
v1_1014,0.0009315242926805817,0.4690197686463532
v1_1015,0.0013605888642837227,0.5656903146167944
v1_1016,0.0004349144856553963,0.3582058492365223
v1_1017,0.0029957169811249775,1.100870195704269
v1_1018,0.0009054041413694424,0.5083214340167374
v1_1019,0.00020577270645784912,0.21974739515309571
v1_1020,0.00255321567599895,0.24041525072641923
v1_1021,0.0017118251359226685,1.1998536534139832
v1_1022,0.00038360997330967134,0.2568406423192058
v1_1023,0.001093643579024569,0.20478692585686598
v1_1024,0.00878856133922775,0.4911697567093138
v1_1025,0.0035940867999825375,0.957346618243972
v1_1026,0.0005952662091172582,0.2807992500481299
v1_1027,0.0035979661131527794,0.6370209987328339
v1_1028,0.014518992680455001,0.6746450341570025
v1_1029,0.016607555223287624,0.5956394568431513
v1_1030,0.0035553285539178204,0.28531454833795467
v1_1031,0.00018646704108962885,0.2932056277766857
v1_1032,0.0003822530709245768,0.16157680073526803
v1_1033,0.0022010003883847877,0.34741761827857565
v1_1034,0.0009748550718482554,0.5343091145683148
v1_1035,0.0015587598720058294,0.6375585815719162
v1_1036,0.00043636823973069327,0.550495266781021
v1_1037,0.0028834735289285235,0.5143160311994094
v1_1038,0.00232181629480363,0.3411047024417453
v1_1039,0.004462058681829062,0.14685535904200853
v1_1040,0.02262581806446668,0.7918592716339836
v1_1041,0.0028730848958221527,0.3964096911052153
v1_1042,0.0028356265717645055,0.36200321578626526
v1_1043,0.004116276555468447,1.1848552224198508
v1_1044,0.0011842625135323184,0.886317036745078
v1_1045,0.0005508685986709388,0.5309835712865298
v1_1046,0.002050103765303146,0.7480068817159742
v1_1047,0.010123267766666284,0.3811107789149829
v1_1048,0.0108021017769506,0.31506308188134124
v1_1049,0.021568655182453732,0.6763297512509495
v1_1050,0.0011337992216734318,0.24937241566818835
v1_1051,0.000605459790365762,0.29326458718744286
v1_1052,0.00019462547793481705,0.31792981963595246
v1_1053,0.0014179376589473216,0.5781480593436314
v1_1054,0.007511217715136673,1.1705589972139168
v1_1055,0.0010223532690516318,0.9423650786948166
v1_1056,0.01611683541364143,0.584735500199914
v1_1057,0.00038121204198983313,0.41323970214685235
v1_1058,0.0010305027836718425,0.44735728208861003
v1_1059,0.0013508135369506397,1.0104576853176552
v1_1060,0.023823020665865047,0.7376007193550391
v1_1061,0.0012051144972204876,0.5689235542384963
v1_1062,0.0016909519946840517,0.4736547460939411
v1_1063,0.01007083545205031,1.1892940373677903
v1_1064,0.005941296721069096,0.6601451305836075
v1_1065,0.022532128342847155,0.9170552593444286
v1_1066,0.00902731771363774,0.3964756147313193
v1_1067,0.0007696637491499896,0.4295900764762814
v1_1068,0.011190634524818234,0.39933550977179855
v1_1069,0.005223903143395427,0.7485450074143994
v1_1070,0.0032993961691095237,0.8798868170080383
v1_1071,0.0013031272287360824,0.8613322756283518
v1_1072,0.004047491174142535,0.7398061970682792
v1_1073,0.0010806539043702991,0.19498381685540256
v1_1074,0.022234749256245644,0.8850213840178717
v1_1075,0.022778868309399347,0.8194828502450957
v1_1076,0.0043111547994675115,0.21340872428695634
v1_1077,0.00769840403298509,0.21239267971267883
v1_1078,0.0011894040067668404,0.13982193466597082
v1_1079,0.00033402417206187634,0.15159557157234071
v1_1080,0.0019978508478331303,0.17309481906253843
v1_1081,0.00834701991036402,0.8947874089421872
v1_1082,0.002822135065217453,0.6712874426309487
v1_1083,0.0005086348964696682,0.34955475859546403
v1_1084,0.00479370559916046,0.7485494923096757
v1_1085,0.001324576338086704,0.23893844730714142
v1_1086,0.014672910009951924,0.3749970818950048
v1_1087,0.009708852301002104,0.48234303523627053
v1_1088,0.0007072243540624311,0.6198875899490317
v1_1089,0.0006457616949482148,0.15767938674473925
v1_1090,0.0040091434757209485,1.1356691747712284
v1_1091,0.011491782855494131,0.36327534139834766
v1_1092,0.0010992826312810852,0.8413446727166877
v1_1093,0.007594017218681976,0.6482418777479644
v1_1094,0.0021490798629385777,0.5422622376315235
v1_1095,0.003474140625037151,0.7400167192472551
v1_1096,0.00019190421070040128,0.24455473423472607
v1_1097,0.006073696718453222,0.8763721751900095
v1_1098,0.00032551126765489066,0.17428489338998
v1_1099,0.0019664400481475917,0.8819100541467952
v1_1100,0.0015868447576992508,0.6059977193632442
v1_1101,0.010314463615081329,0.9710410376504475
v1_1102,0.004351550914089768,0.3971668105795472
v1_1103,0.01263957848149356,0.9399895803057137
v1_1104,0.00868181551649068,0.8172406962449945
v1_1105,0.0028571067856636967,0.4762616600076935
v1_1106,0.016200993944008094,0.9917023998928103
v1_1107,0.008954487057157571,0.7548815494373636
v1_1108,0.006329799484505841,0.8585083263489979
v1_1109,0.008994416185572715,1.4867922472462485
v1_1110,0.006823420285481672,0.9076918470389191
v1_1111,0.001041362353822991,1.0476015841380264
v1_1112,0.009246879152317084,0.3086350349056938
v1_1113,0.004770297333624328,1.1001228451247511
v1_1114,0.010782039702722986,0.647988612747046
v1_1115,0.009917240139593761,0.5948635235366624
v1_1116,0.0018953618130522082,0.9877804698766333
v1_1117,0.008504192039149277,0.5488099024974104
v1_1118,0.012814256743737465,0.369340333112898
v1_1119,0.01370076349104735,0.43657246457751747
v1_1120,0.0018427709354096847,0.9289039360503212
v1_1121,0.010054751165273644,0.6224177566409518
v1_1122,0.005444239007230584,1.3556433085202308
v1_1123,0.010771687927350474,0.8807260704953849
v1_1124,0.008535658351112276,0.4724325969559345
v1_1125,0.008210216649658137,0.4863175980031806
v1_1126,0.0016542379775344404,0.48499900115183364
v1_1127,0.0014400028315663441,0.957713380638175
v1_1128,0.004418297834907104,0.5592355556247783
v1_1129,0.0030799797058104904,0.5422443111256371
v1_1130,0.001031067960168411,1.0218933970020205
v1_1131,0.00039210623046256557,0.30808010442872924
v1_1132,0.017788047749566042,0.5157152044306256
v1_1133,0.006219629157048829,0.6836951536555923
v1_1134,0.0029194378007585445,0.6639596395124859
v1_1135,0.013535463727628027,0.7647072489887654
v1_1136,0.001215818899966088,0.5242193278224005
v1_1137,0.00512297746270767,1.288251502713609
v1_1138,0.015665018127798823,0.6652835621729499
v1_1139,0.003186961340196467,0.5117834622289001
v1_1140,0.01961654270433834,0.8419272452097191
v1_1141,0.002597669560226145,0.6978450726689341
v1_1142,0.0008699839585369515,0.7202677341479604
v1_1143,0.0028331914186337194,0.8523965104926695
v1_1144,0.015553392502041997,1.2015326991684936
v1_1145,0.014691000078483741,0.7905514312327856
v1_1146,0.013267478998558525,1.696529746688423
v1_1147,0.011406973714749412,0.5715262190040261
v1_1148,0.003014395220769852,0.7443097379090425
v1_1149,0.006420184863913438,2.77577010760789
v1_1150,0.005680533852285961,0.7140211241714779
v1_1151,0.015772368182876785,1.173108726015855
v1_1152,0.0034058311276863426,0.8704137135808889
v1_1153,0.00498804375430291,0.4406725206923034
v1_1154,0.0010903627258233388,0.7335020882427196
v1_1155,0.0008608317418034325,0.6897276087580754
v1_1156,0.0010290403739467247,1.038191434033639
v1_1157,0.024256354784917708,1.463976591394278
v1_1158,0.00999524995122323,0.6063800478588126
v1_1159,0.005344946709702217,0.8114301113160827
v1_1160,0.004320492773111956,0.7984103079639672
v1_1161,0.01615103776821837,0.714183885502978
v1_1162,0.0010112802903308375,1.1670261247725568
v1_1163,0.00320902089107161,0.596357382703639
v1_1164,0.01787317496234161,0.6979848638386447
v1_1165,0.018852191855162632,0.6663943452543921
v1_1166,0.006897893628217566,0.7060705001103572
v1_1167,0.005813983090850123,0.6643326585921385
v1_1168,0.002214611939912023,0.5882749606193817
v1_1169,0.0014179982305448718,1.227835704570509
v1_1170,0.012072115798923692,0.7521272440485589
v1_1171,0.001628707594974151,0.759050537189299
v1_1172,0.004811002728271787,0.524796487083643
v1_1173,0.011272589765802272,0.6889791395600919
v1_1174,0.0037520383862006544,0.745430576291337
v1_1175,0.01407963136757349,0.5689947405082197
v1_1176,0.0026028872289579567,0.6804478436105873
v1_1177,0.011776470065657447,0.6066719686974091
v1_1178,0.027787962716518275,1.5306134250398757
v1_1179,0.011213292207093583,1.3414704883461603
v1_1180,0.0022802299781786743,0.790924866636023
v1_1181,0.004866057842561858,0.8670267849615305
v1_1182,0.0036641331041142155,1.0667929850026265
v1_1183,0.02107275725279922,0.7037372858858293
v1_1184,0.005020286017184301,0.9647165069409076
v1_1185,0.0059896620507137975,0.36846898238470654
v1_1186,0.005428770937242471,0.3937795419305971
v1_1187,0.006884637480506567,0.8093868140180164
v1_1188,0.0026997128341820684,0.847327440446179
v1_1189,0.01938170029228096,0.6991854502636617
v1_1190,0.005946289330169372,0.7663022371028695
v1_1191,0.0028533293302200184,0.474927647948778
v1_1192,0.010719900021493572,0.42400270570320475
v1_1193,0.018043102984788374,0.49123646356297773
v1_1194,0.014383797337239473,0.6555912505627417
v1_1195,0.005116392448451491,1.0798387445226136
v1_1196,0.0031251517102875016,0.6694097448378458
v1_1197,0.0008175461040889225,0.5237238934316705
v1_1198,0.002527572568241294,0.8581352165484433
v1_1199,0.002005850245536953,0.7561085244583711
v1_1200,0.0010712315494902011,0.32674165247070974
v1_1201,0.013646755332819784,0.8345618089632841
v1_1202,0.0030201292191820643,0.7750598470104955
v1_1203,0.0023500099843630595,0.5922728287231681
v1_1204,0.013453184601951235,0.7749854620864851
v1_1205,0.00466217390341934,0.5320656647645237
v1_1206,0.0014327269350345017,0.17207988634357296
v1_1207,0.0031908963646107673,0.262953836062475
v1_1208,0.005155292675216595,0.7154523173018692
v1_1209,0.0008201084574204982,0.41022977633616253
v1_1210,0.007290820348974162,0.748416453615873
v1_1211,0.0018964018144850179,0.4788069271671922
v1_1212,0.0016845363652238708,0.37385119204169404
v1_1213,0.002732191303289008,1.0110553804903553
v1_1214,0.001741251607181134,0.4892024815915982
v1_1215,0.00019524816414610973,0.10285104672307677
v1_1216,0.0004982219109399732,0.2197014881880317
v1_1217,0.0007644136577931298,0.37357618370336115
v1_1218,0.0042712076382641975,0.5096213112603687
v1_1219,0.001503553726718575,0.4168299912240701
v1_1220,0.002539028635925659,0.45141142388520805
v1_1221,0.0006150084999371661,0.231918833294384
v1_1222,0.001684264761194394,0.4072073495946906
v1_1223,0.00019338537374979345,0.29816935883735907
v1_1224,0.00640111119850476,0.5319789034300807
v1_1225,0.007153400997967479,0.7789026761747431
v1_1226,0.0005869518462480098,0.2509182148876927
v1_1227,0.009152160025584397,0.757874052825964
v1_1228,0.008591227075229848,0.445783926604266
v1_1229,0.004567777658976922,0.9297364173998749
v1_1230,0.00272528967023569,0.39347427114361744
v1_1231,0.03010397458780937,1.0541568056762742
v1_1232,0.00033553019288991683,0.31479726808317765
v1_1233,0.001270381859948763,0.1612318292047748
v1_1234,0.00021609413562498936,0.20287506075876705
v1_1235,0.006814056626027457,0.7316336242150641
v1_1236,0.004036029086964919,0.5282827002048462
v1_1237,0.003994533730763521,0.22716882899421698
v1_1238,0.0012284650165537828,0.6104114481106468
v1_1239,0.009568568006113,0.5161922020462164
v1_1240,0.0034449674432179955,0.4287573771617449
v1_1241,0.000719973373646815,0.4934259081958705
v1_1242,0.0036748940603112084,0.5473931267155818
v1_1243,0.002526055059640889,1.0635504372815494
v1_1244,0.009701442328750276,0.8978856145616192
v1_1245,0.0004960516838928341,0.4748298776498609
v1_1246,0.0018845514603524432,0.47856562104306766
v1_1247,0.02955231545564476,0.648152997956133
v1_1248,0.000232569132285284,0.11208751091319902
v1_1249,0.0064116508781084675,0.45280100192665157
v1_1250,0.003489935990653774,1.0795350704398583
v1_1251,0.0070242906426102305,0.7001281691469684
v1_1252,0.0005269258023606583,0.4069195167158226
v1_1253,0.002446174185801331,0.3002331148553772
v1_1254,0.00748961301303198,0.781976357460514
v1_1255,0.008731823808944099,0.26904290377058715
v1_1256,0.013317813644902081,0.7693314832833906
v1_1257,0.0009377623230491229,0.2274135017985902
v1_1258,0.0161222342660978,0.7483821389100724
v1_1259,0.010592715565848523,0.6568063036861269
v1_1260,0.003595170586284911,0.1587858690297631
v1_1261,0.03724148745116125,1.0650866331601831
v1_1262,0.0006188821618739143,0.246271368466494
v1_1263,0.0034987612387254612,0.41439269784295896
v1_1264,0.0031833055288026943,0.5808103515710099
v1_1265,0.023500892996566387,0.8507062500624009
v1_1266,0.004552003750530062,0.8273215828009512
v1_1267,0.0062861043058303825,0.669465472323987
v1_1268,0.002865292692158793,0.6797449359829129
v1_1269,0.026046018945208745,1.0015634674608251
v1_1270,0.00036686267075874566,0.4498733472241295
v1_1271,0.0004885232015604439,0.15597215334978853
v1_1272,0.00490143614153736,0.7638240554516417
v1_1273,0.0032613888391192867,0.6232751847051707
v1_1274,0.016550102036578543,0.39346255486837634
v1_1275,0.04819636517836114,1.2292314400441526
v1_1276,0.0007693953070094347,0.3597510547824516
v1_1277,0.0014023587575651647,0.8072107328942554
v1_1278,0.0036528556068685302,0.31060707981864866
v1_1279,0.0006431561203004547,0.3125517210100157
v1_1280,0.012940275720802115,0.8335846930805874
v1_1281,0.0050026209475832195,0.29423731964995903
v1_1282,0.001673056788808062,0.45275473356391105
v1_1283,0.000528213274780391,0.1859381257769549
v1_1284,0.0013846969087041776,0.6790990570592378
v1_1285,0.0015406282902897073,0.3277442225815467
v1_1286,0.0022179427756077045,0.3323557734566791
v1_1287,0.012562190630024823,0.3768233944603234
v1_1288,0.0019044838158529072,0.15196933981479332
v1_1289,0.007866863226745433,0.4025506381603011
v1_1290,0.020121910477636163,0.9273298082002817
v1_1291,0.0014199922725657286,1.2787118637095503
v1_1292,0.0028467063181296846,0.3996213794204675
v1_1293,0.0009006638058876214,0.760660660669982
v1_1294,0.010506363128620232,0.5812656171954433
v1_1295,0.002055810132428569,0.3711041680383238
v1_1296,0.0035344263672243926,0.575650234343231
v1_1297,0.0009477779508709252,0.2819733915319026
v1_1298,0.00913323438940961,0.45095816436318475
v1_1299,0.009628951300730559,0.8372096836871625
v1_1300,0.00016281380649843082,0.35038533528606597
v1_1301,0.0031794941223871926,0.14671309997760099
v1_1302,0.0029923520992162483,0.29821942472725516
v1_1303,0.00033488376636677143,0.20459375406911134
v1_1304,0.0005475533248338345,0.24023343220384505
v1_1305,0.001636331866215365,0.1292839700485329
v1_1306,0.0032199265027910914,0.15349460396916564
v1_1307,0.004844275929235094,0.2959917825912779
v1_1308,0.0013459350677997365,0.15043446659445342
v1_1309,0.0013522157706364617,0.4337706729721831
v1_1310,0.009178785307877569,0.28786494338620416
v1_1311,0.00018631481545721595,0.20549103267128216
v1_1312,0.0005921944783430108,0.2082346253470345
v1_1313,0.0003998057581379938,0.1670724405415395
v1_1314,0.0008563205431152826,0.20089583722365367
v1_1315,0.0002511793926028098,0.11191172388452666
v1_1316,0.0008786132807802484,0.3026291786340219
v1_1317,0.0011795491316621972,0.07155890154930773
v1_1318,0.001093447499751202,0.1794648543853547
v1_1319,0.001429062894675998,0.22740372425638128
v1_1320,0.0005028194354558315,0.309938337833808
v1_1321,0.0003596695093887837,0.2705137062998244
v1_1322,0.0007232933882497781,0.30535338214296553
v1_1323,0.0018407560394208833,0.19900487374717446
v1_1324,0.00024380961609847863,0.150954763710043
v1_1325,0.0007130375402730071,0.14737418347879747
v1_1326,0.007268514891170825,0.1480839657226574
v1_1327,0.0039060760940328944,0.11170892117449586
v1_1328,0.0006705918646077836,0.20145713316079875
v1_1329,0.0001743686102442845,0.12517778415165265
v1_1330,0.0036495099960562436,0.24467251115791627
v1_1331,0.0006723983729361925,0.20163240685763573
v1_1332,0.0002094028059837459,0.16370802069105106
v1_1333,0.0003693708843395227,0.15784732282393088
v1_1334,0.008068645848384662,0.7848119809988583
v1_1335,0.0005597708910672941,0.2050843902773395
v1_1336,0.0024070550108148472,0.1963906099519173
v1_1337,0.005826721709570066,0.23623131912644463
v1_1338,0.0029492587061314248,0.15220878417198894
v1_1339,0.002299460213199902,0.29803055987546495
v1_1340,0.004836185483022204,0.16842144742091858
v1_1341,0.0009614219856792335,0.10069759471841257
v1_1342,0.006726123185211615,0.1976839303377296
v1_1343,0.0006759722633886489,0.22050049068949537
v1_1344,0.0015418879004493605,0.08705390080859471
v1_1345,0.0002249985977586536,0.08515042177034018
v1_1346,0.00583744129552076,0.3577128076522613
v1_1347,0.00037893060075445663,0.25624285047848133
v1_1348,0.0015633052564219048,0.3819950939968098
v1_1349,0.00015325804508059957,0.1479189683636578
v1_1350,0.00102351072475796,0.12721179992385176
v1_1351,0.0006589165752146004,0.27490801297876066
v1_1352,0.0004961534169562031,0.15169471108259813
v1_1353,0.0047270661601921705,0.1812627083560139
v1_1354,0.00039990644067675697,0.18057059402856512
v1_1355,0.0004251061193649859,0.21168924099890724
v1_1356,0.0012248204568935646,0.9868560735990448
v1_1357,0.000591317678989692,0.21114026081520218
v1_1358,0.0013128913521821936,0.30740140981227027
v1_1359,0.0008847853954872225,0.3307795647471485
v1_1360,0.008379141135183414,0.23217092043876328
v1_1361,0.0010987968567969008,0.12433104858750232
v1_1362,0.0006430285423971604,0.18009037544955267
v1_1363,0.00018312775507560498,0.40211661244949015
v1_1364,0.00024743905035421674,0.16179005573722013
v1_1365,0.0012709445297239947,0.09798670691784342
v1_1366,0.002748923376446294,0.1244252811693938
v1_1367,0.0019871074827084046,0.10057058112801164
v1_1368,0.00026455870139761715,0.2221323256640161
v1_1369,0.0028223738951065136,0.2118436819965351
v1_1370,0.003279293631921166,0.34452680998197943
v1_1371,0.0032548354405480782,0.19188752416571905
v1_1372,0.0010340787090569927,0.14326783255553055
v1_1373,0.0008129306648406089,0.14367323403551296
v1_1374,0.0002953572296362198,0.25325589971882667
v1_1375,0.00626633704961914,0.318453760114926
v1_1376,0.0014348951607072228,0.22330791702177966
v1_1377,0.008775268348712598,0.743371066313706
v1_1378,0.0005748526092037461,0.09626653451032523
v1_1379,0.0002349888496809968,0.21602618015557767
v1_1380,0.00826483013099278,0.2110794931945433
v1_1381,0.00013124497083750105,0.0831920453214078
v1_1382,0.00034284586332694383,0.13121245016560978
v1_1383,0.00038344101890362497,0.35499814751698927
v1_1384,0.005921516040207557,0.18235270616183255
v1_1385,0.0055078841673620775,0.3039939041956074
v1_1386,0.00037476848482344673,0.23818897339148687
v1_1387,0.002897810432972961,0.13778673052793775
v1_1388,0.0006806662284153592,0.1497289565387447
v1_1389,0.0026780653800732596,0.23739777294235992
v1_1390,0.006027749600423819,0.16595224388243154
v1_1391,0.0003984557675858518,0.20871359733437558
v1_1392,0.00043581787788646255,0.1987630468317427
v1_1393,0.001272969467496831,0.5365498642717073
v1_1394,0.00032681444690824487,0.09429244241597157
v1_1395,0.004421206996476711,0.13715660064590332
v1_1396,0.010070326694560013,0.23118503620604425
v1_1397,0.0006055361719872052,0.2643668618475879
v1_1398,0.00019722089339043993,0.18802677211328794
v1_1399,0.000526856865599613,0.23992792604796412
v1_1400,0.0011531441424287186,0.04783377913729958
v1_1401,0.002466020865540426,0.5062149143853149
v1_1402,0.00010301563298004237,0.12852616297938896
v1_1403,0.0017604633895666338,0.3015278030121284
v1_1404,0.003808510883813079,0.19965914504097593
v1_1405,7.799705369030568e-05,0.03995407310638385
v1_1406,0.0020273395127895096,0.07354352571181078
v1_1407,0.0017486382919035186,0.10526502749508031
v1_1408,0.004140315642980601,0.1566057553524156
v1_1409,0.0016806209153584007,0.5358135061554521
v1_1410,0.002157000768223186,0.27039944857842646
v1_1411,0.0005134016702367588,0.12771567979758341
v1_1412,0.00023898750144181875,0.23365432396128155
v1_1413,0.00032382454580650607,0.07756135346611547
v1_1414,0.0016958020636030093,0.3194825165573597
v1_1415,0.0059309379969537815,0.21313085166300377
v1_1416,0.00012456258955282742,0.13450211169096232
v1_1417,0.0077200655424432135,0.43128819709573296
v1_1418,8.039692567877031e-05,0.026168000339337305
v1_1419,0.014983358574188723,0.9082560157366306
v1_1420,0.002036706665383418,0.10767607866994881
v1_1421,0.004731258277778137,0.19191111826781126
v1_1422,0.007930723084203674,0.19987762655117874
v1_1423,0.013094500679703974,0.35724700903866313
v1_1424,0.0004772982347205036,0.5105124018070404
v1_1425,0.0018863996966734192,0.33281746724372124
v1_1426,0.000343569109407668,0.0804771156217685
v1_1427,0.0001425804999834893,0.08071899678172888
v1_1428,0.00014670902381985708,0.09376216475604997
v1_1429,0.001852682264068943,0.6573929835021959
v1_1430,0.0007392572573940546,0.0940224310491856
v1_1431,0.0009868070392546043,0.16686179119287764
v1_1432,0.0004932984874856016,0.16691398544628455
v1_1433,0.0034765752567677295,0.1126710334373091
v1_1434,0.0014881927094146014,0.10141149698692668
v1_1435,0.00016518924142041997,0.0339328280798068
v1_1436,0.0006466805473765688,0.07068405227699948
v1_1437,0.001651308266580062,0.6727646100146367
v1_1438,0.0028105940615080144,0.10240860829693675
v1_1439,0.0010893464810348191,0.20271822948256035
v1_1440,0.001803973394494875,0.0799064157392013
v1_1441,0.0019006038403545282,0.2566372127116263
v1_1442,0.0022224228439923642,0.08139931536083554
v1_1443,0.0003580242057885154,0.19966274325758987
v1_1444,0.0021657804342326784,0.2201571017566356
v1_1445,0.0014685537181473554,0.6275749808984384
v1_1446,0.000674509810793867,0.14699532031009416
v1_1447,0.00025285383085340977,0.04173301968853238
v1_1448,0.003545073255382102,0.20915083780517868
v1_1449,0.0002685490160715568,0.19481392346022675
v1_1450,0.0006131877704023672,0.026528757172676554
v1_1451,0.00046126238520614735,0.14704933287698718
v1_1452,0.0014910862613192943,0.04887469069819783
v1_1453,0.000996298862334935,0.03053327762709329
v1_1454,0.0009938521948675964,0.03488932518776361
v1_1455,0.009243323548108926,0.35299161627760967
v1_1456,0.0009674739289487899,0.3119691404345387
v1_1457,0.0029022107010777585,0.22224474833988095
v1_1458,0.001802653586955539,0.17503207406651222
v1_1459,0.003004692969448068,0.10540697931779218
v1_1460,8.067189828767231e-05,0.05280926182706264
v1_1461,0.00017234677583591153,0.19286043041551637
v1_1462,0.0004370163722637836,0.16874483585790656
v1_1463,0.002205975100983148,0.8518536591636924
v1_1464,0.00020163824582000538,0.0762333751040931
v1_1465,0.002350118322652607,0.09021600934815353
v1_1466,9.620054045625566e-05,0.06051098459043769
v1_1467,2.4105368591906173e-05,0.030170544699246737
v1_1468,0.00035416866159128553,0.15981663793502465
v1_1469,0.00030975944803985657,0.09634268413631707
v1_1470,0.0009886545637405445,0.04138498154994463
v1_1471,0.0005927814347706939,0.07682218932899863
v1_1472,0.0010018877830150238,0.1978516043486352
v1_1473,8.17372192170822e-05,0.05376633894270111
v1_1474,0.0006166867510096895,0.2111190568393908
v1_1475,0.0008591450118061666,0.3574482005694974
v1_1476,0.002111811628454594,0.12627934826354142
v1_1477,0.00017751196024661103,0.030088048048218186
v1_1478,0.00019061927900012902,0.22866359719590396
v1_1479,0.0010923740091735533,0.48177803165820127
v1_1480,0.002468801310872295,0.6103144764228663
v1_1481,0.0003508830065552039,0.11599766378101249
v1_1482,0.00016285693932684413,0.04916665948350024
v1_1483,0.00028779120612379855,0.05429834766747077
v1_1484,0.00018362974225786085,0.21626755835700495
v1_1485,9.446223952009993e-05,0.08560705402044154
v1_1486,0.001557496215231069,0.4691951913409074
v1_1487,0.0013814117210378832,0.04816461223788532
v1_1488,0.0010669089242289792,0.31170718020164445
v1_1489,0.0005220625546546722,0.3342690967739405
v1_1490,0.0002737873795857606,0.213595147299376
v1_1491,0.014685610131836817,0.35548259660217824
v1_1492,0.009569373537303652,0.31555428699033117
v1_1493,0.023021381458545383,0.6336784300568822
v1_1494,2.5336244335375e-05,0.026741726068092664
v1_1495,8.235407661202341e-05,0.03872951446039313
v1_1496,9.55751597250457e-05,0.06254888927920854
v1_1497,4.526641790440841e-05,0.026487300007238757
v1_1498,0.0009867977420669274,0.8023351914552622
v1_1499,0.0006823961677896336,0.666293459200463
v1_1500,0.007283058070750126,0.22870757684465898
v1_1501,0.0003284782873910747,0.09386872874300606
v1_1502,0.0007894983921514007,0.6050022370871271
v1_1503,0.0013502481027457616,0.04480139301751945
v1_1504,0.0028316790326445257,0.1032185715092574
v1_1505,0.0052355659212072695,0.23361131536556345
v1_1506,0.0004379662645059441,0.27808111235245825
v1_1507,0.0017004122773434532,0.24375641507810802
v1_1508,0.0014916057728386733,0.1037676643657724
v1_1509,0.00031544025558518534,0.07858119412478604
v1_1510,0.000532495872355953,0.09054644931315231
v1_1511,0.016447544811040934,0.5547237568129023
v1_1512,0.008324719471761404,0.3066868890734938
v1_1513,0.002538661214043643,0.33198304955360286
v1_1514,0.0003946736492674349,0.09197330118635982
v1_1515,0.0007447439173305693,0.11903685912128131
v1_1516,7.137820256379277e-05,0.05427589567402524
v1_1517,0.005874485775133647,0.3229265074350498
v1_1518,0.004605476354827452,0.2684299545193212
v1_1519,0.0007155570988168833,0.04178155485124502
v1_1520,0.0006693764361171682,0.10230401494099695
v1_1521,0.00064220161370428,0.22306778225752988
v1_1522,7.611893449956942e-05,0.050273932083854
v1_1523,0.0001350000244373382,0.11857370585807692
v1_1524,0.002000712107844788,0.14714356382165827
v1_1525,6.40247548307844e-05,0.053049886381807076
v1_1526,0.0002814956742570754,0.14033301237392432
v1_1527,0.0013023505686941936,0.04608499484523587
v1_1528,0.0005227161645809819,0.4585047257529973
v1_1529,0.01114267714977906,0.5946797839841729
v1_1530,0.000940413757471377,0.2868387594160113
v1_1531,0.0007176204996236021,0.33094992392248757
v1_1532,0.00504806840090213,0.3493668766220893
v1_1533,0.00037249804541142627,0.10936260138058773
v1_1534,0.0006407815622135017,0.4397164951062785
v1_1535,0.0002399974957589661,0.06617798675542153
v1_1536,0.005110264221632861,0.2595952271203458
v1_1537,0.0021297694939230757,0.09842993498240316
v1_1538,0.0013866555075020006,0.08644711760579527
v1_1539,0.012248172696955868,0.4033079687501062
v1_1540,0.0016038834099800132,0.3531550984876195
v1_1541,0.006261779593830264,0.841862251798636
v1_1542,9.972043951582814e-05,0.028473244355426308
v1_1543,0.0014084802821731127,0.21724950665337484
v1_1544,0.0005469690333873366,0.13319660293535762
v1_1545,0.0001520392872630739,0.08140654568732425
v1_1546,0.0006469749479213514,0.6726267954507282
v1_1547,0.0009200009147709634,0.31901359213388447
v1_1548,0.00024113467732577237,0.10906288204015552
v1_1549,0.002628448760429254,0.13938389180753574
v1_1550,0.004484596715612095,0.36244647616090997
v1_1551,0.005205999351828733,0.4110506637449353
v1_1552,0.0017137962660435351,0.30699042023021583
v1_1553,0.00030098747839258136,0.1414766932707635
v1_1554,0.00021824904500438892,0.08287006518223522
v1_1555,0.00011067686128859078,0.05982929699527728
v1_1556,0.0014899007685678111,0.40002007192352373
v1_1557,0.00011932301788645367,0.05126057179173499
v1_1558,0.0011960711858232584,0.19086616154025404
v1_1559,0.0007396980272580402,0.6501855458185568
v1_1560,0.0049317056074474515,0.6013735391827699
v1_1561,0.0006624022034278701,0.16588550019107007
v1_1562,0.0008877126764574252,0.12342702226259306
v1_1563,0.0006433187512424433,0.14011341000220295
v1_1564,0.010734549791229479,0.35046430694220043
v1_1565,0.0006106435306571429,0.12774745753854294
v1_1566,0.00020681446766469475,0.28347258401517955
v1_1567,0.0007424234373169693,0.05598747434225776
v1_1568,0.0061059495494908255,0.40553981432407304
v1_1569,0.0043254708188103395,0.1320551239600946
v1_1570,0.000802114190233884,0.33423402440126093
v1_1571,0.00032721183629643363,0.14497322502661564
v1_1572,0.00039356729889970576,0.1598197886098342
v1_1573,0.0023660909968130387,0.5190132193185069
v1_1574,0.0001138862244044703,0.06551506771665028
v1_1575,0.001365541809432809,0.5817043687670284
v1_1576,0.001255267443708274,0.49666319484269694
v1_1577,8.361042502204877e-05,0.06582734677659785
v1_1578,0.00020622998449727412,0.14426319418588807
v1_1579,0.0006292280917991361,0.4058148953949155
v1_1580,0.0002462339554642779,0.13510765519870155
v1_1581,0.0004295295741237554,0.21459172184756542
v1_1582,0.00079823822152643,0.03735077688931676
v1_1583,0.0002489421756623782,0.08990035964910004
v1_1584,0.007657332471818517,0.26651281522908243
v1_1585,0.0004094176838149518,0.285277573760257
v1_1586,0.001468327452144556,0.12701056131179256
v1_1587,0.004609781330451544,0.25435570101916893
v1_1588,0.017645730145603354,0.6828381134682001
v1_1589,0.00010826476538823855,0.09306864856174635
v1_1590,0.001015565077779092,0.43698535934437
v1_1591,0.002062163695441214,0.07787347233643793
v1_1592,0.00037810666419138355,0.0490603441443212
v1_1593,0.00423908414554203,0.14770818428371424
v1_1594,0.0038841255103037537,0.8353441195034262
v1_1595,0.0012450271881856768,0.6011630808471502
v1_1596,0.0009997419242128085,0.05046397638000916
v1_1597,0.00010503582912927305,0.06728427985658136
v1_1598,0.0015104637556286847,0.047368010129562266
v1_1599,0.004231279274839708,0.2216359787578095
v1_1600,0.002069726903664486,0.22163696850284142
v1_1601,0.0002786914747955414,0.2703035634592078
v1_1602,0.0021707971340731626,0.2134651798581343
v1_1603,0.0010491709378522758,0.63430922111386
v1_1604,0.003246129618154705,0.31782979934964134
v1_1605,0.00031099974095139687,0.25034553689644
v1_1606,0.0032348258300427144,0.2854482025104396
v1_1607,0.0015077266640420453,0.10770878964115622
v1_1608,0.0012012117695598637,0.12249815332063994
v1_1609,0.0014906167173908756,0.23887989085577888
v1_1610,0.0005419782846847288,0.4354815184431116
v1_1611,0.001232101128304316,0.14903258528260116
v1_1612,0.0022838757462615563,0.2075391177020388
v1_1613,0.0001671476949676602,0.13503477328345148
v1_1614,0.0019022214552094525,0.1955961353673013
v1_1615,0.006486976919148922,0.13771851033367938
v1_1616,0.004016696257842985,0.2113521303479179
v1_1617,0.004646550864583189,0.10294730360112751
v1_1618,0.007243649013379694,0.16117174532419615
v1_1619,0.0010379615595883663,0.09331170621181999
v1_1620,0.00555192378841219,0.13188865491326168
v1_1621,0.00022031590222973933,0.08672811075412466
v1_1622,0.0004273916568335919,0.28342352922831143
v1_1623,0.002080910697146831,0.28762238307836935
v1_1624,0.0010466347949647224,0.34550790185841046
v1_1625,0.0010328682096066345,0.19607428645637304
v1_1626,0.001380480192040811,0.24568273329449625
v1_1627,0.0009583791099655253,0.17196073468960127
v1_1628,0.0006656737990948777,0.19559480134678886
v1_1629,0.0022847076802863446,0.12738006661343626
v1_1630,0.0002866739997486538,0.19437840075953927
v1_1631,0.0003328739433010195,0.14805090523178682
v1_1632,0.0030959742275517704,0.1204531842855263
v1_1633,0.0036695644344402916,0.11750385378775956
v1_1634,0.0014831360280453845,0.14516450502063505
v1_1635,0.0034205707149261347,0.2070261878038524
v1_1636,0.0038943138605313245,0.46647938377603054
v1_1637,0.0013661892940161784,0.1916222926965248
v1_1638,0.0005887764295766915,0.10731546707455679
v1_1639,0.0004056506477063536,0.24143305071036136
v1_1640,0.001588538090579891,0.25697061970279633
v1_1641,0.0006588533949366147,0.2334145567994096
v1_1642,0.002393427943226168,0.11947803771570674
v1_1643,0.00637833143055772,0.1557992844133872
v1_1644,0.0005997687927394871,0.12539355791596624
v1_1645,0.00045478150427659885,0.532553769735068
v1_1646,0.002337407437664053,0.2868837000658487
v1_1647,0.013335323591164391,0.31904221415937584
v1_1648,0.004321030849466956,0.26768686602053676
v1_1649,0.00017772555804211596,0.10455135435431949
v1_1650,0.00012073347599954006,0.3784625078007703
v1_1651,0.0005691304710225791,0.268214577735349
v1_1652,0.0022001249188857617,0.20061451869112318
v1_1653,0.0010374080073892557,0.2086282744381726
v1_1654,0.0003127606888600262,0.46394756128292675
v1_1655,0.003582496119740165,0.22355803119192602
v1_1656,0.006208395652927373,0.1797599922616564
v1_1657,0.00011280615868576877,0.09985336027499679
v1_1658,0.004183908451307984,0.16475800569872828
v1_1659,0.007996545208025785,0.17516797764597125
v1_1660,0.00034449909778170446,0.13184803412316426
v1_1661,0.0005446644069182291,0.19249431529081362
v1_1662,0.004168373783680362,0.2321388266623205
v1_1663,0.0011708811101399427,0.21443095171306892
v1_1664,0.007895468319299489,0.23522161166304328
v1_1665,0.0005631076398971497,0.10827318426649017
v1_1666,0.0011872968934043475,0.0821898542622536
v1_1667,0.0013087984404883996,0.11870090845591956
v1_1668,0.001256671756560848,0.2951807769235797
v1_1669,0.0003458212757971242,0.20783285463661133
v1_1670,0.0004479951038498781,0.25175027614625994
v1_1671,0.0004414469865005575,0.2927397693311043
v1_1672,0.0021090242906631937,0.1681873065604289
v1_1673,0.0003328614868559314,0.21127157851045464
v1_1674,0.0003927411511234095,0.19593737525451477
v1_1675,0.00020065091226316973,0.1065780880530247
v1_1676,0.0007103369407533464,0.16538642579001228
v1_1677,0.001995646859115576,0.2584657138281553
v1_1678,0.001243560610659789,0.2484083241133258
v1_1679,0.0030763717441750684,0.22182601192710832
v1_1680,0.002711947914504661,0.1281826631447051
v1_1681,0.00032096392736107683,0.24597130430070924
v1_1682,0.0008358244714898607,0.09077729337570016
v1_1683,0.0013180302410224624,0.25717139602185696
v1_1684,0.009885203103989737,0.2389551837666269
v1_1685,0.00021677863589285935,0.17250625143662623
v1_1686,0.0027554040976009537,0.1518278896673781
v1_1687,0.001023986593903967,0.28450042021078614
v1_1688,0.001040570637483237,0.16882842898119232
v1_1689,0.0006972702104416452,0.1336016447141104
v1_1690,0.002392049816207216,0.1212956762188384
v1_1691,0.0023154849854226654,0.09240312909117089
v1_1692,0.003028213992388447,0.1052762110063815
v1_1693,0.0005340972156431186,0.13122347253415306
v1_1694,0.00843360904925894,0.2828321798184794
v1_1695,0.00041094267793218497,0.14511729625299918
v1_1696,0.006151218242034787,0.18293139691372778
v1_1697,0.0031645463195019872,0.26294978169218025
v1_1698,0.0002661578127809905,0.1677004244341473
v1_1699,0.0005903583799245044,0.29603594222295393
v1_1700,0.00017448905318254436,0.08461255749454787
v1_1701,0.00029199085207997673,0.27881268054917785
v1_1702,0.00236078829857518,0.168533547488964
v1_1703,0.005151600294767352,0.7640741928987758
v1_1704,0.0010605524385635958,0.25523338642078375
v1_1705,0.0006921147660026527,0.09962318377127953
v1_1706,0.003939317216439973,0.5343133239849988
v1_1707,0.0009246010584389742,0.27437369412873136
v1_1708,0.0010988266567262108,0.18963105646234957
v1_1709,0.003165259092526086,0.1754315899172607
v1_1710,0.00021543094305781916,0.10504830040487355
v1_1711,0.011655148822967983,0.8845388565080903
v1_1712,0.0004689893958626484,0.3134554703596738
v1_1713,0.027861583735617878,0.9261039571094238
v1_1714,0.013464375503837247,0.48316488320481993
v1_1715,0.0029186609053010967,0.1814712598471625
v1_1716,0.0010350801787976042,0.14670048480140685
v1_1717,0.002759421934078693,0.35384849707589916
v1_1718,0.0001329034462622477,0.19444775365862155
v1_1719,0.0026645232488610995,0.6322243834846032
v1_1720,0.0011257769194835422,0.44490276999213707
v1_1721,0.015204143580911005,0.7783528260421457
v1_1722,0.000812858126114332,0.14646572335770558
v1_1723,0.02211997452339997,1.09692200928789
v1_1724,0.0029348129569076783,0.22271918861127193
v1_1725,0.0017002059089346675,0.5196281469194168
v1_1726,0.0004482940385108082,0.8709765199103442
v1_1727,0.0035113391398667415,0.34936703380331036
v1_1728,0.002809088439691161,1.0982034015839435
v1_1729,0.005009099023372703,0.18339545377372035
v1_1730,0.0010506383560300702,0.5626312276534976
v1_1731,0.000627994109247714,0.511643166045369
v1_1732,0.0019848436014490876,0.09220959334625765
v1_1733,0.0010785360380988003,0.30715411591806174
v1_1734,0.0002825271081733783,0.5516510127082577
v1_1735,0.00012223443491061483,0.16573713648566957
v1_1736,0.0002703125930356098,0.14292903526695044
v1_1737,0.004345126618494582,0.14439635135295692
v1_1738,0.00484710511147916,0.5076271914429551
v1_1739,0.004074287588031661,0.1582938615245335
v1_1740,0.003631124639806846,0.4366212852315641
v1_1741,0.009636423499967853,0.6817157025635998
v1_1742,0.019549492162253,0.462802109410355
v1_1743,0.0020812607330384075,0.6835345614578756
v1_1744,0.0058090415616000495,0.15229372369995464
v1_1745,0.0019231605944084677,1.1441029925351187
v1_1746,0.014048198228344268,0.5452772415096183
v1_1747,0.0005160525321832713,0.7465826626033645
v1_1748,0.0008095873705704574,0.9511815838446911
v1_1749,0.002680708651562585,0.10532099946447103
v1_1750,0.0020764658124766524,0.3041529005485988
v1_1751,0.002600325257974316,0.31414254107106254
v1_1752,0.00026115806128430624,0.18130364757381334
v1_1753,0.0006492992154089925,0.15164622246289938
v1_1754,0.017625751341210208,0.717774452710845
v1_1755,0.0006662459386800639,0.0803883445397464
v1_1756,0.00020850322923339934,0.19641836019490433
v1_1757,0.010750170719318856,0.739506527388365
v1_1758,0.0002685016106080732,0.22750388761799023
v1_1759,0.0015492430036361507,0.16853199260743323
v1_1760,0.000519352982420252,0.38040922380653874
v1_1761,0.0026701798756754843,0.6045380916296312
v1_1762,0.00045793218179641953,0.1054555097680757
v1_1763,0.0002817591230458237,0.36193480140394113
v1_1764,0.02215586307196069,0.6474234140714406
v1_1765,0.0046867585541420205,0.270356392437354
v1_1766,0.02293651219438922,0.8645308328478115
v1_1767,0.0059837610409519786,0.5728688246891044
v1_1768,0.017364523193755397,0.9496440660323834
v1_1769,0.0005110074328102079,0.1939796852683392
v1_1770,0.0006072995872497866,0.1420745275078621
v1_1771,0.00037389647873181106,0.19481735270142897
v1_1772,0.00032739489329309705,0.32781220891782004
v1_1773,0.0007941819340977204,0.2199522862480494
v1_1774,0.021035692426817423,0.7433753334907149
v1_1775,0.015396036541542495,0.3983647608655575
v1_1776,0.0007412549386937922,0.9360393017194579
v1_1777,0.010900164798078886,0.2922733884443691
v1_1778,0.01627752147145761,0.5144284879416822
v1_1779,0.005632578744561898,0.19803975256793138
v1_1780,0.00585032285184681,0.6865863821537105
v1_1781,0.0003023565320785053,0.510815935278692
v1_1782,0.0030178979430984343,0.2879420474665745
v1_1783,0.0007103284859079393,0.3188035032054155
v1_1784,0.006963543064185792,0.8402534539715885
v1_1785,0.0015066142252145194,0.08943310277488091
v1_1786,0.0040591589800099736,0.4201228077185709
v1_1787,0.003543546266044346,0.2527008471851282
v1_1788,0.008089794875281173,0.5996365246121462
v1_1789,0.0027613748201677567,0.3657855051075345
v1_1790,0.00017124111188497064,0.1807118811014703
v1_1791,0.0005260528962982104,0.685973234911698
v1_1792,0.00010772448087272388,0.06821604472804232
v1_1793,0.004737205837642937,0.2730011469720963
v1_1794,0.0013956510143844393,0.08151710241842956
v1_1795,0.0001715832417917575,0.11304347969858917
v1_1796,0.004222859251798055,0.3522475113360457
v1_1797,0.00501021529143462,0.7969067188721908
v1_1798,0.0007111107262661474,0.11561531825859526
v1_1799,0.0009352634730328894,0.13970851955484775
v1_1800,0.01655746459426172,0.6618259333191769
v1_1801,0.0008520433613553939,0.3535839672114487
v1_1802,0.0034162402174251513,0.36068417687046606
v1_1803,0.002947935109359211,0.6369538632542552
v1_1804,0.004508360406092371,0.9106166353663154
v1_1805,0.0006820858064181244,0.9226726795655512
v1_1806,0.0012876871834447867,0.8689015163342315
v1_1807,0.0017184298070819842,0.6065470461135534
v1_1808,0.0013575080399621197,0.32382482148058556
v1_1809,0.013074205798346292,0.6336581727200092
v1_1810,0.03276633838722533,0.7371086758167724
v1_1811,0.008359027589511951,0.7331548158047805
v1_1812,0.0013764429013095505,0.6808331756874539
v1_1813,0.0002554269113309111,0.2661215580798597
v1_1814,0.001090282628465069,0.7468723708090859
v1_1815,0.00713834386025342,0.9366960209810129
v1_1816,0.004647591527518768,0.17884311497269856
v1_1817,0.0013547395593754427,0.5864819446409923
v1_1818,0.00433921396569278,1.0382358498513007
v1_1819,0.002967898340112063,0.46472538829412563
v1_1820,0.0014566310241488942,0.16739365190972677
v1_1821,0.00032398555367965485,0.15457470804649565
v1_1822,0.000687319807723622,0.29837156688699484
v1_1823,0.0005119685333179136,0.2928879663942612
v1_1824,0.00048459618954063607,0.41454992510596633
v1_1825,0.0002866435628211073,0.4128970574799802
v1_1826,0.0007632916470669916,0.485637955738306
v1_1827,0.0014045568609591704,0.7909535873344661
v1_1828,0.0021028216296051093,0.769672208269299
v1_1829,0.003969449250417906,0.8813829894836008
v1_1830,0.0014266464043148712,0.2570897206086171
v1_1831,0.0070826356822732885,0.28224635755079885
v1_1832,0.0006275018531316077,0.15677729191882284
v1_1833,0.005254711150491524,0.9276352769185747
v1_1834,0.003454386029647539,0.169397294118929
v1_1835,0.0014958529731946494,0.14030606547551416
v1_1836,0.0006279159545233328,0.21691703881150548
v1_1837,0.008396432334792335,0.24536484621902344
v1_1838,0.0013477057553662698,0.8647699398062202
v1_1839,0.01217938363799534,0.8074227548761548
v1_1840,0.012006275607156188,0.4999037868597303
v1_1841,0.007524836041450574,0.4873764984753923
v1_1842,0.00029292682055540476,0.1550506795974818
v1_1843,0.0017818332810185505,0.612606857504923
v1_1844,0.001637793258560655,0.949443490284108
v1_1845,0.003946771090215733,0.24554255043937634
v1_1846,0.0036330596469111667,0.7926592735314445
v1_1847,0.020776974827915122,0.7060983655500861
v1_1848,0.0008006163625604027,0.29586404268100464
v1_1849,0.0010703670657008625,0.596129913028835
v1_1850,0.005938062847554199,0.16110238813903588
v1_1851,0.0014312222013929665,1.0754928181047219
v1_1852,0.00718791263307073,0.7475978658691638
v1_1853,0.0006165259558674837,0.15571805153837093
v1_1854,0.00786017945945294,0.5855929191187432
v1_1855,0.0028710052829995754,0.3533601592389197
v1_1856,0.014241997245510413,0.8592904697165323
v1_1857,0.0006646729365940308,0.23793194897117553
v1_1858,0.00043314159617426784,0.4329833224587961
v1_1859,0.0018932339987565872,0.6560348768007369
v1_1860,0.024947415352495245,1.262080183679324
v1_1861,0.001575451724612095,0.8312408628328136
v1_1862,0.0011805032945749344,0.21630596323523466
v1_1863,0.00036432265167842855,0.1608432876977577
v1_1864,0.0004490075477849982,0.13967151425728186
v1_1865,0.006341306134030521,0.341184197857176
v1_1866,0.0072168133052186,0.6630315793536272
v1_1867,0.000929455101465943,0.9360036369809661
v1_1868,0.003190314662108073,0.8635986505996869
v1_1869,0.0008563657401752891,0.23472749660863335
v1_1870,0.0003400968306976955,0.18041910962807428
v1_1871,0.018939279539998535,0.6776814084558385
v1_1872,0.004432864972162823,0.5334695472062567
v1_1873,0.0007274532453545243,0.6180763211728633
v1_1874,0.002070065581521182,0.1731548894300471
v1_1875,0.0007504513620684746,0.6441186298269495
v1_1876,0.00026568930689744826,0.14966378659235513
v1_1877,0.0013506775883319264,0.524701357768183
v1_1878,0.007851033767699743,0.23929906356177877
v1_1879,0.004779022811056654,0.5857707530658565
v1_1880,0.0019436487676955639,0.09487734603475372
v1_1881,0.03869863768454104,0.9800927550413792
v1_1882,0.0027065287844504713,0.7650380782548423
v1_1883,0.0022150916678349013,0.7767660980176536
v1_1884,0.01209459426378512,0.5128025323940318
v1_1885,0.005538565941537865,0.8792969383990428
v1_1886,0.005346472470020729,0.18742344051110116
v1_1887,0.00019276254067787562,0.21088979231206773
v1_1888,0.0030928719849571407,0.4589890185194257
v1_1889,0.0012009244039861118,0.11148540146232354
v1_1890,0.00011070002986654406,0.12887129096918615
v1_1891,0.0012901489334477432,0.2710946099305067
v1_1892,0.0007473529919328746,0.45220843410896866
v1_1893,0.0017280064202446594,0.9032379665157307
v1_1894,0.001069086739155266,0.6424801681768111
v1_1895,0.00032488110873972237,0.38128119057734466
v1_1896,0.0026274818260419567,0.8870472258767836
v1_1897,0.0033983520804786206,0.3188097392205833
v1_1898,0.001691395984584563,0.670328050828828
v1_1899,0.003441640812930364,0.5801260277546495
v1_1900,0.011115224022315032,1.4552933579635419
v1_1901,0.02985276914579437,0.9195929946293576
v1_1902,0.02645551030357868,0.7260038107196476
v1_1903,0.0016379867410076215,0.9858346007400611
v1_1904,0.005878152792199139,0.4632914365033118
v1_1905,0.0013048151398968447,0.8756308071034536
v1_1906,0.005771683199760908,1.1385230814492575
v1_1907,0.0005893299893236511,0.8926443355199489
v1_1908,0.0122821894589493,0.4932692434766271
v1_1909,0.0014358292214276505,0.544270058220848
v1_1910,0.00243625428512123,1.4846939957851528
v1_1911,0.008421588699489852,1.0489805917172443
v1_1912,0.008518590663497186,0.9558772993934141
v1_1913,0.0019749408986242975,1.1690594260124667
v1_1914,0.006459924340293718,1.30033068606607
v1_1915,0.0183335046427703,0.6532143984905436
v1_1916,0.014141302200793801,0.6380269758990147
v1_1917,0.000961613115611868,0.7488071023868035
v1_1918,0.0007768436296448581,1.1212755047544498
v1_1919,0.020609719459990995,0.7142882666323
v1_1920,0.011393483673642686,0.5727319405563325
v1_1921,0.007468640889812881,0.5129086555955995
v1_1922,0.007935345403627796,0.6338589421469502
v1_1923,0.0007102418801472687,0.9903366255621702
v1_1924,0.0022393028161743064,0.9705348510397558
v1_1925,0.0013710653789303904,0.38409851321792354
v1_1926,0.0044497191543405425,0.4789486786942409
v1_1927,0.0019215328041030835,0.6589317220279786
v1_1928,0.007473522492888564,0.8300377241754483
v1_1929,0.023809081832893916,0.8228628903645684
v1_1930,0.0026076473235535883,1.3910311353391087
v1_1931,0.02042522868400194,0.6791879181324383
v1_1932,0.014229807079404364,0.7290937467152363
v1_1933,0.0011786389147777079,1.0994695854715346
v1_1934,0.009283614659470312,0.5995756713214124
v1_1935,0.015510723845430322,0.8602593957770918
v1_1936,0.005413142194669586,0.4114797880800372
v1_1937,0.018374519015336564,1.0742811335296163
v1_1938,0.0007773010985723516,0.9090513253225053
v1_1939,0.03501604895129891,0.9674473371616807
v1_1940,0.0009948855496267487,0.5216043756956242
v1_1941,0.007486377071981165,0.5467076705437551
v1_1942,0.014676755380108548,0.47397266404981203
v1_1943,0.002137272778383844,1.2029061060194544
v1_1944,0.02522175397225643,0.7144489210587139
v1_1945,0.007528314744464273,0.9379924243386798
v1_1946,0.013299663879471636,0.4802576102083362
v1_1947,0.0012954290638831996,0.5960305169250631
v1_1948,0.0009388625821306648,0.6018262808428223
v1_1949,0.008338908890979742,0.647628572695196
v1_1950,0.00046068459394132656,0.4610138602346259
v1_1951,0.011400018834845527,1.1870375896986154
v1_1952,0.0011308516345030538,1.2804207347642491
v1_1953,0.0091847337403103,0.5849245593075502
v1_1954,0.0005163648672331946,0.5630166116318702
v1_1955,0.009196019642052626,0.8476068818014418
v1_1956,0.0009782181993430233,0.3733613179237164
v1_1957,0.003321786926216259,0.9644571420363606
v1_1958,0.00045155601453286047,0.7859666894333601
v1_1959,0.0008434937455609721,0.40506154717046333
v1_1960,0.01544688990411681,1.1979581318032178
v1_1961,0.0015101702237115507,0.7874958983490673
v1_1962,0.0008757952076313346,0.868189084414289
v1_1963,0.0023844977197659267,0.5860290202937017
v1_1964,0.0007875785895885126,0.33905605915107057
v1_1965,0.007320449312766777,0.7147114402971545
v1_1966,0.01437741613171512,1.04123560109862
v1_1967,0.008843639588241114,0.5631562405536497
v1_1968,0.0020136343527164266,0.6418122263158301
v1_1969,0.0004998384743624318,0.4312417041673791
v1_1970,0.0016816039769483315,0.3863413795588424
v1_1971,0.00037751312638295976,0.4375173222472823
v1_1972,0.005347151446320877,0.7958221184577331
v1_1973,0.010259945235409287,0.4163058846552139
v1_1974,0.005141128137511853,0.9036461991133047
v1_1975,0.005051504493941828,0.8630327887275164
v1_1976,0.0030482795532520415,0.6750238535024241
v1_1977,0.023111731093326704,0.7399845189181249
v1_1978,0.020123166857201148,0.6935580809948396
v1_1979,0.017325820537509494,0.9845559597929954
v1_1980,0.0021819670381603364,1.1644038618058385
v1_1981,0.013126685076919371,0.46091795074561487
v1_1982,0.0016603931147909383,0.8092996264786734
v1_1983,0.017208541260291192,1.1252106206584023
v1_1984,0.0008963801820330575,1.2028927107425549
v1_1985,0.018236036794211492,1.3951101815160531
v1_1986,0.0031273738102611617,0.8217828407050601
v1_1987,0.023186673149454096,0.9273433805294765
v1_1988,0.006185669709240967,0.6027607044347262
v1_1989,0.004042412865244031,0.3226298558279455
v1_1990,0.0065161031734764915,0.7102031852645522
v1_1991,0.04066769217551128,0.9923027747444848
v1_1992,0.010360204754310131,0.6887412870777806
v1_1993,0.0007877016155775433,0.7897160177004181
v1_1994,0.004035504007472765,1.0166354113772484
v1_1995,0.0021343988990802478,0.877641951842454
v1_1996,0.0008177810402609823,0.8234012207509205
v1_1997,0.0006305521149788373,0.6289282054705169
v1_1998,0.0010352787212059753,0.45435429937162325
v1_1999,0.0012770285726307331,0.5453711995986398
v1_2000,0.0003783501862129477,0.4930953607990638
v1_2001,0.03575114028832742,1.0195782571997984
v1_2002,0.00022092379836064342,0.15394204965078173
v1_2003,0.03560467214600153,0.99010126258913
v1_2004,0.0004180262339219824,0.20000619424655197
v1_2005,0.001306427151804127,0.9794539564503868
v1_2006,0.0005859159756496144,0.35401996549035897
v1_2007,0.026066424109621407,0.8317857859537405
v1_2008,0.0009709308780405502,0.20756310093760777
v1_2009,0.002869526024180507,0.6055638519672957
v1_2010,0.0016240994301690399,0.5574215316891451
v1_2011,0.0002755579558548933,0.2632561566075623
v1_2012,0.0020900219796473724,0.3083632385885532
v1_2013,0.00460285758820253,0.37430666731461604
v1_2014,0.005833799936470108,0.8496025713034918
v1_2015,0.0031100295593155173,0.20417542000832767
v1_2016,0.0141461376744262,1.397619628655885
v1_2017,0.0030572026493044914,0.5800794008353416
v1_2018,0.0016103004908345432,0.2545226537976737
v1_2019,0.0016831268162466185,0.6240528339034028
v1_2020,0.0024060580781560797,0.24875388764980488
v1_2021,0.0006050240870054647,0.1472522921088033
v1_2022,0.0003264795417127389,0.2337380323271777
v1_2023,0.003246253624545688,0.42442448966597224
v1_2024,0.0006841011571310059,0.27421336771058125
v1_2025,0.0005864046889284267,0.42668039824909354
v1_2026,0.004386601376857101,0.7820816823030622
v1_2027,0.005162358885294306,0.95882960402782
v1_2028,0.01385116105121161,0.656880196722817
v1_2029,0.0004584458042672559,0.5817499081698096
v1_2030,0.006150986825014533,0.578607370948599
v1_2031,0.0017181909085277345,0.6784547939520915
v1_2032,0.0022867313215431313,1.0982226724884832
v1_2033,0.013723759890638324,0.7794971009053252
v1_2034,0.02354361181678655,0.7483556206508211
v1_2035,0.0026999397500995673,0.3997224053002669
v1_2036,0.01515719274990575,1.0724955208658338
v1_2037,0.0012765944538432657,0.4787348977808181
v1_2038,0.017857895715222345,1.2240816191744224
v1_2039,0.001985523702564162,0.13998327712299774
v1_2040,0.005707879219071699,0.20369487143546317
v1_2041,0.010247006945264136,0.838578383773136
v1_2042,0.0051494798273225,0.18985000030050125
v1_2043,0.008993912041673014,1.30588673314427
v1_2044,0.016040855835640317,0.6084185350580269
v1_2045,0.001905589960818667,0.19255740693694057
v1_2046,0.0016333836744582618,0.12671609123017308
v1_2047,0.016904537659728366,0.6202527062486378
v1_2048,0.0003915569097323229,0.31676362130642266
v1_2049,0.0008654485982339447,0.7676982449243923
v1_2050,0.008959997086763725,0.5104367647798653
v1_2051,0.0020544755034159227,0.5784150301642689
v1_2052,0.00671117121235978,0.1966549197926276
v1_2053,0.00914576624349386,0.9821651831589941
v1_2054,0.0012853769113941108,0.11535177165004318
v1_2055,0.0016602211012160099,0.9954686704038265
v1_2056,0.000368572546816129,0.3070742039416974
v1_2057,0.0036071018057667052,0.7414627015562877
v1_2058,0.0031736091766473244,0.7316955162056377
v1_2059,0.0008526704887930384,0.7695037822695933
v1_2060,0.010608155912286341,0.8632774718138166
v1_2061,0.008936498757714,0.4154689441684999
v1_2062,0.00160891855145972,0.32081865296773987
v1_2063,0.0003322886426383616,0.34539725941079114
v1_2064,0.003971971472141422,0.2713897057965742
v1_2065,0.002029947318811626,0.2567056843426734
v1_2066,0.02159211133980726,0.5110893471497069
v1_2067,0.006229494285845625,0.8057948087635336
v1_2068,0.003514445142520106,0.3127178034865137
v1_2069,0.0007570853854982629,0.5664693726142974
v1_2070,0.0005764265191704538,0.29940525313044886
v1_2071,0.03375473244617374,0.8508378978708
v1_2072,0.02171253203547195,0.5552423877358658
v1_2073,0.008606694923547303,0.29557287718833936
v1_2074,0.0014740383358594184,0.30634988347549524
v1_2075,0.01710534708343039,0.45622958594247975
v1_2076,0.0007637062947852962,0.12410289406870567
v1_2077,0.009406566905454416,0.3268475523784006
v1_2078,0.0012951862866995988,0.5521383544727949
v1_2079,0.005533455210788248,0.6485709477595031
v1_2080,0.0025083713541879547,0.42770538768787847
v1_2081,0.0005220235331338461,0.2828914317025939
v1_2082,0.004064338743281434,0.3078085282575562
v1_2083,0.004340298889813649,0.4557793256633794
v1_2084,0.04121404505003649,1.046546540572878
v1_2085,0.003380785600038555,0.9562610622012836
v1_2086,0.000747746889986612,0.7916178025667696
v1_2087,0.004354210794142104,0.8288682504832454
v1_2088,0.0035572860382647995,0.2815436058637849
v1_2089,0.003912294800013025,0.8838402975268962
v1_2090,0.007636072342169973,1.2713055012031798
v1_2091,0.000210715103395417,0.16993612468107178
v1_2092,0.0003082343401865946,0.23729374206917886
v1_2093,0.0009500388996760933,0.2959587805570131
v1_2094,0.0014621509656900828,0.6413100222007188
v1_2095,0.0036876947744400993,0.2602136939019515
v1_2096,0.025384378892191226,0.9896113471716234
v1_2097,0.010977043866157584,0.72509064024775
v1_2098,0.01749791580171621,0.8820619524725061
v1_2099,0.0025252920012584328,0.14037513133671187
v1_2100,0.0011449912519989574,0.5875497505203672
v1_2101,0.0006541612477812867,0.5672445157083702
v1_2102,0.00704659500194308,0.21410084405487095
v1_2103,0.0002229427653558508,0.0547623458016297
v1_2104,0.0005535028048452394,0.6777612914605534
v1_2105,0.012333169505192193,0.29027221444997825
v1_2106,0.0008021398880746294,0.3246330927620953
v1_2107,9.452068419216792e-05,0.027296436968678617
v1_2108,0.003056257407632726,0.2775033037795479
v1_2109,0.00030243433685092636,0.08984215575972575
v1_2110,0.0010526233296501346,0.21572424424470366
v1_2111,0.00012566577439930814,0.06285599917388929
v1_2112,0.00165535165317406,0.13889036121839526
v1_2113,7.395149000006298e-05,0.0318554939447806
v1_2114,0.0018527068429432599,0.4944790190873893
v1_2115,0.00028437691915720394,0.11405592251142214
v1_2116,0.000192880891184308,0.11845698270545578
v1_2117,0.0004739307642514358,0.292866529781355
v1_2118,9.338911491803835e-05,0.12647628499943125
v1_2119,0.0017751866609357916,0.14418249896892366
v1_2120,0.0012323138235112358,0.28533427053727745
v1_2121,9.758493273961259e-05,0.02954199733596352
v1_2122,0.002704371415710825,0.10150931938998418
v1_2123,0.0006431327728740454,0.5721901286980433
v1_2124,0.000589242996890407,0.34334303329450383
v1_2125,0.0011613863215001608,0.04856370092536788
v1_2126,0.0012319137147711386,0.1683610688636482
v1_2127,0.002614203086152049,0.10272744601659937
v1_2128,0.0004248034178247699,0.11706067013942216
v1_2129,0.00016223372887361358,0.062141826869056116
v1_2130,0.00015514914397891656,0.10869879204836384
v1_2131,0.0016647640862967534,0.5299492108228415
v1_2132,0.0019078978365895342,0.09566951125040034
v1_2133,0.0012259503143935248,0.02991757115965954
v1_2134,2.718847376172435e-05,0.04419085639982617
v1_2135,0.001476943104310918,0.2376297347745509
v1_2136,0.000888324930995722,0.11928879854490186
v1_2137,0.0012497927783433067,0.2958294522703243
v1_2138,0.0015069691180700918,0.5240667160593494
v1_2139,0.00025591500682282134,0.17602272820570625
v1_2140,0.0063373800458005275,0.3552454118794483
v1_2141,0.0011956333300352177,0.05779575422124428
v1_2142,0.00016375172767960967,0.15154259908279683
v1_2143,0.0017111662931575508,0.05895964506902396
v1_2144,0.0008827452825797335,0.3648893528108709
v1_2145,0.0008347368332864354,0.16782738690579496
v1_2146,0.00014481431662737116,0.051766104423935255
v1_2147,0.00028930254142655893,0.16400450217921658
v1_2148,8.936128279546263e-05,0.1062136001685947
v1_2149,0.0006597700949915175,0.7246645143611663
v1_2150,0.0011706214521870764,0.5571698842176498
v1_2151,0.005628179842376348,0.3928733142034105
v1_2152,8.349367292583255e-05,0.08879650839777196
v1_2153,0.004544952135107244,0.7840708672032105
v1_2154,0.0010000525708101326,0.1728965843360062
v1_2155,6.424774083171852e-05,0.05557632872073531
v1_2156,0.00016557746360222972,0.08922004919533515
v1_2157,0.00044582569924314956,0.10612930652554901
v1_2158,0.00014820712278914902,0.1116456818057731
v1_2159,0.0022225199765604415,0.11391781620388906
v1_2160,0.028636392305563776,0.8621199982797267
v1_2161,0.0024017498455465042,0.5653934291232319
v1_2162,0.0014012951936979057,0.19522224125568327
v1_2163,0.0004540667714960025,0.286970283345825
v1_2164,0.006098224805341053,0.5297846569768773
v1_2165,0.0029221349950624433,0.45553523803148116
v1_2166,0.0084557329822335,0.4457600804888353
v1_2167,0.0012388892901629936,0.14480746799356858
v1_2168,0.00020345588207685457,0.16738068666140177
v1_2169,0.010189150461847256,0.516111014479699
v1_2170,0.0004404925923030488,0.28507304986666004
v1_2171,0.00022351023761139498,0.16987471853539154
v1_2172,0.0040441892613226485,0.4435097993263448
v1_2173,0.0006595375993222598,0.18816468079082355
v1_2174,0.0014835303155563205,0.3198719840078847
v1_2175,0.00022570097756971247,0.15229883191188526
v1_2176,0.00044033534321889463,0.10289076143599084
v1_2177,0.00037049654066885414,0.0475489988475728
v1_2178,0.0008040490089378985,0.3212714699148038
v1_2179,0.00043488270157888146,0.15294050954752453
v1_2180,8.594620729678307e-05,0.051339576072129245
v1_2181,0.0002942540548397393,0.1290557725524769
v1_2182,0.0008900752198423928,0.11976048262683485
v1_2183,0.0029282140073165677,0.3862299466345084
v1_2184,0.020759703991632305,0.48843858335566276
v1_2185,0.0068691356509257015,0.46589038746129346
v1_2186,0.0006697492003244999,0.14453255541078114
v1_2187,0.0004989348054149422,0.11380236063196346
v1_2188,0.001345874830931902,0.25224912919713716
v1_2189,0.0005546968127657236,0.366364094482416
v1_2190,0.005351972681050959,0.15295200131016157
v1_2191,0.00616547892879581,0.3032242794431539
v1_2192,0.0009463893506750967,0.17205583300560068
v1_2193,0.0001238665113009985,0.03213850056354678
v1_2194,0.0022020011332014745,0.6240690321273817
v1_2195,0.00040775064443621546,0.039781995711414886
v1_2196,0.005205116643363191,0.3466367662254466
v1_2197,0.0015314353356822013,0.21687155365658778
v1_2198,0.00026858270381857385,0.023678036309647987
v1_2199,7.074113963669238e-05,0.07256378333080743
v1_2200,0.008992007932820505,0.3912246205354906
v1_2201,0.007204460793372701,0.2074941696651878
v1_2202,0.0012028716911280377,0.17650477986518365
v1_2203,6.68488295310173e-05,0.07586602385896013
v1_2204,0.0038587000877398346,0.3125047407589073
v1_2205,0.0003197352513292434,0.1488128507198374
v1_2206,0.0038992360623455328,0.3377393624020125
v1_2207,0.00011577542494026941,0.04319742263902854
v1_2208,0.00030672238057583164,0.27405809299920375
v1_2209,0.00017585086392769947,0.15230395154675636
v1_2210,0.0013036362799436773,0.053207869312418776
v1_2211,0.007472576385472776,0.2656051523363656
v1_2212,0.001043555680624923,0.1428083728128683
v1_2213,0.00017005717428256786,0.06947367755085943
v1_2214,0.0011854698629142422,0.2787931964760145
v1_2215,0.00041072639935655687,0.09189253442710138
v1_2216,0.000726434791654178,0.2835166454918736
v1_2217,0.0006164497141058293,0.6067836197948923
v1_2218,0.0013299254290790837,0.11821939561306238
v1_2219,3.825984058782081e-05,0.03527187911582541
v1_2220,0.010109847451100003,0.3812219931049023
v1_2221,0.0012494651073379276,0.7542243464233926
v1_2222,0.0025274165396825072,0.2470446649710194
v1_2223,0.0004917970232520123,0.4910428475409514
v1_2224,0.002488402119512286,0.26836235624985605
v1_2225,0.00594834596691304,0.2659130922178288
v1_2226,0.00023321828346456493,0.21535373457741114
v1_2227,0.00028473648740013024,0.052335569694857254
v1_2228,0.00028964860951368094,0.052606874505974566
v1_2229,0.0005350995905829952,0.09622879410195667
v1_2230,0.0036133894477166106,0.5120351313942245
v1_2231,0.002083634635802269,0.11917703847521333
v1_2232,0.0006470949490722502,0.08091366377667625
v1_2233,0.0013718034312588836,0.09455337064103969
v1_2234,0.00036786300662093265,0.2427111748644225
v1_2235,0.004865882178307176,0.6977842602711612
v1_2236,0.000775116937280309,0.12136492342535488
v1_2237,0.014481552821271655,0.33726050802268354
v1_2238,0.0019551382931238272,0.35323220022568963
v1_2239,0.01983399273571415,0.637606209647139
v1_2240,0.0012156300015863201,0.13168994348929086
v1_2241,0.0026701098602098326,0.5505085706592849
v1_2242,0.0017623484182909045,0.17760817937181078
v1_2243,0.0019274781926528848,0.1882847044697531
v1_2244,0.00613235714351807,0.5000507489056198
v1_2245,0.00010546678580054402,0.16138595065575556
v1_2246,0.017883717999677327,0.4419023556302537
v1_2247,0.0001522669109778993,0.07503253217348549
v1_2248,0.002524627000491595,0.30979247084114425
v1_2249,0.000376114583287208,0.1580297094950372
v1_2250,7.982353509596462e-05,0.056481736406156
v1_2251,0.008602555914040987,0.7062239091429421
v1_2252,0.0001186502415235352,0.10828595691563625
v1_2253,0.0010824691801604063,0.19616854048399934
v1_2254,0.0003124826520658054,0.11613598791248464
v1_2255,0.008377585379001413,0.35023037693559456
v1_2256,0.004759174401158481,0.45356688812818835
v1_2257,0.006554019841355953,0.15175197314581296
v1_2258,0.0030581574020401626,0.18018557121012857
v1_2259,0.0005800439028262581,0.24481543923685417
v1_2260,6.1806854968322e-05,0.055923697462064825
v1_2261,0.0005116372088179931,0.10974983888497047
v1_2262,0.0006664306737514669,0.16532974691978009
v1_2263,0.00022567068411075432,0.2661472450344064
v1_2264,0.0024835416176113355,0.4192228141246803
v1_2265,0.0003045405012710036,0.042219871632272254
v1_2266,0.0028134958421438885,1.0974094704473047
v1_2267,0.0128291708438489,0.3621183538171952
v1_2268,0.003742825907264517,0.3121996292029843
v1_2269,0.003665915716435854,0.5751246942925237
v1_2270,4.081616264990972e-05,0.04075461241120576
v1_2271,0.0001928445258981177,0.04835658762034756
v1_2272,0.00017124785370028282,0.048091457500628376
v1_2273,4.6397056205201466e-05,0.03930562645536484
v1_2274,0.002628922340971087,0.1667644595124378
v1_2275,0.005291475835660605,0.582684335012162
v1_2276,0.004451661659253786,0.2337775827955612
v1_2277,0.002868537317646214,0.35511783016645193
v1_2278,0.0011283796813872863,0.19635389279474458
v1_2279,0.0004261584565635418,0.021758876435100993
v1_2280,0.013173015177900638,0.32710846504588637
v1_2281,0.0012188834759538014,0.2950328084783744
v1_2282,0.006354363582095501,0.24323987262602764
v1_2283,0.0011928309925809237,0.6111978961148997
v1_2284,0.002419992737689276,0.23733602053874353
v1_2285,0.0002730632263612145,0.10867552649545675
v1_2286,0.00041462043525270983,0.3383959084869814
v1_2287,0.00013350001854457104,0.06361481969839544
v1_2288,0.0003489130710452051,0.3394282069340382
v1_2289,0.001361222479899143,0.9943137438814217
v1_2290,0.0006408319459278966,0.03936797350765964
v1_2291,0.0023911989470678375,0.12934316936652407
v1_2292,0.000431796455688686,0.24403418160580206
v1_2293,0.00021497832697998665,0.28022363366767034
v1_2294,0.0005458464086217348,0.25294601239789427
v1_2295,0.025265428767838848,0.7545050533801269
v1_2296,0.0009865475358673105,0.17091240731996266
v1_2297,0.007936089301084822,0.5922375163302681
v1_2298,0.0006789098462176023,0.07419417637692355
v1_2299,0.0030621833106404726,0.6229845486415724
v1_2300,0.001346193719438624,0.24253077044720972
v1_2301,0.034097697259684874,1.0486064755510476
v1_2302,0.007274974995813213,0.3962332016317035
v1_2303,0.0029925032205722095,0.13544360452035287
v1_2304,0.002379056379890351,0.5679665203547144
v1_2305,0.0007605646504823351,0.4941937438183867
v1_2306,0.001408778374225662,0.8578442669078652
v1_2307,0.0003392441234146932,0.3149544872490594
v1_2308,0.0028721522105521085,0.21320206077975667
v1_2309,0.008665616892659767,0.2648017216910593
v1_2310,0.004941927243843864,1.031958709497258
v1_2311,0.0012729565459016923,0.10134022759230203
v1_2312,0.01415249392386112,0.8233705623827645
v1_2313,0.003114324062139103,0.2245817367538695
v1_2314,0.0016785272815598316,0.5011058643567222
v1_2315,0.0006097126535766967,0.5880685140206986
v1_2316,0.0029711727032716833,0.7548553524049739
v1_2317,0.0014833168793923705,0.648643273220198
v1_2318,0.001266592118413764,0.612682338592227
v1_2319,0.0013989014385114797,0.377266971330281
v1_2320,0.009580776526052473,0.8533029015905893
v1_2321,0.00034012057017996766,0.40876976963621753
v1_2322,0.0015218551098021916,0.7951237313334412
v1_2323,0.0031005720930950696,0.3039867319156493
v1_2324,0.001981017515801371,0.6448489014222947
v1_2325,0.0009125475499912416,0.35649341942798984
v1_2326,0.0014205788761016938,0.12179083450852667
v1_2327,0.0015043713318526704,0.17479223080050854
v1_2328,0.0031902310817652894,0.9108905509633065
v1_2329,0.005935334607993068,0.46164817660888174
v1_2330,0.0076646961515763334,0.20558740592590596
v1_2331,0.00032944518497562687,0.1648566903839782
v1_2332,0.0006435120571179066,0.2765282586880785
v1_2333,0.011016279888626336,1.256103885907717
v1_2334,0.004954082361022376,0.5147502368879824
v1_2335,0.004539521720858275,0.16354334912328305
v1_2336,0.003613950301003638,0.17954530495811816
v1_2337,0.002475905584005459,0.4739510147261183
v1_2338,0.0010124149581580897,0.132737758288761
v1_2339,0.003588489069736914,0.7156128943933517
v1_2340,0.008439448039392217,0.3697005853228977
v1_2341,0.0010305368017628819,0.434483573796275
v1_2342,0.015034030768572716,0.44537144975245646
v1_2343,0.00014599349442283928,0.1190908760164092
v1_2344,0.0017806417278817587,0.5080790984400716
v1_2345,0.0013056948888430862,0.11551978479470702
v1_2346,0.013361242707853261,0.6447152320526439
v1_2347,0.01848433884840666,1.0402531039824063
v1_2348,0.015354746786057423,0.6788615021829855
v1_2349,0.0036621093943992895,0.3461314898780824
v1_2350,0.0018680103126561373,0.7885570817474141
v1_2351,0.0073668351073572546,0.19349983091039125
v1_2352,0.00219530348860217,0.6021654072856862
v1_2353,0.002080294240994949,0.6410729945366982
v1_2354,0.00935918843527148,0.8124072332175154
v1_2355,0.028544850516270436,1.0024412253495567
v1_2356,0.0012631253003908942,0.49873012476242334
v1_2357,0.02285388023587839,0.7611285080947127
v1_2358,0.0010884721323320516,0.24157081240700973
v1_2359,0.020284105874264404,1.0044170839006419
v1_2360,0.005059075440078223,1.0580418570197878
v1_2361,0.002011060729188803,0.40582729129061146
v1_2362,0.005307842009922099,0.873388500675971
v1_2363,0.0006348871509603083,0.2811827601231759
v1_2364,0.0010470540132252962,0.46001494797734327
v1_2365,0.0035150134552496435,0.7826922413941683
v1_2366,0.015599372370763549,1.06410277796468
v1_2367,0.0018173624328916545,0.5751305629504282
v1_2368,0.007944505194415724,0.2867273225196987
v1_2369,0.007573916051676263,0.6701318559095915
v1_2370,0.0011953544763881917,0.32266471402564345
v1_2371,0.00019300060478162257,0.3017935890181507
v1_2372,0.0003669229406267543,0.15512835489970622
v1_2373,0.005250770717378873,0.7095549376875521
v1_2374,0.0005481244343138575,0.28585339147736266
v1_2375,0.0008952021701267135,0.7879951590822257
v1_2376,0.003162561667263154,0.8576222922347907
v1_2377,0.0007218359557297182,0.552988885287357
v1_2378,0.00285713726363624,1.078264579628294
v1_2379,0.008859686612484024,0.8282690660261559
v1_2380,0.005936538334188684,0.8398796135755106
v1_2381,0.0007350752673243843,0.5750846232973952
v1_2382,0.010822728429269112,0.3868546402329798
v1_2383,0.004328526548473008,0.8836771822213983
v1_2384,0.004222674047464832,0.314924732566772
v1_2385,0.0005107353364059414,0.5287059799668832
v1_2386,0.005957940506936154,0.4761093390732218
v1_2387,0.0006048886047575386,0.553876836205379
v1_2388,0.024246023553079254,0.5741441633616574
v1_2389,0.008469093807119925,0.43169850288429346
v1_2390,0.0010448987619227086,0.39487106868685246
v1_2391,0.005230196866753745,0.4720271928168264
v1_2392,0.001134139674677208,1.0730588809502002
v1_2393,0.0022705932276227752,0.11555080764795377
v1_2394,0.006132357265555294,0.25807318072583296
v1_2395,0.00017924017059202027,0.2424709038084698
v1_2396,0.005253287379817716,0.8225711359263332
v1_2397,0.0005239578379627696,0.32261489510663854
v1_2398,0.010994655958983836,0.46624231778022557
v1_2399,0.00433069027281932,0.7360862123607241
v1_2400,0.00014346182987642864,0.09228138840607923
v1_2401,0.000921612897921433,0.1139474539100218
v1_2402,0.0012655264022658572,0.2007422170689881
v1_2403,0.0025877366917734313,0.18901365386314029
v1_2404,0.0019807055852310196,0.4676986719407163
v1_2405,0.020008251948782564,0.6882794963065302
v1_2406,0.00037404531540242064,0.18704227238484628
v1_2407,0.0004867043379321332,0.5015660116392915
v1_2408,0.00021570473625166813,0.1329117600261706
v1_2409,0.00033698050073705204,0.12768166089216382
v1_2410,0.00020260064646425479,0.10689057727999106
v1_2411,0.0020334839799398974,0.6155791978794046
v1_2412,0.0003963439813147549,0.21102431511331077
v1_2413,0.0011352633605944745,0.1491502729807495
v1_2414,0.002550070132337773,0.5378277247160658
v1_2415,0.0011480595721779763,0.35574303654990014
v1_2416,0.00038653871325214454,0.09430542471639052
v1_2417,0.0021204233833581874,0.3751747179733954
v1_2418,0.0002653087146202077,0.29581724936590187
v1_2419,0.0039982467888561475,0.6486220658886884
v1_2420,0.0004025039593901357,0.06974181727128631
v1_2421,0.0007747307632628341,0.3505845403816947
v1_2422,0.0005905148191163061,0.0465712513471106
v1_2423,0.00011257996978595862,0.05287184585546284
v1_2424,0.0016494355073711669,0.13280843539568066
v1_2425,0.0011260235692004945,0.2670393107826913
v1_2426,0.0014116533310238447,0.7335334045232775
v1_2427,0.0027933328252198984,0.1155967443871923
v1_2428,0.0035374959015088657,0.16363645049997916
v1_2429,8.395510599391812e-05,0.04942335387067215
v1_2430,0.009078405516462147,0.22027310784870707
v1_2431,0.00237705635143882,0.2514113320544937
v1_2432,0.002694446478340754,0.22589885784691927
v1_2433,0.006344811561191219,0.20578612226700022
v1_2434,0.0025293394631914026,0.15792897624736157
v1_2435,0.0010764143233149906,0.1618639026545845
v1_2436,5.831148529483995e-05,0.046011038748041855
v1_2437,0.0017669033857769779,0.13401269809984284
v1_2438,0.00011258001630990289,0.07040391147458813
v1_2439,0.000245437914272878,0.16610364556612778
v1_2440,0.00015860422668392992,0.15451130308564687
v1_2441,0.007959032905358146,0.39398504633479065
v1_2442,0.0003686148869847603,0.17467669455251172
v1_2443,0.0011347682822433842,0.061382962617195114
v1_2444,0.0015650396615396688,0.45653896962234924
v1_2445,0.00381494488976115,0.19829969058936525
v1_2446,0.0021488913836943666,0.3636603584016067
v1_2447,0.006562297673257669,0.39244503922382973
v1_2448,0.0011018157179022241,0.09881486312916342
v1_2449,0.0003287371717949128,0.046728076331389756
v1_2450,0.0031779393862297616,0.15432702566681816
v1_2451,0.001877949943030676,0.2620684803427574
v1_2452,0.0074333036868452695,0.3951360032274038
v1_2453,0.00012815212715596314,0.12410031591182995
v1_2454,0.00023369822186326432,0.04447629343608939
v1_2455,0.0001186129484044489,0.1641021444730102
v1_2456,0.001514944184612955,0.3114919941571328
v1_2457,0.00019221057197674253,0.06348232723886976
v1_2458,0.000714322512182059,0.044035106339341934
v1_2459,0.0013223853777423649,0.04432281872058835
v1_2460,0.007461217935185189,0.757883353112291
v1_2461,0.00022270138986990945,0.18685017912011798
v1_2462,0.00029422426796661444,0.10281824634829549
v1_2463,8.527546076844076e-05,0.07324354264783944
v1_2464,0.001101221721127706,0.5358116240939981
v1_2465,0.0001231969899731577,0.07731758518812386
v1_2466,0.00028720782863403367,0.26516778664226603
v1_2467,0.0017098726714678315,0.11891643670644413
v1_2468,0.020877380767738624,0.5866811690433079
v1_2469,0.000988027837672033,0.23907110592590408
v1_2470,0.0014823445067231559,0.35226330400803163
v1_2471,0.004116509300841748,0.11145787973949593
v1_2472,0.0077333170222809765,0.3497169101516528
v1_2473,0.0012330819733574643,0.08788781348369311
v1_2474,0.0035466517741552226,0.5091983998481734
v1_2475,0.0005412910414246313,0.11022536049872543
v1_2476,0.0014329868397923056,0.22667643658790065
v1_2477,3.39662756701726e-05,0.04021680652120607
v1_2478,0.0006027609911838605,0.3739625186519231
v1_2479,0.0026525211223784456,0.12837598895441127
v1_2480,0.00021180311622123846,0.07572914276907743
v1_2481,0.00043299256425304814,0.1139217457897329
v1_2482,0.003357253386794022,0.672902202668485
v1_2483,0.0009212781266511081,0.3052208554007757
v1_2484,0.00026725477661773114,0.0945847680016808
v1_2485,0.0006168775136909052,0.04140599260937433
v1_2486,0.0009980275635094536,0.11247921810653681
v1_2487,0.0009789280282268093,0.7459168154053055
v1_2488,0.006187321709026094,0.5502366235098929
v1_2489,0.001859667590119137,0.4012689427450754
v1_2490,0.0041597596139587726,0.24642802690331056
v1_2491,3.9597175418582885e-05,0.06373121657593722
v1_2492,0.0037346121292219313,0.5049966360113107
v1_2493,0.011652846994876146,0.40058696455383186
v1_2494,0.0007754022992978475,0.04897072500719735
v1_2495,0.0009059477006971924,0.1585926562395859
v1_2496,0.004302668941843793,0.21944198459244452
v1_2497,0.0005831104233046603,0.33436389234416924
v1_2498,0.004448443015924927,0.26404741521225594
v1_2499,0.0038399284837937367,0.14989438489578716
v1_2500,0.004335643782494496,0.19123839150649435
v1_2501,0.0003889419284584465,0.3655787098996468
v1_2502,0.0004181268637419846,0.15653878784553998
v1_2503,0.0021868084678315566,0.05844747344295742
v1_2504,0.0012997529793564793,0.26805988895296506
v1_2505,0.00464714148296286,0.5476855347201295
v1_2506,0.003488226320077161,0.21143647029450752
v1_2507,7.601415269942642e-05,0.027682071091823968
v1_2508,0.00011375982297181487,0.05270706941025172
v1_2509,0.0009668435646185412,0.5082322847547734
v1_2510,0.001438884765432982,0.22902448774263895
v1_2511,0.001085857978680775,0.4449609025225716
v1_2512,0.0035967902844416984,0.2503794769722292
v1_2513,0.0011960664223334824,0.2928003962310691
v1_2514,0.004923265882977408,0.5966644586682153
v1_2515,0.0012939836122244073,0.7438639723753714
v1_2516,0.000376663407474311,0.11864884284716702
v1_2517,0.00017263337924424102,0.08911256558874657
v1_2518,0.013528652720342578,0.513569067578648
v1_2519,0.0022988533020312867,0.09969653082993633
v1_2520,0.0010030144312988352,0.5850359100179152
v1_2521,0.001357328911271632,0.46033773964969776
v1_2522,0.0006340146916921583,0.060893827500272835
v1_2523,0.0006080130651575716,0.2301234783267435
v1_2524,0.0010549682551190518,0.19766481424626547
v1_2525,0.0009500289108964533,0.6520705964816084
v1_2526,0.00021501262524933047,0.1414648355747592
v1_2527,0.0018405709417460886,0.10248603501477536
v1_2528,0.00046594355517898495,0.06551848391338566
v1_2529,0.006859705152183866,0.3004139720388389
v1_2530,0.0007655506082781598,0.04508730842374842
v1_2531,0.0003348224187552862,0.10184209618874139
v1_2532,0.0004480627981529448,0.07873674367828064
v1_2533,0.00031276557221626846,0.2945358935548074
v1_2534,0.004707569733147628,0.1581947653301191
v1_2535,0.00044202160121470325,0.05525110209447226
v1_2536,0.0021813405937773254,0.49237813658496804
v1_2537,0.0005384694105468813,0.2092961623525964
v1_2538,0.00040241079930183074,0.24190884213828612
v1_2539,0.021390902127931745,0.43748464225551276
v1_2540,0.0020109618671254963,0.1198607490359621
v1_2541,0.0030497779344531807,0.8211981087375314
v1_2542,0.0004479665132322986,0.11941909243507008
v1_2543,0.004925266721246602,0.29844021003114074
v1_2544,0.0006012526503965747,0.327232511902788
v1_2545,0.0011006761506723243,0.7753446617723354
v1_2546,0.00037360188221199854,0.04924742147593608
v1_2547,0.003441661348667221,0.14271007760887788
v1_2548,0.00026439183774840694,0.25614536792356146
v1_2549,0.00017384602590282425,0.12424216834129097
v1_2550,0.0006078590903072536,0.07734236287274542
v1_2551,0.007550256972661173,0.7046968467177133
v1_2552,0.0015811403928764841,0.13557632230111738
v1_2553,0.0004167503979276193,0.06815983409872328
v1_2554,0.0026705499677919225,0.4795000320047595
v1_2555,0.0008717610744097493,0.3682565620330802
v1_2556,0.0034266647029736934,0.10834445458663199
v1_2557,0.0005709043386345507,0.10381790339176632
v1_2558,0.0005733265739429108,0.14903627339122116
v1_2559,0.0001251335375168104,0.025716464033465614
v1_2560,0.0005791020046456816,0.06419655125810664
v1_2561,0.000321815896670087,0.25015202482321963
v1_2562,0.0027818226860548334,0.6247157245780193
v1_2563,0.0037833109766851254,0.13986102174816195
v1_2564,0.000278542947775213,0.04967987947030461
v1_2565,9.099384195141748e-05,0.09132660853028284
v1_2566,0.0003523547625684022,0.09071774694111466
v1_2567,0.00041352732820475364,0.06631506668317055
v1_2568,0.0012495142072053897,0.43148250358340456
v1_2569,0.00048029349329568416,0.45970369002452777
v1_2570,0.021794869576375005,0.4582630548561592
v1_2571,0.0025819760235886286,0.13228036091085804
v1_2572,0.008730802359964502,0.294389406991587
v1_2573,0.0001319140341854093,0.03504083781139522
v1_2574,0.00021458149691218662,0.05590688716128367
v1_2575,0.00029973866877804566,0.3475439662050732
v1_2576,0.0030295935801752526,0.41662421315542697
v1_2577,0.00022848164542736205,0.21521996305796998
v1_2578,0.00017723089760087024,0.05008042362211362
v1_2579,0.00012903257892718883,0.07833414768300016
v1_2580,6.428876376737513e-05,0.05914787094951879
v1_2581,0.0012202385964549076,0.07728694021289705
v1_2582,0.0026846169356463515,0.41319201168731634
v1_2583,0.0005445464193747066,0.21716775947801725
v1_2584,0.004216829256255523,0.26270794213065074
v1_2585,0.006281282482323724,0.9254850223674276
v1_2586,0.0007693129009314754,0.07147835525556268
v1_2587,7.548754455167467e-05,0.06249310484974713
v1_2588,0.0010719988530590683,0.6834738395515709
v1_2589,0.0003478735478696815,0.1572126884835311
v1_2590,0.00022382762000805432,0.327020402518963
v1_2591,0.01289768146043343,0.7493422619027099
v1_2592,0.0003605188399408895,0.149969854339988
v1_2593,0.0016125434948139345,0.21843610453211348
v1_2594,0.0001748402538843761,0.09229198976638818
v1_2595,0.0032108128193119654,0.6034055958076127
v1_2596,0.00022218164468793813,0.18215318627518573
v1_2597,0.0012143305454700643,0.167177942774132
v1_2598,0.0028149635163856428,0.37145417925297175
v1_2599,0.009477615449046867,0.355111183455154
v1_2600,0.003086679929201424,0.2796472143058284
v1_2601,0.0019648262485794207,0.8230777117949648
v1_2602,0.007594671596562783,0.2583296040301363
v1_2603,0.0008486583367520336,0.30776889310859806
v1_2604,0.004700117844914667,0.2579787065952672
v1_2605,0.004444270763125256,0.9551153089125053
v1_2606,0.01572581760595812,0.8033545603059637
v1_2607,0.0006890300112280893,0.424065928543428
v1_2608,0.0005190215878632627,0.5227192053534302
v1_2609,0.00026480410108721525,0.4219716160001319
v1_2610,0.006475860253748658,0.2702908137919745
v1_2611,0.0007073680812946751,0.06937368673510957
v1_2612,0.00016536744964000736,0.1148063306586453
v1_2613,0.00011428446610616421,0.10648046121784337
v1_2614,0.011083154297948351,0.41101205058763907
v1_2615,0.001051591282145823,0.4823532179982242
v1_2616,0.0004013818048616459,0.34564868664376647
v1_2617,0.0032081112469240936,0.6162638113287302
v1_2618,0.004321440879184357,0.20052457933359868
v1_2619,0.0006190890154297557,0.15211246487322572
v1_2620,0.0009641894846363117,0.6997015063398578
v1_2621,0.004991984486087454,0.39096885304272466
v1_2622,0.0023627582531491474,0.8270173552732966
v1_2623,0.0008358427794122983,1.1107654841433026
v1_2624,0.0018790613786369298,0.7537486070317894
v1_2625,0.0003647058213936288,0.20817300718609066
v1_2626,0.0030234501656316456,0.3182011573151394
v1_2627,0.001020151773387648,1.0144696621510632
v1_2628,0.0017446619341931037,0.4753601883231385
v1_2629,0.002977729197904008,0.1610591056117021
v1_2630,0.0006680956445778422,0.6282311280629949
v1_2631,0.000817323294945519,0.16502491021964782
v1_2632,0.0010006062794372266,0.8772482897768962
v1_2633,0.005473272243390459,0.34481028594445284
v1_2634,0.001238188879290095,0.16780344865368202
v1_2635,0.0003801770786694213,0.3213117787143299
v1_2636,0.004464892285136908,0.10866490677984518
v1_2637,0.00024067322612382594,0.43209013783062455
v1_2638,0.0006157030392030133,0.06893717760781681
v1_2639,0.000604566862060604,0.417715282249886
v1_2640,0.007888112364333517,0.22319690837445272
v1_2641,0.0017393744688905693,0.5086337827755854
v1_2642,0.0012918092429010126,0.11140428421672331
v1_2643,0.0008163195430999532,0.4340399514386989
v1_2644,0.0001766261157042813,0.15766678116578303
v1_2645,8.672743059097806e-05,0.13615013326596442
v1_2646,0.002395658684361932,0.1824975816040617
v1_2647,0.0054428847989233566,0.5085032711084251
v1_2648,0.009560827034381547,0.7794962012174056
v1_2649,0.0026848703274261003,0.26444198152119514
v1_2650,0.0027443615987106152,0.5431082641493856
v1_2651,0.0006767997447719061,0.5463407340647641
v1_2652,0.0017735868570915069,0.5984912471988236
v1_2653,0.0032976221738288867,0.36795690399491476
v1_2654,0.013409710933733733,0.6268415837568188
v1_2655,0.00034266800827807226,0.3090564218093571
v1_2656,0.0008311690690913896,0.07636117979300526
v1_2657,0.0008460452847959653,0.09642602593190273
v1_2658,0.0018409252393611155,1.0596562208877427
v1_2659,0.009623858372608051,0.7196306309076902
v1_2660,0.002976283789892586,0.24609802651274837
v1_2661,0.0001558916267592453,0.15992517337636802
v1_2662,0.0036042091172537173,0.7137700050374256
v1_2663,0.002000214899699708,0.38958745853766724
v1_2664,0.0011499122286551685,0.27221990321837397
v1_2665,0.004696087926661353,0.6327406264919351
v1_2666,0.010808705655025274,0.4636543078380642
v1_2667,0.0032286621292928167,0.2600445216235755
v1_2668,0.0016944783067055257,0.33719393889561255
v1_2669,0.0013954520346609858,0.6616650179057012
v1_2670,0.00018034804110101757,0.2676365346843316
v1_2671,0.015684505697708993,0.6982261848683918
v1_2672,0.007302447307122728,0.3988585661747383
v1_2673,0.001767958038802315,0.19944670029419864
v1_2674,0.0024902131499862324,0.8861359393959559
v1_2675,0.0007706228411927258,0.3894291876206015
v1_2676,0.01674175818448836,0.5300561803691868
v1_2677,0.00018586729652359457,0.12561789664644385
v1_2678,0.000633525638309155,0.10728059327588045
v1_2679,0.009148378920505513,0.5061986648798042
v1_2680,0.011489512158468052,0.41802253553420876
v1_2681,0.0004185214404743036,0.5315647411591613
v1_2682,0.0063188923826212485,0.4852418270240341
v1_2683,0.013064990574531265,0.3095443668409086
v1_2684,0.0005919254819872021,0.09333907335062362
v1_2685,7.006623500011459e-05,0.1546728455725801
v1_2686,0.00028048704339136564,0.37588920871213216
v1_2687,0.000522503906862712,0.39455850557368943
v1_2688,0.0025806838238141795,0.27562769754884986
v1_2689,0.003584103558309913,0.18597039725447662
v1_2690,0.000699233687896892,0.5131039117854799
v1_2691,0.001840231605647716,0.4512769982151546
v1_2692,0.0022045580667150763,0.09748670451564266
v1_2693,0.0010555410197210437,0.2196974246935467
v1_2694,0.025402515747012584,0.6296287968547754
v1_2695,0.0003475590756051481,0.15932828512808628
v1_2696,0.001376571935266455,0.833677410440869
v1_2697,0.010131291797738664,0.5840028416064125
v1_2698,0.0003602589492459673,0.7244509405622225
v1_2699,0.008974236048977161,1.0849732445727456
v1_2700,0.04504400161977244,2.0
v1_2701,0.0038927363387722433,2.0
v1_2702,0.0028272152344566335,1.9997174992240014
v1_2703,0.013293025289214824,2.0
v1_2704,0.003204929029906743,2.0
v1_2705,0.005928501549566147,2.0
v1_2706,0.0030900981632327653,2.0
v1_2707,0.004243785780572973,2.0
v1_2708,0.015335038945749089,1.9912097686402535
v1_2709,0.002583318486541015,2.0
v1_2710,0.019655212076611903,2.0
v1_2711,0.0022734967412830214,2.0
v1_2712,0.01000916664605849,1.9963981332880163
v1_2713,0.03383089121256722,1.9996582539430543
v1_2714,0.05774482216196033,2.0
v1_2715,0.006458227530323929,2.0
v1_2716,0.026767477671260136,1.995918425186829
v1_2717,0.002664197318344867,1.9974843408627545
v1_2718,0.002305398157862882,1.9997565101900718
v1_2719,0.0722715520940183,2.0
v1_2720,0.004162152287771436,2.0
v1_2721,0.07673712552157724,2.0
v1_2722,0.005017476812104722,2.0
v1_2723,0.004000378338645867,2.0
v1_2724,0.08866654150205051,1.9980482390804553
v1_2725,0.04984542816040731,1.98895535760469
v1_2726,0.013110709313995982,1.9992630427802174
v1_2727,0.00242618056525384,2.0
v1_2728,0.04134423608885362,2.0
v1_2729,0.04311462793243337,2.0
v1_2730,0.002566151129781882,2.0
v1_2731,0.04993705584884292,2.0
v1_2732,0.05896563429619085,1.9910124501707667
v1_2733,0.007231252000511619,2.0
v1_2734,0.005243122355352228,1.9771805732816736
v1_2735,0.002325193303596837,2.0
v1_2736,0.07440086373318493,2.0
v1_2737,0.020564070702274895,2.0
v1_2738,0.013258942439192251,1.9948512044233722
v1_2739,0.003105408082904052,1.9988343015848806
v1_2740,0.009696479010551297,1.9989479996871449
v1_2741,0.009633892131246373,2.0
v1_2742,0.0748106744036868,1.999978417722721
v1_2743,0.017575417135750282,2.0
v1_2744,0.0052834078574869395,2.0
v1_2745,0.02405249922971566,2.0
v1_2746,0.030351242510184694,2.0
v1_2747,0.0122074190463928,1.9933196849354688
v1_2748,0.05979533900321477,1.993034346238065
v1_2749,0.014197955307108268,2.0
v1_2750,0.0020198814828424052,2.0
v1_2751,0.01794408137888926,2.0
v1_2752,0.03974119832640385,1.9979977506828277
v1_2753,0.006918760671498743,2.0
v1_2754,0.018240155542164564,2.0
v1_2755,0.0036058854589182446,2.0
v1_2756,0.00564243463223373,2.0
v1_2757,0.010958940855104009,2.0
v1_2758,0.007700300825017411,2.0
v1_2759,0.01676728807800136,2.0
v1_2760,0.09640273949918782,1.9989528488578412
v1_2761,0.0018447993142073162,2.0
v1_2762,0.0029738481009656914,1.9967929969117921
v1_2763,0.009685866568479813,2.0
v1_2764,0.003474052437068973,1.9949862736564588
v1_2765,0.007481073397615997,2.0
v1_2766,0.014750778726004603,2.0
v1_2767,0.005976073349555598,2.0
v1_2768,0.01418306015399321,2.0
v1_2769,0.01029412309714297,2.0
v1_2770,0.003449824071096165,2.0
v1_2771,0.08302506898123448,1.9999729426751631
v1_2772,0.003467753613291933,1.9965649777837955
v1_2773,0.01742092320921067,2.0
v1_2774,0.07440461816216028,2.0
v1_2775,0.0851844488974385,1.9973823444955587
v1_2776,0.020260324600946254,2.0
v1_2777,0.015106907070235095,2.0
v1_2778,0.056384969255687215,2.0
v1_2779,0.007164658918423855,2.0
v1_2780,0.04801615783059761,2.0
v1_2781,0.020049994970388025,2.0
v1_2782,0.004909723545062,2.0
v1_2783,0.022557484943541265,1.9975398034569036
v1_2784,0.01387085241934603,2.0
v1_2785,0.07900407798275,2.0
v1_2786,0.004159576761708288,1.996466181374823
v1_2787,0.07701654806261024,1.9987849638451856
v1_2788,0.003825222266239538,2.0
v1_2789,0.03556996790765166,2.0
v1_2790,0.005423607773849763,2.0
v1_2791,0.006258954573292474,2.0
v1_2792,0.06909867476971984,2.0
v1_2793,0.0817155441694428,1.9963111753405536
v1_2794,0.006559437829623598,2.0
v1_2795,0.003772787411578866,2.0
v1_2796,0.006202164917975086,2.0
v1_2797,0.0071878700566482025,2.0
v1_2798,0.014829922656763672,2.0
v1_2799,0.05650390188064628,2.0
v1_2800,0.023403863785347506,2.0
v1_2801,0.021716934907385823,2.0
v1_2802,0.0019808521248949953,2.0
v1_2803,0.008151577102380514,2.0
v1_2804,0.009991122471395969,2.0
v1_2805,0.02031980436383991,2.0
v1_2806,0.08596892391567626,2.0
v1_2807,0.029844436511755116,2.0
v1_2808,0.027935011062118143,2.0
v1_2809,0.05844075043098489,2.0
v1_2810,0.001956999018919232,2.0
v1_2811,0.02623142882239558,2.0
v1_2812,0.011133723741039322,2.0
v1_2813,0.003092950224529154,1.9922823238042324
v1_2814,0.046084323517108505,2.0
v1_2815,0.004695437547141128,1.998720696036421
v1_2816,0.00398028143872638,2.0
v1_2817,0.051663617820507005,2.0
v1_2818,0.00279649125388549,1.996377049375179
v1_2819,0.00500896131445971,2.0
v1_2820,0.00428577677035014,2.0
v1_2821,0.043065339595808855,1.9944555523604768
v1_2822,0.017456090646688432,2.0
v1_2823,0.01629471968760743,2.0
v1_2824,0.008769689657116289,2.0
v1_2825,0.004060174704617536,1.9982048168956716
v1_2826,0.003978326091632311,2.0
v1_2827,0.043281799592376796,2.0
v1_2828,0.014844883330131441,1.995700604809077
v1_2829,0.021477277408442654,1.9992586087759727
v1_2830,0.03845555129044422,2.0
v1_2831,0.00976763930599299,1.9974772524270574
v1_2832,0.08532527814577759,2.0
v1_2833,0.034590087157290686,1.9994891875958154
v1_2834,0.0019790156773886562,2.0
v1_2835,0.0421433322876636,2.0
v1_2836,0.08290901998471163,2.0
v1_2837,0.003915158955306369,1.9984947114838563
v1_2838,0.058296585685942474,2.0
v1_2839,0.06510109556799923,1.999489977571371
v1_2840,0.004797355260049713,2.0
v1_2841,0.07394012201756962,1.999732566484182
v1_2842,0.026378501893247693,2.0
v1_2843,0.049422878877253905,2.0
v1_2844,0.05237400997555466,1.99727454418711
v1_2845,0.059478729340939215,2.0
v1_2846,0.045573524697603625,2.0
v1_2847,0.012835170936184295,2.0
v1_2848,0.009660178523867155,1.9992371890094431
v1_2849,0.005910090767961763,2.0
v1_2850,0.032825148056880124,2.0
v1_2851,0.020275914312639743,1.997399509401785
v1_2852,0.0026209939222666353,2.0
v1_2853,0.04304852011251818,1.9969077780949702
v1_2854,0.008530779961418239,1.995198014379338
v1_2855,0.0027515320310105536,1.998373509746037
v1_2856,0.006907559050752394,2.0
v1_2857,0.024621922695355132,2.0
v1_2858,0.01040173083517419,2.0
v1_2859,0.004641443529806447,2.0
v1_2860,0.002920026815424401,2.0
v1_2861,0.0751194068502798,2.0
v1_2862,0.02552767412233694,2.0
v1_2863,0.01351992220612014,2.0
v1_2864,0.0977682309440136,2.0
v1_2865,0.015991849771624555,1.9921643382721483
v1_2866,0.062099748930484956,2.0
v1_2867,0.046851715996297456,1.9907441285141076
v1_2868,0.029035130429566874,2.0
v1_2869,0.005704346736635528,2.0
v1_2870,0.03167971255044894,2.0
v1_2871,0.03206685311571712,1.9964598009589696
v1_2872,0.0020585914452554647,2.0
v1_2873,0.015248083976295193,1.9977291932985537
v1_2874,0.015631962836494654,2.0
v1_2875,0.0038516667302641557,2.0
v1_2876,0.09842009195929607,2.0
v1_2877,0.006195449849992486,2.0
v1_2878,0.004153117708289952,2.0
v1_2879,0.0026878517590704066,2.0
v1_2880,0.02888087792521568,2.0
v1_2881,0.07122524072215283,2.0
v1_2882,0.0036670008900501357,2.0
v1_2883,0.005805517935074452,1.9998055461010373
v1_2884,0.051849729211813,2.0
v1_2885,0.04524471429135758,1.9977918226290905
v1_2886,0.029121537738865978,2.0
v1_2887,0.0028291928052118142,2.0
v1_2888,0.008290416334288751,2.0
v1_2889,0.005114355040473161,2.0
v1_2890,0.015274190135537909,1.9999724222631574
v1_2891,0.07859649298735831,2.0
v1_2892,0.012029218512587064,1.9998270705837053
v1_2893,0.03601189101071157,2.0
v1_2894,0.013615015719729505,2.0
v1_2895,0.003764990459018419,2.0
v1_2896,0.00947642015520432,2.0
v1_2897,0.05118322506578219,1.9947672804259307
v1_2898,0.008713586759257935,1.9990051804507911
v1_2899,0.006324206272944129,1.9893056549893633
v1_2900,0.03275629149254598,2.0
v1_2901,0.02556307550776605,1.9999949739741203
v1_2902,0.0034861397910147516,2.0
v1_2903,0.031356576874119,2.0
v1_2904,0.010949998885520324,2.0
v1_2905,0.013560861151256274,2.0
v1_2906,0.011182963492108376,1.9980077176987485
v1_2907,0.003843833087528106,1.9982391997630593
v1_2908,0.0022723395433519047,1.9970841650337552
v1_2909,0.002320157343204661,2.0
v1_2910,0.009552914453364515,1.990953718630345
v1_2911,0.007100887711197607,1.9997882013467265
v1_2912,0.09464136363433087,2.0
v1_2913,0.006500526562383842,2.0
v1_2914,0.002464727878370383,2.0
v1_2915,0.004210856886655693,1.9763814133835451
v1_2916,0.008968942805537073,1.9996368892320433
v1_2917,0.002768160789430415,1.9944348471330375
v1_2918,0.026964176920942835,2.0
v1_2919,0.0038104402113760846,1.996149603321794
v1_2920,0.0032581708234902295,2.0
v1_2921,0.00823162022594723,2.0
v1_2922,0.08066830807767542,2.0
v1_2923,0.002938282117268364,2.0
v1_2924,0.004045415833186778,2.0
v1_2925,0.003487682703374774,2.0
v1_2926,0.0025688446936609705,1.985970801957322
v1_2927,0.0020146656232782195,2.0
v1_2928,0.032986708045628206,2.0
v1_2929,0.0027744364067797287,1.9979794444705627
v1_2930,0.002979927262334709,1.99509071313329
v1_2931,0.06661949587603096,2.0
v1_2932,0.016598056901694993,1.9969340457781193
v1_2933,0.015485713042434178,1.9997268414037326
v1_2934,0.05989602329030882,2.0
v1_2935,0.030785956465324414,2.0
v1_2936,0.0355079977031054,1.9999104526156803
v1_2937,0.031141187360405543,2.0
v1_2938,0.00311738904034396,1.998261707741301
v1_2939,0.0025994932827994735,2.0
v1_2940,0.003585642248398689,2.0
v1_2941,0.031240476072908932,2.0
v1_2942,0.002370744815402873,2.0
v1_2943,0.0021529226181330146,2.0
v1_2944,0.05247207756981068,1.9911641776025157
v1_2945,0.00355180982463165,2.0
v1_2946,0.038565672718848705,1.9980436639833896
v1_2947,0.016563385872555247,2.0
v1_2948,0.08637376958626482,2.0
v1_2949,0.013105921598844092,1.9880413005915076
v1_2950,0.031634068105842225,2.0
v1_2951,0.0026589723405893587,2.0
v1_2952,0.01586138219350512,2.0
v1_2953,0.07235454345659555,2.0
v1_2954,0.0044319368751589774,2.0
v1_2955,0.005387253909464229,2.0
v1_2956,0.09329353601544105,1.999267216246049
v1_2957,0.014151207239485337,1.9988798729363062
v1_2958,0.0026227828252350996,2.0
v1_2959,0.00932646011983213,2.0
v1_2960,0.005697022884164812,2.0
v1_2961,0.05156239079862123,2.0
v1_2962,0.010627170044146662,1.9981133829275213
v1_2963,0.044994003165692506,1.998691080929924
v1_2964,0.0035007856238884996,2.0
v1_2965,0.05367207851006914,2.0
v1_2966,0.025800273278017663,1.9986684739599703
v1_2967,0.015808778792708544,2.0
v1_2968,0.03741182479828569,2.0
v1_2969,0.05069971712858123,1.9998455883330633
v1_2970,0.004823856332253461,2.0
v1_2971,0.0026185389388279504,2.0
v1_2972,0.005570860967194269,1.9958626212303971
v1_2973,0.0034636320355114114,2.0
v1_2974,0.03538928315004793,2.0
v1_2975,0.00858468851400809,2.0
v1_2976,0.06707633988283221,2.0
v1_2977,0.006835681842952758,1.9971835223241023
v1_2978,0.0028619602754471752,1.9995853998742565
v1_2979,0.006064040058712909,2.0
v1_2980,0.0020865382368584493,2.0
v1_2981,0.02949609963481037,2.0
v1_2982,0.0022039752860387968,2.0
v1_2983,0.016544250991220782,2.0
v1_2984,0.027214570214662868,2.0
v1_2985,0.04266363049531476,2.0
v1_2986,0.002881758111855098,1.985162065282799
v1_2987,0.006647946896080313,2.0
v1_2988,0.027472189472898104,2.0
v1_2989,0.009895635618861032,2.0
v1_2990,0.005055490355543447,2.0
v1_2991,0.03503104698198557,2.0
v1_2992,0.04015047359632635,1.997285525796086
v1_2993,0.06063075013091588,2.0
v1_2994,0.024054638522242603,2.0
v1_2995,0.0020407540390765156,2.0
v1_2996,0.002244438862618108,2.0
v1_2997,0.005802337738117187,2.0
v1_2998,0.05704758789583754,2.0
v1_2999,0.002538788403332748,2.0
v1_3000,0.021447539546983304,2.0
v1_3001,0.035253908222214206,1.9881673993290399
v1_3002,0.0020523873604312206,2.0
v1_3003,0.046502445769125725,1.984884058859452
v1_3004,0.0024572691812302767,2.0
v1_3005,0.014898663619890534,2.0
v1_3006,0.01890514492948065,2.0
v1_3007,0.03108764410407089,2.0
v1_3008,0.010706422198978664,2.0
v1_3009,0.03197792081913176,2.0
v1_3010,0.026838546986881817,1.9974887793988416
v1_3011,0.014708927599102207,2.0
v1_3012,0.0049160770648444575,1.9919558595814162
v1_3013,0.003713279407938446,2.0
v1_3014,0.01270349999404255,2.0
v1_3015,0.020999825043359777,1.9987455861155072
v1_3016,0.006404023199170236,2.0
v1_3017,0.0046885899173368046,2.0
v1_3018,0.0041268651575168975,1.9911133875249514
v1_3019,0.009568184509879106,2.0
v1_3020,0.00957139298420159,2.0
v1_3021,0.005240298245714174,2.0
v1_3022,0.007392910601594006,2.0
v1_3023,0.0779955440603673,1.9976362726421313
v1_3024,0.017641178996061116,2.0
v1_3025,0.0019847505645198054,2.0
v1_3026,0.0027371327856663464,1.9799190851549207
v1_3027,0.004671972542150133,2.0
v1_3028,0.08004369068414866,2.0
v1_3029,0.0037874557372572205,1.9931483497174458
v1_3030,0.09070981383686691,2.0
v1_3031,0.006459225380940113,2.0
v1_3032,0.003330171998620045,2.0
v1_3033,0.008580338753972206,1.999159227363247
v1_3034,0.017792866025070065,2.0
v1_3035,0.030575919918528035,2.0
v1_3036,0.010356805794705623,2.0
v1_3037,0.013226693531152973,1.9970873256155006
v1_3038,8.421971938344484e-05,0.23941333546565247
v1_3039,0.0016648609689619296,0.5138627747357296
v1_3040,4.9421794477339846e-05,0.03438052032463125
v1_3041,0.00041601545903096644,0.21661128124427326
v1_3042,0.0008802343947516855,0.04434888453748184
v1_3043,0.0001684322104143498,0.34015995534549776
v1_3044,0.001077815916147958,0.1276984891617533
v1_3045,0.0003160255884833647,0.2708514771519223
v1_3046,0.002668361468682458,0.15945688106683967
v1_3047,0.0003356987831676252,0.19616194211875687
v1_3048,0.0010821251397681354,0.07159809984942578
v1_3049,0.00037363535984282436,0.299017212982205
v1_3050,0.00011904240820158754,0.03182875115075216
v1_3051,0.0010722503643417777,0.15985711453840995
v1_3052,0.0007849712918751555,0.2667167835059653
v1_3053,0.003903331453819362,0.17232274203177084
v1_3054,0.002327200441487929,0.14411291732826217
v1_3055,0.006173577543017643,0.1850517677514011
v1_3056,0.0002303836083887869,0.12345057620688502
v1_3057,0.0011376778359067888,0.27160017208775766
v1_3058,0.00010730614474469069,0.07866262911855443
v1_3059,0.00040409821476753896,0.36917377316506356
v1_3060,0.0010237112952325433,0.16372737460653736
v1_3061,0.0004985759744655667,0.2537117109044856
v1_3062,0.00037282194093274975,0.18448184410757146
v1_3063,0.0033890809882007075,0.13596158879522663
v1_3064,0.00011109413660542729,0.057779079524084224
v1_3065,0.0014331025653657352,0.27080150719444374
v1_3066,0.0002764518575582903,0.8462198248428072
v1_3067,0.0005622539354610779,0.2594684401541209
v1_3068,0.005639639939652129,0.12831107855186263
v1_3069,0.00022569654009742108,0.18713338996726162
v1_3070,0.00027199318250094334,0.06185399239810014
v1_3071,0.0001524543077835042,0.14475361733890205
v1_3072,0.000552838552790149,0.11106386107405668
v1_3073,0.002834086288720946,0.2405056980028827
v1_3074,0.0007687068620892604,0.23704794513465932
v1_3075,0.00038910337281677075,0.11722565360928525
v1_3076,0.0009369948096050583,0.15695712239515605
v1_3077,0.0011632765522009323,0.2400886833983504
v1_3078,0.00026746605690849414,0.045405499667757906
v1_3079,0.00022152077115036723,0.15515289500281707
v1_3080,0.0026790133594762743,0.07260290399851528
v1_3081,0.004242145023610995,0.14737797460656654
v1_3082,8.918711576233011e-05,0.35092647344512834
v1_3083,0.00016678467056739123,0.14917588558153633
v1_3084,0.00023991343934705444,0.04515810116973868
v1_3085,0.0004220865386754015,0.29854860406877703
v1_3086,0.00047050117980010147,0.09771188038008377
v1_3087,0.0002294344600336787,0.15898313139422318
v1_3088,5.011614692301316e-05,0.03427906937415779
v1_3089,0.000821131411856015,0.23263818915587803
v1_3090,0.0005848464637115467,0.07630287318340344
v1_3091,0.0014516374207606208,0.1247226685852153
v1_3092,0.0018076186934256572,0.12022012098865745
v1_3093,0.0007389486693866061,0.20680643330615933
v1_3094,0.003333310107268039,0.13213243946355757
v1_3095,0.0007007169300019784,0.17115048346959477
v1_3096,0.006586439439811745,0.17227920073768946
v1_3097,0.0024118465001839746,0.7421580411835285
v1_3098,0.00023925226701265612,0.051823748342602956
v1_3099,0.004477625919194792,0.2608670638138114
v1_3100,0.0003069701928448266,0.08781714622664531
v1_3101,0.006154401226925848,0.23113315404426063
v1_3102,0.00022357341754767102,0.07293190505370922
v1_3103,0.0009302781356146909,0.31522905480473795
v1_3104,0.0002850786757062364,0.06096881387940965
v1_3105,0.0001314747298061868,0.1350847716038966
v1_3106,0.0001303546594459877,0.13273293890197466
v1_3107,0.000249281714946635,0.1619914625657099
v1_3108,0.00019040752514541622,0.034648093796374915
v1_3109,0.0003032474826619196,0.2491920814311929
v1_3110,0.000488579837930498,0.09145092028247334
v1_3111,0.0007390702833116014,0.09632953714241131
v1_3112,0.00013833914173688405,0.036100861876499454
v1_3113,0.0028058984444835717,0.2326576681540705
v1_3114,0.00019164679308596665,0.13339106314291913
v1_3115,0.0008287119466585297,0.31536372264922674
v1_3116,0.0016669675017195078,0.042193012634349866
v1_3117,0.00016860453519289002,0.2198827494264036
v1_3118,9.706500878604488e-05,0.3581298432585684
v1_3119,0.0014438285008733498,0.29152387959460235
v1_3120,0.0024381220202600406,0.08673638357654662
v1_3121,0.0008451965820460802,0.14768117344475098
v1_3122,0.00043213909039938145,0.08330089098273318
v1_3123,0.003493680214203398,0.4364179217014948
v1_3124,0.00490883474701193,0.11785164469151428
v1_3125,0.0021428447497575556,0.175186557553383
v1_3126,0.0021535769286135163,0.17036049568350878
v1_3127,0.01179436973640657,0.29438066231429716
v1_3128,0.0005483138477826423,0.09735866754834192
v1_3129,0.0011698683743572099,0.2508780234013545
v1_3130,0.0008031892865320823,0.4389992413282644
v1_3131,0.00044251406715598474,0.1977257241421748
v1_3132,0.0031080603215119748,0.12805439621621206
v1_3133,0.0037531531043595665,0.20562611273906148
v1_3134,0.000416955432830804,0.11602659377620314
v1_3135,0.004384102802689114,0.2788396314601789
v1_3136,0.0009102929590972055,0.2292493957205265
v1_3137,0.0038294136704026907,0.5379424995252288
v1_3138,0.002250160746893483,0.0896024242461239
v1_3139,0.0005410452501580694,0.24727751244987298
v1_3140,0.00074667162927759,0.8338442365755446
v1_3141,0.003170028575991378,0.20077451297304097
v1_3142,0.0015398820306317096,0.07627721841297055
v1_3143,0.004227961883476885,0.17554193196619872
v1_3144,0.0017369511696273415,0.07464141897310304
v1_3145,0.0024130485154516715,0.14183641804382824
v1_3146,8.123236719752381e-05,0.457781420839126
v1_3147,0.00017800051200913262,0.1100001898320896
v1_3148,0.005458133497895308,0.19964405322011813
v1_3149,0.00043493729336499873,0.2804652058375012
v1_3150,0.0027479651962630746,0.13148462668482983
v1_3151,0.0013116676547753896,0.20100190838649337
v1_3152,0.0012912290298404477,0.04743224307169873
v1_3153,0.0005998414988591422,0.19394065615159542
v1_3154,0.00031390092083165755,0.0877294950225482
v1_3155,0.0006206775508276821,1.3131056348874823
v1_3156,0.00262400450348385,0.1271434379242909
v1_3157,0.0014468211563534719,0.23057969362820727
v1_3158,0.0002137878705995269,0.5137557226829128
v1_3159,0.0021044388183766357,0.14127537355746692
v1_3160,0.002402666551626106,0.1425609833423475
v1_3161,0.00029585418739676956,0.27411612828431653
v1_3162,0.0004957406314046735,0.10001119008548759
v1_3163,0.004055815929676524,0.23665312378104575
v1_3164,0.0030265234966589893,0.1684368896195392
v1_3165,0.0009714282670758563,0.1905373561448124
v1_3166,0.0016298806326541582,0.040329180179644875
v1_3167,0.00056833991548114,0.2814910454010631
v1_3168,0.00045793383589814817,0.07406040481203348
v1_3169,0.010862568666155249,0.31556841708104744
v1_3170,0.0010437438843405008,0.124860191914669
v1_3171,0.0016920014939330122,0.12309713547281273
v1_3172,6.182333577485954e-05,0.49518071180803747
v1_3173,0.010072235274812215,0.3227699559944521
v1_3174,0.00017095151116217156,0.14030020014966446
v1_3175,0.0009434962501854571,0.07542737433114846
v1_3176,0.0009873405455371287,0.14162784451250296
v1_3177,0.000653737017826688,0.19020399228060914
v1_3178,0.0007974150002687508,0.06674876952828923
v1_3179,0.0002928909176651327,0.30150946116520166
v1_3180,0.00027221676027826703,0.08686838369391017
v1_3181,0.00342298402788056,0.2244161178891577
v1_3182,0.00015184883372141992,0.20054770198928565
v1_3183,0.0051735841042053745,0.18500940204902871
v1_3184,5.223915170386223e-05,0.06887649275161525
v1_3185,0.005199724374127964,0.18982157876431974
v1_3186,0.0003283662217734398,0.03836140840411272
v1_3187,0.00025851211423740526,0.12912929766295805
v1_3188,0.001462162004164121,0.16730116053533128
v1_3189,0.0005189474417259739,0.2567250165464143
v1_3190,0.009329976829922279,0.21023286475047975
v1_3191,0.004706607829676209,0.2806707925918853
v1_3192,0.00235308109656653,0.6293250674248981
v1_3193,0.002787903700640933,0.1933654369599246
v1_3194,0.00016334581738742965,0.10157568674831893
v1_3195,0.0006895007017737836,0.20210763642004997
v1_3196,0.003954505483470445,0.1639294194542256
v1_3197,0.003196252875888171,0.1673636458488599
v1_3198,0.00016397338477998824,0.18835265369295878
v1_3199,0.003330979318355438,0.28523215417641884
v1_3200,0.00128173800339997,0.13916073071040747
v1_3201,0.00169563234065104,0.12080563866751262
v1_3202,0.0013700222416609211,0.08131842798418201
v1_3203,0.0004593125977729732,0.22140760607328158
v1_3204,0.00029119624431246324,0.06717045738445583
v1_3205,0.0016705977343245554,0.09914534033780671
v1_3206,0.0016740426713674015,0.13913514596415344
v1_3207,0.0024725514327171502,0.1846807501403472
v1_3208,0.0001392477509643842,0.5667354418035476
v1_3209,0.0056047302478739874,0.12577612109227068
v1_3210,0.0005023410730248259,0.5189625965434442
v1_3211,0.003233651866085505,0.13151854912991937
v1_3212,0.0013171687680514999,0.08045895972811973
v1_3213,0.0028940776023277806,0.10864136573104852
v1_3214,0.00011709067841114907,0.09638756695661663
v1_3215,0.00019631062048655308,0.11564311777070119
v1_3216,0.00042882206738668524,0.20335936411876487
v1_3217,0.00026276978422109414,0.3247409652809381
v1_3218,5.994875757316273e-05,0.14655940147390287
v1_3219,0.012885954092103916,0.3282214561841882
v1_3220,0.0007984222086500188,0.0869898496714979
v1_3221,0.008754253132231703,0.18770529024386523
v1_3222,0.002848916740326367,0.1211639069709475
v1_3223,0.003134940199746774,0.12444008285345964
v1_3224,0.00038080289817830334,0.12052353200064611
v1_3225,0.0011111072485894932,0.18449873371036812
v1_3226,0.00021717758664408591,0.11092331348294068
v1_3227,0.00822470338580404,0.24281217546957046
v1_3228,0.00013276930771417047,0.24961055649521532
v1_3229,0.0003779059720738897,0.300605787891423
v1_3230,0.00016565244874901976,0.1240080525282054
v1_3231,0.002300439261900687,0.21198313306959937
v1_3232,0.0026432332850282307,0.09224330520657732
v1_3233,0.006651526893075279,0.2680901986141081
v1_3234,0.0003994838894099113,0.08936618302395007
v1_3235,0.003878275394056237,0.21361782018719955
v1_3236,0.00030164186532516434,0.08932041350867931
v1_3237,0.0006523101903446406,0.1663461960975902
v1_3238,0.0001995395168806617,0.05650436935365542
v1_3239,0.0005698238005119325,0.28272066503017196
v1_3240,0.0035057830188786995,0.15090428051556917
v1_3241,0.0008140445990121762,0.2245627253790721
v1_3242,0.0004037183798655029,0.08957471783252258
v1_3243,0.010290410517241458,0.2739809561597465
v1_3244,0.0006071906808269721,0.09775318440859083
v1_3245,0.001012003253718129,0.2997190091034546
v1_3246,0.00015470032144868133,0.09318673704751224
v1_3247,0.004733430664962386,0.18244239467310977
v1_3248,0.0018561335482524407,0.0667072306576399
v1_3249,0.012379055426804,0.26032575485604814
v1_3250,0.0003700646166640067,0.07754092850659852
v1_3251,0.0025719851460273163,0.2855318698719967
v1_3252,0.004966614457520934,0.18196309801798766
v1_3253,0.0004962017854370359,0.09495080970682464
v1_3254,0.0012692038982318964,0.1458698399803135
v1_3255,0.001072336758535687,0.20224435952907224
v1_3256,0.0008925674062863179,0.4083214772187197
v1_3257,0.00045859573175778524,0.19478350492692997
v1_3258,0.0013530404407583539,0.1866718277205682
v1_3259,0.0060993889656661485,0.1231067880613044
v1_3260,0.004742590274997587,0.12833655401912702
v1_3261,0.003646762226620192,0.16321379944620149
v1_3262,0.0005904576684520178,0.057530212264123
v1_3263,0.0003600623001125924,0.25218969674988534
v1_3264,0.0013424727442855125,0.33699833427268466
v1_3265,0.0014232690952866564,0.10725917604055152
v1_3266,0.0025077145169771836,0.4668042797862988
v1_3267,0.00035297088568939555,0.15318446461573107
v1_3268,0.004089151326689054,0.3667566980057969
v1_3269,0.003488961456281311,0.35973102541520874
v1_3270,0.000132193305323413,0.10578758820538571
v1_3271,0.0017838033507852188,0.07924704957985801
v1_3272,0.0015275561221891193,0.8967315149459103
v1_3273,0.0016546726569084777,0.16073122769798137
v1_3274,7.901159338251278e-05,0.041953207587613395
v1_3275,0.0005879743240592068,0.2176539905636727
v1_3276,4.5845089843998634e-05,0.06824663340731668
v1_3277,0.00043298980318706183,0.22063085209505373
v1_3278,0.003377203196273029,0.36589887190000836
v1_3279,0.005537394156954327,0.12947599125033524
v1_3280,0.002220678865171547,0.16755413359341698
v1_3281,0.0017726440185705389,0.7455494842266163
v1_3282,0.0032007043969680495,0.167297074070812
v1_3283,0.00019555615821300774,0.15355428268537388
v1_3284,0.0028921186810866944,0.09398157389363432
v1_3285,0.003506223299154791,0.298444777851728
v1_3286,0.0027336183011946263,0.07792723026921221
v1_3287,0.0003235935737181177,0.20807872494090238
v1_3288,0.00034572925043601646,0.0707493500381004
v1_3289,0.0017209909848827124,0.45102561897233695
v1_3290,0.002556818459869157,0.12460233292155094
v1_3291,0.005816193042959687,0.141763664453541
v1_3292,0.00010004030767549283,0.08216397721853759
v1_3293,0.0013659593466920843,0.16237123469295897
v1_3294,0.0030838694567595975,0.14734504764386422
v1_3295,0.002409408080007547,0.24780474679440237
v1_3296,0.0006478823653797042,0.12957273804904434
v1_3297,0.004833053798036197,0.3961942604800281
v1_3298,0.0008845853268607684,0.1426248311774015
v1_3299,0.005122665465410944,0.2804312838246836
v1_3300,0.0013525999234732006,0.13245894153443868
v1_3301,0.005613071047680337,0.5711180935986673
v1_3302,0.0004786313814703203,0.05944957597632287
v1_3303,0.0012324994625254708,0.13628797488827893
v1_3304,0.0002111600337775812,0.19914454761375194
v1_3305,0.0028050769873671274,0.09313982522908652
v1_3306,0.0002446965263778144,0.11325014074917461
v1_3307,0.0024961158470336604,0.11011561706456519
v1_3308,0.002205550392709473,0.17988541886665516
v1_3309,0.0005122846783611919,0.1339184202265128
v1_3310,0.0035683555898190934,0.2707868499133657
v1_3311,0.00017339224325224422,0.10382655114789849
v1_3312,0.000584786562769836,0.2612075678917156
v1_3313,0.00206712010370791,0.32408655951604476
v1_3314,0.0026297921719839992,0.06827036885349717
v1_3315,0.00024019658713251977,0.11716907301291436
v1_3316,0.00013907189839338748,0.13169736980196312
v1_3317,0.009275056369152488,0.1962073069812344
v1_3318,0.0009836714631875436,0.07128556456902332
v1_3319,0.0024017751759073014,0.30657793297313535
v1_3320,0.0031156128060041,0.13739045243787915
v1_3321,0.003926313208185802,0.33211169864650597
v1_3322,0.0008306103891803458,0.08914343623717363
v1_3323,0.0005520877981170652,0.13371500852127377
v1_3324,0.0037148308010643747,0.09904587088264288
v1_3325,0.0005138418650516167,0.30353101845631464
v1_3326,0.0006998134565085718,0.18235126349865718
v1_3327,0.002088282546991823,0.2776828757318749
v1_3328,0.00024124592062190324,0.22010258498845453
v1_3329,0.00028215853724039195,0.17344980495418555
v1_3330,0.00014691491545493166,0.07134934281314194
v1_3331,0.0012237536884446515,0.13051251950637083
v1_3332,0.000283071090283537,0.1358557742331698
v1_3333,0.0004125998419339935,0.10820927785072605
v1_3334,0.0003568961911756243,0.15712828530864126
v1_3335,0.005856408026907601,0.33137690183859086
v1_3336,0.0001770267813291647,0.049720570196450965
v1_3337,0.0001525383873166147,0.16038785289859359
v1_3338,0.00023685994248275738,0.09414231166557405
v1_3339,0.0012382960754554922,0.10381763433135115
v1_3340,3.686623893372073e-05,0.03159155959224523
v1_3341,0.0008794594886770673,0.19412006476625707
v1_3342,0.003480788688131947,0.14421620155473536
v1_3343,0.0003635812040742073,0.18778792082857904
v1_3344,0.00014054524048880024,0.05333707344955793
v1_3345,0.0020439422722364612,0.17437875991369983
v1_3346,0.003069736570285402,0.08712911756886575
v1_3347,0.0014996295597426998,0.1712939592012498
v1_3348,0.0013580063912730432,0.08683834375401206
v1_3349,0.0032366868685483625,0.5880494391454107
v1_3350,0.00011845918470363841,0.11786607451069724
v1_3351,0.002200808607547525,0.16023592037606332
v1_3352,0.0002855776202323679,0.3198549029292885
v1_3353,0.0048423237856469155,0.43139293767592596
v1_3354,0.00023244740697574455,0.09811899836952846
v1_3355,0.0004229975892386561,0.17514355017149036
v1_3356,0.0017488630191795256,0.08515760310292542
v1_3357,0.0024195869035681388,0.238306439080629
v1_3358,0.003332713578351861,0.3226230173036332
v1_3359,0.00020369761850707664,0.15462103017367515
v1_3360,0.0025193687963449398,0.07726974030680209
v1_3361,0.001319815784759119,0.16475787739275263
v1_3362,0.0016194731337018967,0.24552718477220464
v1_3363,0.0003767979809238494,0.08904499276605381
v1_3364,0.00039383211617903286,0.25234403408331535
v1_3365,0.003234357854532799,0.32567310380321085
v1_3366,0.00021359540029148075,0.07622655049667167
v1_3367,0.00021390300412112568,0.17053887613760615
v1_3368,0.0017170074072243697,0.24238771802913384
v1_3369,0.008668108912239313,0.2233626418160039
v1_3370,0.0006881820955499474,0.18826348187393205
v1_3371,0.010262014604283514,0.2542289827866843
v1_3372,0.0002755123972748812,0.10060746933781464
v1_3373,0.0031100794596568408,0.0890840453998529
v1_3374,0.0005636545555949225,0.0455079051415487
