task_id,operation_id,coverage,expected_coverage,same_ESS,finite_support_audit
direction+curvature+bound:spline:0,omit:curvature_convex,1,1,1,1
direction+curvature+bound:spline:0,omit:direction_decreasing,1,1,1,1
direction+curvature+bound:spline:0,omit:lower_bound_0,1,1,1,1
direction+curvature+bound:spline:0,add:regime_postchange,0,0,1,1
direction+curvature+bound:spline:0,reverse:curvature_convex->curvature_concave,0,0,1,1
direction+curvature+bound:spline:0,reverse:direction_decreasing->direction_increasing,0,0,1,1
direction+curvature+bound:spline:1,omit:curvature_convex,1,1,1,1
direction+curvature+bound:spline:1,omit:direction_decreasing,1,1,1,1
direction+curvature+bound:spline:1,omit:lower_bound_0,1,1,1,1
direction+curvature+bound:spline:1,add:regime_postchange,0,0,1,1
direction+curvature+bound:spline:1,reverse:curvature_convex->curvature_concave,0,0,1,1
direction+curvature+bound:spline:1,reverse:direction_decreasing->direction_increasing,0,0,1,1
direction+curvature+bound:spline:2,omit:curvature_convex,1,1,1,1
direction+curvature+bound:spline:2,omit:direction_decreasing,1,1,1,1
direction+curvature+bound:spline:2,omit:lower_bound_0,1,1,1,1
direction+curvature+bound:spline:2,add:regime_postchange,0,0,1,1
direction+curvature+bound:spline:2,reverse:curvature_convex->curvature_concave,0,0,1,1
direction+curvature+bound:spline:2,reverse:direction_decreasing->direction_increasing,0,0,1,1
direction+curvature+bound:spline:3,omit:curvature_convex,1,1,1,1
direction+curvature+bound:spline:3,omit:direction_decreasing,1,1,1,1
direction+curvature+bound:spline:3,omit:lower_bound_0,1,1,1,1
direction+curvature+bound:spline:3,add:regime_postchange,0,0,1,1
direction+curvature+bound:spline:3,reverse:curvature_convex->curvature_concave,0,0,1,1
direction+curvature+bound:spline:3,reverse:direction_decreasing->direction_increasing,0,0,1,1
direction+curvature+bound:spline:4,omit:curvature_convex,1,1,1,1
direction+curvature+bound:spline:4,omit:direction_decreasing,1,1,1,1
direction+curvature+bound:spline:4,omit:lower_bound_0,1,1,1,1
direction+curvature+bound:spline:4,add:regime_postchange,0,0,1,1
direction+curvature+bound:spline:4,reverse:curvature_convex->curvature_concave,0,0,1,1
direction+curvature+bound:spline:4,reverse:direction_decreasing->direction_increasing,0,0,1,1
direction+curvature+bound:spline:5,omit:curvature_convex,1,1,1,1
direction+curvature+bound:spline:5,omit:direction_decreasing,1,1,1,1
direction+curvature+bound:spline:5,omit:lower_bound_0,1,1,1,1
direction+curvature+bound:spline:5,add:regime_postchange,0,0,1,1
direction+curvature+bound:spline:5,reverse:curvature_convex->curvature_concave,0,0,1,1
direction+curvature+bound:spline:5,reverse:direction_decreasing->direction_increasing,0,0,1,1
direction+curvature+bound:spline:6,omit:curvature_convex,1,1,1,1
direction+curvature+bound:spline:6,omit:direction_decreasing,1,1,1,1
direction+curvature+bound:spline:6,omit:lower_bound_0,1,1,1,1
direction+curvature+bound:spline:6,add:regime_postchange,0,0,1,1
direction+curvature+bound:spline:6,reverse:curvature_convex->curvature_concave,0,0,1,1
direction+curvature+bound:spline:6,reverse:direction_decreasing->direction_increasing,0,0,1,1
direction+curvature+bound:spline:7,omit:curvature_convex,1,1,1,1
direction+curvature+bound:spline:7,omit:direction_decreasing,1,1,1,1
direction+curvature+bound:spline:7,omit:lower_bound_0,1,1,1,1
direction+curvature+bound:spline:7,add:regime_postchange,0,0,1,1
direction+curvature+bound:spline:7,reverse:curvature_convex->curvature_concave,0,0,1,1
direction+curvature+bound:spline:7,reverse:direction_decreasing->direction_increasing,0,0,1,1
direction+curvature+bound:spline:8,omit:curvature_convex,1,1,1,1
direction+curvature+bound:spline:8,omit:direction_decreasing,1,1,1,1
direction+curvature+bound:spline:8,omit:lower_bound_0,1,1,1,1
direction+curvature+bound:spline:8,add:regime_postchange,0,0,1,1
direction+curvature+bound:spline:8,reverse:curvature_convex->curvature_concave,0,0,1,1
direction+curvature+bound:spline:8,reverse:direction_decreasing->direction_increasing,0,0,1,1
direction+curvature+bound:spline:9,omit:curvature_convex,1,1,1,1
direction+curvature+bound:spline:9,omit:direction_decreasing,1,1,1,1
direction+curvature+bound:spline:9,omit:lower_bound_0,1,1,1,1
direction+curvature+bound:spline:9,add:regime_postchange,0,0,1,1
direction+curvature+bound:spline:9,reverse:curvature_convex->curvature_concave,0,0,1,1
direction+curvature+bound:spline:9,reverse:direction_decreasing->direction_increasing,0,0,1,1
direction+curvature+bound:spline:10,omit:curvature_convex,1,1,1,1
direction+curvature+bound:spline:10,omit:direction_decreasing,1,1,1,1
direction+curvature+bound:spline:10,omit:lower_bound_0,1,1,1,1
direction+curvature+bound:spline:10,add:regime_postchange,0,0,1,1
direction+curvature+bound:spline:10,reverse:curvature_convex->curvature_concave,0,0,1,1
direction+curvature+bound:spline:10,reverse:direction_decreasing->direction_increasing,0,0,1,1
direction+curvature+bound:spline:11,omit:curvature_convex,1,1,1,1
direction+curvature+bound:spline:11,omit:direction_decreasing,1,1,1,1
direction+curvature+bound:spline:11,omit:lower_bound_0,1,1,1,1
direction+curvature+bound:spline:11,add:regime_postchange,0,0,1,1
direction+curvature+bound:spline:11,reverse:curvature_convex->curvature_concave,0,0,1,1
direction+curvature+bound:spline:11,reverse:direction_decreasing->direction_increasing,0,0,1,1
direction+curvature+bound:spline:12,omit:curvature_convex,1,1,1,1
direction+curvature+bound:spline:12,omit:direction_decreasing,1,1,1,1
direction+curvature+bound:spline:12,omit:lower_bound_0,1,1,1,1
direction+curvature+bound:spline:12,add:regime_postchange,0,0,1,1
direction+curvature+bound:spline:12,reverse:curvature_convex->curvature_concave,0,0,1,1
direction+curvature+bound:spline:12,reverse:direction_decreasing->direction_increasing,0,0,1,1
direction+curvature+bound:spline:13,omit:curvature_convex,1,1,1,1
direction+curvature+bound:spline:13,omit:direction_decreasing,1,1,1,1
direction+curvature+bound:spline:13,omit:lower_bound_0,1,1,1,1
direction+curvature+bound:spline:13,add:regime_postchange,0,0,1,1
direction+curvature+bound:spline:13,reverse:curvature_convex->curvature_concave,0,0,1,1
direction+curvature+bound:spline:13,reverse:direction_decreasing->direction_increasing,0,0,1,1
direction+curvature+bound:spline:14,omit:curvature_convex,1,1,1,1
direction+curvature+bound:spline:14,omit:direction_decreasing,1,1,1,1
direction+curvature+bound:spline:14,omit:lower_bound_0,1,1,1,1
direction+curvature+bound:spline:14,add:regime_postchange,0,0,1,1
direction+curvature+bound:spline:14,reverse:curvature_convex->curvature_concave,0,0,1,1
direction+curvature+bound:spline:14,reverse:direction_decreasing->direction_increasing,0,0,1,1
direction+curvature+bound:spline:15,omit:curvature_convex,1,1,1,1
direction+curvature+bound:spline:15,omit:direction_decreasing,1,1,1,1
direction+curvature+bound:spline:15,omit:lower_bound_0,1,1,1,1
direction+curvature+bound:spline:15,add:regime_postchange,0,0,1,1
direction+curvature+bound:spline:15,reverse:curvature_convex->curvature_concave,0,0,1,1
direction+curvature+bound:spline:15,reverse:direction_decreasing->direction_increasing,0,0,1,1
direction+curvature+bound:spline:16,omit:curvature_convex,1,1,1,1
direction+curvature+bound:spline:16,omit:direction_decreasing,1,1,1,1
direction+curvature+bound:spline:16,omit:lower_bound_0,1,1,1,1
direction+curvature+bound:spline:16,add:regime_postchange,0,0,1,1
direction+curvature+bound:spline:16,reverse:curvature_convex->curvature_concave,0,0,1,1
direction+curvature+bound:spline:16,reverse:direction_decreasing->direction_increasing,0,0,1,1
direction+curvature+bound:spline:17,omit:curvature_convex,1,1,1,1
direction+curvature+bound:spline:17,omit:direction_decreasing,1,1,1,1
direction+curvature+bound:spline:17,omit:lower_bound_0,1,1,1,1
direction+curvature+bound:spline:17,add:regime_postchange,0,0,1,1
direction+curvature+bound:spline:17,reverse:curvature_convex->curvature_concave,0,0,1,1
direction+curvature+bound:spline:17,reverse:direction_decreasing->direction_increasing,0,0,1,1
direction+curvature+bound:spline:18,omit:curvature_convex,1,1,1,1
direction+curvature+bound:spline:18,omit:direction_decreasing,1,1,1,1
direction+curvature+bound:spline:18,omit:lower_bound_0,1,1,1,1
direction+curvature+bound:spline:18,add:regime_postchange,0,0,1,1
direction+curvature+bound:spline:18,reverse:curvature_convex->curvature_concave,0,0,1,1
direction+curvature+bound:spline:18,reverse:direction_decreasing->direction_increasing,0,0,1,1
direction+curvature+bound:spline:19,omit:curvature_convex,1,1,1,1
direction+curvature+bound:spline:19,omit:direction_decreasing,1,1,1,1
direction+curvature+bound:spline:19,omit:lower_bound_0,1,1,1,1
direction+curvature+bound:spline:19,add:regime_postchange,0,0,1,1
direction+curvature+bound:spline:19,reverse:curvature_convex->curvature_concave,0,0,1,1
direction+curvature+bound:spline:19,reverse:direction_decreasing->direction_increasing,0,0,1,1
direction+curvature+bound:spline:20,omit:curvature_convex,1,1,1,1
direction+curvature+bound:spline:20,omit:direction_decreasing,1,1,1,1
direction+curvature+bound:spline:20,omit:lower_bound_0,1,1,1,1
direction+curvature+bound:spline:20,add:regime_postchange,0,0,1,1
direction+curvature+bound:spline:20,reverse:curvature_convex->curvature_concave,0,0,1,1
direction+curvature+bound:spline:20,reverse:direction_decreasing->direction_increasing,0,0,1,1
direction+curvature+bound:spline:21,omit:curvature_convex,1,1,1,1
direction+curvature+bound:spline:21,omit:direction_decreasing,1,1,1,1
direction+curvature+bound:spline:21,omit:lower_bound_0,1,1,1,1
direction+curvature+bound:spline:21,add:regime_postchange,0,0,1,1
direction+curvature+bound:spline:21,reverse:curvature_convex->curvature_concave,0,0,1,1
direction+curvature+bound:spline:21,reverse:direction_decreasing->direction_increasing,0,0,1,1
direction+curvature+bound:spline:22,omit:curvature_convex,1,1,1,1
direction+curvature+bound:spline:22,omit:direction_decreasing,1,1,1,1
direction+curvature+bound:spline:22,omit:lower_bound_0,1,1,1,1
direction+curvature+bound:spline:22,add:regime_postchange,0,0,1,1
direction+curvature+bound:spline:22,reverse:curvature_convex->curvature_concave,0,0,1,1
direction+curvature+bound:spline:22,reverse:direction_decreasing->direction_increasing,0,0,1,1
direction+curvature+bound:spline:23,omit:curvature_convex,1,1,1,1
direction+curvature+bound:spline:23,omit:direction_decreasing,1,1,1,1
direction+curvature+bound:spline:23,omit:lower_bound_0,1,1,1,1
direction+curvature+bound:spline:23,add:regime_postchange,0,0,1,1
direction+curvature+bound:spline:23,reverse:curvature_convex->curvature_concave,0,0,1,1
direction+curvature+bound:spline:23,reverse:direction_decreasing->direction_increasing,0,0,1,1
direction+curvature+bound:spline:24,omit:curvature_convex,1,1,1,1
direction+curvature+bound:spline:24,omit:direction_decreasing,1,1,1,1
direction+curvature+bound:spline:24,omit:lower_bound_0,1,1,1,1
direction+curvature+bound:spline:24,add:regime_postchange,0,0,1,1
direction+curvature+bound:spline:24,reverse:curvature_convex->curvature_concave,0,0,1,1
direction+curvature+bound:spline:24,reverse:direction_decreasing->direction_increasing,0,0,1,1
direction+curvature+bound:spline:25,omit:curvature_convex,1,1,1,1
direction+curvature+bound:spline:25,omit:direction_decreasing,1,1,1,1
direction+curvature+bound:spline:25,omit:lower_bound_0,1,1,1,1
direction+curvature+bound:spline:25,add:regime_postchange,0,0,1,1
direction+curvature+bound:spline:25,reverse:curvature_convex->curvature_concave,0,0,1,1
direction+curvature+bound:spline:25,reverse:direction_decreasing->direction_increasing,0,0,1,1
direction+curvature+bound:spline:26,omit:curvature_convex,1,1,1,1
direction+curvature+bound:spline:26,omit:direction_decreasing,1,1,1,1
direction+curvature+bound:spline:26,omit:lower_bound_0,1,1,1,1
direction+curvature+bound:spline:26,add:regime_postchange,0,0,1,1
direction+curvature+bound:spline:26,reverse:curvature_convex->curvature_concave,0,0,1,1
direction+curvature+bound:spline:26,reverse:direction_decreasing->direction_increasing,0,0,1,1
direction+curvature+bound:spline:27,omit:curvature_convex,1,1,1,1
direction+curvature+bound:spline:27,omit:direction_decreasing,1,1,1,1
direction+curvature+bound:spline:27,omit:lower_bound_0,1,1,1,1
direction+curvature+bound:spline:27,add:regime_postchange,0,0,1,1
direction+curvature+bound:spline:27,reverse:curvature_convex->curvature_concave,0,0,1,1
direction+curvature+bound:spline:27,reverse:direction_decreasing->direction_increasing,0,0,1,1
direction+curvature+bound:spline:28,omit:curvature_convex,1,1,1,1
direction+curvature+bound:spline:28,omit:direction_decreasing,1,1,1,1
direction+curvature+bound:spline:28,omit:lower_bound_0,1,1,1,1
direction+curvature+bound:spline:28,add:regime_postchange,0,0,1,1
direction+curvature+bound:spline:28,reverse:curvature_convex->curvature_concave,0,0,1,1
direction+curvature+bound:spline:28,reverse:direction_decreasing->direction_increasing,0,0,1,1
direction+curvature+bound:spline:29,omit:curvature_convex,1,1,1,1
direction+curvature+bound:spline:29,omit:direction_decreasing,1,1,1,1
direction+curvature+bound:spline:29,omit:lower_bound_0,1,1,1,1
direction+curvature+bound:spline:29,add:regime_postchange,0,0,1,1
direction+curvature+bound:spline:29,reverse:curvature_convex->curvature_concave,0,0,1,1
direction+curvature+bound:spline:29,reverse:direction_decreasing->direction_increasing,0,0,1,1
direction+curvature+bound:basis:0,omit:curvature_convex,1,1,1,1
direction+curvature+bound:basis:0,omit:direction_decreasing,1,1,1,1
direction+curvature+bound:basis:0,omit:lower_bound_0,1,1,1,1
direction+curvature+bound:basis:0,add:regime_postchange,0,0,1,1
direction+curvature+bound:basis:0,reverse:curvature_convex->curvature_concave,0,0,1,1
direction+curvature+bound:basis:0,reverse:direction_decreasing->direction_increasing,0,0,1,1
direction+curvature+bound:basis:1,omit:curvature_convex,1,1,1,1
direction+curvature+bound:basis:1,omit:direction_decreasing,1,1,1,1
direction+curvature+bound:basis:1,omit:lower_bound_0,1,1,1,1
direction+curvature+bound:basis:1,add:regime_postchange,0,0,1,1
direction+curvature+bound:basis:1,reverse:curvature_convex->curvature_concave,0,0,1,1
direction+curvature+bound:basis:1,reverse:direction_decreasing->direction_increasing,0,0,1,1
direction+curvature+bound:basis:2,omit:curvature_convex,1,1,1,1
direction+curvature+bound:basis:2,omit:direction_decreasing,1,1,1,1
direction+curvature+bound:basis:2,omit:lower_bound_0,1,1,1,1
direction+curvature+bound:basis:2,add:regime_postchange,0,0,1,1
direction+curvature+bound:basis:2,reverse:curvature_convex->curvature_concave,0,0,1,1
direction+curvature+bound:basis:2,reverse:direction_decreasing->direction_increasing,0,0,1,1
direction+curvature+bound:basis:3,omit:curvature_convex,1,1,1,1
direction+curvature+bound:basis:3,omit:direction_decreasing,1,1,1,1
direction+curvature+bound:basis:3,omit:lower_bound_0,1,1,1,1
direction+curvature+bound:basis:3,add:regime_postchange,0,0,1,1
direction+curvature+bound:basis:3,reverse:curvature_convex->curvature_concave,0,0,1,1
direction+curvature+bound:basis:3,reverse:direction_decreasing->direction_increasing,0,0,1,1
direction+curvature+bound:basis:4,omit:curvature_convex,1,1,1,1
direction+curvature+bound:basis:4,omit:direction_decreasing,1,1,1,1
direction+curvature+bound:basis:4,omit:lower_bound_0,1,1,1,1
direction+curvature+bound:basis:4,add:regime_postchange,0,0,1,1
direction+curvature+bound:basis:4,reverse:curvature_convex->curvature_concave,0,0,1,1
direction+curvature+bound:basis:4,reverse:direction_decreasing->direction_increasing,0,0,1,1
direction+curvature+bound:basis:5,omit:curvature_convex,1,1,1,1
direction+curvature+bound:basis:5,omit:direction_decreasing,1,1,1,1
direction+curvature+bound:basis:5,omit:lower_bound_0,1,1,1,1
direction+curvature+bound:basis:5,add:regime_postchange,0,0,1,1
direction+curvature+bound:basis:5,reverse:curvature_convex->curvature_concave,0,0,1,1
direction+curvature+bound:basis:5,reverse:direction_decreasing->direction_increasing,0,0,1,1
direction+curvature+bound:basis:6,omit:curvature_convex,1,1,1,1
direction+curvature+bound:basis:6,omit:direction_decreasing,1,1,1,1
direction+curvature+bound:basis:6,omit:lower_bound_0,1,1,1,1
direction+curvature+bound:basis:6,add:regime_postchange,0,0,1,1
direction+curvature+bound:basis:6,reverse:curvature_convex->curvature_concave,0,0,1,1
direction+curvature+bound:basis:6,reverse:direction_decreasing->direction_increasing,0,0,1,1
direction+curvature+bound:basis:7,omit:curvature_convex,1,1,1,1
direction+curvature+bound:basis:7,omit:direction_decreasing,1,1,1,1
direction+curvature+bound:basis:7,omit:lower_bound_0,1,1,1,1
direction+curvature+bound:basis:7,add:regime_postchange,0,0,1,1
direction+curvature+bound:basis:7,reverse:curvature_convex->curvature_concave,0,0,1,1
direction+curvature+bound:basis:7,reverse:direction_decreasing->direction_increasing,0,0,1,1
direction+curvature+bound:basis:8,omit:curvature_convex,1,1,1,1
direction+curvature+bound:basis:8,omit:direction_decreasing,1,1,1,1
direction+curvature+bound:basis:8,omit:lower_bound_0,1,1,1,1
direction+curvature+bound:basis:8,add:regime_postchange,0,0,1,1
direction+curvature+bound:basis:8,reverse:curvature_convex->curvature_concave,0,0,1,1
direction+curvature+bound:basis:8,reverse:direction_decreasing->direction_increasing,0,0,1,1
direction+curvature+bound:basis:9,omit:curvature_convex,1,1,1,1
direction+curvature+bound:basis:9,omit:direction_decreasing,1,1,1,1
direction+curvature+bound:basis:9,omit:lower_bound_0,1,1,1,1
direction+curvature+bound:basis:9,add:regime_postchange,0,0,1,1
direction+curvature+bound:basis:9,reverse:curvature_convex->curvature_concave,0,0,1,1
direction+curvature+bound:basis:9,reverse:direction_decreasing->direction_increasing,0,0,1,1
direction+curvature+bound:basis:10,omit:curvature_convex,1,1,1,1
direction+curvature+bound:basis:10,omit:direction_decreasing,1,1,1,1
direction+curvature+bound:basis:10,omit:lower_bound_0,1,1,1,1
direction+curvature+bound:basis:10,add:regime_postchange,0,0,1,1
direction+curvature+bound:basis:10,reverse:curvature_convex->curvature_concave,0,0,1,1
direction+curvature+bound:basis:10,reverse:direction_decreasing->direction_increasing,0,0,1,1
direction+curvature+bound:basis:11,omit:curvature_convex,1,1,1,1
direction+curvature+bound:basis:11,omit:direction_decreasing,1,1,1,1
direction+curvature+bound:basis:11,omit:lower_bound_0,1,1,1,1
direction+curvature+bound:basis:11,add:regime_postchange,0,0,1,1
direction+curvature+bound:basis:11,reverse:curvature_convex->curvature_concave,0,0,1,1
direction+curvature+bound:basis:11,reverse:direction_decreasing->direction_increasing,0,0,1,1
direction+curvature+bound:basis:12,omit:curvature_convex,1,1,1,1
direction+curvature+bound:basis:12,omit:direction_decreasing,1,1,1,1
direction+curvature+bound:basis:12,omit:lower_bound_0,1,1,1,1
direction+curvature+bound:basis:12,add:regime_postchange,0,0,1,1
direction+curvature+bound:basis:12,reverse:curvature_convex->curvature_concave,0,0,1,1
direction+curvature+bound:basis:12,reverse:direction_decreasing->direction_increasing,0,0,1,1
direction+curvature+bound:basis:13,omit:curvature_convex,1,1,1,1
direction+curvature+bound:basis:13,omit:direction_decreasing,1,1,1,1
direction+curvature+bound:basis:13,omit:lower_bound_0,1,1,1,1
direction+curvature+bound:basis:13,add:regime_postchange,0,0,1,1
direction+curvature+bound:basis:13,reverse:curvature_convex->curvature_concave,0,0,1,1
direction+curvature+bound:basis:13,reverse:direction_decreasing->direction_increasing,0,0,1,1
direction+curvature+bound:basis:14,omit:curvature_convex,1,1,1,1
direction+curvature+bound:basis:14,omit:direction_decreasing,1,1,1,1
direction+curvature+bound:basis:14,omit:lower_bound_0,1,1,1,1
direction+curvature+bound:basis:14,add:regime_postchange,0,0,1,1
direction+curvature+bound:basis:14,reverse:curvature_convex->curvature_concave,0,0,1,1
direction+curvature+bound:basis:14,reverse:direction_decreasing->direction_increasing,0,0,1,1
direction+curvature+bound:basis:15,omit:curvature_convex,1,1,1,1
direction+curvature+bound:basis:15,omit:direction_decreasing,1,1,1,1
direction+curvature+bound:basis:15,omit:lower_bound_0,1,1,1,1
direction+curvature+bound:basis:15,add:regime_postchange,0,0,1,1
direction+curvature+bound:basis:15,reverse:curvature_convex->curvature_concave,0,0,1,1
direction+curvature+bound:basis:15,reverse:direction_decreasing->direction_increasing,0,0,1,1
direction+curvature+bound:basis:16,omit:curvature_convex,1,1,1,1
direction+curvature+bound:basis:16,omit:direction_decreasing,1,1,1,1
direction+curvature+bound:basis:16,omit:lower_bound_0,1,1,1,1
direction+curvature+bound:basis:16,add:regime_postchange,0,0,1,1
direction+curvature+bound:basis:16,reverse:curvature_convex->curvature_concave,0,0,1,1
direction+curvature+bound:basis:16,reverse:direction_decreasing->direction_increasing,0,0,1,1
direction+curvature+bound:basis:17,omit:curvature_convex,1,1,1,1
direction+curvature+bound:basis:17,omit:direction_decreasing,1,1,1,1
direction+curvature+bound:basis:17,omit:lower_bound_0,1,1,1,1
direction+curvature+bound:basis:17,add:regime_postchange,0,0,1,1
direction+curvature+bound:basis:17,reverse:curvature_convex->curvature_concave,0,0,1,1
direction+curvature+bound:basis:17,reverse:direction_decreasing->direction_increasing,0,0,1,1
direction+curvature+bound:basis:18,omit:curvature_convex,1,1,1,1
direction+curvature+bound:basis:18,omit:direction_decreasing,1,1,1,1
direction+curvature+bound:basis:18,omit:lower_bound_0,1,1,1,1
direction+curvature+bound:basis:18,add:regime_postchange,0,0,1,1
direction+curvature+bound:basis:18,reverse:curvature_convex->curvature_concave,0,0,1,1
direction+curvature+bound:basis:18,reverse:direction_decreasing->direction_increasing,0,0,1,1
direction+curvature+bound:basis:19,omit:curvature_convex,1,1,1,1
direction+curvature+bound:basis:19,omit:direction_decreasing,1,1,1,1
direction+curvature+bound:basis:19,omit:lower_bound_0,1,1,1,1
direction+curvature+bound:basis:19,add:regime_postchange,0,0,1,1
direction+curvature+bound:basis:19,reverse:curvature_convex->curvature_concave,0,0,1,1
direction+curvature+bound:basis:19,reverse:direction_decreasing->direction_increasing,0,0,1,1
direction+curvature+bound:basis:20,omit:curvature_convex,1,1,1,1
direction+curvature+bound:basis:20,omit:direction_decreasing,1,1,1,1
direction+curvature+bound:basis:20,omit:lower_bound_0,1,1,1,1
direction+curvature+bound:basis:20,add:regime_postchange,0,0,1,1
direction+curvature+bound:basis:20,reverse:curvature_convex->curvature_concave,0,0,1,1
direction+curvature+bound:basis:20,reverse:direction_decreasing->direction_increasing,0,0,1,1
direction+curvature+bound:basis:21,omit:curvature_convex,1,1,1,1
direction+curvature+bound:basis:21,omit:direction_decreasing,1,1,1,1
direction+curvature+bound:basis:21,omit:lower_bound_0,1,1,1,1
direction+curvature+bound:basis:21,add:regime_postchange,0,0,1,1
direction+curvature+bound:basis:21,reverse:curvature_convex->curvature_concave,0,0,1,1
direction+curvature+bound:basis:21,reverse:direction_decreasing->direction_increasing,0,0,1,1
direction+curvature+bound:basis:22,omit:curvature_convex,1,1,1,1
direction+curvature+bound:basis:22,omit:direction_decreasing,1,1,1,1
direction+curvature+bound:basis:22,omit:lower_bound_0,1,1,1,1
direction+curvature+bound:basis:22,add:regime_postchange,0,0,1,1
direction+curvature+bound:basis:22,reverse:curvature_convex->curvature_concave,0,0,1,1
direction+curvature+bound:basis:22,reverse:direction_decreasing->direction_increasing,0,0,1,1
direction+curvature+bound:basis:23,omit:curvature_convex,1,1,1,1
direction+curvature+bound:basis:23,omit:direction_decreasing,1,1,1,1
direction+curvature+bound:basis:23,omit:lower_bound_0,1,1,1,1
direction+curvature+bound:basis:23,add:regime_postchange,0,0,1,1
direction+curvature+bound:basis:23,reverse:curvature_convex->curvature_concave,0,0,1,1
direction+curvature+bound:basis:23,reverse:direction_decreasing->direction_increasing,0,0,1,1
direction+curvature+bound:basis:24,omit:curvature_convex,1,1,1,1
direction+curvature+bound:basis:24,omit:direction_decreasing,1,1,1,1
direction+curvature+bound:basis:24,omit:lower_bound_0,1,1,1,1
direction+curvature+bound:basis:24,add:regime_postchange,0,0,1,1
direction+curvature+bound:basis:24,reverse:curvature_convex->curvature_concave,0,0,1,1
direction+curvature+bound:basis:24,reverse:direction_decreasing->direction_increasing,0,0,1,1
direction+curvature+bound:basis:25,omit:curvature_convex,1,1,1,1
direction+curvature+bound:basis:25,omit:direction_decreasing,1,1,1,1
direction+curvature+bound:basis:25,omit:lower_bound_0,1,1,1,1
direction+curvature+bound:basis:25,add:regime_postchange,0,0,1,1
direction+curvature+bound:basis:25,reverse:curvature_convex->curvature_concave,0,0,1,1
direction+curvature+bound:basis:25,reverse:direction_decreasing->direction_increasing,0,0,1,1
direction+curvature+bound:basis:26,omit:curvature_convex,1,1,1,1
direction+curvature+bound:basis:26,omit:direction_decreasing,1,1,1,1
direction+curvature+bound:basis:26,omit:lower_bound_0,1,1,1,1
direction+curvature+bound:basis:26,add:regime_postchange,0,0,1,1
direction+curvature+bound:basis:26,reverse:curvature_convex->curvature_concave,0,0,1,1
direction+curvature+bound:basis:26,reverse:direction_decreasing->direction_increasing,0,0,1,1
direction+curvature+bound:basis:27,omit:curvature_convex,1,1,1,1
direction+curvature+bound:basis:27,omit:direction_decreasing,1,1,1,1
direction+curvature+bound:basis:27,omit:lower_bound_0,1,1,1,1
direction+curvature+bound:basis:27,add:regime_postchange,0,0,1,1
direction+curvature+bound:basis:27,reverse:curvature_convex->curvature_concave,0,0,1,1
direction+curvature+bound:basis:27,reverse:direction_decreasing->direction_increasing,0,0,1,1
direction+curvature+bound:basis:28,omit:curvature_convex,1,1,1,1
direction+curvature+bound:basis:28,omit:direction_decreasing,1,1,1,1
direction+curvature+bound:basis:28,omit:lower_bound_0,1,1,1,1
direction+curvature+bound:basis:28,add:regime_postchange,0,0,1,1
direction+curvature+bound:basis:28,reverse:curvature_convex->curvature_concave,0,0,1,1
direction+curvature+bound:basis:28,reverse:direction_decreasing->direction_increasing,0,0,1,1
direction+curvature+bound:basis:29,omit:curvature_convex,1,1,1,1
direction+curvature+bound:basis:29,omit:direction_decreasing,1,1,1,1
direction+curvature+bound:basis:29,omit:lower_bound_0,1,1,1,1
direction+curvature+bound:basis:29,add:regime_postchange,0,0,1,1
direction+curvature+bound:basis:29,reverse:curvature_convex->curvature_concave,0,0,1,1
direction+curvature+bound:basis:29,reverse:direction_decreasing->direction_increasing,0,0,1,1
direction+curvature+bound:ode:0,omit:curvature_convex,1,1,1,1
direction+curvature+bound:ode:0,omit:direction_decreasing,1,1,1,1
direction+curvature+bound:ode:0,omit:lower_bound_0,1,1,1,1
direction+curvature+bound:ode:0,add:regime_postchange,0,0,1,1
direction+curvature+bound:ode:0,reverse:curvature_convex->curvature_concave,0,0,1,1
direction+curvature+bound:ode:0,reverse:direction_decreasing->direction_increasing,0,0,1,1
direction+curvature+bound:ode:1,omit:curvature_convex,1,1,1,1
direction+curvature+bound:ode:1,omit:direction_decreasing,1,1,1,1
direction+curvature+bound:ode:1,omit:lower_bound_0,1,1,1,1
direction+curvature+bound:ode:1,add:regime_postchange,0,0,1,1
direction+curvature+bound:ode:1,reverse:curvature_convex->curvature_concave,0,0,1,1
direction+curvature+bound:ode:1,reverse:direction_decreasing->direction_increasing,0,0,1,1
direction+curvature+bound:ode:2,omit:curvature_convex,1,1,1,1
direction+curvature+bound:ode:2,omit:direction_decreasing,1,1,1,1
direction+curvature+bound:ode:2,omit:lower_bound_0,1,1,1,1
direction+curvature+bound:ode:2,add:regime_postchange,0,0,1,1
direction+curvature+bound:ode:2,reverse:curvature_convex->curvature_concave,0,0,1,1
direction+curvature+bound:ode:2,reverse:direction_decreasing->direction_increasing,0,0,1,1
direction+curvature+bound:ode:3,omit:curvature_convex,1,1,1,1
direction+curvature+bound:ode:3,omit:direction_decreasing,1,1,1,1
direction+curvature+bound:ode:3,omit:lower_bound_0,1,1,1,1
direction+curvature+bound:ode:3,add:regime_postchange,0,0,1,1
direction+curvature+bound:ode:3,reverse:curvature_convex->curvature_concave,0,0,1,1
direction+curvature+bound:ode:3,reverse:direction_decreasing->direction_increasing,0,0,1,1
direction+curvature+bound:ode:4,omit:curvature_convex,1,1,1,1
direction+curvature+bound:ode:4,omit:direction_decreasing,1,1,1,1
direction+curvature+bound:ode:4,omit:lower_bound_0,1,1,1,1
direction+curvature+bound:ode:4,add:regime_postchange,0,0,1,1
direction+curvature+bound:ode:4,reverse:curvature_convex->curvature_concave,0,0,1,1
direction+curvature+bound:ode:4,reverse:direction_decreasing->direction_increasing,0,0,1,1
direction+curvature+bound:ode:5,omit:curvature_convex,1,1,1,1
direction+curvature+bound:ode:5,omit:direction_decreasing,1,1,1,1
direction+curvature+bound:ode:5,omit:lower_bound_0,1,1,1,1
direction+curvature+bound:ode:5,add:regime_postchange,0,0,1,1
direction+curvature+bound:ode:5,reverse:curvature_convex->curvature_concave,0,0,1,1
direction+curvature+bound:ode:5,reverse:direction_decreasing->direction_increasing,0,0,1,1
direction+curvature+bound:ode:6,omit:curvature_convex,1,1,1,1
direction+curvature+bound:ode:6,omit:direction_decreasing,1,1,1,1
direction+curvature+bound:ode:6,omit:lower_bound_0,1,1,1,1
direction+curvature+bound:ode:6,add:regime_postchange,0,0,1,1
direction+curvature+bound:ode:6,reverse:curvature_convex->curvature_concave,0,0,1,1
direction+curvature+bound:ode:6,reverse:direction_decreasing->direction_increasing,0,0,1,1
direction+curvature+bound:ode:7,omit:curvature_convex,1,1,1,1
direction+curvature+bound:ode:7,omit:direction_decreasing,1,1,1,1
direction+curvature+bound:ode:7,omit:lower_bound_0,1,1,1,1
direction+curvature+bound:ode:7,add:regime_postchange,0,0,1,1
direction+curvature+bound:ode:7,reverse:curvature_convex->curvature_concave,0,0,1,1
direction+curvature+bound:ode:7,reverse:direction_decreasing->direction_increasing,0,0,1,1
direction+curvature+bound:ode:8,omit:curvature_convex,1,1,1,1
direction+curvature+bound:ode:8,omit:direction_decreasing,1,1,1,1
direction+curvature+bound:ode:8,omit:lower_bound_0,1,1,1,1
direction+curvature+bound:ode:8,add:regime_postchange,0,0,1,1
direction+curvature+bound:ode:8,reverse:curvature_convex->curvature_concave,0,0,1,1
direction+curvature+bound:ode:8,reverse:direction_decreasing->direction_increasing,0,0,1,1
direction+curvature+bound:ode:9,omit:curvature_convex,1,1,1,1
direction+curvature+bound:ode:9,omit:direction_decreasing,1,1,1,1
direction+curvature+bound:ode:9,omit:lower_bound_0,1,1,1,1
direction+curvature+bound:ode:9,add:regime_postchange,0,0,1,1
direction+curvature+bound:ode:9,reverse:curvature_convex->curvature_concave,0,0,1,1
direction+curvature+bound:ode:9,reverse:direction_decreasing->direction_increasing,0,0,1,1
direction+curvature+bound:ode:10,omit:curvature_convex,1,1,1,1
direction+curvature+bound:ode:10,omit:direction_decreasing,1,1,1,1
direction+curvature+bound:ode:10,omit:lower_bound_0,1,1,1,1
direction+curvature+bound:ode:10,add:regime_postchange,0,0,1,1
direction+curvature+bound:ode:10,reverse:curvature_convex->curvature_concave,0,0,1,1
direction+curvature+bound:ode:10,reverse:direction_decreasing->direction_increasing,0,0,1,1
direction+curvature+bound:ode:11,omit:curvature_convex,1,1,1,1
direction+curvature+bound:ode:11,omit:direction_decreasing,1,1,1,1
direction+curvature+bound:ode:11,omit:lower_bound_0,1,1,1,1
direction+curvature+bound:ode:11,add:regime_postchange,0,0,1,1
direction+curvature+bound:ode:11,reverse:curvature_convex->curvature_concave,0,0,1,1
direction+curvature+bound:ode:11,reverse:direction_decreasing->direction_increasing,0,0,1,1
direction+curvature+bound:ode:12,omit:curvature_convex,1,1,1,1
direction+curvature+bound:ode:12,omit:direction_decreasing,1,1,1,1
direction+curvature+bound:ode:12,omit:lower_bound_0,1,1,1,1
direction+curvature+bound:ode:12,add:regime_postchange,0,0,1,1
direction+curvature+bound:ode:12,reverse:curvature_convex->curvature_concave,0,0,1,1
direction+curvature+bound:ode:12,reverse:direction_decreasing->direction_increasing,0,0,1,1
direction+curvature+bound:ode:13,omit:curvature_convex,1,1,1,1
direction+curvature+bound:ode:13,omit:direction_decreasing,1,1,1,1
direction+curvature+bound:ode:13,omit:lower_bound_0,1,1,1,1
direction+curvature+bound:ode:13,add:regime_postchange,0,0,1,1
direction+curvature+bound:ode:13,reverse:curvature_convex->curvature_concave,0,0,1,1
direction+curvature+bound:ode:13,reverse:direction_decreasing->direction_increasing,0,0,1,1
direction+curvature+bound:ode:14,omit:curvature_convex,1,1,1,1
direction+curvature+bound:ode:14,omit:direction_decreasing,1,1,1,1
direction+curvature+bound:ode:14,omit:lower_bound_0,1,1,1,1
direction+curvature+bound:ode:14,add:regime_postchange,0,0,1,1
direction+curvature+bound:ode:14,reverse:curvature_convex->curvature_concave,0,0,1,1
direction+curvature+bound:ode:14,reverse:direction_decreasing->direction_increasing,0,0,1,1
direction+curvature+bound:ode:15,omit:curvature_convex,1,1,1,1
direction+curvature+bound:ode:15,omit:direction_decreasing,1,1,1,1
direction+curvature+bound:ode:15,omit:lower_bound_0,1,1,1,1
direction+curvature+bound:ode:15,add:regime_postchange,0,0,1,1
direction+curvature+bound:ode:15,reverse:curvature_convex->curvature_concave,0,0,1,1
direction+curvature+bound:ode:15,reverse:direction_decreasing->direction_increasing,0,0,1,1
direction+curvature+bound:ode:16,omit:curvature_convex,1,1,1,1
direction+curvature+bound:ode:16,omit:direction_decreasing,1,1,1,1
direction+curvature+bound:ode:16,omit:lower_bound_0,1,1,1,1
direction+curvature+bound:ode:16,add:regime_postchange,0,0,1,1
direction+curvature+bound:ode:16,reverse:curvature_convex->curvature_concave,0,0,1,1
direction+curvature+bound:ode:16,reverse:direction_decreasing->direction_increasing,0,0,1,1
direction+curvature+bound:ode:17,omit:curvature_convex,1,1,1,1
direction+curvature+bound:ode:17,omit:direction_decreasing,1,1,1,1
direction+curvature+bound:ode:17,omit:lower_bound_0,1,1,1,1
direction+curvature+bound:ode:17,add:regime_postchange,0,0,1,1
direction+curvature+bound:ode:17,reverse:curvature_convex->curvature_concave,0,0,1,1
direction+curvature+bound:ode:17,reverse:direction_decreasing->direction_increasing,0,0,1,1
direction+curvature+bound:ode:18,omit:curvature_convex,1,1,1,1
direction+curvature+bound:ode:18,omit:direction_decreasing,1,1,1,1
direction+curvature+bound:ode:18,omit:lower_bound_0,1,1,1,1
direction+curvature+bound:ode:18,add:regime_postchange,0,0,1,1
direction+curvature+bound:ode:18,reverse:curvature_convex->curvature_concave,0,0,1,1
direction+curvature+bound:ode:18,reverse:direction_decreasing->direction_increasing,0,0,1,1
direction+curvature+bound:ode:19,omit:curvature_convex,1,1,1,1
direction+curvature+bound:ode:19,omit:direction_decreasing,1,1,1,1
direction+curvature+bound:ode:19,omit:lower_bound_0,1,1,1,1
direction+curvature+bound:ode:19,add:regime_postchange,0,0,1,1
direction+curvature+bound:ode:19,reverse:curvature_convex->curvature_concave,0,0,1,1
direction+curvature+bound:ode:19,reverse:direction_decreasing->direction_increasing,0,0,1,1
direction+curvature+bound:ode:20,omit:curvature_convex,1,1,1,1
direction+curvature+bound:ode:20,omit:direction_decreasing,1,1,1,1
direction+curvature+bound:ode:20,omit:lower_bound_0,1,1,1,1
direction+curvature+bound:ode:20,add:regime_postchange,0,0,1,1
direction+curvature+bound:ode:20,reverse:curvature_convex->curvature_concave,0,0,1,1
direction+curvature+bound:ode:20,reverse:direction_decreasing->direction_increasing,0,0,1,1
direction+curvature+bound:ode:21,omit:curvature_convex,1,1,1,1
direction+curvature+bound:ode:21,omit:direction_decreasing,1,1,1,1
direction+curvature+bound:ode:21,omit:lower_bound_0,1,1,1,1
direction+curvature+bound:ode:21,add:regime_postchange,0,0,1,1
direction+curvature+bound:ode:21,reverse:curvature_convex->curvature_concave,0,0,1,1
direction+curvature+bound:ode:21,reverse:direction_decreasing->direction_increasing,0,0,1,1
direction+curvature+bound:ode:22,omit:curvature_convex,1,1,1,1
direction+curvature+bound:ode:22,omit:direction_decreasing,1,1,1,1
direction+curvature+bound:ode:22,omit:lower_bound_0,1,1,1,1
direction+curvature+bound:ode:22,add:regime_postchange,0,0,1,1
direction+curvature+bound:ode:22,reverse:curvature_convex->curvature_concave,0,0,1,1
direction+curvature+bound:ode:22,reverse:direction_decreasing->direction_increasing,0,0,1,1
direction+curvature+bound:ode:23,omit:curvature_convex,1,1,1,1
direction+curvature+bound:ode:23,omit:direction_decreasing,1,1,1,1
direction+curvature+bound:ode:23,omit:lower_bound_0,1,1,1,1
direction+curvature+bound:ode:23,add:regime_postchange,0,0,1,1
direction+curvature+bound:ode:23,reverse:curvature_convex->curvature_concave,0,0,1,1
direction+curvature+bound:ode:23,reverse:direction_decreasing->direction_increasing,0,0,1,1
direction+curvature+bound:ode:24,omit:curvature_convex,1,1,1,1
direction+curvature+bound:ode:24,omit:direction_decreasing,1,1,1,1
direction+curvature+bound:ode:24,omit:lower_bound_0,1,1,1,1
direction+curvature+bound:ode:24,add:regime_postchange,0,0,1,1
direction+curvature+bound:ode:24,reverse:curvature_convex->curvature_concave,0,0,1,1
direction+curvature+bound:ode:24,reverse:direction_decreasing->direction_increasing,0,0,1,1
direction+curvature+bound:ode:25,omit:curvature_convex,1,1,1,1
direction+curvature+bound:ode:25,omit:direction_decreasing,1,1,1,1
direction+curvature+bound:ode:25,omit:lower_bound_0,1,1,1,1
direction+curvature+bound:ode:25,add:regime_postchange,0,0,1,1
direction+curvature+bound:ode:25,reverse:curvature_convex->curvature_concave,0,0,1,1
direction+curvature+bound:ode:25,reverse:direction_decreasing->direction_increasing,0,0,1,1
direction+curvature+bound:ode:26,omit:curvature_convex,1,1,1,1
direction+curvature+bound:ode:26,omit:direction_decreasing,1,1,1,1
direction+curvature+bound:ode:26,omit:lower_bound_0,1,1,1,1
direction+curvature+bound:ode:26,add:regime_postchange,0,0,1,1
direction+curvature+bound:ode:26,reverse:curvature_convex->curvature_concave,0,0,1,1
direction+curvature+bound:ode:26,reverse:direction_decreasing->direction_increasing,0,0,1,1
direction+curvature+bound:ode:27,omit:curvature_convex,1,1,1,1
direction+curvature+bound:ode:27,omit:direction_decreasing,1,1,1,1
direction+curvature+bound:ode:27,omit:lower_bound_0,1,1,1,1
direction+curvature+bound:ode:27,add:regime_postchange,0,0,1,1
direction+curvature+bound:ode:27,reverse:curvature_convex->curvature_concave,0,0,1,1
direction+curvature+bound:ode:27,reverse:direction_decreasing->direction_increasing,0,0,1,1
direction+curvature+bound:ode:28,omit:curvature_convex,1,1,1,1
direction+curvature+bound:ode:28,omit:direction_decreasing,1,1,1,1
direction+curvature+bound:ode:28,omit:lower_bound_0,1,1,1,1
direction+curvature+bound:ode:28,add:regime_postchange,0,0,1,1
direction+curvature+bound:ode:28,reverse:curvature_convex->curvature_concave,0,0,1,1
direction+curvature+bound:ode:28,reverse:direction_decreasing->direction_increasing,0,0,1,1
direction+curvature+bound:ode:29,omit:curvature_convex,1,1,1,1
direction+curvature+bound:ode:29,omit:direction_decreasing,1,1,1,1
direction+curvature+bound:ode:29,omit:lower_bound_0,1,1,1,1
direction+curvature+bound:ode:29,add:regime_postchange,0,0,1,1
direction+curvature+bound:ode:29,reverse:curvature_convex->curvature_concave,0,0,1,1
direction+curvature+bound:ode:29,reverse:direction_decreasing->direction_increasing,0,0,1,1
direction+curvature+asymptote:spline:0,omit:asymptote_to_0_from_above,1,1,1,1
direction+curvature+asymptote:spline:0,omit:curvature_convex,1,1,1,1
direction+curvature+asymptote:spline:0,omit:direction_decreasing,1,1,1,1
direction+curvature+asymptote:spline:0,add:regime_postchange,0,0,1,1
direction+curvature+asymptote:spline:0,reverse:asymptote_to_0_from_above->asymptote_to_0_from_below,0,0,1,1
direction+curvature+asymptote:spline:0,reverse:curvature_convex->curvature_concave,0,0,1,1
direction+curvature+asymptote:spline:0,reverse:direction_decreasing->direction_increasing,0,0,1,1
direction+curvature+asymptote:spline:1,omit:asymptote_to_0_from_above,1,1,1,1
direction+curvature+asymptote:spline:1,omit:curvature_convex,1,1,1,1
direction+curvature+asymptote:spline:1,omit:direction_decreasing,1,1,1,1
direction+curvature+asymptote:spline:1,add:regime_postchange,0,0,1,1
direction+curvature+asymptote:spline:1,reverse:asymptote_to_0_from_above->asymptote_to_0_from_below,0,0,1,1
direction+curvature+asymptote:spline:1,reverse:curvature_convex->curvature_concave,0,0,1,1
direction+curvature+asymptote:spline:1,reverse:direction_decreasing->direction_increasing,0,0,1,1
direction+curvature+asymptote:spline:2,omit:asymptote_to_0_from_above,1,1,1,1
direction+curvature+asymptote:spline:2,omit:curvature_convex,1,1,1,1
direction+curvature+asymptote:spline:2,omit:direction_decreasing,1,1,1,1
direction+curvature+asymptote:spline:2,add:regime_postchange,0,0,1,1
direction+curvature+asymptote:spline:2,reverse:asymptote_to_0_from_above->asymptote_to_0_from_below,0,0,1,1
direction+curvature+asymptote:spline:2,reverse:curvature_convex->curvature_concave,0,0,1,1
direction+curvature+asymptote:spline:2,reverse:direction_decreasing->direction_increasing,0,0,1,1
direction+curvature+asymptote:spline:3,omit:asymptote_to_0_from_above,1,1,1,1
direction+curvature+asymptote:spline:3,omit:curvature_convex,1,1,1,1
direction+curvature+asymptote:spline:3,omit:direction_decreasing,1,1,1,1
direction+curvature+asymptote:spline:3,add:regime_postchange,0,0,1,1
direction+curvature+asymptote:spline:3,reverse:asymptote_to_0_from_above->asymptote_to_0_from_below,0,0,1,1
direction+curvature+asymptote:spline:3,reverse:curvature_convex->curvature_concave,0,0,1,1
direction+curvature+asymptote:spline:3,reverse:direction_decreasing->direction_increasing,0,0,1,1
direction+curvature+asymptote:spline:4,omit:asymptote_to_0_from_above,1,1,1,1
direction+curvature+asymptote:spline:4,omit:curvature_convex,1,1,1,1
direction+curvature+asymptote:spline:4,omit:direction_decreasing,1,1,1,1
direction+curvature+asymptote:spline:4,add:regime_postchange,0,0,1,1
direction+curvature+asymptote:spline:4,reverse:asymptote_to_0_from_above->asymptote_to_0_from_below,0,0,1,1
direction+curvature+asymptote:spline:4,reverse:curvature_convex->curvature_concave,0,0,1,1
direction+curvature+asymptote:spline:4,reverse:direction_decreasing->direction_increasing,0,0,1,1
direction+curvature+asymptote:spline:5,omit:asymptote_to_0_from_above,1,1,1,1
direction+curvature+asymptote:spline:5,omit:curvature_convex,1,1,1,1
direction+curvature+asymptote:spline:5,omit:direction_decreasing,1,1,1,1
direction+curvature+asymptote:spline:5,add:regime_postchange,0,0,1,1
direction+curvature+asymptote:spline:5,reverse:asymptote_to_0_from_above->asymptote_to_0_from_below,0,0,1,1
direction+curvature+asymptote:spline:5,reverse:curvature_convex->curvature_concave,0,0,1,1
direction+curvature+asymptote:spline:5,reverse:direction_decreasing->direction_increasing,0,0,1,1
direction+curvature+asymptote:spline:6,omit:asymptote_to_0_from_above,1,1,1,1
direction+curvature+asymptote:spline:6,omit:curvature_convex,1,1,1,1
direction+curvature+asymptote:spline:6,omit:direction_decreasing,1,1,1,1
direction+curvature+asymptote:spline:6,add:regime_postchange,0,0,1,1
direction+curvature+asymptote:spline:6,reverse:asymptote_to_0_from_above->asymptote_to_0_from_below,0,0,1,1
direction+curvature+asymptote:spline:6,reverse:curvature_convex->curvature_concave,0,0,1,1
direction+curvature+asymptote:spline:6,reverse:direction_decreasing->direction_increasing,0,0,1,1
direction+curvature+asymptote:spline:7,omit:asymptote_to_0_from_above,1,1,1,1
direction+curvature+asymptote:spline:7,omit:curvature_convex,1,1,1,1
direction+curvature+asymptote:spline:7,omit:direction_decreasing,1,1,1,1
direction+curvature+asymptote:spline:7,add:regime_postchange,0,0,1,1
direction+curvature+asymptote:spline:7,reverse:asymptote_to_0_from_above->asymptote_to_0_from_below,0,0,1,1
direction+curvature+asymptote:spline:7,reverse:curvature_convex->curvature_concave,0,0,1,1
direction+curvature+asymptote:spline:7,reverse:direction_decreasing->direction_increasing,0,0,1,1
direction+curvature+asymptote:spline:8,omit:asymptote_to_0_from_above,1,1,1,1
direction+curvature+asymptote:spline:8,omit:curvature_convex,1,1,1,1
direction+curvature+asymptote:spline:8,omit:direction_decreasing,1,1,1,1
direction+curvature+asymptote:spline:8,add:regime_postchange,0,0,1,1
direction+curvature+asymptote:spline:8,reverse:asymptote_to_0_from_above->asymptote_to_0_from_below,0,0,1,1
direction+curvature+asymptote:spline:8,reverse:curvature_convex->curvature_concave,0,0,1,1
direction+curvature+asymptote:spline:8,reverse:direction_decreasing->direction_increasing,0,0,1,1
direction+curvature+asymptote:spline:9,omit:asymptote_to_0_from_above,1,1,1,1
direction+curvature+asymptote:spline:9,omit:curvature_convex,1,1,1,1
direction+curvature+asymptote:spline:9,omit:direction_decreasing,1,1,1,1
direction+curvature+asymptote:spline:9,add:regime_postchange,0,0,1,1
direction+curvature+asymptote:spline:9,reverse:asymptote_to_0_from_above->asymptote_to_0_from_below,0,0,1,1
direction+curvature+asymptote:spline:9,reverse:curvature_convex->curvature_concave,0,0,1,1
direction+curvature+asymptote:spline:9,reverse:direction_decreasing->direction_increasing,0,0,1,1
direction+curvature+asymptote:spline:10,omit:asymptote_to_0_from_above,1,1,1,1
direction+curvature+asymptote:spline:10,omit:curvature_convex,1,1,1,1
direction+curvature+asymptote:spline:10,omit:direction_decreasing,1,1,1,1
direction+curvature+asymptote:spline:10,add:regime_postchange,0,0,1,1
direction+curvature+asymptote:spline:10,reverse:asymptote_to_0_from_above->asymptote_to_0_from_below,0,0,1,1
direction+curvature+asymptote:spline:10,reverse:curvature_convex->curvature_concave,0,0,1,1
direction+curvature+asymptote:spline:10,reverse:direction_decreasing->direction_increasing,0,0,1,1
direction+curvature+asymptote:spline:11,omit:asymptote_to_0_from_above,1,1,1,1
direction+curvature+asymptote:spline:11,omit:curvature_convex,1,1,1,1
direction+curvature+asymptote:spline:11,omit:direction_decreasing,1,1,1,1
direction+curvature+asymptote:spline:11,add:regime_postchange,0,0,1,1
direction+curvature+asymptote:spline:11,reverse:asymptote_to_0_from_above->asymptote_to_0_from_below,0,0,1,1
direction+curvature+asymptote:spline:11,reverse:curvature_convex->curvature_concave,0,0,1,1
direction+curvature+asymptote:spline:11,reverse:direction_decreasing->direction_increasing,0,0,1,1
direction+curvature+asymptote:spline:12,omit:asymptote_to_0_from_above,1,1,1,1
direction+curvature+asymptote:spline:12,omit:curvature_convex,1,1,1,1
direction+curvature+asymptote:spline:12,omit:direction_decreasing,1,1,1,1
direction+curvature+asymptote:spline:12,add:regime_postchange,0,0,1,1
direction+curvature+asymptote:spline:12,reverse:asymptote_to_0_from_above->asymptote_to_0_from_below,0,0,1,1
direction+curvature+asymptote:spline:12,reverse:curvature_convex->curvature_concave,0,0,1,1
direction+curvature+asymptote:spline:12,reverse:direction_decreasing->direction_increasing,0,0,1,1
direction+curvature+asymptote:spline:13,omit:asymptote_to_0_from_above,1,1,1,1
direction+curvature+asymptote:spline:13,omit:curvature_convex,1,1,1,1
direction+curvature+asymptote:spline:13,omit:direction_decreasing,1,1,1,1
direction+curvature+asymptote:spline:13,add:regime_postchange,0,0,1,1
direction+curvature+asymptote:spline:13,reverse:asymptote_to_0_from_above->asymptote_to_0_from_below,0,0,1,1
direction+curvature+asymptote:spline:13,reverse:curvature_convex->curvature_concave,0,0,1,1
direction+curvature+asymptote:spline:13,reverse:direction_decreasing->direction_increasing,0,0,1,1
direction+curvature+asymptote:spline:14,omit:asymptote_to_0_from_above,1,1,1,1
direction+curvature+asymptote:spline:14,omit:curvature_convex,1,1,1,1
direction+curvature+asymptote:spline:14,omit:direction_decreasing,1,1,1,1
direction+curvature+asymptote:spline:14,add:regime_postchange,0,0,1,1
direction+curvature+asymptote:spline:14,reverse:asymptote_to_0_from_above->asymptote_to_0_from_below,0,0,1,1
direction+curvature+asymptote:spline:14,reverse:curvature_convex->curvature_concave,0,0,1,1
direction+curvature+asymptote:spline:14,reverse:direction_decreasing->direction_increasing,0,0,1,1
direction+curvature+asymptote:spline:15,omit:asymptote_to_0_from_above,1,1,1,1
direction+curvature+asymptote:spline:15,omit:curvature_convex,1,1,1,1
direction+curvature+asymptote:spline:15,omit:direction_decreasing,1,1,1,1
direction+curvature+asymptote:spline:15,add:regime_postchange,0,0,1,1
direction+curvature+asymptote:spline:15,reverse:asymptote_to_0_from_above->asymptote_to_0_from_below,0,0,1,1
direction+curvature+asymptote:spline:15,reverse:curvature_convex->curvature_concave,0,0,1,1
direction+curvature+asymptote:spline:15,reverse:direction_decreasing->direction_increasing,0,0,1,1
direction+curvature+asymptote:spline:16,omit:asymptote_to_0_from_above,1,1,1,1
direction+curvature+asymptote:spline:16,omit:curvature_convex,1,1,1,1
direction+curvature+asymptote:spline:16,omit:direction_decreasing,1,1,1,1
direction+curvature+asymptote:spline:16,add:regime_postchange,0,0,1,1
direction+curvature+asymptote:spline:16,reverse:asymptote_to_0_from_above->asymptote_to_0_from_below,0,0,1,1
direction+curvature+asymptote:spline:16,reverse:curvature_convex->curvature_concave,0,0,1,1
direction+curvature+asymptote:spline:16,reverse:direction_decreasing->direction_increasing,0,0,1,1
direction+curvature+asymptote:spline:17,omit:asymptote_to_0_from_above,1,1,1,1
direction+curvature+asymptote:spline:17,omit:curvature_convex,1,1,1,1
direction+curvature+asymptote:spline:17,omit:direction_decreasing,1,1,1,1
direction+curvature+asymptote:spline:17,add:regime_postchange,0,0,1,1
direction+curvature+asymptote:spline:17,reverse:asymptote_to_0_from_above->asymptote_to_0_from_below,0,0,1,1
direction+curvature+asymptote:spline:17,reverse:curvature_convex->curvature_concave,0,0,1,1
direction+curvature+asymptote:spline:17,reverse:direction_decreasing->direction_increasing,0,0,1,1
direction+curvature+asymptote:spline:18,omit:asymptote_to_0_from_above,1,1,1,1
direction+curvature+asymptote:spline:18,omit:curvature_convex,1,1,1,1
direction+curvature+asymptote:spline:18,omit:direction_decreasing,1,1,1,1
direction+curvature+asymptote:spline:18,add:regime_postchange,0,0,1,1
direction+curvature+asymptote:spline:18,reverse:asymptote_to_0_from_above->asymptote_to_0_from_below,0,0,1,1
direction+curvature+asymptote:spline:18,reverse:curvature_convex->curvature_concave,0,0,1,1
direction+curvature+asymptote:spline:18,reverse:direction_decreasing->direction_increasing,0,0,1,1
direction+curvature+asymptote:spline:19,omit:asymptote_to_0_from_above,1,1,1,1
direction+curvature+asymptote:spline:19,omit:curvature_convex,1,1,1,1
direction+curvature+asymptote:spline:19,omit:direction_decreasing,1,1,1,1
direction+curvature+asymptote:spline:19,add:regime_postchange,0,0,1,1
direction+curvature+asymptote:spline:19,reverse:asymptote_to_0_from_above->asymptote_to_0_from_below,0,0,1,1
direction+curvature+asymptote:spline:19,reverse:curvature_convex->curvature_concave,0,0,1,1
direction+curvature+asymptote:spline:19,reverse:direction_decreasing->direction_increasing,0,0,1,1
direction+curvature+asymptote:spline:20,omit:asymptote_to_0_from_above,1,1,1,1
direction+curvature+asymptote:spline:20,omit:curvature_convex,1,1,1,1
direction+curvature+asymptote:spline:20,omit:direction_decreasing,1,1,1,1
direction+curvature+asymptote:spline:20,add:regime_postchange,0,0,1,1
direction+curvature+asymptote:spline:20,reverse:asymptote_to_0_from_above->asymptote_to_0_from_below,0,0,1,1
direction+curvature+asymptote:spline:20,reverse:curvature_convex->curvature_concave,0,0,1,1
direction+curvature+asymptote:spline:20,reverse:direction_decreasing->direction_increasing,0,0,1,1
direction+curvature+asymptote:spline:21,omit:asymptote_to_0_from_above,1,1,1,1
direction+curvature+asymptote:spline:21,omit:curvature_convex,1,1,1,1
direction+curvature+asymptote:spline:21,omit:direction_decreasing,1,1,1,1
direction+curvature+asymptote:spline:21,add:regime_postchange,0,0,1,1
direction+curvature+asymptote:spline:21,reverse:asymptote_to_0_from_above->asymptote_to_0_from_below,0,0,1,1
direction+curvature+asymptote:spline:21,reverse:curvature_convex->curvature_concave,0,0,1,1
direction+curvature+asymptote:spline:21,reverse:direction_decreasing->direction_increasing,0,0,1,1
direction+curvature+asymptote:spline:22,omit:asymptote_to_0_from_above,1,1,1,1
direction+curvature+asymptote:spline:22,omit:curvature_convex,1,1,1,1
direction+curvature+asymptote:spline:22,omit:direction_decreasing,1,1,1,1
direction+curvature+asymptote:spline:22,add:regime_postchange,0,0,1,1
direction+curvature+asymptote:spline:22,reverse:asymptote_to_0_from_above->asymptote_to_0_from_below,0,0,1,1
direction+curvature+asymptote:spline:22,reverse:curvature_convex->curvature_concave,0,0,1,1
direction+curvature+asymptote:spline:22,reverse:direction_decreasing->direction_increasing,0,0,1,1
direction+curvature+asymptote:spline:23,omit:asymptote_to_0_from_above,1,1,1,1
direction+curvature+asymptote:spline:23,omit:curvature_convex,1,1,1,1
direction+curvature+asymptote:spline:23,omit:direction_decreasing,1,1,1,1
direction+curvature+asymptote:spline:23,add:regime_postchange,0,0,1,1
direction+curvature+asymptote:spline:23,reverse:asymptote_to_0_from_above->asymptote_to_0_from_below,0,0,1,1
direction+curvature+asymptote:spline:23,reverse:curvature_convex->curvature_concave,0,0,1,1
direction+curvature+asymptote:spline:23,reverse:direction_decreasing->direction_increasing,0,0,1,1
direction+curvature+asymptote:spline:24,omit:asymptote_to_0_from_above,1,1,1,1
direction+curvature+asymptote:spline:24,omit:curvature_convex,1,1,1,1
direction+curvature+asymptote:spline:24,omit:direction_decreasing,1,1,1,1
direction+curvature+asymptote:spline:24,add:regime_postchange,0,0,1,1
direction+curvature+asymptote:spline:24,reverse:asymptote_to_0_from_above->asymptote_to_0_from_below,0,0,1,1
direction+curvature+asymptote:spline:24,reverse:curvature_convex->curvature_concave,0,0,1,1
direction+curvature+asymptote:spline:24,reverse:direction_decreasing->direction_increasing,0,0,1,1
direction+curvature+asymptote:spline:25,omit:asymptote_to_0_from_above,1,1,1,1
direction+curvature+asymptote:spline:25,omit:curvature_convex,1,1,1,1
direction+curvature+asymptote:spline:25,omit:direction_decreasing,1,1,1,1
direction+curvature+asymptote:spline:25,add:regime_postchange,0,0,1,1
direction+curvature+asymptote:spline:25,reverse:asymptote_to_0_from_above->asymptote_to_0_from_below,0,0,1,1
direction+curvature+asymptote:spline:25,reverse:curvature_convex->curvature_concave,0,0,1,1
direction+curvature+asymptote:spline:25,reverse:direction_decreasing->direction_increasing,0,0,1,1
direction+curvature+asymptote:spline:26,omit:asymptote_to_0_from_above,1,1,1,1
direction+curvature+asymptote:spline:26,omit:curvature_convex,1,1,1,1
direction+curvature+asymptote:spline:26,omit:direction_decreasing,1,1,1,1
direction+curvature+asymptote:spline:26,add:regime_postchange,0,0,1,1
direction+curvature+asymptote:spline:26,reverse:asymptote_to_0_from_above->asymptote_to_0_from_below,0,0,1,1
direction+curvature+asymptote:spline:26,reverse:curvature_convex->curvature_concave,0,0,1,1
direction+curvature+asymptote:spline:26,reverse:direction_decreasing->direction_increasing,0,0,1,1
direction+curvature+asymptote:spline:27,omit:asymptote_to_0_from_above,1,1,1,1
direction+curvature+asymptote:spline:27,omit:curvature_convex,1,1,1,1
direction+curvature+asymptote:spline:27,omit:direction_decreasing,1,1,1,1
direction+curvature+asymptote:spline:27,add:regime_postchange,0,0,1,1
direction+curvature+asymptote:spline:27,reverse:asymptote_to_0_from_above->asymptote_to_0_from_below,0,0,1,1
direction+curvature+asymptote:spline:27,reverse:curvature_convex->curvature_concave,0,0,1,1
direction+curvature+asymptote:spline:27,reverse:direction_decreasing->direction_increasing,0,0,1,1
direction+curvature+asymptote:spline:28,omit:asymptote_to_0_from_above,1,1,1,1
direction+curvature+asymptote:spline:28,omit:curvature_convex,1,1,1,1
direction+curvature+asymptote:spline:28,omit:direction_decreasing,1,1,1,1
direction+curvature+asymptote:spline:28,add:regime_postchange,0,0,1,1
direction+curvature+asymptote:spline:28,reverse:asymptote_to_0_from_above->asymptote_to_0_from_below,0,0,1,1
direction+curvature+asymptote:spline:28,reverse:curvature_convex->curvature_concave,0,0,1,1
direction+curvature+asymptote:spline:28,reverse:direction_decreasing->direction_increasing,0,0,1,1
direction+curvature+asymptote:spline:29,omit:asymptote_to_0_from_above,1,1,1,1
direction+curvature+asymptote:spline:29,omit:curvature_convex,1,1,1,1
direction+curvature+asymptote:spline:29,omit:direction_decreasing,1,1,1,1
direction+curvature+asymptote:spline:29,add:regime_postchange,0,0,1,1
direction+curvature+asymptote:spline:29,reverse:asymptote_to_0_from_above->asymptote_to_0_from_below,0,0,1,1
direction+curvature+asymptote:spline:29,reverse:curvature_convex->curvature_concave,0,0,1,1
direction+curvature+asymptote:spline:29,reverse:direction_decreasing->direction_increasing,0,0,1,1
direction+curvature+asymptote:basis:0,omit:asymptote_to_0_from_above,1,1,1,1
direction+curvature+asymptote:basis:0,omit:curvature_convex,1,1,1,1
direction+curvature+asymptote:basis:0,omit:direction_decreasing,1,1,1,1
direction+curvature+asymptote:basis:0,add:regime_postchange,0,0,1,1
direction+curvature+asymptote:basis:0,reverse:asymptote_to_0_from_above->asymptote_to_0_from_below,0,0,1,1
direction+curvature+asymptote:basis:0,reverse:curvature_convex->curvature_concave,0,0,1,1
direction+curvature+asymptote:basis:0,reverse:direction_decreasing->direction_increasing,0,0,1,1
direction+curvature+asymptote:basis:1,omit:asymptote_to_0_from_above,1,1,1,1
direction+curvature+asymptote:basis:1,omit:curvature_convex,1,1,1,1
direction+curvature+asymptote:basis:1,omit:direction_decreasing,1,1,1,1
direction+curvature+asymptote:basis:1,add:regime_postchange,0,0,1,1
direction+curvature+asymptote:basis:1,reverse:asymptote_to_0_from_above->asymptote_to_0_from_below,0,0,1,1
direction+curvature+asymptote:basis:1,reverse:curvature_convex->curvature_concave,0,0,1,1
direction+curvature+asymptote:basis:1,reverse:direction_decreasing->direction_increasing,0,0,1,1
direction+curvature+asymptote:basis:2,omit:asymptote_to_0_from_above,1,1,1,1
direction+curvature+asymptote:basis:2,omit:curvature_convex,1,1,1,1
direction+curvature+asymptote:basis:2,omit:direction_decreasing,1,1,1,1
direction+curvature+asymptote:basis:2,add:regime_postchange,0,0,1,1
direction+curvature+asymptote:basis:2,reverse:asymptote_to_0_from_above->asymptote_to_0_from_below,0,0,1,1
direction+curvature+asymptote:basis:2,reverse:curvature_convex->curvature_concave,0,0,1,1
direction+curvature+asymptote:basis:2,reverse:direction_decreasing->direction_increasing,0,0,1,1
direction+curvature+asymptote:basis:3,omit:asymptote_to_0_from_above,1,1,1,1
direction+curvature+asymptote:basis:3,omit:curvature_convex,1,1,1,1
direction+curvature+asymptote:basis:3,omit:direction_decreasing,1,1,1,1
direction+curvature+asymptote:basis:3,add:regime_postchange,0,0,1,1
direction+curvature+asymptote:basis:3,reverse:asymptote_to_0_from_above->asymptote_to_0_from_below,0,0,1,1
direction+curvature+asymptote:basis:3,reverse:curvature_convex->curvature_concave,0,0,1,1
direction+curvature+asymptote:basis:3,reverse:direction_decreasing->direction_increasing,0,0,1,1
direction+curvature+asymptote:basis:4,omit:asymptote_to_0_from_above,1,1,1,1
direction+curvature+asymptote:basis:4,omit:curvature_convex,1,1,1,1
direction+curvature+asymptote:basis:4,omit:direction_decreasing,1,1,1,1
direction+curvature+asymptote:basis:4,add:regime_postchange,0,0,1,1
direction+curvature+asymptote:basis:4,reverse:asymptote_to_0_from_above->asymptote_to_0_from_below,0,0,1,1
direction+curvature+asymptote:basis:4,reverse:curvature_convex->curvature_concave,0,0,1,1
direction+curvature+asymptote:basis:4,reverse:direction_decreasing->direction_increasing,0,0,1,1
direction+curvature+asymptote:basis:5,omit:asymptote_to_0_from_above,1,1,1,1
direction+curvature+asymptote:basis:5,omit:curvature_convex,1,1,1,1
direction+curvature+asymptote:basis:5,omit:direction_decreasing,1,1,1,1
direction+curvature+asymptote:basis:5,add:regime_postchange,0,0,1,1
direction+curvature+asymptote:basis:5,reverse:asymptote_to_0_from_above->asymptote_to_0_from_below,0,0,1,1
direction+curvature+asymptote:basis:5,reverse:curvature_convex->curvature_concave,0,0,1,1
direction+curvature+asymptote:basis:5,reverse:direction_decreasing->direction_increasing,0,0,1,1
direction+curvature+asymptote:basis:6,omit:asymptote_to_0_from_above,1,1,1,1
direction+curvature+asymptote:basis:6,omit:curvature_convex,1,1,1,1
direction+curvature+asymptote:basis:6,omit:direction_decreasing,1,1,1,1
direction+curvature+asymptote:basis:6,add:regime_postchange,0,0,1,1
direction+curvature+asymptote:basis:6,reverse:asymptote_to_0_from_above->asymptote_to_0_from_below,0,0,1,1
direction+curvature+asymptote:basis:6,reverse:curvature_convex->curvature_concave,0,0,1,1
direction+curvature+asymptote:basis:6,reverse:direction_decreasing->direction_increasing,0,0,1,1
direction+curvature+asymptote:basis:7,omit:asymptote_to_0_from_above,1,1,1,1
direction+curvature+asymptote:basis:7,omit:curvature_convex,1,1,1,1
direction+curvature+asymptote:basis:7,omit:direction_decreasing,1,1,1,1
direction+curvature+asymptote:basis:7,add:regime_postchange,0,0,1,1
direction+curvature+asymptote:basis:7,reverse:asymptote_to_0_from_above->asymptote_to_0_from_below,0,0,1,1
direction+curvature+asymptote:basis:7,reverse:curvature_convex->curvature_concave,0,0,1,1
direction+curvature+asymptote:basis:7,reverse:direction_decreasing->direction_increasing,0,0,1,1
direction+curvature+asymptote:basis:8,omit:asymptote_to_0_from_above,1,1,1,1
direction+curvature+asymptote:basis:8,omit:curvature_convex,1,1,1,1
direction+curvature+asymptote:basis:8,omit:direction_decreasing,1,1,1,1
direction+curvature+asymptote:basis:8,add:regime_postchange,0,0,1,1
direction+curvature+asymptote:basis:8,reverse:asymptote_to_0_from_above->asymptote_to_0_from_below,0,0,1,1
direction+curvature+asymptote:basis:8,reverse:curvature_convex->curvature_concave,0,0,1,1
direction+curvature+asymptote:basis:8,reverse:direction_decreasing->direction_increasing,0,0,1,1
direction+curvature+asymptote:basis:9,omit:asymptote_to_0_from_above,1,1,1,1
direction+curvature+asymptote:basis:9,omit:curvature_convex,1,1,1,1
direction+curvature+asymptote:basis:9,omit:direction_decreasing,1,1,1,1
direction+curvature+asymptote:basis:9,add:regime_postchange,0,0,1,1
direction+curvature+asymptote:basis:9,reverse:asymptote_to_0_from_above->asymptote_to_0_from_below,0,0,1,1
direction+curvature+asymptote:basis:9,reverse:curvature_convex->curvature_concave,0,0,1,1
direction+curvature+asymptote:basis:9,reverse:direction_decreasing->direction_increasing,0,0,1,1
direction+curvature+asymptote:basis:10,omit:asymptote_to_0_from_above,1,1,1,1
direction+curvature+asymptote:basis:10,omit:curvature_convex,1,1,1,1
direction+curvature+asymptote:basis:10,omit:direction_decreasing,1,1,1,1
direction+curvature+asymptote:basis:10,add:regime_postchange,0,0,1,1
direction+curvature+asymptote:basis:10,reverse:asymptote_to_0_from_above->asymptote_to_0_from_below,0,0,1,1
direction+curvature+asymptote:basis:10,reverse:curvature_convex->curvature_concave,0,0,1,1
direction+curvature+asymptote:basis:10,reverse:direction_decreasing->direction_increasing,0,0,1,1
direction+curvature+asymptote:basis:11,omit:asymptote_to_0_from_above,1,1,1,1
direction+curvature+asymptote:basis:11,omit:curvature_convex,1,1,1,1
direction+curvature+asymptote:basis:11,omit:direction_decreasing,1,1,1,1
direction+curvature+asymptote:basis:11,add:regime_postchange,0,0,1,1
direction+curvature+asymptote:basis:11,reverse:asymptote_to_0_from_above->asymptote_to_0_from_below,0,0,1,1
direction+curvature+asymptote:basis:11,reverse:curvature_convex->curvature_concave,0,0,1,1
direction+curvature+asymptote:basis:11,reverse:direction_decreasing->direction_increasing,0,0,1,1
direction+curvature+asymptote:basis:12,omit:asymptote_to_0_from_above,1,1,1,1
direction+curvature+asymptote:basis:12,omit:curvature_convex,1,1,1,1
direction+curvature+asymptote:basis:12,omit:direction_decreasing,1,1,1,1
direction+curvature+asymptote:basis:12,add:regime_postchange,0,0,1,1
direction+curvature+asymptote:basis:12,reverse:asymptote_to_0_from_above->asymptote_to_0_from_below,0,0,1,1
direction+curvature+asymptote:basis:12,reverse:curvature_convex->curvature_concave,0,0,1,1
direction+curvature+asymptote:basis:12,reverse:direction_decreasing->direction_increasing,0,0,1,1
direction+curvature+asymptote:basis:13,omit:asymptote_to_0_from_above,1,1,1,1
direction+curvature+asymptote:basis:13,omit:curvature_convex,1,1,1,1
direction+curvature+asymptote:basis:13,omit:direction_decreasing,1,1,1,1
direction+curvature+asymptote:basis:13,add:regime_postchange,0,0,1,1
direction+curvature+asymptote:basis:13,reverse:asymptote_to_0_from_above->asymptote_to_0_from_below,0,0,1,1
direction+curvature+asymptote:basis:13,reverse:curvature_convex->curvature_concave,0,0,1,1
direction+curvature+asymptote:basis:13,reverse:direction_decreasing->direction_increasing,0,0,1,1
direction+curvature+asymptote:basis:14,omit:asymptote_to_0_from_above,1,1,1,1
direction+curvature+asymptote:basis:14,omit:curvature_convex,1,1,1,1
direction+curvature+asymptote:basis:14,omit:direction_decreasing,1,1,1,1
direction+curvature+asymptote:basis:14,add:regime_postchange,0,0,1,1
direction+curvature+asymptote:basis:14,reverse:asymptote_to_0_from_above->asymptote_to_0_from_below,0,0,1,1
direction+curvature+asymptote:basis:14,reverse:curvature_convex->curvature_concave,0,0,1,1
direction+curvature+asymptote:basis:14,reverse:direction_decreasing->direction_increasing,0,0,1,1
direction+curvature+asymptote:basis:15,omit:asymptote_to_0_from_above,1,1,1,1
direction+curvature+asymptote:basis:15,omit:curvature_convex,1,1,1,1
direction+curvature+asymptote:basis:15,omit:direction_decreasing,1,1,1,1
direction+curvature+asymptote:basis:15,add:regime_postchange,0,0,1,1
direction+curvature+asymptote:basis:15,reverse:asymptote_to_0_from_above->asymptote_to_0_from_below,0,0,1,1
direction+curvature+asymptote:basis:15,reverse:curvature_convex->curvature_concave,0,0,1,1
direction+curvature+asymptote:basis:15,reverse:direction_decreasing->direction_increasing,0,0,1,1
direction+curvature+asymptote:basis:16,omit:asymptote_to_0_from_above,1,1,1,1
direction+curvature+asymptote:basis:16,omit:curvature_convex,1,1,1,1
direction+curvature+asymptote:basis:16,omit:direction_decreasing,1,1,1,1
direction+curvature+asymptote:basis:16,add:regime_postchange,0,0,1,1
direction+curvature+asymptote:basis:16,reverse:asymptote_to_0_from_above->asymptote_to_0_from_below,0,0,1,1
direction+curvature+asymptote:basis:16,reverse:curvature_convex->curvature_concave,0,0,1,1
direction+curvature+asymptote:basis:16,reverse:direction_decreasing->direction_increasing,0,0,1,1
direction+curvature+asymptote:basis:17,omit:asymptote_to_0_from_above,1,1,1,1
direction+curvature+asymptote:basis:17,omit:curvature_convex,1,1,1,1
direction+curvature+asymptote:basis:17,omit:direction_decreasing,1,1,1,1
direction+curvature+asymptote:basis:17,add:regime_postchange,0,0,1,1
direction+curvature+asymptote:basis:17,reverse:asymptote_to_0_from_above->asymptote_to_0_from_below,0,0,1,1
direction+curvature+asymptote:basis:17,reverse:curvature_convex->curvature_concave,0,0,1,1
direction+curvature+asymptote:basis:17,reverse:direction_decreasing->direction_increasing,0,0,1,1
direction+curvature+asymptote:basis:18,omit:asymptote_to_0_from_above,1,1,1,1
direction+curvature+asymptote:basis:18,omit:curvature_convex,1,1,1,1
direction+curvature+asymptote:basis:18,omit:direction_decreasing,1,1,1,1
direction+curvature+asymptote:basis:18,add:regime_postchange,0,0,1,1
direction+curvature+asymptote:basis:18,reverse:asymptote_to_0_from_above->asymptote_to_0_from_below,0,0,1,1
direction+curvature+asymptote:basis:18,reverse:curvature_convex->curvature_concave,0,0,1,1
direction+curvature+asymptote:basis:18,reverse:direction_decreasing->direction_increasing,0,0,1,1
direction+curvature+asymptote:basis:19,omit:asymptote_to_0_from_above,1,1,1,1
direction+curvature+asymptote:basis:19,omit:curvature_convex,1,1,1,1
direction+curvature+asymptote:basis:19,omit:direction_decreasing,1,1,1,1
direction+curvature+asymptote:basis:19,add:regime_postchange,0,0,1,1
direction+curvature+asymptote:basis:19,reverse:asymptote_to_0_from_above->asymptote_to_0_from_below,0,0,1,1
direction+curvature+asymptote:basis:19,reverse:curvature_convex->curvature_concave,0,0,1,1
direction+curvature+asymptote:basis:19,reverse:direction_decreasing->direction_increasing,0,0,1,1
direction+curvature+asymptote:basis:20,omit:asymptote_to_0_from_above,1,1,1,1
direction+curvature+asymptote:basis:20,omit:curvature_convex,1,1,1,1
direction+curvature+asymptote:basis:20,omit:direction_decreasing,1,1,1,1
direction+curvature+asymptote:basis:20,add:regime_postchange,0,0,1,1
direction+curvature+asymptote:basis:20,reverse:asymptote_to_0_from_above->asymptote_to_0_from_below,0,0,1,1
direction+curvature+asymptote:basis:20,reverse:curvature_convex->curvature_concave,0,0,1,1
direction+curvature+asymptote:basis:20,reverse:direction_decreasing->direction_increasing,0,0,1,1
direction+curvature+asymptote:basis:21,omit:asymptote_to_0_from_above,1,1,1,1
direction+curvature+asymptote:basis:21,omit:curvature_convex,1,1,1,1
direction+curvature+asymptote:basis:21,omit:direction_decreasing,1,1,1,1
direction+curvature+asymptote:basis:21,add:regime_postchange,0,0,1,1
direction+curvature+asymptote:basis:21,reverse:asymptote_to_0_from_above->asymptote_to_0_from_below,0,0,1,1
direction+curvature+asymptote:basis:21,reverse:curvature_convex->curvature_concave,0,0,1,1
direction+curvature+asymptote:basis:21,reverse:direction_decreasing->direction_increasing,0,0,1,1
direction+curvature+asymptote:basis:22,omit:asymptote_to_0_from_above,1,1,1,1
direction+curvature+asymptote:basis:22,omit:curvature_convex,1,1,1,1
direction+curvature+asymptote:basis:22,omit:direction_decreasing,1,1,1,1
direction+curvature+asymptote:basis:22,add:regime_postchange,0,0,1,1
direction+curvature+asymptote:basis:22,reverse:asymptote_to_0_from_above->asymptote_to_0_from_below,0,0,1,1
direction+curvature+asymptote:basis:22,reverse:curvature_convex->curvature_concave,0,0,1,1
direction+curvature+asymptote:basis:22,reverse:direction_decreasing->direction_increasing,0,0,1,1
direction+curvature+asymptote:basis:23,omit:asymptote_to_0_from_above,1,1,1,1
direction+curvature+asymptote:basis:23,omit:curvature_convex,1,1,1,1
direction+curvature+asymptote:basis:23,omit:direction_decreasing,1,1,1,1
direction+curvature+asymptote:basis:23,add:regime_postchange,0,0,1,1
direction+curvature+asymptote:basis:23,reverse:asymptote_to_0_from_above->asymptote_to_0_from_below,0,0,1,1
direction+curvature+asymptote:basis:23,reverse:curvature_convex->curvature_concave,0,0,1,1
direction+curvature+asymptote:basis:23,reverse:direction_decreasing->direction_increasing,0,0,1,1
direction+curvature+asymptote:basis:24,omit:asymptote_to_0_from_above,1,1,1,1
direction+curvature+asymptote:basis:24,omit:curvature_convex,1,1,1,1
direction+curvature+asymptote:basis:24,omit:direction_decreasing,1,1,1,1
direction+curvature+asymptote:basis:24,add:regime_postchange,0,0,1,1
direction+curvature+asymptote:basis:24,reverse:asymptote_to_0_from_above->asymptote_to_0_from_below,0,0,1,1
direction+curvature+asymptote:basis:24,reverse:curvature_convex->curvature_concave,0,0,1,1
direction+curvature+asymptote:basis:24,reverse:direction_decreasing->direction_increasing,0,0,1,1
direction+curvature+asymptote:basis:25,omit:asymptote_to_0_from_above,1,1,1,1
direction+curvature+asymptote:basis:25,omit:curvature_convex,1,1,1,1
direction+curvature+asymptote:basis:25,omit:direction_decreasing,1,1,1,1
direction+curvature+asymptote:basis:25,add:regime_postchange,0,0,1,1
direction+curvature+asymptote:basis:25,reverse:asymptote_to_0_from_above->asymptote_to_0_from_below,0,0,1,1
direction+curvature+asymptote:basis:25,reverse:curvature_convex->curvature_concave,0,0,1,1
direction+curvature+asymptote:basis:25,reverse:direction_decreasing->direction_increasing,0,0,1,1
direction+curvature+asymptote:basis:26,omit:asymptote_to_0_from_above,1,1,1,1
direction+curvature+asymptote:basis:26,omit:curvature_convex,1,1,1,1
direction+curvature+asymptote:basis:26,omit:direction_decreasing,1,1,1,1
direction+curvature+asymptote:basis:26,add:regime_postchange,0,0,1,1
direction+curvature+asymptote:basis:26,reverse:asymptote_to_0_from_above->asymptote_to_0_from_below,0,0,1,1
direction+curvature+asymptote:basis:26,reverse:curvature_convex->curvature_concave,0,0,1,1
direction+curvature+asymptote:basis:26,reverse:direction_decreasing->direction_increasing,0,0,1,1
direction+curvature+asymptote:basis:27,omit:asymptote_to_0_from_above,1,1,1,1
direction+curvature+asymptote:basis:27,omit:curvature_convex,1,1,1,1
direction+curvature+asymptote:basis:27,omit:direction_decreasing,1,1,1,1
direction+curvature+asymptote:basis:27,add:regime_postchange,0,0,1,1
direction+curvature+asymptote:basis:27,reverse:asymptote_to_0_from_above->asymptote_to_0_from_below,0,0,1,1
direction+curvature+asymptote:basis:27,reverse:curvature_convex->curvature_concave,0,0,1,1
direction+curvature+asymptote:basis:27,reverse:direction_decreasing->direction_increasing,0,0,1,1
direction+curvature+asymptote:basis:28,omit:asymptote_to_0_from_above,1,1,1,1
direction+curvature+asymptote:basis:28,omit:curvature_convex,1,1,1,1
direction+curvature+asymptote:basis:28,omit:direction_decreasing,1,1,1,1
direction+curvature+asymptote:basis:28,add:regime_postchange,0,0,1,1
direction+curvature+asymptote:basis:28,reverse:asymptote_to_0_from_above->asymptote_to_0_from_below,0,0,1,1
direction+curvature+asymptote:basis:28,reverse:curvature_convex->curvature_concave,0,0,1,1
direction+curvature+asymptote:basis:28,reverse:direction_decreasing->direction_increasing,0,0,1,1
direction+curvature+asymptote:basis:29,omit:asymptote_to_0_from_above,1,1,1,1
direction+curvature+asymptote:basis:29,omit:curvature_convex,1,1,1,1
direction+curvature+asymptote:basis:29,omit:direction_decreasing,1,1,1,1
direction+curvature+asymptote:basis:29,add:regime_postchange,0,0,1,1
direction+curvature+asymptote:basis:29,reverse:asymptote_to_0_from_above->asymptote_to_0_from_below,0,0,1,1
direction+curvature+asymptote:basis:29,reverse:curvature_convex->curvature_concave,0,0,1,1
direction+curvature+asymptote:basis:29,reverse:direction_decreasing->direction_increasing,0,0,1,1
direction+curvature+asymptote:ode:0,omit:asymptote_to_0_from_above,1,1,1,1
direction+curvature+asymptote:ode:0,omit:curvature_convex,1,1,1,1
direction+curvature+asymptote:ode:0,omit:direction_decreasing,1,1,1,1
direction+curvature+asymptote:ode:0,add:regime_postchange,0,0,1,1
direction+curvature+asymptote:ode:0,reverse:asymptote_to_0_from_above->asymptote_to_0_from_below,0,0,1,1
direction+curvature+asymptote:ode:0,reverse:curvature_convex->curvature_concave,0,0,1,1
direction+curvature+asymptote:ode:0,reverse:direction_decreasing->direction_increasing,0,0,1,1
direction+curvature+asymptote:ode:1,omit:asymptote_to_0_from_above,1,1,1,1
direction+curvature+asymptote:ode:1,omit:curvature_convex,1,1,1,1
direction+curvature+asymptote:ode:1,omit:direction_decreasing,1,1,1,1
direction+curvature+asymptote:ode:1,add:regime_postchange,0,0,1,1
direction+curvature+asymptote:ode:1,reverse:asymptote_to_0_from_above->asymptote_to_0_from_below,0,0,1,1
direction+curvature+asymptote:ode:1,reverse:curvature_convex->curvature_concave,0,0,1,1
direction+curvature+asymptote:ode:1,reverse:direction_decreasing->direction_increasing,0,0,1,1
direction+curvature+asymptote:ode:2,omit:asymptote_to_0_from_above,1,1,1,1
direction+curvature+asymptote:ode:2,omit:curvature_convex,1,1,1,1
direction+curvature+asymptote:ode:2,omit:direction_decreasing,1,1,1,1
direction+curvature+asymptote:ode:2,add:regime_postchange,0,0,1,1
direction+curvature+asymptote:ode:2,reverse:asymptote_to_0_from_above->asymptote_to_0_from_below,0,0,1,1
direction+curvature+asymptote:ode:2,reverse:curvature_convex->curvature_concave,0,0,1,1
direction+curvature+asymptote:ode:2,reverse:direction_decreasing->direction_increasing,0,0,1,1
direction+curvature+asymptote:ode:3,omit:asymptote_to_0_from_above,1,1,1,1
direction+curvature+asymptote:ode:3,omit:curvature_convex,1,1,1,1
direction+curvature+asymptote:ode:3,omit:direction_decreasing,1,1,1,1
direction+curvature+asymptote:ode:3,add:regime_postchange,0,0,1,1
direction+curvature+asymptote:ode:3,reverse:asymptote_to_0_from_above->asymptote_to_0_from_below,0,0,1,1
direction+curvature+asymptote:ode:3,reverse:curvature_convex->curvature_concave,0,0,1,1
direction+curvature+asymptote:ode:3,reverse:direction_decreasing->direction_increasing,0,0,1,1
direction+curvature+asymptote:ode:4,omit:asymptote_to_0_from_above,1,1,1,1
direction+curvature+asymptote:ode:4,omit:curvature_convex,1,1,1,1
direction+curvature+asymptote:ode:4,omit:direction_decreasing,1,1,1,1
direction+curvature+asymptote:ode:4,add:regime_postchange,0,0,1,1
direction+curvature+asymptote:ode:4,reverse:asymptote_to_0_from_above->asymptote_to_0_from_below,0,0,1,1
direction+curvature+asymptote:ode:4,reverse:curvature_convex->curvature_concave,0,0,1,1
direction+curvature+asymptote:ode:4,reverse:direction_decreasing->direction_increasing,0,0,1,1
direction+curvature+asymptote:ode:5,omit:asymptote_to_0_from_above,1,1,1,1
direction+curvature+asymptote:ode:5,omit:curvature_convex,1,1,1,1
direction+curvature+asymptote:ode:5,omit:direction_decreasing,1,1,1,1
direction+curvature+asymptote:ode:5,add:regime_postchange,0,0,1,1
direction+curvature+asymptote:ode:5,reverse:asymptote_to_0_from_above->asymptote_to_0_from_below,0,0,1,1
direction+curvature+asymptote:ode:5,reverse:curvature_convex->curvature_concave,0,0,1,1
direction+curvature+asymptote:ode:5,reverse:direction_decreasing->direction_increasing,0,0,1,1
direction+curvature+asymptote:ode:6,omit:asymptote_to_0_from_above,1,1,1,1
direction+curvature+asymptote:ode:6,omit:curvature_convex,1,1,1,1
direction+curvature+asymptote:ode:6,omit:direction_decreasing,1,1,1,1
direction+curvature+asymptote:ode:6,add:regime_postchange,0,0,1,1
direction+curvature+asymptote:ode:6,reverse:asymptote_to_0_from_above->asymptote_to_0_from_below,0,0,1,1
direction+curvature+asymptote:ode:6,reverse:curvature_convex->curvature_concave,0,0,1,1
direction+curvature+asymptote:ode:6,reverse:direction_decreasing->direction_increasing,0,0,1,1
direction+curvature+asymptote:ode:7,omit:asymptote_to_0_from_above,1,1,1,1
direction+curvature+asymptote:ode:7,omit:curvature_convex,1,1,1,1
direction+curvature+asymptote:ode:7,omit:direction_decreasing,1,1,1,1
direction+curvature+asymptote:ode:7,add:regime_postchange,0,0,1,1
direction+curvature+asymptote:ode:7,reverse:asymptote_to_0_from_above->asymptote_to_0_from_below,0,0,1,1
direction+curvature+asymptote:ode:7,reverse:curvature_convex->curvature_concave,0,0,1,1
direction+curvature+asymptote:ode:7,reverse:direction_decreasing->direction_increasing,0,0,1,1
direction+curvature+asymptote:ode:8,omit:asymptote_to_0_from_above,1,1,1,1
direction+curvature+asymptote:ode:8,omit:curvature_convex,1,1,1,1
direction+curvature+asymptote:ode:8,omit:direction_decreasing,1,1,1,1
direction+curvature+asymptote:ode:8,add:regime_postchange,0,0,1,1
direction+curvature+asymptote:ode:8,reverse:asymptote_to_0_from_above->asymptote_to_0_from_below,0,0,1,1
direction+curvature+asymptote:ode:8,reverse:curvature_convex->curvature_concave,0,0,1,1
direction+curvature+asymptote:ode:8,reverse:direction_decreasing->direction_increasing,0,0,1,1
direction+curvature+asymptote:ode:9,omit:asymptote_to_0_from_above,1,1,1,1
direction+curvature+asymptote:ode:9,omit:curvature_convex,1,1,1,1
direction+curvature+asymptote:ode:9,omit:direction_decreasing,1,1,1,1
direction+curvature+asymptote:ode:9,add:regime_postchange,0,0,1,1
direction+curvature+asymptote:ode:9,reverse:asymptote_to_0_from_above->asymptote_to_0_from_below,0,0,1,1
direction+curvature+asymptote:ode:9,reverse:curvature_convex->curvature_concave,0,0,1,1
direction+curvature+asymptote:ode:9,reverse:direction_decreasing->direction_increasing,0,0,1,1
direction+curvature+asymptote:ode:10,omit:asymptote_to_0_from_above,1,1,1,1
direction+curvature+asymptote:ode:10,omit:curvature_convex,1,1,1,1
direction+curvature+asymptote:ode:10,omit:direction_decreasing,1,1,1,1
direction+curvature+asymptote:ode:10,add:regime_postchange,0,0,1,1
direction+curvature+asymptote:ode:10,reverse:asymptote_to_0_from_above->asymptote_to_0_from_below,0,0,1,1
direction+curvature+asymptote:ode:10,reverse:curvature_convex->curvature_concave,0,0,1,1
direction+curvature+asymptote:ode:10,reverse:direction_decreasing->direction_increasing,0,0,1,1
direction+curvature+asymptote:ode:11,omit:asymptote_to_0_from_above,1,1,1,1
direction+curvature+asymptote:ode:11,omit:curvature_convex,1,1,1,1
direction+curvature+asymptote:ode:11,omit:direction_decreasing,1,1,1,1
direction+curvature+asymptote:ode:11,add:regime_postchange,0,0,1,1
direction+curvature+asymptote:ode:11,reverse:asymptote_to_0_from_above->asymptote_to_0_from_below,0,0,1,1
direction+curvature+asymptote:ode:11,reverse:curvature_convex->curvature_concave,0,0,1,1
direction+curvature+asymptote:ode:11,reverse:direction_decreasing->direction_increasing,0,0,1,1
direction+curvature+asymptote:ode:12,omit:asymptote_to_0_from_above,1,1,1,1
direction+curvature+asymptote:ode:12,omit:curvature_convex,1,1,1,1
direction+curvature+asymptote:ode:12,omit:direction_decreasing,1,1,1,1
direction+curvature+asymptote:ode:12,add:regime_postchange,0,0,1,1
direction+curvature+asymptote:ode:12,reverse:asymptote_to_0_from_above->asymptote_to_0_from_below,0,0,1,1
direction+curvature+asymptote:ode:12,reverse:curvature_convex->curvature_concave,0,0,1,1
direction+curvature+asymptote:ode:12,reverse:direction_decreasing->direction_increasing,0,0,1,1
direction+curvature+asymptote:ode:13,omit:asymptote_to_0_from_above,1,1,1,1
direction+curvature+asymptote:ode:13,omit:curvature_convex,1,1,1,1
direction+curvature+asymptote:ode:13,omit:direction_decreasing,1,1,1,1
direction+curvature+asymptote:ode:13,add:regime_postchange,0,0,1,1
direction+curvature+asymptote:ode:13,reverse:asymptote_to_0_from_above->asymptote_to_0_from_below,0,0,1,1
direction+curvature+asymptote:ode:13,reverse:curvature_convex->curvature_concave,0,0,1,1
direction+curvature+asymptote:ode:13,reverse:direction_decreasing->direction_increasing,0,0,1,1
direction+curvature+asymptote:ode:14,omit:asymptote_to_0_from_above,1,1,1,1
direction+curvature+asymptote:ode:14,omit:curvature_convex,1,1,1,1
direction+curvature+asymptote:ode:14,omit:direction_decreasing,1,1,1,1
direction+curvature+asymptote:ode:14,add:regime_postchange,0,0,1,1
direction+curvature+asymptote:ode:14,reverse:asymptote_to_0_from_above->asymptote_to_0_from_below,0,0,1,1
direction+curvature+asymptote:ode:14,reverse:curvature_convex->curvature_concave,0,0,1,1
direction+curvature+asymptote:ode:14,reverse:direction_decreasing->direction_increasing,0,0,1,1
direction+curvature+asymptote:ode:15,omit:asymptote_to_0_from_above,1,1,1,1
direction+curvature+asymptote:ode:15,omit:curvature_convex,1,1,1,1
direction+curvature+asymptote:ode:15,omit:direction_decreasing,1,1,1,1
direction+curvature+asymptote:ode:15,add:regime_postchange,0,0,1,1
direction+curvature+asymptote:ode:15,reverse:asymptote_to_0_from_above->asymptote_to_0_from_below,0,0,1,1
direction+curvature+asymptote:ode:15,reverse:curvature_convex->curvature_concave,0,0,1,1
direction+curvature+asymptote:ode:15,reverse:direction_decreasing->direction_increasing,0,0,1,1
direction+curvature+asymptote:ode:16,omit:asymptote_to_0_from_above,1,1,1,1
direction+curvature+asymptote:ode:16,omit:curvature_convex,1,1,1,1
direction+curvature+asymptote:ode:16,omit:direction_decreasing,1,1,1,1
direction+curvature+asymptote:ode:16,add:regime_postchange,0,0,1,1
direction+curvature+asymptote:ode:16,reverse:asymptote_to_0_from_above->asymptote_to_0_from_below,0,0,1,1
direction+curvature+asymptote:ode:16,reverse:curvature_convex->curvature_concave,0,0,1,1
direction+curvature+asymptote:ode:16,reverse:direction_decreasing->direction_increasing,0,0,1,1
direction+curvature+asymptote:ode:17,omit:asymptote_to_0_from_above,1,1,1,1
direction+curvature+asymptote:ode:17,omit:curvature_convex,1,1,1,1
direction+curvature+asymptote:ode:17,omit:direction_decreasing,1,1,1,1
direction+curvature+asymptote:ode:17,add:regime_postchange,0,0,1,1
direction+curvature+asymptote:ode:17,reverse:asymptote_to_0_from_above->asymptote_to_0_from_below,0,0,1,1
direction+curvature+asymptote:ode:17,reverse:curvature_convex->curvature_concave,0,0,1,1
direction+curvature+asymptote:ode:17,reverse:direction_decreasing->direction_increasing,0,0,1,1
direction+curvature+asymptote:ode:18,omit:asymptote_to_0_from_above,1,1,1,1
direction+curvature+asymptote:ode:18,omit:curvature_convex,1,1,1,1
direction+curvature+asymptote:ode:18,omit:direction_decreasing,1,1,1,1
direction+curvature+asymptote:ode:18,add:regime_postchange,0,0,1,1
direction+curvature+asymptote:ode:18,reverse:asymptote_to_0_from_above->asymptote_to_0_from_below,0,0,1,1
direction+curvature+asymptote:ode:18,reverse:curvature_convex->curvature_concave,0,0,1,1
direction+curvature+asymptote:ode:18,reverse:direction_decreasing->direction_increasing,0,0,1,1
direction+curvature+asymptote:ode:19,omit:asymptote_to_0_from_above,1,1,1,1
direction+curvature+asymptote:ode:19,omit:curvature_convex,1,1,1,1
direction+curvature+asymptote:ode:19,omit:direction_decreasing,1,1,1,1
direction+curvature+asymptote:ode:19,add:regime_postchange,0,0,1,1
direction+curvature+asymptote:ode:19,reverse:asymptote_to_0_from_above->asymptote_to_0_from_below,0,0,1,1
direction+curvature+asymptote:ode:19,reverse:curvature_convex->curvature_concave,0,0,1,1
direction+curvature+asymptote:ode:19,reverse:direction_decreasing->direction_increasing,0,0,1,1
direction+curvature+asymptote:ode:20,omit:asymptote_to_0_from_above,1,1,1,1
direction+curvature+asymptote:ode:20,omit:curvature_convex,1,1,1,1
direction+curvature+asymptote:ode:20,omit:direction_decreasing,1,1,1,1
direction+curvature+asymptote:ode:20,add:regime_postchange,0,0,1,1
direction+curvature+asymptote:ode:20,reverse:asymptote_to_0_from_above->asymptote_to_0_from_below,0,0,1,1
direction+curvature+asymptote:ode:20,reverse:curvature_convex->curvature_concave,0,0,1,1
direction+curvature+asymptote:ode:20,reverse:direction_decreasing->direction_increasing,0,0,1,1
direction+curvature+asymptote:ode:21,omit:asymptote_to_0_from_above,1,1,1,1
direction+curvature+asymptote:ode:21,omit:curvature_convex,1,1,1,1
direction+curvature+asymptote:ode:21,omit:direction_decreasing,1,1,1,1
direction+curvature+asymptote:ode:21,add:regime_postchange,0,0,1,1
direction+curvature+asymptote:ode:21,reverse:asymptote_to_0_from_above->asymptote_to_0_from_below,0,0,1,1
direction+curvature+asymptote:ode:21,reverse:curvature_convex->curvature_concave,0,0,1,1
direction+curvature+asymptote:ode:21,reverse:direction_decreasing->direction_increasing,0,0,1,1
direction+curvature+asymptote:ode:22,omit:asymptote_to_0_from_above,1,1,1,1
direction+curvature+asymptote:ode:22,omit:curvature_convex,1,1,1,1
direction+curvature+asymptote:ode:22,omit:direction_decreasing,1,1,1,1
direction+curvature+asymptote:ode:22,add:regime_postchange,0,0,1,1
direction+curvature+asymptote:ode:22,reverse:asymptote_to_0_from_above->asymptote_to_0_from_below,0,0,1,1
direction+curvature+asymptote:ode:22,reverse:curvature_convex->curvature_concave,0,0,1,1
direction+curvature+asymptote:ode:22,reverse:direction_decreasing->direction_increasing,0,0,1,1
direction+curvature+asymptote:ode:23,omit:asymptote_to_0_from_above,1,1,1,1
direction+curvature+asymptote:ode:23,omit:curvature_convex,1,1,1,1
direction+curvature+asymptote:ode:23,omit:direction_decreasing,1,1,1,1
direction+curvature+asymptote:ode:23,add:regime_postchange,0,0,1,1
direction+curvature+asymptote:ode:23,reverse:asymptote_to_0_from_above->asymptote_to_0_from_below,0,0,1,1
direction+curvature+asymptote:ode:23,reverse:curvature_convex->curvature_concave,0,0,1,1
direction+curvature+asymptote:ode:23,reverse:direction_decreasing->direction_increasing,0,0,1,1
direction+curvature+asymptote:ode:24,omit:asymptote_to_0_from_above,1,1,1,1
direction+curvature+asymptote:ode:24,omit:curvature_convex,1,1,1,1
direction+curvature+asymptote:ode:24,omit:direction_decreasing,1,1,1,1
direction+curvature+asymptote:ode:24,add:regime_postchange,0,0,1,1
direction+curvature+asymptote:ode:24,reverse:asymptote_to_0_from_above->asymptote_to_0_from_below,0,0,1,1
direction+curvature+asymptote:ode:24,reverse:curvature_convex->curvature_concave,0,0,1,1
direction+curvature+asymptote:ode:24,reverse:direction_decreasing->direction_increasing,0,0,1,1
direction+curvature+asymptote:ode:25,omit:asymptote_to_0_from_above,1,1,1,1
direction+curvature+asymptote:ode:25,omit:curvature_convex,1,1,1,1
direction+curvature+asymptote:ode:25,omit:direction_decreasing,1,1,1,1
direction+curvature+asymptote:ode:25,add:regime_postchange,0,0,1,1
direction+curvature+asymptote:ode:25,reverse:asymptote_to_0_from_above->asymptote_to_0_from_below,0,0,1,1
direction+curvature+asymptote:ode:25,reverse:curvature_convex->curvature_concave,0,0,1,1
direction+curvature+asymptote:ode:25,reverse:direction_decreasing->direction_increasing,0,0,1,1
direction+curvature+asymptote:ode:26,omit:asymptote_to_0_from_above,1,1,1,1
direction+curvature+asymptote:ode:26,omit:curvature_convex,1,1,1,1
direction+curvature+asymptote:ode:26,omit:direction_decreasing,1,1,1,1
direction+curvature+asymptote:ode:26,add:regime_postchange,0,0,1,1
direction+curvature+asymptote:ode:26,reverse:asymptote_to_0_from_above->asymptote_to_0_from_below,0,0,1,1
direction+curvature+asymptote:ode:26,reverse:curvature_convex->curvature_concave,0,0,1,1
direction+curvature+asymptote:ode:26,reverse:direction_decreasing->direction_increasing,0,0,1,1
direction+curvature+asymptote:ode:27,omit:asymptote_to_0_from_above,1,1,1,1
direction+curvature+asymptote:ode:27,omit:curvature_convex,1,1,1,1
direction+curvature+asymptote:ode:27,omit:direction_decreasing,1,1,1,1
direction+curvature+asymptote:ode:27,add:regime_postchange,0,0,1,1
direction+curvature+asymptote:ode:27,reverse:asymptote_to_0_from_above->asymptote_to_0_from_below,0,0,1,1
direction+curvature+asymptote:ode:27,reverse:curvature_convex->curvature_concave,0,0,1,1
direction+curvature+asymptote:ode:27,reverse:direction_decreasing->direction_increasing,0,0,1,1
direction+curvature+asymptote:ode:28,omit:asymptote_to_0_from_above,1,1,1,1
direction+curvature+asymptote:ode:28,omit:curvature_convex,1,1,1,1
direction+curvature+asymptote:ode:28,omit:direction_decreasing,1,1,1,1
direction+curvature+asymptote:ode:28,add:regime_postchange,0,0,1,1
direction+curvature+asymptote:ode:28,reverse:asymptote_to_0_from_above->asymptote_to_0_from_below,0,0,1,1
direction+curvature+asymptote:ode:28,reverse:curvature_convex->curvature_concave,0,0,1,1
direction+curvature+asymptote:ode:28,reverse:direction_decreasing->direction_increasing,0,0,1,1
direction+curvature+asymptote:ode:29,omit:asymptote_to_0_from_above,1,1,1,1
direction+curvature+asymptote:ode:29,omit:curvature_convex,1,1,1,1
direction+curvature+asymptote:ode:29,omit:direction_decreasing,1,1,1,1
direction+curvature+asymptote:ode:29,add:regime_postchange,0,0,1,1
direction+curvature+asymptote:ode:29,reverse:asymptote_to_0_from_above->asymptote_to_0_from_below,0,0,1,1
direction+curvature+asymptote:ode:29,reverse:curvature_convex->curvature_concave,0,0,1,1
direction+curvature+asymptote:ode:29,reverse:direction_decreasing->direction_increasing,0,0,1,1
direction+inflection+bound:spline:0,omit:direction_decreasing,1,1,1,1
direction+inflection+bound:spline:0,omit:inflection_concave_to_convex,1,1,1,1
direction+inflection+bound:spline:0,omit:lower_bound_0,1,1,1,1
direction+inflection+bound:spline:0,add:regime_postchange,0,0,1,1
direction+inflection+bound:spline:0,reverse:direction_decreasing->direction_increasing,0,0,1,1
direction+inflection+bound:spline:0,reverse:inflection_concave_to_convex->inflection_convex_to_concave,0,0,1,1
direction+inflection+bound:spline:1,omit:direction_decreasing,1,1,1,1
direction+inflection+bound:spline:1,omit:inflection_concave_to_convex,1,1,1,1
direction+inflection+bound:spline:1,omit:lower_bound_0,1,1,1,1
direction+inflection+bound:spline:1,add:regime_postchange,0,0,1,1
direction+inflection+bound:spline:1,reverse:direction_decreasing->direction_increasing,0,0,1,1
direction+inflection+bound:spline:1,reverse:inflection_concave_to_convex->inflection_convex_to_concave,0,0,1,1
direction+inflection+bound:spline:2,omit:direction_decreasing,1,1,1,1
direction+inflection+bound:spline:2,omit:inflection_concave_to_convex,1,1,1,1
direction+inflection+bound:spline:2,omit:lower_bound_0,1,1,1,1
direction+inflection+bound:spline:2,add:regime_postchange,0,0,1,1
direction+inflection+bound:spline:2,reverse:direction_decreasing->direction_increasing,0,0,1,1
direction+inflection+bound:spline:2,reverse:inflection_concave_to_convex->inflection_convex_to_concave,0,0,1,1
direction+inflection+bound:spline:3,omit:direction_decreasing,1,1,1,1
direction+inflection+bound:spline:3,omit:inflection_concave_to_convex,1,1,1,1
direction+inflection+bound:spline:3,omit:lower_bound_0,1,1,1,1
direction+inflection+bound:spline:3,add:regime_postchange,0,0,1,1
direction+inflection+bound:spline:3,reverse:direction_decreasing->direction_increasing,0,0,1,1
direction+inflection+bound:spline:3,reverse:inflection_concave_to_convex->inflection_convex_to_concave,0,0,1,1
direction+inflection+bound:spline:4,omit:direction_decreasing,1,1,1,1
direction+inflection+bound:spline:4,omit:inflection_concave_to_convex,1,1,1,1
direction+inflection+bound:spline:4,omit:lower_bound_0,1,1,1,1
direction+inflection+bound:spline:4,add:regime_postchange,0,0,1,1
direction+inflection+bound:spline:4,reverse:direction_decreasing->direction_increasing,0,0,1,1
direction+inflection+bound:spline:4,reverse:inflection_concave_to_convex->inflection_convex_to_concave,0,0,1,1
direction+inflection+bound:spline:5,omit:direction_decreasing,1,1,1,1
direction+inflection+bound:spline:5,omit:inflection_concave_to_convex,1,1,1,1
direction+inflection+bound:spline:5,omit:lower_bound_0,1,1,1,1
direction+inflection+bound:spline:5,add:regime_postchange,0,0,1,1
direction+inflection+bound:spline:5,reverse:direction_decreasing->direction_increasing,0,0,1,1
direction+inflection+bound:spline:5,reverse:inflection_concave_to_convex->inflection_convex_to_concave,0,0,1,1
direction+inflection+bound:spline:6,omit:direction_decreasing,1,1,1,1
direction+inflection+bound:spline:6,omit:inflection_concave_to_convex,1,1,1,1
direction+inflection+bound:spline:6,omit:lower_bound_0,1,1,1,1
direction+inflection+bound:spline:6,add:regime_postchange,0,0,1,1
direction+inflection+bound:spline:6,reverse:direction_decreasing->direction_increasing,0,0,1,1
direction+inflection+bound:spline:6,reverse:inflection_concave_to_convex->inflection_convex_to_concave,0,0,1,1
direction+inflection+bound:spline:7,omit:direction_decreasing,1,1,1,1
direction+inflection+bound:spline:7,omit:inflection_concave_to_convex,1,1,1,1
direction+inflection+bound:spline:7,omit:lower_bound_0,1,1,1,1
direction+inflection+bound:spline:7,add:regime_postchange,0,0,1,1
direction+inflection+bound:spline:7,reverse:direction_decreasing->direction_increasing,0,0,1,1
direction+inflection+bound:spline:7,reverse:inflection_concave_to_convex->inflection_convex_to_concave,0,0,1,1
direction+inflection+bound:spline:8,omit:direction_decreasing,1,1,1,1
direction+inflection+bound:spline:8,omit:inflection_concave_to_convex,1,1,1,1
direction+inflection+bound:spline:8,omit:lower_bound_0,1,1,1,1
direction+inflection+bound:spline:8,add:regime_postchange,0,0,1,1
direction+inflection+bound:spline:8,reverse:direction_decreasing->direction_increasing,0,0,1,1
direction+inflection+bound:spline:8,reverse:inflection_concave_to_convex->inflection_convex_to_concave,0,0,1,1
direction+inflection+bound:spline:9,omit:direction_decreasing,1,1,1,1
direction+inflection+bound:spline:9,omit:inflection_concave_to_convex,1,1,1,1
direction+inflection+bound:spline:9,omit:lower_bound_0,1,1,1,1
direction+inflection+bound:spline:9,add:regime_postchange,0,0,1,1
direction+inflection+bound:spline:9,reverse:direction_decreasing->direction_increasing,0,0,1,1
direction+inflection+bound:spline:9,reverse:inflection_concave_to_convex->inflection_convex_to_concave,0,0,1,1
direction+inflection+bound:spline:10,omit:direction_decreasing,1,1,1,1
direction+inflection+bound:spline:10,omit:inflection_concave_to_convex,1,1,1,1
direction+inflection+bound:spline:10,omit:lower_bound_0,1,1,1,1
direction+inflection+bound:spline:10,add:regime_postchange,0,0,1,1
direction+inflection+bound:spline:10,reverse:direction_decreasing->direction_increasing,0,0,1,1
direction+inflection+bound:spline:10,reverse:inflection_concave_to_convex->inflection_convex_to_concave,0,0,1,1
direction+inflection+bound:spline:11,omit:direction_decreasing,1,1,1,1
direction+inflection+bound:spline:11,omit:inflection_concave_to_convex,1,1,1,1
direction+inflection+bound:spline:11,omit:lower_bound_0,1,1,1,1
direction+inflection+bound:spline:11,add:regime_postchange,0,0,1,1
direction+inflection+bound:spline:11,reverse:direction_decreasing->direction_increasing,0,0,1,1
direction+inflection+bound:spline:11,reverse:inflection_concave_to_convex->inflection_convex_to_concave,0,0,1,1
direction+inflection+bound:spline:12,omit:direction_decreasing,1,1,1,1
direction+inflection+bound:spline:12,omit:inflection_concave_to_convex,1,1,1,1
direction+inflection+bound:spline:12,omit:lower_bound_0,1,1,1,1
direction+inflection+bound:spline:12,add:regime_postchange,0,0,1,1
direction+inflection+bound:spline:12,reverse:direction_decreasing->direction_increasing,0,0,1,1
direction+inflection+bound:spline:12,reverse:inflection_concave_to_convex->inflection_convex_to_concave,0,0,1,1
direction+inflection+bound:spline:13,omit:direction_decreasing,1,1,1,1
direction+inflection+bound:spline:13,omit:inflection_concave_to_convex,1,1,1,1
direction+inflection+bound:spline:13,omit:lower_bound_0,1,1,1,1
direction+inflection+bound:spline:13,add:regime_postchange,0,0,1,1
direction+inflection+bound:spline:13,reverse:direction_decreasing->direction_increasing,0,0,1,1
direction+inflection+bound:spline:13,reverse:inflection_concave_to_convex->inflection_convex_to_concave,0,0,1,1
direction+inflection+bound:spline:14,omit:direction_decreasing,1,1,1,1
direction+inflection+bound:spline:14,omit:inflection_concave_to_convex,1,1,1,1
direction+inflection+bound:spline:14,omit:lower_bound_0,1,1,1,1
direction+inflection+bound:spline:14,add:regime_postchange,0,0,1,1
direction+inflection+bound:spline:14,reverse:direction_decreasing->direction_increasing,0,0,1,1
direction+inflection+bound:spline:14,reverse:inflection_concave_to_convex->inflection_convex_to_concave,0,0,1,1
direction+inflection+bound:spline:15,omit:direction_decreasing,1,1,1,1
direction+inflection+bound:spline:15,omit:inflection_concave_to_convex,1,1,1,1
direction+inflection+bound:spline:15,omit:lower_bound_0,1,1,1,1
direction+inflection+bound:spline:15,add:regime_postchange,0,0,1,1
direction+inflection+bound:spline:15,reverse:direction_decreasing->direction_increasing,0,0,1,1
direction+inflection+bound:spline:15,reverse:inflection_concave_to_convex->inflection_convex_to_concave,0,0,1,1
direction+inflection+bound:spline:16,omit:direction_decreasing,1,1,1,1
direction+inflection+bound:spline:16,omit:inflection_concave_to_convex,1,1,1,1
direction+inflection+bound:spline:16,omit:lower_bound_0,1,1,1,1
direction+inflection+bound:spline:16,add:regime_postchange,0,0,1,1
direction+inflection+bound:spline:16,reverse:direction_decreasing->direction_increasing,0,0,1,1
direction+inflection+bound:spline:16,reverse:inflection_concave_to_convex->inflection_convex_to_concave,0,0,1,1
direction+inflection+bound:spline:17,omit:direction_decreasing,1,1,1,1
direction+inflection+bound:spline:17,omit:inflection_concave_to_convex,1,1,1,1
direction+inflection+bound:spline:17,omit:lower_bound_0,1,1,1,1
direction+inflection+bound:spline:17,add:regime_postchange,0,0,1,1
direction+inflection+bound:spline:17,reverse:direction_decreasing->direction_increasing,0,0,1,1
direction+inflection+bound:spline:17,reverse:inflection_concave_to_convex->inflection_convex_to_concave,0,0,1,1
direction+inflection+bound:spline:18,omit:direction_decreasing,1,1,1,1
direction+inflection+bound:spline:18,omit:inflection_concave_to_convex,1,1,1,1
direction+inflection+bound:spline:18,omit:lower_bound_0,1,1,1,1
direction+inflection+bound:spline:18,add:regime_postchange,0,0,1,1
direction+inflection+bound:spline:18,reverse:direction_decreasing->direction_increasing,0,0,1,1
direction+inflection+bound:spline:18,reverse:inflection_concave_to_convex->inflection_convex_to_concave,0,0,1,1
direction+inflection+bound:spline:19,omit:direction_decreasing,1,1,1,1
direction+inflection+bound:spline:19,omit:inflection_concave_to_convex,1,1,1,1
direction+inflection+bound:spline:19,omit:lower_bound_0,1,1,1,1
direction+inflection+bound:spline:19,add:regime_postchange,0,0,1,1
direction+inflection+bound:spline:19,reverse:direction_decreasing->direction_increasing,0,0,1,1
direction+inflection+bound:spline:19,reverse:inflection_concave_to_convex->inflection_convex_to_concave,0,0,1,1
direction+inflection+bound:spline:20,omit:direction_decreasing,1,1,1,1
direction+inflection+bound:spline:20,omit:inflection_concave_to_convex,1,1,1,1
direction+inflection+bound:spline:20,omit:lower_bound_0,1,1,1,1
direction+inflection+bound:spline:20,add:regime_postchange,0,0,1,1
direction+inflection+bound:spline:20,reverse:direction_decreasing->direction_increasing,0,0,1,1
direction+inflection+bound:spline:20,reverse:inflection_concave_to_convex->inflection_convex_to_concave,0,0,1,1
direction+inflection+bound:spline:21,omit:direction_decreasing,1,1,1,1
direction+inflection+bound:spline:21,omit:inflection_concave_to_convex,1,1,1,1
direction+inflection+bound:spline:21,omit:lower_bound_0,1,1,1,1
direction+inflection+bound:spline:21,add:regime_postchange,0,0,1,1
direction+inflection+bound:spline:21,reverse:direction_decreasing->direction_increasing,0,0,1,1
direction+inflection+bound:spline:21,reverse:inflection_concave_to_convex->inflection_convex_to_concave,0,0,1,1
direction+inflection+bound:spline:22,omit:direction_decreasing,1,1,1,1
direction+inflection+bound:spline:22,omit:inflection_concave_to_convex,1,1,1,1
direction+inflection+bound:spline:22,omit:lower_bound_0,1,1,1,1
direction+inflection+bound:spline:22,add:regime_postchange,0,0,1,1
direction+inflection+bound:spline:22,reverse:direction_decreasing->direction_increasing,0,0,1,1
direction+inflection+bound:spline:22,reverse:inflection_concave_to_convex->inflection_convex_to_concave,0,0,1,1
direction+inflection+bound:spline:23,omit:direction_decreasing,1,1,1,1
direction+inflection+bound:spline:23,omit:inflection_concave_to_convex,1,1,1,1
direction+inflection+bound:spline:23,omit:lower_bound_0,1,1,1,1
direction+inflection+bound:spline:23,add:regime_postchange,0,0,1,1
direction+inflection+bound:spline:23,reverse:direction_decreasing->direction_increasing,0,0,1,1
direction+inflection+bound:spline:23,reverse:inflection_concave_to_convex->inflection_convex_to_concave,0,0,1,1
direction+inflection+bound:spline:24,omit:direction_decreasing,1,1,1,1
direction+inflection+bound:spline:24,omit:inflection_concave_to_convex,1,1,1,1
direction+inflection+bound:spline:24,omit:lower_bound_0,1,1,1,1
direction+inflection+bound:spline:24,add:regime_postchange,0,0,1,1
direction+inflection+bound:spline:24,reverse:direction_decreasing->direction_increasing,0,0,1,1
direction+inflection+bound:spline:24,reverse:inflection_concave_to_convex->inflection_convex_to_concave,0,0,1,1
direction+inflection+bound:spline:25,omit:direction_decreasing,1,1,1,1
direction+inflection+bound:spline:25,omit:inflection_concave_to_convex,1,1,1,1
direction+inflection+bound:spline:25,omit:lower_bound_0,1,1,1,1
direction+inflection+bound:spline:25,add:regime_postchange,0,0,1,1
direction+inflection+bound:spline:25,reverse:direction_decreasing->direction_increasing,0,0,1,1
direction+inflection+bound:spline:25,reverse:inflection_concave_to_convex->inflection_convex_to_concave,0,0,1,1
direction+inflection+bound:spline:26,omit:direction_decreasing,1,1,1,1
direction+inflection+bound:spline:26,omit:inflection_concave_to_convex,1,1,1,1
direction+inflection+bound:spline:26,omit:lower_bound_0,1,1,1,1
direction+inflection+bound:spline:26,add:regime_postchange,0,0,1,1
direction+inflection+bound:spline:26,reverse:direction_decreasing->direction_increasing,0,0,1,1
direction+inflection+bound:spline:26,reverse:inflection_concave_to_convex->inflection_convex_to_concave,0,0,1,1
direction+inflection+bound:spline:27,omit:direction_decreasing,1,1,1,1
direction+inflection+bound:spline:27,omit:inflection_concave_to_convex,1,1,1,1
direction+inflection+bound:spline:27,omit:lower_bound_0,1,1,1,1
direction+inflection+bound:spline:27,add:regime_postchange,0,0,1,1
direction+inflection+bound:spline:27,reverse:direction_decreasing->direction_increasing,0,0,1,1
direction+inflection+bound:spline:27,reverse:inflection_concave_to_convex->inflection_convex_to_concave,0,0,1,1
direction+inflection+bound:spline:28,omit:direction_decreasing,1,1,1,1
direction+inflection+bound:spline:28,omit:inflection_concave_to_convex,1,1,1,1
direction+inflection+bound:spline:28,omit:lower_bound_0,1,1,1,1
direction+inflection+bound:spline:28,add:regime_postchange,0,0,1,1
direction+inflection+bound:spline:28,reverse:direction_decreasing->direction_increasing,0,0,1,1
direction+inflection+bound:spline:28,reverse:inflection_concave_to_convex->inflection_convex_to_concave,0,0,1,1
direction+inflection+bound:spline:29,omit:direction_decreasing,1,1,1,1
direction+inflection+bound:spline:29,omit:inflection_concave_to_convex,1,1,1,1
direction+inflection+bound:spline:29,omit:lower_bound_0,1,1,1,1
direction+inflection+bound:spline:29,add:regime_postchange,0,0,1,1
direction+inflection+bound:spline:29,reverse:direction_decreasing->direction_increasing,0,0,1,1
direction+inflection+bound:spline:29,reverse:inflection_concave_to_convex->inflection_convex_to_concave,0,0,1,1
direction+inflection+bound:basis:0,omit:direction_decreasing,1,1,1,1
direction+inflection+bound:basis:0,omit:inflection_concave_to_convex,1,1,1,1
direction+inflection+bound:basis:0,omit:lower_bound_0,1,1,1,1
direction+inflection+bound:basis:0,add:regime_postchange,0,0,1,1
direction+inflection+bound:basis:0,reverse:direction_decreasing->direction_increasing,0,0,1,1
direction+inflection+bound:basis:0,reverse:inflection_concave_to_convex->inflection_convex_to_concave,0,0,1,1
direction+inflection+bound:basis:1,omit:direction_decreasing,1,1,1,1
direction+inflection+bound:basis:1,omit:inflection_concave_to_convex,1,1,1,1
direction+inflection+bound:basis:1,omit:lower_bound_0,1,1,1,1
direction+inflection+bound:basis:1,add:regime_postchange,0,0,1,1
direction+inflection+bound:basis:1,reverse:direction_decreasing->direction_increasing,0,0,1,1
direction+inflection+bound:basis:1,reverse:inflection_concave_to_convex->inflection_convex_to_concave,0,0,1,1
direction+inflection+bound:basis:2,omit:direction_decreasing,1,1,1,1
direction+inflection+bound:basis:2,omit:inflection_concave_to_convex,1,1,1,1
direction+inflection+bound:basis:2,omit:lower_bound_0,1,1,1,1
direction+inflection+bound:basis:2,add:regime_postchange,0,0,1,1
direction+inflection+bound:basis:2,reverse:direction_decreasing->direction_increasing,0,0,1,1
direction+inflection+bound:basis:2,reverse:inflection_concave_to_convex->inflection_convex_to_concave,0,0,1,1
direction+inflection+bound:basis:3,omit:direction_decreasing,1,1,1,1
direction+inflection+bound:basis:3,omit:inflection_concave_to_convex,1,1,1,1
direction+inflection+bound:basis:3,omit:lower_bound_0,1,1,1,1
direction+inflection+bound:basis:3,add:regime_postchange,0,0,1,1
direction+inflection+bound:basis:3,reverse:direction_decreasing->direction_increasing,0,0,1,1
direction+inflection+bound:basis:3,reverse:inflection_concave_to_convex->inflection_convex_to_concave,0,0,1,1
direction+inflection+bound:basis:4,omit:direction_decreasing,1,1,1,1
direction+inflection+bound:basis:4,omit:inflection_concave_to_convex,1,1,1,1
direction+inflection+bound:basis:4,omit:lower_bound_0,1,1,1,1
direction+inflection+bound:basis:4,add:regime_postchange,0,0,1,1
direction+inflection+bound:basis:4,reverse:direction_decreasing->direction_increasing,0,0,1,1
direction+inflection+bound:basis:4,reverse:inflection_concave_to_convex->inflection_convex_to_concave,0,0,1,1
direction+inflection+bound:basis:5,omit:direction_decreasing,1,1,1,1
direction+inflection+bound:basis:5,omit:inflection_concave_to_convex,1,1,1,1
direction+inflection+bound:basis:5,omit:lower_bound_0,1,1,1,1
direction+inflection+bound:basis:5,add:regime_postchange,0,0,1,1
direction+inflection+bound:basis:5,reverse:direction_decreasing->direction_increasing,0,0,1,1
direction+inflection+bound:basis:5,reverse:inflection_concave_to_convex->inflection_convex_to_concave,0,0,1,1
direction+inflection+bound:basis:6,omit:direction_decreasing,1,1,1,1
direction+inflection+bound:basis:6,omit:inflection_concave_to_convex,1,1,1,1
direction+inflection+bound:basis:6,omit:lower_bound_0,1,1,1,1
direction+inflection+bound:basis:6,add:regime_postchange,0,0,1,1
direction+inflection+bound:basis:6,reverse:direction_decreasing->direction_increasing,0,0,1,1
direction+inflection+bound:basis:6,reverse:inflection_concave_to_convex->inflection_convex_to_concave,0,0,1,1
direction+inflection+bound:basis:7,omit:direction_decreasing,1,1,1,1
direction+inflection+bound:basis:7,omit:inflection_concave_to_convex,1,1,1,1
direction+inflection+bound:basis:7,omit:lower_bound_0,1,1,1,1
direction+inflection+bound:basis:7,add:regime_postchange,0,0,1,1
direction+inflection+bound:basis:7,reverse:direction_decreasing->direction_increasing,0,0,1,1
direction+inflection+bound:basis:7,reverse:inflection_concave_to_convex->inflection_convex_to_concave,0,0,1,1
direction+inflection+bound:basis:8,omit:direction_decreasing,1,1,1,1
direction+inflection+bound:basis:8,omit:inflection_concave_to_convex,1,1,1,1
direction+inflection+bound:basis:8,omit:lower_bound_0,1,1,1,1
direction+inflection+bound:basis:8,add:regime_postchange,0,0,1,1
direction+inflection+bound:basis:8,reverse:direction_decreasing->direction_increasing,0,0,1,1
direction+inflection+bound:basis:8,reverse:inflection_concave_to_convex->inflection_convex_to_concave,0,0,1,1
direction+inflection+bound:basis:9,omit:direction_decreasing,1,1,1,1
direction+inflection+bound:basis:9,omit:inflection_concave_to_convex,1,1,1,1
direction+inflection+bound:basis:9,omit:lower_bound_0,1,1,1,1
direction+inflection+bound:basis:9,add:regime_postchange,0,0,1,1
direction+inflection+bound:basis:9,reverse:direction_decreasing->direction_increasing,0,0,1,1
direction+inflection+bound:basis:9,reverse:inflection_concave_to_convex->inflection_convex_to_concave,0,0,1,1
direction+inflection+bound:basis:10,omit:direction_decreasing,1,1,1,1
direction+inflection+bound:basis:10,omit:inflection_concave_to_convex,1,1,1,1
direction+inflection+bound:basis:10,omit:lower_bound_0,1,1,1,1
direction+inflection+bound:basis:10,add:regime_postchange,0,0,1,1
direction+inflection+bound:basis:10,reverse:direction_decreasing->direction_increasing,0,0,1,1
direction+inflection+bound:basis:10,reverse:inflection_concave_to_convex->inflection_convex_to_concave,0,0,1,1
direction+inflection+bound:basis:11,omit:direction_decreasing,1,1,1,1
direction+inflection+bound:basis:11,omit:inflection_concave_to_convex,1,1,1,1
direction+inflection+bound:basis:11,omit:lower_bound_0,1,1,1,1
direction+inflection+bound:basis:11,add:regime_postchange,0,0,1,1
direction+inflection+bound:basis:11,reverse:direction_decreasing->direction_increasing,0,0,1,1
direction+inflection+bound:basis:11,reverse:inflection_concave_to_convex->inflection_convex_to_concave,0,0,1,1
direction+inflection+bound:basis:12,omit:direction_decreasing,1,1,1,1
direction+inflection+bound:basis:12,omit:inflection_concave_to_convex,1,1,1,1
direction+inflection+bound:basis:12,omit:lower_bound_0,1,1,1,1
direction+inflection+bound:basis:12,add:regime_postchange,0,0,1,1
direction+inflection+bound:basis:12,reverse:direction_decreasing->direction_increasing,0,0,1,1
direction+inflection+bound:basis:12,reverse:inflection_concave_to_convex->inflection_convex_to_concave,0,0,1,1
direction+inflection+bound:basis:13,omit:direction_decreasing,1,1,1,1
direction+inflection+bound:basis:13,omit:inflection_concave_to_convex,1,1,1,1
direction+inflection+bound:basis:13,omit:lower_bound_0,1,1,1,1
direction+inflection+bound:basis:13,add:regime_postchange,0,0,1,1
direction+inflection+bound:basis:13,reverse:direction_decreasing->direction_increasing,0,0,1,1
direction+inflection+bound:basis:13,reverse:inflection_concave_to_convex->inflection_convex_to_concave,0,0,1,1
direction+inflection+bound:basis:14,omit:direction_decreasing,1,1,1,1
direction+inflection+bound:basis:14,omit:inflection_concave_to_convex,1,1,1,1
direction+inflection+bound:basis:14,omit:lower_bound_0,1,1,1,1
direction+inflection+bound:basis:14,add:regime_postchange,0,0,1,1
direction+inflection+bound:basis:14,reverse:direction_decreasing->direction_increasing,0,0,1,1
direction+inflection+bound:basis:14,reverse:inflection_concave_to_convex->inflection_convex_to_concave,0,0,1,1
direction+inflection+bound:basis:15,omit:direction_decreasing,1,1,1,1
direction+inflection+bound:basis:15,omit:inflection_concave_to_convex,1,1,1,1
direction+inflection+bound:basis:15,omit:lower_bound_0,1,1,1,1
direction+inflection+bound:basis:15,add:regime_postchange,0,0,1,1
direction+inflection+bound:basis:15,reverse:direction_decreasing->direction_increasing,0,0,1,1
direction+inflection+bound:basis:15,reverse:inflection_concave_to_convex->inflection_convex_to_concave,0,0,1,1
direction+inflection+bound:basis:16,omit:direction_decreasing,1,1,1,1
direction+inflection+bound:basis:16,omit:inflection_concave_to_convex,1,1,1,1
direction+inflection+bound:basis:16,omit:lower_bound_0,1,1,1,1
direction+inflection+bound:basis:16,add:regime_postchange,0,0,1,1
direction+inflection+bound:basis:16,reverse:direction_decreasing->direction_increasing,0,0,1,1
direction+inflection+bound:basis:16,reverse:inflection_concave_to_convex->inflection_convex_to_concave,0,0,1,1
direction+inflection+bound:basis:17,omit:direction_decreasing,1,1,1,1
direction+inflection+bound:basis:17,omit:inflection_concave_to_convex,1,1,1,1
direction+inflection+bound:basis:17,omit:lower_bound_0,1,1,1,1
direction+inflection+bound:basis:17,add:regime_postchange,0,0,1,1
direction+inflection+bound:basis:17,reverse:direction_decreasing->direction_increasing,0,0,1,1
direction+inflection+bound:basis:17,reverse:inflection_concave_to_convex->inflection_convex_to_concave,0,0,1,1
direction+inflection+bound:basis:18,omit:direction_decreasing,1,1,1,1
direction+inflection+bound:basis:18,omit:inflection_concave_to_convex,1,1,1,1
direction+inflection+bound:basis:18,omit:lower_bound_0,1,1,1,1
direction+inflection+bound:basis:18,add:regime_postchange,0,0,1,1
direction+inflection+bound:basis:18,reverse:direction_decreasing->direction_increasing,0,0,1,1
direction+inflection+bound:basis:18,reverse:inflection_concave_to_convex->inflection_convex_to_concave,0,0,1,1
direction+inflection+bound:basis:19,omit:direction_decreasing,1,1,1,1
direction+inflection+bound:basis:19,omit:inflection_concave_to_convex,1,1,1,1
direction+inflection+bound:basis:19,omit:lower_bound_0,1,1,1,1
direction+inflection+bound:basis:19,add:regime_postchange,0,0,1,1
direction+inflection+bound:basis:19,reverse:direction_decreasing->direction_increasing,0,0,1,1
direction+inflection+bound:basis:19,reverse:inflection_concave_to_convex->inflection_convex_to_concave,0,0,1,1
direction+inflection+bound:basis:20,omit:direction_decreasing,1,1,1,1
direction+inflection+bound:basis:20,omit:inflection_concave_to_convex,1,1,1,1
direction+inflection+bound:basis:20,omit:lower_bound_0,1,1,1,1
direction+inflection+bound:basis:20,add:regime_postchange,0,0,1,1
direction+inflection+bound:basis:20,reverse:direction_decreasing->direction_increasing,0,0,1,1
direction+inflection+bound:basis:20,reverse:inflection_concave_to_convex->inflection_convex_to_concave,0,0,1,1
direction+inflection+bound:basis:21,omit:direction_decreasing,1,1,1,1
direction+inflection+bound:basis:21,omit:inflection_concave_to_convex,1,1,1,1
direction+inflection+bound:basis:21,omit:lower_bound_0,1,1,1,1
direction+inflection+bound:basis:21,add:regime_postchange,0,0,1,1
direction+inflection+bound:basis:21,reverse:direction_decreasing->direction_increasing,0,0,1,1
direction+inflection+bound:basis:21,reverse:inflection_concave_to_convex->inflection_convex_to_concave,0,0,1,1
direction+inflection+bound:basis:22,omit:direction_decreasing,1,1,1,1
direction+inflection+bound:basis:22,omit:inflection_concave_to_convex,1,1,1,1
direction+inflection+bound:basis:22,omit:lower_bound_0,1,1,1,1
direction+inflection+bound:basis:22,add:regime_postchange,0,0,1,1
direction+inflection+bound:basis:22,reverse:direction_decreasing->direction_increasing,0,0,1,1
direction+inflection+bound:basis:22,reverse:inflection_concave_to_convex->inflection_convex_to_concave,0,0,1,1
direction+inflection+bound:basis:23,omit:direction_decreasing,1,1,1,1
direction+inflection+bound:basis:23,omit:inflection_concave_to_convex,1,1,1,1
direction+inflection+bound:basis:23,omit:lower_bound_0,1,1,1,1
direction+inflection+bound:basis:23,add:regime_postchange,0,0,1,1
direction+inflection+bound:basis:23,reverse:direction_decreasing->direction_increasing,0,0,1,1
direction+inflection+bound:basis:23,reverse:inflection_concave_to_convex->inflection_convex_to_concave,0,0,1,1
direction+inflection+bound:basis:24,omit:direction_decreasing,1,1,1,1
direction+inflection+bound:basis:24,omit:inflection_concave_to_convex,1,1,1,1
direction+inflection+bound:basis:24,omit:lower_bound_0,1,1,1,1
direction+inflection+bound:basis:24,add:regime_postchange,0,0,1,1
direction+inflection+bound:basis:24,reverse:direction_decreasing->direction_increasing,0,0,1,1
direction+inflection+bound:basis:24,reverse:inflection_concave_to_convex->inflection_convex_to_concave,0,0,1,1
direction+inflection+bound:basis:25,omit:direction_decreasing,1,1,1,1
direction+inflection+bound:basis:25,omit:inflection_concave_to_convex,1,1,1,1
direction+inflection+bound:basis:25,omit:lower_bound_0,1,1,1,1
direction+inflection+bound:basis:25,add:regime_postchange,0,0,1,1
direction+inflection+bound:basis:25,reverse:direction_decreasing->direction_increasing,0,0,1,1
direction+inflection+bound:basis:25,reverse:inflection_concave_to_convex->inflection_convex_to_concave,0,0,1,1
direction+inflection+bound:basis:26,omit:direction_decreasing,1,1,1,1
direction+inflection+bound:basis:26,omit:inflection_concave_to_convex,1,1,1,1
direction+inflection+bound:basis:26,omit:lower_bound_0,1,1,1,1
direction+inflection+bound:basis:26,add:regime_postchange,0,0,1,1
direction+inflection+bound:basis:26,reverse:direction_decreasing->direction_increasing,0,0,1,1
direction+inflection+bound:basis:26,reverse:inflection_concave_to_convex->inflection_convex_to_concave,0,0,1,1
direction+inflection+bound:basis:27,omit:direction_decreasing,1,1,1,1
direction+inflection+bound:basis:27,omit:inflection_concave_to_convex,1,1,1,1
direction+inflection+bound:basis:27,omit:lower_bound_0,1,1,1,1
direction+inflection+bound:basis:27,add:regime_postchange,0,0,1,1
direction+inflection+bound:basis:27,reverse:direction_decreasing->direction_increasing,0,0,1,1
direction+inflection+bound:basis:27,reverse:inflection_concave_to_convex->inflection_convex_to_concave,0,0,1,1
direction+inflection+bound:basis:28,omit:direction_decreasing,1,1,1,1
direction+inflection+bound:basis:28,omit:inflection_concave_to_convex,1,1,1,1
direction+inflection+bound:basis:28,omit:lower_bound_0,1,1,1,1
direction+inflection+bound:basis:28,add:regime_postchange,0,0,1,1
direction+inflection+bound:basis:28,reverse:direction_decreasing->direction_increasing,0,0,1,1
direction+inflection+bound:basis:28,reverse:inflection_concave_to_convex->inflection_convex_to_concave,0,0,1,1
direction+inflection+bound:basis:29,omit:direction_decreasing,1,1,1,1
direction+inflection+bound:basis:29,omit:inflection_concave_to_convex,1,1,1,1
direction+inflection+bound:basis:29,omit:lower_bound_0,1,1,1,1
direction+inflection+bound:basis:29,add:regime_postchange,0,0,1,1
direction+inflection+bound:basis:29,reverse:direction_decreasing->direction_increasing,0,0,1,1
direction+inflection+bound:basis:29,reverse:inflection_concave_to_convex->inflection_convex_to_concave,0,0,1,1
direction+inflection+bound:ode:0,omit:direction_decreasing,1,1,1,1
direction+inflection+bound:ode:0,omit:inflection_concave_to_convex,1,1,1,1
direction+inflection+bound:ode:0,omit:lower_bound_0,1,1,1,1
direction+inflection+bound:ode:0,add:regime_postchange,0,0,1,1
direction+inflection+bound:ode:0,reverse:direction_decreasing->direction_increasing,0,0,1,1
direction+inflection+bound:ode:0,reverse:inflection_concave_to_convex->inflection_convex_to_concave,0,0,1,1
direction+inflection+bound:ode:1,omit:direction_decreasing,1,1,1,1
direction+inflection+bound:ode:1,omit:inflection_concave_to_convex,1,1,1,1
direction+inflection+bound:ode:1,omit:lower_bound_0,1,1,1,1
direction+inflection+bound:ode:1,add:regime_postchange,0,0,1,1
direction+inflection+bound:ode:1,reverse:direction_decreasing->direction_increasing,0,0,1,1
direction+inflection+bound:ode:1,reverse:inflection_concave_to_convex->inflection_convex_to_concave,0,0,1,1
direction+inflection+bound:ode:2,omit:direction_decreasing,1,1,1,1
direction+inflection+bound:ode:2,omit:inflection_concave_to_convex,1,1,1,1
direction+inflection+bound:ode:2,omit:lower_bound_0,1,1,1,1
direction+inflection+bound:ode:2,add:regime_postchange,0,0,1,1
direction+inflection+bound:ode:2,reverse:direction_decreasing->direction_increasing,0,0,1,1
direction+inflection+bound:ode:2,reverse:inflection_concave_to_convex->inflection_convex_to_concave,0,0,1,1
direction+inflection+bound:ode:3,omit:direction_decreasing,1,1,1,1
direction+inflection+bound:ode:3,omit:inflection_concave_to_convex,1,1,1,1
direction+inflection+bound:ode:3,omit:lower_bound_0,1,1,1,1
direction+inflection+bound:ode:3,add:regime_postchange,0,0,1,1
direction+inflection+bound:ode:3,reverse:direction_decreasing->direction_increasing,0,0,1,1
direction+inflection+bound:ode:3,reverse:inflection_concave_to_convex->inflection_convex_to_concave,0,0,1,1
direction+inflection+bound:ode:4,omit:direction_decreasing,1,1,1,1
direction+inflection+bound:ode:4,omit:inflection_concave_to_convex,1,1,1,1
direction+inflection+bound:ode:4,omit:lower_bound_0,1,1,1,1
direction+inflection+bound:ode:4,add:regime_postchange,0,0,1,1
direction+inflection+bound:ode:4,reverse:direction_decreasing->direction_increasing,0,0,1,1
direction+inflection+bound:ode:4,reverse:inflection_concave_to_convex->inflection_convex_to_concave,0,0,1,1
direction+inflection+bound:ode:5,omit:direction_decreasing,1,1,1,1
direction+inflection+bound:ode:5,omit:inflection_concave_to_convex,1,1,1,1
direction+inflection+bound:ode:5,omit:lower_bound_0,1,1,1,1
direction+inflection+bound:ode:5,add:regime_postchange,0,0,1,1
direction+inflection+bound:ode:5,reverse:direction_decreasing->direction_increasing,0,0,1,1
direction+inflection+bound:ode:5,reverse:inflection_concave_to_convex->inflection_convex_to_concave,0,0,1,1
direction+inflection+bound:ode:6,omit:direction_decreasing,1,1,1,1
direction+inflection+bound:ode:6,omit:inflection_concave_to_convex,1,1,1,1
direction+inflection+bound:ode:6,omit:lower_bound_0,1,1,1,1
direction+inflection+bound:ode:6,add:regime_postchange,0,0,1,1
direction+inflection+bound:ode:6,reverse:direction_decreasing->direction_increasing,0,0,1,1
direction+inflection+bound:ode:6,reverse:inflection_concave_to_convex->inflection_convex_to_concave,0,0,1,1
direction+inflection+bound:ode:7,omit:direction_decreasing,1,1,1,1
direction+inflection+bound:ode:7,omit:inflection_concave_to_convex,1,1,1,1
direction+inflection+bound:ode:7,omit:lower_bound_0,1,1,1,1
direction+inflection+bound:ode:7,add:regime_postchange,0,0,1,1
direction+inflection+bound:ode:7,reverse:direction_decreasing->direction_increasing,0,0,1,1
direction+inflection+bound:ode:7,reverse:inflection_concave_to_convex->inflection_convex_to_concave,0,0,1,1
direction+inflection+bound:ode:8,omit:direction_decreasing,1,1,1,1
direction+inflection+bound:ode:8,omit:inflection_concave_to_convex,1,1,1,1
direction+inflection+bound:ode:8,omit:lower_bound_0,1,1,1,1
direction+inflection+bound:ode:8,add:regime_postchange,0,0,1,1
direction+inflection+bound:ode:8,reverse:direction_decreasing->direction_increasing,0,0,1,1
direction+inflection+bound:ode:8,reverse:inflection_concave_to_convex->inflection_convex_to_concave,0,0,1,1
direction+inflection+bound:ode:9,omit:direction_decreasing,1,1,1,1
direction+inflection+bound:ode:9,omit:inflection_concave_to_convex,1,1,1,1
direction+inflection+bound:ode:9,omit:lower_bound_0,1,1,1,1
direction+inflection+bound:ode:9,add:regime_postchange,0,0,1,1
direction+inflection+bound:ode:9,reverse:direction_decreasing->direction_increasing,0,0,1,1
direction+inflection+bound:ode:9,reverse:inflection_concave_to_convex->inflection_convex_to_concave,0,0,1,1
direction+inflection+bound:ode:10,omit:direction_decreasing,1,1,1,1
direction+inflection+bound:ode:10,omit:inflection_concave_to_convex,1,1,1,1
direction+inflection+bound:ode:10,omit:lower_bound_0,1,1,1,1
direction+inflection+bound:ode:10,add:regime_postchange,0,0,1,1
direction+inflection+bound:ode:10,reverse:direction_decreasing->direction_increasing,0,0,1,1
direction+inflection+bound:ode:10,reverse:inflection_concave_to_convex->inflection_convex_to_concave,0,0,1,1
direction+inflection+bound:ode:11,omit:direction_decreasing,1,1,1,1
direction+inflection+bound:ode:11,omit:inflection_concave_to_convex,1,1,1,1
direction+inflection+bound:ode:11,omit:lower_bound_0,1,1,1,1
direction+inflection+bound:ode:11,add:regime_postchange,0,0,1,1
direction+inflection+bound:ode:11,reverse:direction_decreasing->direction_increasing,0,0,1,1
direction+inflection+bound:ode:11,reverse:inflection_concave_to_convex->inflection_convex_to_concave,0,0,1,1
direction+inflection+bound:ode:12,omit:direction_decreasing,1,1,1,1
direction+inflection+bound:ode:12,omit:inflection_concave_to_convex,1,1,1,1
direction+inflection+bound:ode:12,omit:lower_bound_0,1,1,1,1
direction+inflection+bound:ode:12,add:regime_postchange,0,0,1,1
direction+inflection+bound:ode:12,reverse:direction_decreasing->direction_increasing,0,0,1,1
direction+inflection+bound:ode:12,reverse:inflection_concave_to_convex->inflection_convex_to_concave,0,0,1,1
direction+inflection+bound:ode:13,omit:direction_decreasing,1,1,1,1
direction+inflection+bound:ode:13,omit:inflection_concave_to_convex,1,1,1,1
direction+inflection+bound:ode:13,omit:lower_bound_0,1,1,1,1
direction+inflection+bound:ode:13,add:regime_postchange,0,0,1,1
direction+inflection+bound:ode:13,reverse:direction_decreasing->direction_increasing,0,0,1,1
direction+inflection+bound:ode:13,reverse:inflection_concave_to_convex->inflection_convex_to_concave,0,0,1,1
direction+inflection+bound:ode:14,omit:direction_decreasing,1,1,1,1
direction+inflection+bound:ode:14,omit:inflection_concave_to_convex,1,1,1,1
direction+inflection+bound:ode:14,omit:lower_bound_0,1,1,1,1
direction+inflection+bound:ode:14,add:regime_postchange,0,0,1,1
direction+inflection+bound:ode:14,reverse:direction_decreasing->direction_increasing,0,0,1,1
direction+inflection+bound:ode:14,reverse:inflection_concave_to_convex->inflection_convex_to_concave,0,0,1,1
direction+inflection+bound:ode:15,omit:direction_decreasing,1,1,1,1
direction+inflection+bound:ode:15,omit:inflection_concave_to_convex,1,1,1,1
direction+inflection+bound:ode:15,omit:lower_bound_0,1,1,1,1
direction+inflection+bound:ode:15,add:regime_postchange,0,0,1,1
direction+inflection+bound:ode:15,reverse:direction_decreasing->direction_increasing,0,0,1,1
direction+inflection+bound:ode:15,reverse:inflection_concave_to_convex->inflection_convex_to_concave,0,0,1,1
direction+inflection+bound:ode:16,omit:direction_decreasing,1,1,1,1
direction+inflection+bound:ode:16,omit:inflection_concave_to_convex,1,1,1,1
direction+inflection+bound:ode:16,omit:lower_bound_0,1,1,1,1
direction+inflection+bound:ode:16,add:regime_postchange,0,0,1,1
direction+inflection+bound:ode:16,reverse:direction_decreasing->direction_increasing,0,0,1,1
direction+inflection+bound:ode:16,reverse:inflection_concave_to_convex->inflection_convex_to_concave,0,0,1,1
direction+inflection+bound:ode:17,omit:direction_decreasing,1,1,1,1
direction+inflection+bound:ode:17,omit:inflection_concave_to_convex,1,1,1,1
direction+inflection+bound:ode:17,omit:lower_bound_0,1,1,1,1
direction+inflection+bound:ode:17,add:regime_postchange,0,0,1,1
direction+inflection+bound:ode:17,reverse:direction_decreasing->direction_increasing,0,0,1,1
direction+inflection+bound:ode:17,reverse:inflection_concave_to_convex->inflection_convex_to_concave,0,0,1,1
direction+inflection+bound:ode:18,omit:direction_decreasing,1,1,1,1
direction+inflection+bound:ode:18,omit:inflection_concave_to_convex,1,1,1,1
direction+inflection+bound:ode:18,omit:lower_bound_0,1,1,1,1
direction+inflection+bound:ode:18,add:regime_postchange,0,0,1,1
direction+inflection+bound:ode:18,reverse:direction_decreasing->direction_increasing,0,0,1,1
direction+inflection+bound:ode:18,reverse:inflection_concave_to_convex->inflection_convex_to_concave,0,0,1,1
direction+inflection+bound:ode:19,omit:direction_decreasing,1,1,1,1
direction+inflection+bound:ode:19,omit:inflection_concave_to_convex,1,1,1,1
direction+inflection+bound:ode:19,omit:lower_bound_0,1,1,1,1
direction+inflection+bound:ode:19,add:regime_postchange,0,0,1,1
direction+inflection+bound:ode:19,reverse:direction_decreasing->direction_increasing,0,0,1,1
direction+inflection+bound:ode:19,reverse:inflection_concave_to_convex->inflection_convex_to_concave,0,0,1,1
direction+inflection+bound:ode:20,omit:direction_decreasing,1,1,1,1
direction+inflection+bound:ode:20,omit:inflection_concave_to_convex,1,1,1,1
direction+inflection+bound:ode:20,omit:lower_bound_0,1,1,1,1
direction+inflection+bound:ode:20,add:regime_postchange,0,0,1,1
direction+inflection+bound:ode:20,reverse:direction_decreasing->direction_increasing,0,0,1,1
direction+inflection+bound:ode:20,reverse:inflection_concave_to_convex->inflection_convex_to_concave,0,0,1,1
direction+inflection+bound:ode:21,omit:direction_decreasing,1,1,1,1
direction+inflection+bound:ode:21,omit:inflection_concave_to_convex,1,1,1,1
direction+inflection+bound:ode:21,omit:lower_bound_0,1,1,1,1
direction+inflection+bound:ode:21,add:regime_postchange,0,0,1,1
direction+inflection+bound:ode:21,reverse:direction_decreasing->direction_increasing,0,0,1,1
direction+inflection+bound:ode:21,reverse:inflection_concave_to_convex->inflection_convex_to_concave,0,0,1,1
direction+inflection+bound:ode:22,omit:direction_decreasing,1,1,1,1
direction+inflection+bound:ode:22,omit:inflection_concave_to_convex,1,1,1,1
direction+inflection+bound:ode:22,omit:lower_bound_0,1,1,1,1
direction+inflection+bound:ode:22,add:regime_postchange,0,0,1,1
direction+inflection+bound:ode:22,reverse:direction_decreasing->direction_increasing,0,0,1,1
direction+inflection+bound:ode:22,reverse:inflection_concave_to_convex->inflection_convex_to_concave,0,0,1,1
direction+inflection+bound:ode:23,omit:direction_decreasing,1,1,1,1
direction+inflection+bound:ode:23,omit:inflection_concave_to_convex,1,1,1,1
direction+inflection+bound:ode:23,omit:lower_bound_0,1,1,1,1
direction+inflection+bound:ode:23,add:regime_postchange,0,0,1,1
direction+inflection+bound:ode:23,reverse:direction_decreasing->direction_increasing,0,0,1,1
direction+inflection+bound:ode:23,reverse:inflection_concave_to_convex->inflection_convex_to_concave,0,0,1,1
direction+inflection+bound:ode:24,omit:direction_decreasing,1,1,1,1
direction+inflection+bound:ode:24,omit:inflection_concave_to_convex,1,1,1,1
direction+inflection+bound:ode:24,omit:lower_bound_0,1,1,1,1
direction+inflection+bound:ode:24,add:regime_postchange,0,0,1,1
direction+inflection+bound:ode:24,reverse:direction_decreasing->direction_increasing,0,0,1,1
direction+inflection+bound:ode:24,reverse:inflection_concave_to_convex->inflection_convex_to_concave,0,0,1,1
direction+inflection+bound:ode:25,omit:direction_decreasing,1,1,1,1
direction+inflection+bound:ode:25,omit:inflection_concave_to_convex,1,1,1,1
direction+inflection+bound:ode:25,omit:lower_bound_0,1,1,1,1
direction+inflection+bound:ode:25,add:regime_postchange,0,0,1,1
direction+inflection+bound:ode:25,reverse:direction_decreasing->direction_increasing,0,0,1,1
direction+inflection+bound:ode:25,reverse:inflection_concave_to_convex->inflection_convex_to_concave,0,0,1,1
direction+inflection+bound:ode:26,omit:direction_decreasing,1,1,1,1
direction+inflection+bound:ode:26,omit:inflection_concave_to_convex,1,1,1,1
direction+inflection+bound:ode:26,omit:lower_bound_0,1,1,1,1
direction+inflection+bound:ode:26,add:regime_postchange,0,0,1,1
direction+inflection+bound:ode:26,reverse:direction_decreasing->direction_increasing,0,0,1,1
direction+inflection+bound:ode:26,reverse:inflection_concave_to_convex->inflection_convex_to_concave,0,0,1,1
direction+inflection+bound:ode:27,omit:direction_decreasing,1,1,1,1
direction+inflection+bound:ode:27,omit:inflection_concave_to_convex,1,1,1,1
direction+inflection+bound:ode:27,omit:lower_bound_0,1,1,1,1
direction+inflection+bound:ode:27,add:regime_postchange,0,0,1,1
direction+inflection+bound:ode:27,reverse:direction_decreasing->direction_increasing,0,0,1,1
direction+inflection+bound:ode:27,reverse:inflection_concave_to_convex->inflection_convex_to_concave,0,0,1,1
direction+inflection+bound:ode:28,omit:direction_decreasing,1,1,1,1
direction+inflection+bound:ode:28,omit:inflection_concave_to_convex,1,1,1,1
direction+inflection+bound:ode:28,omit:lower_bound_0,1,1,1,1
direction+inflection+bound:ode:28,add:regime_postchange,0,0,1,1
direction+inflection+bound:ode:28,reverse:direction_decreasing->direction_increasing,0,0,1,1
direction+inflection+bound:ode:28,reverse:inflection_concave_to_convex->inflection_convex_to_concave,0,0,1,1
direction+inflection+bound:ode:29,omit:direction_decreasing,1,1,1,1
direction+inflection+bound:ode:29,omit:inflection_concave_to_convex,1,1,1,1
direction+inflection+bound:ode:29,omit:lower_bound_0,1,1,1,1
direction+inflection+bound:ode:29,add:regime_postchange,0,0,1,1
direction+inflection+bound:ode:29,reverse:direction_decreasing->direction_increasing,0,0,1,1
direction+inflection+bound:ode:29,reverse:inflection_concave_to_convex->inflection_convex_to_concave,0,0,1,1
direction+inflection+asymptote:spline:0,omit:asymptote_to_0_from_above,1,1,1,1
direction+inflection+asymptote:spline:0,omit:direction_decreasing,1,1,1,1
direction+inflection+asymptote:spline:0,omit:inflection_concave_to_convex,1,1,1,1
direction+inflection+asymptote:spline:0,add:regime_postchange,0,0,1,1
direction+inflection+asymptote:spline:0,reverse:asymptote_to_0_from_above->asymptote_to_0_from_below,0,0,1,1
direction+inflection+asymptote:spline:0,reverse:direction_decreasing->direction_increasing,0,0,1,1
direction+inflection+asymptote:spline:0,reverse:inflection_concave_to_convex->inflection_convex_to_concave,0,0,1,1
direction+inflection+asymptote:spline:1,omit:asymptote_to_0_from_above,1,1,1,1
direction+inflection+asymptote:spline:1,omit:direction_decreasing,1,1,1,1
direction+inflection+asymptote:spline:1,omit:inflection_concave_to_convex,1,1,1,1
direction+inflection+asymptote:spline:1,add:regime_postchange,0,0,1,1
direction+inflection+asymptote:spline:1,reverse:asymptote_to_0_from_above->asymptote_to_0_from_below,0,0,1,1
direction+inflection+asymptote:spline:1,reverse:direction_decreasing->direction_increasing,0,0,1,1
direction+inflection+asymptote:spline:1,reverse:inflection_concave_to_convex->inflection_convex_to_concave,0,0,1,1
direction+inflection+asymptote:spline:2,omit:asymptote_to_0_from_above,1,1,1,1
direction+inflection+asymptote:spline:2,omit:direction_decreasing,1,1,1,1
direction+inflection+asymptote:spline:2,omit:inflection_concave_to_convex,1,1,1,1
direction+inflection+asymptote:spline:2,add:regime_postchange,0,0,1,1
direction+inflection+asymptote:spline:2,reverse:asymptote_to_0_from_above->asymptote_to_0_from_below,0,0,1,1
direction+inflection+asymptote:spline:2,reverse:direction_decreasing->direction_increasing,0,0,1,1
direction+inflection+asymptote:spline:2,reverse:inflection_concave_to_convex->inflection_convex_to_concave,0,0,1,1
direction+inflection+asymptote:spline:3,omit:asymptote_to_0_from_above,1,1,1,1
direction+inflection+asymptote:spline:3,omit:direction_decreasing,1,1,1,1
direction+inflection+asymptote:spline:3,omit:inflection_concave_to_convex,1,1,1,1
direction+inflection+asymptote:spline:3,add:regime_postchange,0,0,1,1
direction+inflection+asymptote:spline:3,reverse:asymptote_to_0_from_above->asymptote_to_0_from_below,0,0,1,1
direction+inflection+asymptote:spline:3,reverse:direction_decreasing->direction_increasing,0,0,1,1
direction+inflection+asymptote:spline:3,reverse:inflection_concave_to_convex->inflection_convex_to_concave,0,0,1,1
direction+inflection+asymptote:spline:4,omit:asymptote_to_0_from_above,1,1,1,1
direction+inflection+asymptote:spline:4,omit:direction_decreasing,1,1,1,1
direction+inflection+asymptote:spline:4,omit:inflection_concave_to_convex,1,1,1,1
direction+inflection+asymptote:spline:4,add:regime_postchange,0,0,1,1
direction+inflection+asymptote:spline:4,reverse:asymptote_to_0_from_above->asymptote_to_0_from_below,0,0,1,1
direction+inflection+asymptote:spline:4,reverse:direction_decreasing->direction_increasing,0,0,1,1
direction+inflection+asymptote:spline:4,reverse:inflection_concave_to_convex->inflection_convex_to_concave,0,0,1,1
direction+inflection+asymptote:spline:5,omit:asymptote_to_0_from_above,1,1,1,1
direction+inflection+asymptote:spline:5,omit:direction_decreasing,1,1,1,1
direction+inflection+asymptote:spline:5,omit:inflection_concave_to_convex,1,1,1,1
direction+inflection+asymptote:spline:5,add:regime_postchange,0,0,1,1
direction+inflection+asymptote:spline:5,reverse:asymptote_to_0_from_above->asymptote_to_0_from_below,0,0,1,1
direction+inflection+asymptote:spline:5,reverse:direction_decreasing->direction_increasing,0,0,1,1
direction+inflection+asymptote:spline:5,reverse:inflection_concave_to_convex->inflection_convex_to_concave,0,0,1,1
direction+inflection+asymptote:spline:6,omit:asymptote_to_0_from_above,1,1,1,1
direction+inflection+asymptote:spline:6,omit:direction_decreasing,1,1,1,1
direction+inflection+asymptote:spline:6,omit:inflection_concave_to_convex,1,1,1,1
direction+inflection+asymptote:spline:6,add:regime_postchange,0,0,1,1
direction+inflection+asymptote:spline:6,reverse:asymptote_to_0_from_above->asymptote_to_0_from_below,0,0,1,1
direction+inflection+asymptote:spline:6,reverse:direction_decreasing->direction_increasing,0,0,1,1
direction+inflection+asymptote:spline:6,reverse:inflection_concave_to_convex->inflection_convex_to_concave,0,0,1,1
direction+inflection+asymptote:spline:7,omit:asymptote_to_0_from_above,1,1,1,1
direction+inflection+asymptote:spline:7,omit:direction_decreasing,1,1,1,1
direction+inflection+asymptote:spline:7,omit:inflection_concave_to_convex,1,1,1,1
direction+inflection+asymptote:spline:7,add:regime_postchange,0,0,1,1
direction+inflection+asymptote:spline:7,reverse:asymptote_to_0_from_above->asymptote_to_0_from_below,0,0,1,1
direction+inflection+asymptote:spline:7,reverse:direction_decreasing->direction_increasing,0,0,1,1
direction+inflection+asymptote:spline:7,reverse:inflection_concave_to_convex->inflection_convex_to_concave,0,0,1,1
direction+inflection+asymptote:spline:8,omit:asymptote_to_0_from_above,1,1,1,1
direction+inflection+asymptote:spline:8,omit:direction_decreasing,1,1,1,1
direction+inflection+asymptote:spline:8,omit:inflection_concave_to_convex,1,1,1,1
direction+inflection+asymptote:spline:8,add:regime_postchange,0,0,1,1
direction+inflection+asymptote:spline:8,reverse:asymptote_to_0_from_above->asymptote_to_0_from_below,0,0,1,1
direction+inflection+asymptote:spline:8,reverse:direction_decreasing->direction_increasing,0,0,1,1
direction+inflection+asymptote:spline:8,reverse:inflection_concave_to_convex->inflection_convex_to_concave,0,0,1,1
direction+inflection+asymptote:spline:9,omit:asymptote_to_0_from_above,1,1,1,1
direction+inflection+asymptote:spline:9,omit:direction_decreasing,1,1,1,1
direction+inflection+asymptote:spline:9,omit:inflection_concave_to_convex,1,1,1,1
direction+inflection+asymptote:spline:9,add:regime_postchange,0,0,1,1
direction+inflection+asymptote:spline:9,reverse:asymptote_to_0_from_above->asymptote_to_0_from_below,0,0,1,1
direction+inflection+asymptote:spline:9,reverse:direction_decreasing->direction_increasing,0,0,1,1
direction+inflection+asymptote:spline:9,reverse:inflection_concave_to_convex->inflection_convex_to_concave,0,0,1,1
direction+inflection+asymptote:spline:10,omit:asymptote_to_0_from_above,1,1,1,1
direction+inflection+asymptote:spline:10,omit:direction_decreasing,1,1,1,1
direction+inflection+asymptote:spline:10,omit:inflection_concave_to_convex,1,1,1,1
direction+inflection+asymptote:spline:10,add:regime_postchange,0,0,1,1
direction+inflection+asymptote:spline:10,reverse:asymptote_to_0_from_above->asymptote_to_0_from_below,0,0,1,1
direction+inflection+asymptote:spline:10,reverse:direction_decreasing->direction_increasing,0,0,1,1
direction+inflection+asymptote:spline:10,reverse:inflection_concave_to_convex->inflection_convex_to_concave,0,0,1,1
direction+inflection+asymptote:spline:11,omit:asymptote_to_0_from_above,1,1,1,1
direction+inflection+asymptote:spline:11,omit:direction_decreasing,1,1,1,1
direction+inflection+asymptote:spline:11,omit:inflection_concave_to_convex,1,1,1,1
direction+inflection+asymptote:spline:11,add:regime_postchange,0,0,1,1
direction+inflection+asymptote:spline:11,reverse:asymptote_to_0_from_above->asymptote_to_0_from_below,0,0,1,1
direction+inflection+asymptote:spline:11,reverse:direction_decreasing->direction_increasing,0,0,1,1
direction+inflection+asymptote:spline:11,reverse:inflection_concave_to_convex->inflection_convex_to_concave,0,0,1,1
direction+inflection+asymptote:spline:12,omit:asymptote_to_0_from_above,1,1,1,1
direction+inflection+asymptote:spline:12,omit:direction_decreasing,1,1,1,1
direction+inflection+asymptote:spline:12,omit:inflection_concave_to_convex,1,1,1,1
direction+inflection+asymptote:spline:12,add:regime_postchange,0,0,1,1
direction+inflection+asymptote:spline:12,reverse:asymptote_to_0_from_above->asymptote_to_0_from_below,0,0,1,1
direction+inflection+asymptote:spline:12,reverse:direction_decreasing->direction_increasing,0,0,1,1
direction+inflection+asymptote:spline:12,reverse:inflection_concave_to_convex->inflection_convex_to_concave,0,0,1,1
direction+inflection+asymptote:spline:13,omit:asymptote_to_0_from_above,1,1,1,1
direction+inflection+asymptote:spline:13,omit:direction_decreasing,1,1,1,1
direction+inflection+asymptote:spline:13,omit:inflection_concave_to_convex,1,1,1,1
direction+inflection+asymptote:spline:13,add:regime_postchange,0,0,1,1
direction+inflection+asymptote:spline:13,reverse:asymptote_to_0_from_above->asymptote_to_0_from_below,0,0,1,1
direction+inflection+asymptote:spline:13,reverse:direction_decreasing->direction_increasing,0,0,1,1
direction+inflection+asymptote:spline:13,reverse:inflection_concave_to_convex->inflection_convex_to_concave,0,0,1,1
direction+inflection+asymptote:spline:14,omit:asymptote_to_0_from_above,1,1,1,1
direction+inflection+asymptote:spline:14,omit:direction_decreasing,1,1,1,1
direction+inflection+asymptote:spline:14,omit:inflection_concave_to_convex,1,1,1,1
direction+inflection+asymptote:spline:14,add:regime_postchange,0,0,1,1
direction+inflection+asymptote:spline:14,reverse:asymptote_to_0_from_above->asymptote_to_0_from_below,0,0,1,1
direction+inflection+asymptote:spline:14,reverse:direction_decreasing->direction_increasing,0,0,1,1
direction+inflection+asymptote:spline:14,reverse:inflection_concave_to_convex->inflection_convex_to_concave,0,0,1,1
direction+inflection+asymptote:spline:15,omit:asymptote_to_0_from_above,1,1,1,1
direction+inflection+asymptote:spline:15,omit:direction_decreasing,1,1,1,1
direction+inflection+asymptote:spline:15,omit:inflection_concave_to_convex,1,1,1,1
direction+inflection+asymptote:spline:15,add:regime_postchange,0,0,1,1
direction+inflection+asymptote:spline:15,reverse:asymptote_to_0_from_above->asymptote_to_0_from_below,0,0,1,1
direction+inflection+asymptote:spline:15,reverse:direction_decreasing->direction_increasing,0,0,1,1
direction+inflection+asymptote:spline:15,reverse:inflection_concave_to_convex->inflection_convex_to_concave,0,0,1,1
direction+inflection+asymptote:spline:16,omit:asymptote_to_0_from_above,1,1,1,1
direction+inflection+asymptote:spline:16,omit:direction_decreasing,1,1,1,1
direction+inflection+asymptote:spline:16,omit:inflection_concave_to_convex,1,1,1,1
direction+inflection+asymptote:spline:16,add:regime_postchange,0,0,1,1
direction+inflection+asymptote:spline:16,reverse:asymptote_to_0_from_above->asymptote_to_0_from_below,0,0,1,1
direction+inflection+asymptote:spline:16,reverse:direction_decreasing->direction_increasing,0,0,1,1
direction+inflection+asymptote:spline:16,reverse:inflection_concave_to_convex->inflection_convex_to_concave,0,0,1,1
direction+inflection+asymptote:spline:17,omit:asymptote_to_0_from_above,1,1,1,1
direction+inflection+asymptote:spline:17,omit:direction_decreasing,1,1,1,1
direction+inflection+asymptote:spline:17,omit:inflection_concave_to_convex,1,1,1,1
direction+inflection+asymptote:spline:17,add:regime_postchange,0,0,1,1
direction+inflection+asymptote:spline:17,reverse:asymptote_to_0_from_above->asymptote_to_0_from_below,0,0,1,1
direction+inflection+asymptote:spline:17,reverse:direction_decreasing->direction_increasing,0,0,1,1
direction+inflection+asymptote:spline:17,reverse:inflection_concave_to_convex->inflection_convex_to_concave,0,0,1,1
direction+inflection+asymptote:spline:18,omit:asymptote_to_0_from_above,1,1,1,1
direction+inflection+asymptote:spline:18,omit:direction_decreasing,1,1,1,1
direction+inflection+asymptote:spline:18,omit:inflection_concave_to_convex,1,1,1,1
direction+inflection+asymptote:spline:18,add:regime_postchange,0,0,1,1
direction+inflection+asymptote:spline:18,reverse:asymptote_to_0_from_above->asymptote_to_0_from_below,0,0,1,1
direction+inflection+asymptote:spline:18,reverse:direction_decreasing->direction_increasing,0,0,1,1
direction+inflection+asymptote:spline:18,reverse:inflection_concave_to_convex->inflection_convex_to_concave,0,0,1,1
direction+inflection+asymptote:spline:19,omit:asymptote_to_0_from_above,1,1,1,1
direction+inflection+asymptote:spline:19,omit:direction_decreasing,1,1,1,1
direction+inflection+asymptote:spline:19,omit:inflection_concave_to_convex,1,1,1,1
direction+inflection+asymptote:spline:19,add:regime_postchange,0,0,1,1
direction+inflection+asymptote:spline:19,reverse:asymptote_to_0_from_above->asymptote_to_0_from_below,0,0,1,1
direction+inflection+asymptote:spline:19,reverse:direction_decreasing->direction_increasing,0,0,1,1
direction+inflection+asymptote:spline:19,reverse:inflection_concave_to_convex->inflection_convex_to_concave,0,0,1,1
direction+inflection+asymptote:spline:20,omit:asymptote_to_0_from_above,1,1,1,1
direction+inflection+asymptote:spline:20,omit:direction_decreasing,1,1,1,1
direction+inflection+asymptote:spline:20,omit:inflection_concave_to_convex,1,1,1,1
direction+inflection+asymptote:spline:20,add:regime_postchange,0,0,1,1
direction+inflection+asymptote:spline:20,reverse:asymptote_to_0_from_above->asymptote_to_0_from_below,0,0,1,1
direction+inflection+asymptote:spline:20,reverse:direction_decreasing->direction_increasing,0,0,1,1
direction+inflection+asymptote:spline:20,reverse:inflection_concave_to_convex->inflection_convex_to_concave,0,0,1,1
direction+inflection+asymptote:spline:21,omit:asymptote_to_0_from_above,1,1,1,1
direction+inflection+asymptote:spline:21,omit:direction_decreasing,1,1,1,1
direction+inflection+asymptote:spline:21,omit:inflection_concave_to_convex,1,1,1,1
direction+inflection+asymptote:spline:21,add:regime_postchange,0,0,1,1
direction+inflection+asymptote:spline:21,reverse:asymptote_to_0_from_above->asymptote_to_0_from_below,0,0,1,1
direction+inflection+asymptote:spline:21,reverse:direction_decreasing->direction_increasing,0,0,1,1
direction+inflection+asymptote:spline:21,reverse:inflection_concave_to_convex->inflection_convex_to_concave,0,0,1,1
direction+inflection+asymptote:spline:22,omit:asymptote_to_0_from_above,1,1,1,1
direction+inflection+asymptote:spline:22,omit:direction_decreasing,1,1,1,1
direction+inflection+asymptote:spline:22,omit:inflection_concave_to_convex,1,1,1,1
direction+inflection+asymptote:spline:22,add:regime_postchange,0,0,1,1
direction+inflection+asymptote:spline:22,reverse:asymptote_to_0_from_above->asymptote_to_0_from_below,0,0,1,1
direction+inflection+asymptote:spline:22,reverse:direction_decreasing->direction_increasing,0,0,1,1
direction+inflection+asymptote:spline:22,reverse:inflection_concave_to_convex->inflection_convex_to_concave,0,0,1,1
direction+inflection+asymptote:spline:23,omit:asymptote_to_0_from_above,1,1,1,1
direction+inflection+asymptote:spline:23,omit:direction_decreasing,1,1,1,1
direction+inflection+asymptote:spline:23,omit:inflection_concave_to_convex,1,1,1,1
direction+inflection+asymptote:spline:23,add:regime_postchange,0,0,1,1
direction+inflection+asymptote:spline:23,reverse:asymptote_to_0_from_above->asymptote_to_0_from_below,0,0,1,1
direction+inflection+asymptote:spline:23,reverse:direction_decreasing->direction_increasing,0,0,1,1
direction+inflection+asymptote:spline:23,reverse:inflection_concave_to_convex->inflection_convex_to_concave,0,0,1,1
direction+inflection+asymptote:spline:24,omit:asymptote_to_0_from_above,1,1,1,1
direction+inflection+asymptote:spline:24,omit:direction_decreasing,1,1,1,1
direction+inflection+asymptote:spline:24,omit:inflection_concave_to_convex,1,1,1,1
direction+inflection+asymptote:spline:24,add:regime_postchange,0,0,1,1
direction+inflection+asymptote:spline:24,reverse:asymptote_to_0_from_above->asymptote_to_0_from_below,0,0,1,1
direction+inflection+asymptote:spline:24,reverse:direction_decreasing->direction_increasing,0,0,1,1
direction+inflection+asymptote:spline:24,reverse:inflection_concave_to_convex->inflection_convex_to_concave,0,0,1,1
direction+inflection+asymptote:spline:25,omit:asymptote_to_0_from_above,1,1,1,1
direction+inflection+asymptote:spline:25,omit:direction_decreasing,1,1,1,1
direction+inflection+asymptote:spline:25,omit:inflection_concave_to_convex,1,1,1,1
direction+inflection+asymptote:spline:25,add:regime_postchange,0,0,1,1
direction+inflection+asymptote:spline:25,reverse:asymptote_to_0_from_above->asymptote_to_0_from_below,0,0,1,1
direction+inflection+asymptote:spline:25,reverse:direction_decreasing->direction_increasing,0,0,1,1
direction+inflection+asymptote:spline:25,reverse:inflection_concave_to_convex->inflection_convex_to_concave,0,0,1,1
direction+inflection+asymptote:spline:26,omit:asymptote_to_0_from_above,1,1,1,1
direction+inflection+asymptote:spline:26,omit:direction_decreasing,1,1,1,1
direction+inflection+asymptote:spline:26,omit:inflection_concave_to_convex,1,1,1,1
direction+inflection+asymptote:spline:26,add:regime_postchange,0,0,1,1
direction+inflection+asymptote:spline:26,reverse:asymptote_to_0_from_above->asymptote_to_0_from_below,0,0,1,1
direction+inflection+asymptote:spline:26,reverse:direction_decreasing->direction_increasing,0,0,1,1
direction+inflection+asymptote:spline:26,reverse:inflection_concave_to_convex->inflection_convex_to_concave,0,0,1,1
direction+inflection+asymptote:spline:27,omit:asymptote_to_0_from_above,1,1,1,1
direction+inflection+asymptote:spline:27,omit:direction_decreasing,1,1,1,1
direction+inflection+asymptote:spline:27,omit:inflection_concave_to_convex,1,1,1,1
direction+inflection+asymptote:spline:27,add:regime_postchange,0,0,1,1
direction+inflection+asymptote:spline:27,reverse:asymptote_to_0_from_above->asymptote_to_0_from_below,0,0,1,1
direction+inflection+asymptote:spline:27,reverse:direction_decreasing->direction_increasing,0,0,1,1
direction+inflection+asymptote:spline:27,reverse:inflection_concave_to_convex->inflection_convex_to_concave,0,0,1,1
direction+inflection+asymptote:spline:28,omit:asymptote_to_0_from_above,1,1,1,1
direction+inflection+asymptote:spline:28,omit:direction_decreasing,1,1,1,1
direction+inflection+asymptote:spline:28,omit:inflection_concave_to_convex,1,1,1,1
direction+inflection+asymptote:spline:28,add:regime_postchange,0,0,1,1
direction+inflection+asymptote:spline:28,reverse:asymptote_to_0_from_above->asymptote_to_0_from_below,0,0,1,1
direction+inflection+asymptote:spline:28,reverse:direction_decreasing->direction_increasing,0,0,1,1
direction+inflection+asymptote:spline:28,reverse:inflection_concave_to_convex->inflection_convex_to_concave,0,0,1,1
direction+inflection+asymptote:spline:29,omit:asymptote_to_0_from_above,1,1,1,1
direction+inflection+asymptote:spline:29,omit:direction_decreasing,1,1,1,1
direction+inflection+asymptote:spline:29,omit:inflection_concave_to_convex,1,1,1,1
direction+inflection+asymptote:spline:29,add:regime_postchange,0,0,1,1
direction+inflection+asymptote:spline:29,reverse:asymptote_to_0_from_above->asymptote_to_0_from_below,0,0,1,1
direction+inflection+asymptote:spline:29,reverse:direction_decreasing->direction_increasing,0,0,1,1
direction+inflection+asymptote:spline:29,reverse:inflection_concave_to_convex->inflection_convex_to_concave,0,0,1,1
direction+inflection+asymptote:basis:0,omit:asymptote_to_0_from_above,1,1,1,1
direction+inflection+asymptote:basis:0,omit:direction_decreasing,1,1,1,1
direction+inflection+asymptote:basis:0,omit:inflection_concave_to_convex,1,1,1,1
direction+inflection+asymptote:basis:0,add:regime_postchange,0,0,1,1
direction+inflection+asymptote:basis:0,reverse:asymptote_to_0_from_above->asymptote_to_0_from_below,0,0,1,1
direction+inflection+asymptote:basis:0,reverse:direction_decreasing->direction_increasing,0,0,1,1
direction+inflection+asymptote:basis:0,reverse:inflection_concave_to_convex->inflection_convex_to_concave,0,0,1,1
direction+inflection+asymptote:basis:1,omit:asymptote_to_0_from_above,1,1,1,1
direction+inflection+asymptote:basis:1,omit:direction_decreasing,1,1,1,1
direction+inflection+asymptote:basis:1,omit:inflection_concave_to_convex,1,1,1,1
direction+inflection+asymptote:basis:1,add:regime_postchange,0,0,1,1
direction+inflection+asymptote:basis:1,reverse:asymptote_to_0_from_above->asymptote_to_0_from_below,0,0,1,1
direction+inflection+asymptote:basis:1,reverse:direction_decreasing->direction_increasing,0,0,1,1
direction+inflection+asymptote:basis:1,reverse:inflection_concave_to_convex->inflection_convex_to_concave,0,0,1,1
direction+inflection+asymptote:basis:2,omit:asymptote_to_0_from_above,1,1,1,1
direction+inflection+asymptote:basis:2,omit:direction_decreasing,1,1,1,1
direction+inflection+asymptote:basis:2,omit:inflection_concave_to_convex,1,1,1,1
direction+inflection+asymptote:basis:2,add:regime_postchange,0,0,1,1
direction+inflection+asymptote:basis:2,reverse:asymptote_to_0_from_above->asymptote_to_0_from_below,0,0,1,1
direction+inflection+asymptote:basis:2,reverse:direction_decreasing->direction_increasing,0,0,1,1
direction+inflection+asymptote:basis:2,reverse:inflection_concave_to_convex->inflection_convex_to_concave,0,0,1,1
direction+inflection+asymptote:basis:3,omit:asymptote_to_0_from_above,1,1,1,1
direction+inflection+asymptote:basis:3,omit:direction_decreasing,1,1,1,1
direction+inflection+asymptote:basis:3,omit:inflection_concave_to_convex,1,1,1,1
direction+inflection+asymptote:basis:3,add:regime_postchange,0,0,1,1
direction+inflection+asymptote:basis:3,reverse:asymptote_to_0_from_above->asymptote_to_0_from_below,0,0,1,1
direction+inflection+asymptote:basis:3,reverse:direction_decreasing->direction_increasing,0,0,1,1
direction+inflection+asymptote:basis:3,reverse:inflection_concave_to_convex->inflection_convex_to_concave,0,0,1,1
direction+inflection+asymptote:basis:4,omit:asymptote_to_0_from_above,1,1,1,1
direction+inflection+asymptote:basis:4,omit:direction_decreasing,1,1,1,1
direction+inflection+asymptote:basis:4,omit:inflection_concave_to_convex,1,1,1,1
direction+inflection+asymptote:basis:4,add:regime_postchange,0,0,1,1
direction+inflection+asymptote:basis:4,reverse:asymptote_to_0_from_above->asymptote_to_0_from_below,0,0,1,1
direction+inflection+asymptote:basis:4,reverse:direction_decreasing->direction_increasing,0,0,1,1
direction+inflection+asymptote:basis:4,reverse:inflection_concave_to_convex->inflection_convex_to_concave,0,0,1,1
direction+inflection+asymptote:basis:5,omit:asymptote_to_0_from_above,1,1,1,1
direction+inflection+asymptote:basis:5,omit:direction_decreasing,1,1,1,1
direction+inflection+asymptote:basis:5,omit:inflection_concave_to_convex,1,1,1,1
direction+inflection+asymptote:basis:5,add:regime_postchange,0,0,1,1
direction+inflection+asymptote:basis:5,reverse:asymptote_to_0_from_above->asymptote_to_0_from_below,0,0,1,1
direction+inflection+asymptote:basis:5,reverse:direction_decreasing->direction_increasing,0,0,1,1
direction+inflection+asymptote:basis:5,reverse:inflection_concave_to_convex->inflection_convex_to_concave,0,0,1,1
direction+inflection+asymptote:basis:6,omit:asymptote_to_0_from_above,1,1,1,1
direction+inflection+asymptote:basis:6,omit:direction_decreasing,1,1,1,1
direction+inflection+asymptote:basis:6,omit:inflection_concave_to_convex,1,1,1,1
direction+inflection+asymptote:basis:6,add:regime_postchange,0,0,1,1
direction+inflection+asymptote:basis:6,reverse:asymptote_to_0_from_above->asymptote_to_0_from_below,0,0,1,1
direction+inflection+asymptote:basis:6,reverse:direction_decreasing->direction_increasing,0,0,1,1
direction+inflection+asymptote:basis:6,reverse:inflection_concave_to_convex->inflection_convex_to_concave,0,0,1,1
direction+inflection+asymptote:basis:7,omit:asymptote_to_0_from_above,1,1,1,1
direction+inflection+asymptote:basis:7,omit:direction_decreasing,1,1,1,1
direction+inflection+asymptote:basis:7,omit:inflection_concave_to_convex,1,1,1,1
direction+inflection+asymptote:basis:7,add:regime_postchange,0,0,1,1
direction+inflection+asymptote:basis:7,reverse:asymptote_to_0_from_above->asymptote_to_0_from_below,0,0,1,1
direction+inflection+asymptote:basis:7,reverse:direction_decreasing->direction_increasing,0,0,1,1
direction+inflection+asymptote:basis:7,reverse:inflection_concave_to_convex->inflection_convex_to_concave,0,0,1,1
direction+inflection+asymptote:basis:8,omit:asymptote_to_0_from_above,1,1,1,1
direction+inflection+asymptote:basis:8,omit:direction_decreasing,1,1,1,1
direction+inflection+asymptote:basis:8,omit:inflection_concave_to_convex,1,1,1,1
direction+inflection+asymptote:basis:8,add:regime_postchange,0,0,1,1
direction+inflection+asymptote:basis:8,reverse:asymptote_to_0_from_above->asymptote_to_0_from_below,0,0,1,1
direction+inflection+asymptote:basis:8,reverse:direction_decreasing->direction_increasing,0,0,1,1
direction+inflection+asymptote:basis:8,reverse:inflection_concave_to_convex->inflection_convex_to_concave,0,0,1,1
direction+inflection+asymptote:basis:9,omit:asymptote_to_0_from_above,1,1,1,1
direction+inflection+asymptote:basis:9,omit:direction_decreasing,1,1,1,1
direction+inflection+asymptote:basis:9,omit:inflection_concave_to_convex,1,1,1,1
direction+inflection+asymptote:basis:9,add:regime_postchange,0,0,1,1
direction+inflection+asymptote:basis:9,reverse:asymptote_to_0_from_above->asymptote_to_0_from_below,0,0,1,1
direction+inflection+asymptote:basis:9,reverse:direction_decreasing->direction_increasing,0,0,1,1
direction+inflection+asymptote:basis:9,reverse:inflection_concave_to_convex->inflection_convex_to_concave,0,0,1,1
direction+inflection+asymptote:basis:10,omit:asymptote_to_0_from_above,1,1,1,1
direction+inflection+asymptote:basis:10,omit:direction_decreasing,1,1,1,1
direction+inflection+asymptote:basis:10,omit:inflection_concave_to_convex,1,1,1,1
direction+inflection+asymptote:basis:10,add:regime_postchange,0,0,1,1
direction+inflection+asymptote:basis:10,reverse:asymptote_to_0_from_above->asymptote_to_0_from_below,0,0,1,1
direction+inflection+asymptote:basis:10,reverse:direction_decreasing->direction_increasing,0,0,1,1
direction+inflection+asymptote:basis:10,reverse:inflection_concave_to_convex->inflection_convex_to_concave,0,0,1,1
direction+inflection+asymptote:basis:11,omit:asymptote_to_0_from_above,1,1,1,1
direction+inflection+asymptote:basis:11,omit:direction_decreasing,1,1,1,1
direction+inflection+asymptote:basis:11,omit:inflection_concave_to_convex,1,1,1,1
direction+inflection+asymptote:basis:11,add:regime_postchange,0,0,1,1
direction+inflection+asymptote:basis:11,reverse:asymptote_to_0_from_above->asymptote_to_0_from_below,0,0,1,1
direction+inflection+asymptote:basis:11,reverse:direction_decreasing->direction_increasing,0,0,1,1
direction+inflection+asymptote:basis:11,reverse:inflection_concave_to_convex->inflection_convex_to_concave,0,0,1,1
direction+inflection+asymptote:basis:12,omit:asymptote_to_0_from_above,1,1,1,1
direction+inflection+asymptote:basis:12,omit:direction_decreasing,1,1,1,1
direction+inflection+asymptote:basis:12,omit:inflection_concave_to_convex,1,1,1,1
direction+inflection+asymptote:basis:12,add:regime_postchange,0,0,1,1
direction+inflection+asymptote:basis:12,reverse:asymptote_to_0_from_above->asymptote_to_0_from_below,0,0,1,1
direction+inflection+asymptote:basis:12,reverse:direction_decreasing->direction_increasing,0,0,1,1
direction+inflection+asymptote:basis:12,reverse:inflection_concave_to_convex->inflection_convex_to_concave,0,0,1,1
direction+inflection+asymptote:basis:13,omit:asymptote_to_0_from_above,1,1,1,1
direction+inflection+asymptote:basis:13,omit:direction_decreasing,1,1,1,1
direction+inflection+asymptote:basis:13,omit:inflection_concave_to_convex,1,1,1,1
direction+inflection+asymptote:basis:13,add:regime_postchange,0,0,1,1
direction+inflection+asymptote:basis:13,reverse:asymptote_to_0_from_above->asymptote_to_0_from_below,0,0,1,1
direction+inflection+asymptote:basis:13,reverse:direction_decreasing->direction_increasing,0,0,1,1
direction+inflection+asymptote:basis:13,reverse:inflection_concave_to_convex->inflection_convex_to_concave,0,0,1,1
direction+inflection+asymptote:basis:14,omit:asymptote_to_0_from_above,1,1,1,1
direction+inflection+asymptote:basis:14,omit:direction_decreasing,1,1,1,1
direction+inflection+asymptote:basis:14,omit:inflection_concave_to_convex,1,1,1,1
direction+inflection+asymptote:basis:14,add:regime_postchange,0,0,1,1
direction+inflection+asymptote:basis:14,reverse:asymptote_to_0_from_above->asymptote_to_0_from_below,0,0,1,1
direction+inflection+asymptote:basis:14,reverse:direction_decreasing->direction_increasing,0,0,1,1
direction+inflection+asymptote:basis:14,reverse:inflection_concave_to_convex->inflection_convex_to_concave,0,0,1,1
direction+inflection+asymptote:basis:15,omit:asymptote_to_0_from_above,1,1,1,1
direction+inflection+asymptote:basis:15,omit:direction_decreasing,1,1,1,1
direction+inflection+asymptote:basis:15,omit:inflection_concave_to_convex,1,1,1,1
direction+inflection+asymptote:basis:15,add:regime_postchange,0,0,1,1
direction+inflection+asymptote:basis:15,reverse:asymptote_to_0_from_above->asymptote_to_0_from_below,0,0,1,1
direction+inflection+asymptote:basis:15,reverse:direction_decreasing->direction_increasing,0,0,1,1
direction+inflection+asymptote:basis:15,reverse:inflection_concave_to_convex->inflection_convex_to_concave,0,0,1,1
direction+inflection+asymptote:basis:16,omit:asymptote_to_0_from_above,1,1,1,1
direction+inflection+asymptote:basis:16,omit:direction_decreasing,1,1,1,1
direction+inflection+asymptote:basis:16,omit:inflection_concave_to_convex,1,1,1,1
direction+inflection+asymptote:basis:16,add:regime_postchange,0,0,1,1
direction+inflection+asymptote:basis:16,reverse:asymptote_to_0_from_above->asymptote_to_0_from_below,0,0,1,1
direction+inflection+asymptote:basis:16,reverse:direction_decreasing->direction_increasing,0,0,1,1
direction+inflection+asymptote:basis:16,reverse:inflection_concave_to_convex->inflection_convex_to_concave,0,0,1,1
direction+inflection+asymptote:basis:17,omit:asymptote_to_0_from_above,1,1,1,1
direction+inflection+asymptote:basis:17,omit:direction_decreasing,1,1,1,1
direction+inflection+asymptote:basis:17,omit:inflection_concave_to_convex,1,1,1,1
direction+inflection+asymptote:basis:17,add:regime_postchange,0,0,1,1
direction+inflection+asymptote:basis:17,reverse:asymptote_to_0_from_above->asymptote_to_0_from_below,0,0,1,1
direction+inflection+asymptote:basis:17,reverse:direction_decreasing->direction_increasing,0,0,1,1
direction+inflection+asymptote:basis:17,reverse:inflection_concave_to_convex->inflection_convex_to_concave,0,0,1,1
direction+inflection+asymptote:basis:18,omit:asymptote_to_0_from_above,1,1,1,1
direction+inflection+asymptote:basis:18,omit:direction_decreasing,1,1,1,1
direction+inflection+asymptote:basis:18,omit:inflection_concave_to_convex,1,1,1,1
direction+inflection+asymptote:basis:18,add:regime_postchange,0,0,1,1
direction+inflection+asymptote:basis:18,reverse:asymptote_to_0_from_above->asymptote_to_0_from_below,0,0,1,1
direction+inflection+asymptote:basis:18,reverse:direction_decreasing->direction_increasing,0,0,1,1
direction+inflection+asymptote:basis:18,reverse:inflection_concave_to_convex->inflection_convex_to_concave,0,0,1,1
direction+inflection+asymptote:basis:19,omit:asymptote_to_0_from_above,1,1,1,1
direction+inflection+asymptote:basis:19,omit:direction_decreasing,1,1,1,1
direction+inflection+asymptote:basis:19,omit:inflection_concave_to_convex,1,1,1,1
direction+inflection+asymptote:basis:19,add:regime_postchange,0,0,1,1
direction+inflection+asymptote:basis:19,reverse:asymptote_to_0_from_above->asymptote_to_0_from_below,0,0,1,1
direction+inflection+asymptote:basis:19,reverse:direction_decreasing->direction_increasing,0,0,1,1
direction+inflection+asymptote:basis:19,reverse:inflection_concave_to_convex->inflection_convex_to_concave,0,0,1,1
direction+inflection+asymptote:basis:20,omit:asymptote_to_0_from_above,1,1,1,1
direction+inflection+asymptote:basis:20,omit:direction_decreasing,1,1,1,1
direction+inflection+asymptote:basis:20,omit:inflection_concave_to_convex,1,1,1,1
direction+inflection+asymptote:basis:20,add:regime_postchange,0,0,1,1
direction+inflection+asymptote:basis:20,reverse:asymptote_to_0_from_above->asymptote_to_0_from_below,0,0,1,1
direction+inflection+asymptote:basis:20,reverse:direction_decreasing->direction_increasing,0,0,1,1
direction+inflection+asymptote:basis:20,reverse:inflection_concave_to_convex->inflection_convex_to_concave,0,0,1,1
direction+inflection+asymptote:basis:21,omit:asymptote_to_0_from_above,1,1,1,1
direction+inflection+asymptote:basis:21,omit:direction_decreasing,1,1,1,1
direction+inflection+asymptote:basis:21,omit:inflection_concave_to_convex,1,1,1,1
direction+inflection+asymptote:basis:21,add:regime_postchange,0,0,1,1
direction+inflection+asymptote:basis:21,reverse:asymptote_to_0_from_above->asymptote_to_0_from_below,0,0,1,1
direction+inflection+asymptote:basis:21,reverse:direction_decreasing->direction_increasing,0,0,1,1
direction+inflection+asymptote:basis:21,reverse:inflection_concave_to_convex->inflection_convex_to_concave,0,0,1,1
direction+inflection+asymptote:basis:22,omit:asymptote_to_0_from_above,1,1,1,1
direction+inflection+asymptote:basis:22,omit:direction_decreasing,1,1,1,1
direction+inflection+asymptote:basis:22,omit:inflection_concave_to_convex,1,1,1,1
direction+inflection+asymptote:basis:22,add:regime_postchange,0,0,1,1
direction+inflection+asymptote:basis:22,reverse:asymptote_to_0_from_above->asymptote_to_0_from_below,0,0,1,1
direction+inflection+asymptote:basis:22,reverse:direction_decreasing->direction_increasing,0,0,1,1
direction+inflection+asymptote:basis:22,reverse:inflection_concave_to_convex->inflection_convex_to_concave,0,0,1,1
direction+inflection+asymptote:basis:23,omit:asymptote_to_0_from_above,1,1,1,1
direction+inflection+asymptote:basis:23,omit:direction_decreasing,1,1,1,1
direction+inflection+asymptote:basis:23,omit:inflection_concave_to_convex,1,1,1,1
direction+inflection+asymptote:basis:23,add:regime_postchange,0,0,1,1
direction+inflection+asymptote:basis:23,reverse:asymptote_to_0_from_above->asymptote_to_0_from_below,0,0,1,1
direction+inflection+asymptote:basis:23,reverse:direction_decreasing->direction_increasing,0,0,1,1
direction+inflection+asymptote:basis:23,reverse:inflection_concave_to_convex->inflection_convex_to_concave,0,0,1,1
direction+inflection+asymptote:basis:24,omit:asymptote_to_0_from_above,1,1,1,1
direction+inflection+asymptote:basis:24,omit:direction_decreasing,1,1,1,1
direction+inflection+asymptote:basis:24,omit:inflection_concave_to_convex,1,1,1,1
direction+inflection+asymptote:basis:24,add:regime_postchange,0,0,1,1
direction+inflection+asymptote:basis:24,reverse:asymptote_to_0_from_above->asymptote_to_0_from_below,0,0,1,1
direction+inflection+asymptote:basis:24,reverse:direction_decreasing->direction_increasing,0,0,1,1
direction+inflection+asymptote:basis:24,reverse:inflection_concave_to_convex->inflection_convex_to_concave,0,0,1,1
direction+inflection+asymptote:basis:25,omit:asymptote_to_0_from_above,1,1,1,1
direction+inflection+asymptote:basis:25,omit:direction_decreasing,1,1,1,1
direction+inflection+asymptote:basis:25,omit:inflection_concave_to_convex,1,1,1,1
direction+inflection+asymptote:basis:25,add:regime_postchange,0,0,1,1
direction+inflection+asymptote:basis:25,reverse:asymptote_to_0_from_above->asymptote_to_0_from_below,0,0,1,1
direction+inflection+asymptote:basis:25,reverse:direction_decreasing->direction_increasing,0,0,1,1
direction+inflection+asymptote:basis:25,reverse:inflection_concave_to_convex->inflection_convex_to_concave,0,0,1,1
direction+inflection+asymptote:basis:26,omit:asymptote_to_0_from_above,1,1,1,1
direction+inflection+asymptote:basis:26,omit:direction_decreasing,1,1,1,1
direction+inflection+asymptote:basis:26,omit:inflection_concave_to_convex,1,1,1,1
direction+inflection+asymptote:basis:26,add:regime_postchange,0,0,1,1
direction+inflection+asymptote:basis:26,reverse:asymptote_to_0_from_above->asymptote_to_0_from_below,0,0,1,1
direction+inflection+asymptote:basis:26,reverse:direction_decreasing->direction_increasing,0,0,1,1
direction+inflection+asymptote:basis:26,reverse:inflection_concave_to_convex->inflection_convex_to_concave,0,0,1,1
direction+inflection+asymptote:basis:27,omit:asymptote_to_0_from_above,1,1,1,1
direction+inflection+asymptote:basis:27,omit:direction_decreasing,1,1,1,1
direction+inflection+asymptote:basis:27,omit:inflection_concave_to_convex,1,1,1,1
direction+inflection+asymptote:basis:27,add:regime_postchange,0,0,1,1
direction+inflection+asymptote:basis:27,reverse:asymptote_to_0_from_above->asymptote_to_0_from_below,0,0,1,1
direction+inflection+asymptote:basis:27,reverse:direction_decreasing->direction_increasing,0,0,1,1
direction+inflection+asymptote:basis:27,reverse:inflection_concave_to_convex->inflection_convex_to_concave,0,0,1,1
direction+inflection+asymptote:basis:28,omit:asymptote_to_0_from_above,1,1,1,1
direction+inflection+asymptote:basis:28,omit:direction_decreasing,1,1,1,1
direction+inflection+asymptote:basis:28,omit:inflection_concave_to_convex,1,1,1,1
direction+inflection+asymptote:basis:28,add:regime_postchange,0,0,1,1
direction+inflection+asymptote:basis:28,reverse:asymptote_to_0_from_above->asymptote_to_0_from_below,0,0,1,1
direction+inflection+asymptote:basis:28,reverse:direction_decreasing->direction_increasing,0,0,1,1
direction+inflection+asymptote:basis:28,reverse:inflection_concave_to_convex->inflection_convex_to_concave,0,0,1,1
direction+inflection+asymptote:basis:29,omit:asymptote_to_0_from_above,1,1,1,1
direction+inflection+asymptote:basis:29,omit:direction_decreasing,1,1,1,1
direction+inflection+asymptote:basis:29,omit:inflection_concave_to_convex,1,1,1,1
direction+inflection+asymptote:basis:29,add:regime_postchange,0,0,1,1
direction+inflection+asymptote:basis:29,reverse:asymptote_to_0_from_above->asymptote_to_0_from_below,0,0,1,1
direction+inflection+asymptote:basis:29,reverse:direction_decreasing->direction_increasing,0,0,1,1
direction+inflection+asymptote:basis:29,reverse:inflection_concave_to_convex->inflection_convex_to_concave,0,0,1,1
direction+inflection+asymptote:ode:0,omit:asymptote_to_0_from_above,1,1,1,1
direction+inflection+asymptote:ode:0,omit:direction_decreasing,1,1,1,1
direction+inflection+asymptote:ode:0,omit:inflection_concave_to_convex,1,1,1,1
direction+inflection+asymptote:ode:0,add:regime_postchange,0,0,1,1
direction+inflection+asymptote:ode:0,reverse:asymptote_to_0_from_above->asymptote_to_0_from_below,0,0,1,1
direction+inflection+asymptote:ode:0,reverse:direction_decreasing->direction_increasing,0,0,1,1
direction+inflection+asymptote:ode:0,reverse:inflection_concave_to_convex->inflection_convex_to_concave,0,0,1,1
direction+inflection+asymptote:ode:1,omit:asymptote_to_0_from_above,1,1,1,1
direction+inflection+asymptote:ode:1,omit:direction_decreasing,1,1,1,1
direction+inflection+asymptote:ode:1,omit:inflection_concave_to_convex,1,1,1,1
direction+inflection+asymptote:ode:1,add:regime_postchange,0,0,1,1
direction+inflection+asymptote:ode:1,reverse:asymptote_to_0_from_above->asymptote_to_0_from_below,0,0,1,1
direction+inflection+asymptote:ode:1,reverse:direction_decreasing->direction_increasing,0,0,1,1
direction+inflection+asymptote:ode:1,reverse:inflection_concave_to_convex->inflection_convex_to_concave,0,0,1,1
direction+inflection+asymptote:ode:2,omit:asymptote_to_0_from_above,1,1,1,1
direction+inflection+asymptote:ode:2,omit:direction_decreasing,1,1,1,1
direction+inflection+asymptote:ode:2,omit:inflection_concave_to_convex,1,1,1,1
direction+inflection+asymptote:ode:2,add:regime_postchange,0,0,1,1
direction+inflection+asymptote:ode:2,reverse:asymptote_to_0_from_above->asymptote_to_0_from_below,0,0,1,1
direction+inflection+asymptote:ode:2,reverse:direction_decreasing->direction_increasing,0,0,1,1
direction+inflection+asymptote:ode:2,reverse:inflection_concave_to_convex->inflection_convex_to_concave,0,0,1,1
direction+inflection+asymptote:ode:3,omit:asymptote_to_0_from_above,1,1,1,1
direction+inflection+asymptote:ode:3,omit:direction_decreasing,1,1,1,1
direction+inflection+asymptote:ode:3,omit:inflection_concave_to_convex,1,1,1,1
direction+inflection+asymptote:ode:3,add:regime_postchange,0,0,1,1
direction+inflection+asymptote:ode:3,reverse:asymptote_to_0_from_above->asymptote_to_0_from_below,0,0,1,1
direction+inflection+asymptote:ode:3,reverse:direction_decreasing->direction_increasing,0,0,1,1
direction+inflection+asymptote:ode:3,reverse:inflection_concave_to_convex->inflection_convex_to_concave,0,0,1,1
direction+inflection+asymptote:ode:4,omit:asymptote_to_0_from_above,1,1,1,1
direction+inflection+asymptote:ode:4,omit:direction_decreasing,1,1,1,1
direction+inflection+asymptote:ode:4,omit:inflection_concave_to_convex,1,1,1,1
direction+inflection+asymptote:ode:4,add:regime_postchange,0,0,1,1
direction+inflection+asymptote:ode:4,reverse:asymptote_to_0_from_above->asymptote_to_0_from_below,0,0,1,1
direction+inflection+asymptote:ode:4,reverse:direction_decreasing->direction_increasing,0,0,1,1
direction+inflection+asymptote:ode:4,reverse:inflection_concave_to_convex->inflection_convex_to_concave,0,0,1,1
direction+inflection+asymptote:ode:5,omit:asymptote_to_0_from_above,1,1,1,1
direction+inflection+asymptote:ode:5,omit:direction_decreasing,1,1,1,1
direction+inflection+asymptote:ode:5,omit:inflection_concave_to_convex,1,1,1,1
direction+inflection+asymptote:ode:5,add:regime_postchange,0,0,1,1
direction+inflection+asymptote:ode:5,reverse:asymptote_to_0_from_above->asymptote_to_0_from_below,0,0,1,1
direction+inflection+asymptote:ode:5,reverse:direction_decreasing->direction_increasing,0,0,1,1
direction+inflection+asymptote:ode:5,reverse:inflection_concave_to_convex->inflection_convex_to_concave,0,0,1,1
direction+inflection+asymptote:ode:6,omit:asymptote_to_0_from_above,1,1,1,1
direction+inflection+asymptote:ode:6,omit:direction_decreasing,1,1,1,1
direction+inflection+asymptote:ode:6,omit:inflection_concave_to_convex,1,1,1,1
direction+inflection+asymptote:ode:6,add:regime_postchange,0,0,1,1
direction+inflection+asymptote:ode:6,reverse:asymptote_to_0_from_above->asymptote_to_0_from_below,0,0,1,1
direction+inflection+asymptote:ode:6,reverse:direction_decreasing->direction_increasing,0,0,1,1
direction+inflection+asymptote:ode:6,reverse:inflection_concave_to_convex->inflection_convex_to_concave,0,0,1,1
direction+inflection+asymptote:ode:7,omit:asymptote_to_0_from_above,1,1,1,1
direction+inflection+asymptote:ode:7,omit:direction_decreasing,1,1,1,1
direction+inflection+asymptote:ode:7,omit:inflection_concave_to_convex,1,1,1,1
direction+inflection+asymptote:ode:7,add:regime_postchange,0,0,1,1
direction+inflection+asymptote:ode:7,reverse:asymptote_to_0_from_above->asymptote_to_0_from_below,0,0,1,1
direction+inflection+asymptote:ode:7,reverse:direction_decreasing->direction_increasing,0,0,1,1
direction+inflection+asymptote:ode:7,reverse:inflection_concave_to_convex->inflection_convex_to_concave,0,0,1,1
direction+inflection+asymptote:ode:8,omit:asymptote_to_0_from_above,1,1,1,1
direction+inflection+asymptote:ode:8,omit:direction_decreasing,1,1,1,1
direction+inflection+asymptote:ode:8,omit:inflection_concave_to_convex,1,1,1,1
direction+inflection+asymptote:ode:8,add:regime_postchange,0,0,1,1
direction+inflection+asymptote:ode:8,reverse:asymptote_to_0_from_above->asymptote_to_0_from_below,0,0,1,1
direction+inflection+asymptote:ode:8,reverse:direction_decreasing->direction_increasing,0,0,1,1
direction+inflection+asymptote:ode:8,reverse:inflection_concave_to_convex->inflection_convex_to_concave,0,0,1,1
direction+inflection+asymptote:ode:9,omit:asymptote_to_0_from_above,1,1,1,1
direction+inflection+asymptote:ode:9,omit:direction_decreasing,1,1,1,1
direction+inflection+asymptote:ode:9,omit:inflection_concave_to_convex,1,1,1,1
direction+inflection+asymptote:ode:9,add:regime_postchange,0,0,1,1
direction+inflection+asymptote:ode:9,reverse:asymptote_to_0_from_above->asymptote_to_0_from_below,0,0,1,1
direction+inflection+asymptote:ode:9,reverse:direction_decreasing->direction_increasing,0,0,1,1
direction+inflection+asymptote:ode:9,reverse:inflection_concave_to_convex->inflection_convex_to_concave,0,0,1,1
direction+inflection+asymptote:ode:10,omit:asymptote_to_0_from_above,1,1,1,1
direction+inflection+asymptote:ode:10,omit:direction_decreasing,1,1,1,1
direction+inflection+asymptote:ode:10,omit:inflection_concave_to_convex,1,1,1,1
direction+inflection+asymptote:ode:10,add:regime_postchange,0,0,1,1
direction+inflection+asymptote:ode:10,reverse:asymptote_to_0_from_above->asymptote_to_0_from_below,0,0,1,1
direction+inflection+asymptote:ode:10,reverse:direction_decreasing->direction_increasing,0,0,1,1
direction+inflection+asymptote:ode:10,reverse:inflection_concave_to_convex->inflection_convex_to_concave,0,0,1,1
direction+inflection+asymptote:ode:11,omit:asymptote_to_0_from_above,1,1,1,1
direction+inflection+asymptote:ode:11,omit:direction_decreasing,1,1,1,1
direction+inflection+asymptote:ode:11,omit:inflection_concave_to_convex,1,1,1,1
direction+inflection+asymptote:ode:11,add:regime_postchange,0,0,1,1
direction+inflection+asymptote:ode:11,reverse:asymptote_to_0_from_above->asymptote_to_0_from_below,0,0,1,1
direction+inflection+asymptote:ode:11,reverse:direction_decreasing->direction_increasing,0,0,1,1
direction+inflection+asymptote:ode:11,reverse:inflection_concave_to_convex->inflection_convex_to_concave,0,0,1,1
direction+inflection+asymptote:ode:12,omit:asymptote_to_0_from_above,1,1,1,1
direction+inflection+asymptote:ode:12,omit:direction_decreasing,1,1,1,1
direction+inflection+asymptote:ode:12,omit:inflection_concave_to_convex,1,1,1,1
direction+inflection+asymptote:ode:12,add:regime_postchange,0,0,1,1
direction+inflection+asymptote:ode:12,reverse:asymptote_to_0_from_above->asymptote_to_0_from_below,0,0,1,1
direction+inflection+asymptote:ode:12,reverse:direction_decreasing->direction_increasing,0,0,1,1
direction+inflection+asymptote:ode:12,reverse:inflection_concave_to_convex->inflection_convex_to_concave,0,0,1,1
direction+inflection+asymptote:ode:13,omit:asymptote_to_0_from_above,1,1,1,1
direction+inflection+asymptote:ode:13,omit:direction_decreasing,1,1,1,1
direction+inflection+asymptote:ode:13,omit:inflection_concave_to_convex,1,1,1,1
direction+inflection+asymptote:ode:13,add:regime_postchange,0,0,1,1
direction+inflection+asymptote:ode:13,reverse:asymptote_to_0_from_above->asymptote_to_0_from_below,0,0,1,1
direction+inflection+asymptote:ode:13,reverse:direction_decreasing->direction_increasing,0,0,1,1
direction+inflection+asymptote:ode:13,reverse:inflection_concave_to_convex->inflection_convex_to_concave,0,0,1,1
direction+inflection+asymptote:ode:14,omit:asymptote_to_0_from_above,1,1,1,1
direction+inflection+asymptote:ode:14,omit:direction_decreasing,1,1,1,1
direction+inflection+asymptote:ode:14,omit:inflection_concave_to_convex,1,1,1,1
direction+inflection+asymptote:ode:14,add:regime_postchange,0,0,1,1
direction+inflection+asymptote:ode:14,reverse:asymptote_to_0_from_above->asymptote_to_0_from_below,0,0,1,1
direction+inflection+asymptote:ode:14,reverse:direction_decreasing->direction_increasing,0,0,1,1
direction+inflection+asymptote:ode:14,reverse:inflection_concave_to_convex->inflection_convex_to_concave,0,0,1,1
direction+inflection+asymptote:ode:15,omit:asymptote_to_0_from_above,1,1,1,1
direction+inflection+asymptote:ode:15,omit:direction_decreasing,1,1,1,1
direction+inflection+asymptote:ode:15,omit:inflection_concave_to_convex,1,1,1,1
direction+inflection+asymptote:ode:15,add:regime_postchange,0,0,1,1
direction+inflection+asymptote:ode:15,reverse:asymptote_to_0_from_above->asymptote_to_0_from_below,0,0,1,1
direction+inflection+asymptote:ode:15,reverse:direction_decreasing->direction_increasing,0,0,1,1
direction+inflection+asymptote:ode:15,reverse:inflection_concave_to_convex->inflection_convex_to_concave,0,0,1,1
direction+inflection+asymptote:ode:16,omit:asymptote_to_0_from_above,1,1,1,1
direction+inflection+asymptote:ode:16,omit:direction_decreasing,1,1,1,1
direction+inflection+asymptote:ode:16,omit:inflection_concave_to_convex,1,1,1,1
direction+inflection+asymptote:ode:16,add:regime_postchange,0,0,1,1
direction+inflection+asymptote:ode:16,reverse:asymptote_to_0_from_above->asymptote_to_0_from_below,0,0,1,1
direction+inflection+asymptote:ode:16,reverse:direction_decreasing->direction_increasing,0,0,1,1
direction+inflection+asymptote:ode:16,reverse:inflection_concave_to_convex->inflection_convex_to_concave,0,0,1,1
direction+inflection+asymptote:ode:17,omit:asymptote_to_0_from_above,1,1,1,1
direction+inflection+asymptote:ode:17,omit:direction_decreasing,1,1,1,1
direction+inflection+asymptote:ode:17,omit:inflection_concave_to_convex,1,1,1,1
direction+inflection+asymptote:ode:17,add:regime_postchange,0,0,1,1
direction+inflection+asymptote:ode:17,reverse:asymptote_to_0_from_above->asymptote_to_0_from_below,0,0,1,1
direction+inflection+asymptote:ode:17,reverse:direction_decreasing->direction_increasing,0,0,1,1
direction+inflection+asymptote:ode:17,reverse:inflection_concave_to_convex->inflection_convex_to_concave,0,0,1,1
direction+inflection+asymptote:ode:18,omit:asymptote_to_0_from_above,1,1,1,1
direction+inflection+asymptote:ode:18,omit:direction_decreasing,1,1,1,1
direction+inflection+asymptote:ode:18,omit:inflection_concave_to_convex,1,1,1,1
direction+inflection+asymptote:ode:18,add:regime_postchange,0,0,1,1
direction+inflection+asymptote:ode:18,reverse:asymptote_to_0_from_above->asymptote_to_0_from_below,0,0,1,1
direction+inflection+asymptote:ode:18,reverse:direction_decreasing->direction_increasing,0,0,1,1
direction+inflection+asymptote:ode:18,reverse:inflection_concave_to_convex->inflection_convex_to_concave,0,0,1,1
direction+inflection+asymptote:ode:19,omit:asymptote_to_0_from_above,1,1,1,1
direction+inflection+asymptote:ode:19,omit:direction_decreasing,1,1,1,1
direction+inflection+asymptote:ode:19,omit:inflection_concave_to_convex,1,1,1,1
direction+inflection+asymptote:ode:19,add:regime_postchange,0,0,1,1
direction+inflection+asymptote:ode:19,reverse:asymptote_to_0_from_above->asymptote_to_0_from_below,0,0,1,1
direction+inflection+asymptote:ode:19,reverse:direction_decreasing->direction_increasing,0,0,1,1
direction+inflection+asymptote:ode:19,reverse:inflection_concave_to_convex->inflection_convex_to_concave,0,0,1,1
direction+inflection+asymptote:ode:20,omit:asymptote_to_0_from_above,1,1,1,1
direction+inflection+asymptote:ode:20,omit:direction_decreasing,1,1,1,1
direction+inflection+asymptote:ode:20,omit:inflection_concave_to_convex,1,1,1,1
direction+inflection+asymptote:ode:20,add:regime_postchange,0,0,1,1
direction+inflection+asymptote:ode:20,reverse:asymptote_to_0_from_above->asymptote_to_0_from_below,0,0,1,1
direction+inflection+asymptote:ode:20,reverse:direction_decreasing->direction_increasing,0,0,1,1
direction+inflection+asymptote:ode:20,reverse:inflection_concave_to_convex->inflection_convex_to_concave,0,0,1,1
direction+inflection+asymptote:ode:21,omit:asymptote_to_0_from_above,1,1,1,1
direction+inflection+asymptote:ode:21,omit:direction_decreasing,1,1,1,1
direction+inflection+asymptote:ode:21,omit:inflection_concave_to_convex,1,1,1,1
direction+inflection+asymptote:ode:21,add:regime_postchange,0,0,1,1
direction+inflection+asymptote:ode:21,reverse:asymptote_to_0_from_above->asymptote_to_0_from_below,0,0,1,1
direction+inflection+asymptote:ode:21,reverse:direction_decreasing->direction_increasing,0,0,1,1
direction+inflection+asymptote:ode:21,reverse:inflection_concave_to_convex->inflection_convex_to_concave,0,0,1,1
direction+inflection+asymptote:ode:22,omit:asymptote_to_0_from_above,1,1,1,1
direction+inflection+asymptote:ode:22,omit:direction_decreasing,1,1,1,1
direction+inflection+asymptote:ode:22,omit:inflection_concave_to_convex,1,1,1,1
direction+inflection+asymptote:ode:22,add:regime_postchange,0,0,1,1
direction+inflection+asymptote:ode:22,reverse:asymptote_to_0_from_above->asymptote_to_0_from_below,0,0,1,1
direction+inflection+asymptote:ode:22,reverse:direction_decreasing->direction_increasing,0,0,1,1
direction+inflection+asymptote:ode:22,reverse:inflection_concave_to_convex->inflection_convex_to_concave,0,0,1,1
direction+inflection+asymptote:ode:23,omit:asymptote_to_0_from_above,1,1,1,1
direction+inflection+asymptote:ode:23,omit:direction_decreasing,1,1,1,1
direction+inflection+asymptote:ode:23,omit:inflection_concave_to_convex,1,1,1,1
direction+inflection+asymptote:ode:23,add:regime_postchange,0,0,1,1
direction+inflection+asymptote:ode:23,reverse:asymptote_to_0_from_above->asymptote_to_0_from_below,0,0,1,1
direction+inflection+asymptote:ode:23,reverse:direction_decreasing->direction_increasing,0,0,1,1
direction+inflection+asymptote:ode:23,reverse:inflection_concave_to_convex->inflection_convex_to_concave,0,0,1,1
direction+inflection+asymptote:ode:24,omit:asymptote_to_0_from_above,1,1,1,1
direction+inflection+asymptote:ode:24,omit:direction_decreasing,1,1,1,1
direction+inflection+asymptote:ode:24,omit:inflection_concave_to_convex,1,1,1,1
direction+inflection+asymptote:ode:24,add:regime_postchange,0,0,1,1
direction+inflection+asymptote:ode:24,reverse:asymptote_to_0_from_above->asymptote_to_0_from_below,0,0,1,1
direction+inflection+asymptote:ode:24,reverse:direction_decreasing->direction_increasing,0,0,1,1
direction+inflection+asymptote:ode:24,reverse:inflection_concave_to_convex->inflection_convex_to_concave,0,0,1,1
direction+inflection+asymptote:ode:25,omit:asymptote_to_0_from_above,1,1,1,1
direction+inflection+asymptote:ode:25,omit:direction_decreasing,1,1,1,1
direction+inflection+asymptote:ode:25,omit:inflection_concave_to_convex,1,1,1,1
direction+inflection+asymptote:ode:25,add:regime_postchange,0,0,1,1
direction+inflection+asymptote:ode:25,reverse:asymptote_to_0_from_above->asymptote_to_0_from_below,0,0,1,1
direction+inflection+asymptote:ode:25,reverse:direction_decreasing->direction_increasing,0,0,1,1
direction+inflection+asymptote:ode:25,reverse:inflection_concave_to_convex->inflection_convex_to_concave,0,0,1,1
direction+inflection+asymptote:ode:26,omit:asymptote_to_0_from_above,1,1,1,1
direction+inflection+asymptote:ode:26,omit:direction_decreasing,1,1,1,1
direction+inflection+asymptote:ode:26,omit:inflection_concave_to_convex,1,1,1,1
direction+inflection+asymptote:ode:26,add:regime_postchange,0,0,1,1
direction+inflection+asymptote:ode:26,reverse:asymptote_to_0_from_above->asymptote_to_0_from_below,0,0,1,1
direction+inflection+asymptote:ode:26,reverse:direction_decreasing->direction_increasing,0,0,1,1
direction+inflection+asymptote:ode:26,reverse:inflection_concave_to_convex->inflection_convex_to_concave,0,0,1,1
direction+inflection+asymptote:ode:27,omit:asymptote_to_0_from_above,1,1,1,1
direction+inflection+asymptote:ode:27,omit:direction_decreasing,1,1,1,1
direction+inflection+asymptote:ode:27,omit:inflection_concave_to_convex,1,1,1,1
direction+inflection+asymptote:ode:27,add:regime_postchange,0,0,1,1
direction+inflection+asymptote:ode:27,reverse:asymptote_to_0_from_above->asymptote_to_0_from_below,0,0,1,1
direction+inflection+asymptote:ode:27,reverse:direction_decreasing->direction_increasing,0,0,1,1
direction+inflection+asymptote:ode:27,reverse:inflection_concave_to_convex->inflection_convex_to_concave,0,0,1,1
direction+inflection+asymptote:ode:28,omit:asymptote_to_0_from_above,1,1,1,1
direction+inflection+asymptote:ode:28,omit:direction_decreasing,1,1,1,1
direction+inflection+asymptote:ode:28,omit:inflection_concave_to_convex,1,1,1,1
direction+inflection+asymptote:ode:28,add:regime_postchange,0,0,1,1
direction+inflection+asymptote:ode:28,reverse:asymptote_to_0_from_above->asymptote_to_0_from_below,0,0,1,1
direction+inflection+asymptote:ode:28,reverse:direction_decreasing->direction_increasing,0,0,1,1
direction+inflection+asymptote:ode:28,reverse:inflection_concave_to_convex->inflection_convex_to_concave,0,0,1,1
direction+inflection+asymptote:ode:29,omit:asymptote_to_0_from_above,1,1,1,1
direction+inflection+asymptote:ode:29,omit:direction_decreasing,1,1,1,1
direction+inflection+asymptote:ode:29,omit:inflection_concave_to_convex,1,1,1,1
direction+inflection+asymptote:ode:29,add:regime_postchange,0,0,1,1
direction+inflection+asymptote:ode:29,reverse:asymptote_to_0_from_above->asymptote_to_0_from_below,0,0,1,1
direction+inflection+asymptote:ode:29,reverse:direction_decreasing->direction_increasing,0,0,1,1
direction+inflection+asymptote:ode:29,reverse:inflection_concave_to_convex->inflection_convex_to_concave,0,0,1,1
curvature+bound+asymptote:spline:0,omit:asymptote_to_0_from_above,1,1,1,1
curvature+bound+asymptote:spline:0,omit:curvature_convex,1,1,1,1
curvature+bound+asymptote:spline:0,omit:lower_bound_0,1,1,1,1
curvature+bound+asymptote:spline:0,add:regime_postchange,0,0,1,1
curvature+bound+asymptote:spline:0,reverse:asymptote_to_0_from_above->asymptote_to_0_from_below,0,0,1,1
curvature+bound+asymptote:spline:0,reverse:curvature_convex->curvature_concave,0,0,1,1
curvature+bound+asymptote:spline:1,omit:asymptote_to_0_from_above,1,1,1,1
curvature+bound+asymptote:spline:1,omit:curvature_convex,1,1,1,1
curvature+bound+asymptote:spline:1,omit:lower_bound_0,1,1,1,1
curvature+bound+asymptote:spline:1,add:regime_postchange,0,0,1,1
curvature+bound+asymptote:spline:1,reverse:asymptote_to_0_from_above->asymptote_to_0_from_below,0,0,1,1
curvature+bound+asymptote:spline:1,reverse:curvature_convex->curvature_concave,0,0,1,1
curvature+bound+asymptote:spline:2,omit:asymptote_to_0_from_above,1,1,1,1
curvature+bound+asymptote:spline:2,omit:curvature_convex,1,1,1,1
curvature+bound+asymptote:spline:2,omit:lower_bound_0,1,1,1,1
curvature+bound+asymptote:spline:2,add:regime_postchange,0,0,1,1
curvature+bound+asymptote:spline:2,reverse:asymptote_to_0_from_above->asymptote_to_0_from_below,0,0,1,1
curvature+bound+asymptote:spline:2,reverse:curvature_convex->curvature_concave,0,0,1,1
curvature+bound+asymptote:spline:3,omit:asymptote_to_0_from_above,1,1,1,1
curvature+bound+asymptote:spline:3,omit:curvature_convex,1,1,1,1
curvature+bound+asymptote:spline:3,omit:lower_bound_0,1,1,1,1
curvature+bound+asymptote:spline:3,add:regime_postchange,0,0,1,1
curvature+bound+asymptote:spline:3,reverse:asymptote_to_0_from_above->asymptote_to_0_from_below,0,0,1,1
curvature+bound+asymptote:spline:3,reverse:curvature_convex->curvature_concave,0,0,1,1
curvature+bound+asymptote:spline:4,omit:asymptote_to_0_from_above,1,1,1,1
curvature+bound+asymptote:spline:4,omit:curvature_convex,1,1,1,1
curvature+bound+asymptote:spline:4,omit:lower_bound_0,1,1,1,1
curvature+bound+asymptote:spline:4,add:regime_postchange,0,0,1,1
curvature+bound+asymptote:spline:4,reverse:asymptote_to_0_from_above->asymptote_to_0_from_below,0,0,1,1
curvature+bound+asymptote:spline:4,reverse:curvature_convex->curvature_concave,0,0,1,1
curvature+bound+asymptote:spline:5,omit:asymptote_to_0_from_above,1,1,1,1
curvature+bound+asymptote:spline:5,omit:curvature_convex,1,1,1,1
curvature+bound+asymptote:spline:5,omit:lower_bound_0,1,1,1,1
curvature+bound+asymptote:spline:5,add:regime_postchange,0,0,1,1
curvature+bound+asymptote:spline:5,reverse:asymptote_to_0_from_above->asymptote_to_0_from_below,0,0,1,1
curvature+bound+asymptote:spline:5,reverse:curvature_convex->curvature_concave,0,0,1,1
curvature+bound+asymptote:spline:6,omit:asymptote_to_0_from_above,1,1,1,1
curvature+bound+asymptote:spline:6,omit:curvature_convex,1,1,1,1
curvature+bound+asymptote:spline:6,omit:lower_bound_0,1,1,1,1
curvature+bound+asymptote:spline:6,add:regime_postchange,0,0,1,1
curvature+bound+asymptote:spline:6,reverse:asymptote_to_0_from_above->asymptote_to_0_from_below,0,0,1,1
curvature+bound+asymptote:spline:6,reverse:curvature_convex->curvature_concave,0,0,1,1
curvature+bound+asymptote:spline:7,omit:asymptote_to_0_from_above,1,1,1,1
curvature+bound+asymptote:spline:7,omit:curvature_convex,1,1,1,1
curvature+bound+asymptote:spline:7,omit:lower_bound_0,1,1,1,1
curvature+bound+asymptote:spline:7,add:regime_postchange,0,0,1,1
curvature+bound+asymptote:spline:7,reverse:asymptote_to_0_from_above->asymptote_to_0_from_below,0,0,1,1
curvature+bound+asymptote:spline:7,reverse:curvature_convex->curvature_concave,0,0,1,1
curvature+bound+asymptote:spline:8,omit:asymptote_to_0_from_above,1,1,1,1
curvature+bound+asymptote:spline:8,omit:curvature_convex,1,1,1,1
curvature+bound+asymptote:spline:8,omit:lower_bound_0,1,1,1,1
curvature+bound+asymptote:spline:8,add:regime_postchange,0,0,1,1
curvature+bound+asymptote:spline:8,reverse:asymptote_to_0_from_above->asymptote_to_0_from_below,0,0,1,1
curvature+bound+asymptote:spline:8,reverse:curvature_convex->curvature_concave,0,0,1,1
curvature+bound+asymptote:spline:9,omit:asymptote_to_0_from_above,1,1,1,1
curvature+bound+asymptote:spline:9,omit:curvature_convex,1,1,1,1
curvature+bound+asymptote:spline:9,omit:lower_bound_0,1,1,1,1
curvature+bound+asymptote:spline:9,add:regime_postchange,0,0,1,1
curvature+bound+asymptote:spline:9,reverse:asymptote_to_0_from_above->asymptote_to_0_from_below,0,0,1,1
curvature+bound+asymptote:spline:9,reverse:curvature_convex->curvature_concave,0,0,1,1
curvature+bound+asymptote:spline:10,omit:asymptote_to_0_from_above,1,1,1,1
curvature+bound+asymptote:spline:10,omit:curvature_convex,1,1,1,1
curvature+bound+asymptote:spline:10,omit:lower_bound_0,1,1,1,1
curvature+bound+asymptote:spline:10,add:regime_postchange,0,0,1,1
curvature+bound+asymptote:spline:10,reverse:asymptote_to_0_from_above->asymptote_to_0_from_below,0,0,1,1
curvature+bound+asymptote:spline:10,reverse:curvature_convex->curvature_concave,0,0,1,1
curvature+bound+asymptote:spline:11,omit:asymptote_to_0_from_above,1,1,1,1
curvature+bound+asymptote:spline:11,omit:curvature_convex,1,1,1,1
curvature+bound+asymptote:spline:11,omit:lower_bound_0,1,1,1,1
curvature+bound+asymptote:spline:11,add:regime_postchange,0,0,1,1
curvature+bound+asymptote:spline:11,reverse:asymptote_to_0_from_above->asymptote_to_0_from_below,0,0,1,1
curvature+bound+asymptote:spline:11,reverse:curvature_convex->curvature_concave,0,0,1,1
curvature+bound+asymptote:spline:12,omit:asymptote_to_0_from_above,1,1,1,1
curvature+bound+asymptote:spline:12,omit:curvature_convex,1,1,1,1
curvature+bound+asymptote:spline:12,omit:lower_bound_0,1,1,1,1
curvature+bound+asymptote:spline:12,add:regime_postchange,0,0,1,1
curvature+bound+asymptote:spline:12,reverse:asymptote_to_0_from_above->asymptote_to_0_from_below,0,0,1,1
curvature+bound+asymptote:spline:12,reverse:curvature_convex->curvature_concave,0,0,1,1
curvature+bound+asymptote:spline:13,omit:asymptote_to_0_from_above,1,1,1,1
curvature+bound+asymptote:spline:13,omit:curvature_convex,1,1,1,1
curvature+bound+asymptote:spline:13,omit:lower_bound_0,1,1,1,1
curvature+bound+asymptote:spline:13,add:regime_postchange,0,0,1,1
curvature+bound+asymptote:spline:13,reverse:asymptote_to_0_from_above->asymptote_to_0_from_below,0,0,1,1
curvature+bound+asymptote:spline:13,reverse:curvature_convex->curvature_concave,0,0,1,1
curvature+bound+asymptote:spline:14,omit:asymptote_to_0_from_above,1,1,1,1
curvature+bound+asymptote:spline:14,omit:curvature_convex,1,1,1,1
curvature+bound+asymptote:spline:14,omit:lower_bound_0,1,1,1,1
curvature+bound+asymptote:spline:14,add:regime_postchange,0,0,1,1
curvature+bound+asymptote:spline:14,reverse:asymptote_to_0_from_above->asymptote_to_0_from_below,0,0,1,1
curvature+bound+asymptote:spline:14,reverse:curvature_convex->curvature_concave,0,0,1,1
curvature+bound+asymptote:spline:15,omit:asymptote_to_0_from_above,1,1,1,1
curvature+bound+asymptote:spline:15,omit:curvature_convex,1,1,1,1
curvature+bound+asymptote:spline:15,omit:lower_bound_0,1,1,1,1
curvature+bound+asymptote:spline:15,add:regime_postchange,0,0,1,1
curvature+bound+asymptote:spline:15,reverse:asymptote_to_0_from_above->asymptote_to_0_from_below,0,0,1,1
curvature+bound+asymptote:spline:15,reverse:curvature_convex->curvature_concave,0,0,1,1
curvature+bound+asymptote:spline:16,omit:asymptote_to_0_from_above,1,1,1,1
curvature+bound+asymptote:spline:16,omit:curvature_convex,1,1,1,1
curvature+bound+asymptote:spline:16,omit:lower_bound_0,1,1,1,1
curvature+bound+asymptote:spline:16,add:regime_postchange,0,0,1,1
curvature+bound+asymptote:spline:16,reverse:asymptote_to_0_from_above->asymptote_to_0_from_below,0,0,1,1
curvature+bound+asymptote:spline:16,reverse:curvature_convex->curvature_concave,0,0,1,1
curvature+bound+asymptote:spline:17,omit:asymptote_to_0_from_above,1,1,1,1
curvature+bound+asymptote:spline:17,omit:curvature_convex,1,1,1,1
curvature+bound+asymptote:spline:17,omit:lower_bound_0,1,1,1,1
curvature+bound+asymptote:spline:17,add:regime_postchange,0,0,1,1
curvature+bound+asymptote:spline:17,reverse:asymptote_to_0_from_above->asymptote_to_0_from_below,0,0,1,1
curvature+bound+asymptote:spline:17,reverse:curvature_convex->curvature_concave,0,0,1,1
curvature+bound+asymptote:spline:18,omit:asymptote_to_0_from_above,1,1,1,1
curvature+bound+asymptote:spline:18,omit:curvature_convex,1,1,1,1
curvature+bound+asymptote:spline:18,omit:lower_bound_0,1,1,1,1
curvature+bound+asymptote:spline:18,add:regime_postchange,0,0,1,1
curvature+bound+asymptote:spline:18,reverse:asymptote_to_0_from_above->asymptote_to_0_from_below,0,0,1,1
curvature+bound+asymptote:spline:18,reverse:curvature_convex->curvature_concave,0,0,1,1
curvature+bound+asymptote:spline:19,omit:asymptote_to_0_from_above,1,1,1,1
curvature+bound+asymptote:spline:19,omit:curvature_convex,1,1,1,1
curvature+bound+asymptote:spline:19,omit:lower_bound_0,1,1,1,1
curvature+bound+asymptote:spline:19,add:regime_postchange,0,0,1,1
curvature+bound+asymptote:spline:19,reverse:asymptote_to_0_from_above->asymptote_to_0_from_below,0,0,1,1
curvature+bound+asymptote:spline:19,reverse:curvature_convex->curvature_concave,0,0,1,1
curvature+bound+asymptote:spline:20,omit:asymptote_to_0_from_above,1,1,1,1
curvature+bound+asymptote:spline:20,omit:curvature_convex,1,1,1,1
curvature+bound+asymptote:spline:20,omit:lower_bound_0,1,1,1,1
curvature+bound+asymptote:spline:20,add:regime_postchange,0,0,1,1
curvature+bound+asymptote:spline:20,reverse:asymptote_to_0_from_above->asymptote_to_0_from_below,0,0,1,1
curvature+bound+asymptote:spline:20,reverse:curvature_convex->curvature_concave,0,0,1,1
curvature+bound+asymptote:spline:21,omit:asymptote_to_0_from_above,1,1,1,1
curvature+bound+asymptote:spline:21,omit:curvature_convex,1,1,1,1
curvature+bound+asymptote:spline:21,omit:lower_bound_0,1,1,1,1
curvature+bound+asymptote:spline:21,add:regime_postchange,0,0,1,1
curvature+bound+asymptote:spline:21,reverse:asymptote_to_0_from_above->asymptote_to_0_from_below,0,0,1,1
curvature+bound+asymptote:spline:21,reverse:curvature_convex->curvature_concave,0,0,1,1
curvature+bound+asymptote:spline:22,omit:asymptote_to_0_from_above,1,1,1,1
curvature+bound+asymptote:spline:22,omit:curvature_convex,1,1,1,1
curvature+bound+asymptote:spline:22,omit:lower_bound_0,1,1,1,1
curvature+bound+asymptote:spline:22,add:regime_postchange,0,0,1,1
curvature+bound+asymptote:spline:22,reverse:asymptote_to_0_from_above->asymptote_to_0_from_below,0,0,1,1
curvature+bound+asymptote:spline:22,reverse:curvature_convex->curvature_concave,0,0,1,1
curvature+bound+asymptote:spline:23,omit:asymptote_to_0_from_above,1,1,1,1
curvature+bound+asymptote:spline:23,omit:curvature_convex,1,1,1,1
curvature+bound+asymptote:spline:23,omit:lower_bound_0,1,1,1,1
curvature+bound+asymptote:spline:23,add:regime_postchange,0,0,1,1
curvature+bound+asymptote:spline:23,reverse:asymptote_to_0_from_above->asymptote_to_0_from_below,0,0,1,1
curvature+bound+asymptote:spline:23,reverse:curvature_convex->curvature_concave,0,0,1,1
curvature+bound+asymptote:spline:24,omit:asymptote_to_0_from_above,1,1,1,1
curvature+bound+asymptote:spline:24,omit:curvature_convex,1,1,1,1
curvature+bound+asymptote:spline:24,omit:lower_bound_0,1,1,1,1
curvature+bound+asymptote:spline:24,add:regime_postchange,0,0,1,1
curvature+bound+asymptote:spline:24,reverse:asymptote_to_0_from_above->asymptote_to_0_from_below,0,0,1,1
curvature+bound+asymptote:spline:24,reverse:curvature_convex->curvature_concave,0,0,1,1
curvature+bound+asymptote:spline:25,omit:asymptote_to_0_from_above,1,1,1,1
curvature+bound+asymptote:spline:25,omit:curvature_convex,1,1,1,1
curvature+bound+asymptote:spline:25,omit:lower_bound_0,1,1,1,1
curvature+bound+asymptote:spline:25,add:regime_postchange,0,0,1,1
curvature+bound+asymptote:spline:25,reverse:asymptote_to_0_from_above->asymptote_to_0_from_below,0,0,1,1
curvature+bound+asymptote:spline:25,reverse:curvature_convex->curvature_concave,0,0,1,1
curvature+bound+asymptote:spline:26,omit:asymptote_to_0_from_above,1,1,1,1
curvature+bound+asymptote:spline:26,omit:curvature_convex,1,1,1,1
curvature+bound+asymptote:spline:26,omit:lower_bound_0,1,1,1,1
curvature+bound+asymptote:spline:26,add:regime_postchange,0,0,1,1
curvature+bound+asymptote:spline:26,reverse:asymptote_to_0_from_above->asymptote_to_0_from_below,0,0,1,1
curvature+bound+asymptote:spline:26,reverse:curvature_convex->curvature_concave,0,0,1,1
curvature+bound+asymptote:spline:27,omit:asymptote_to_0_from_above,1,1,1,1
curvature+bound+asymptote:spline:27,omit:curvature_convex,1,1,1,1
curvature+bound+asymptote:spline:27,omit:lower_bound_0,1,1,1,1
curvature+bound+asymptote:spline:27,add:regime_postchange,0,0,1,1
curvature+bound+asymptote:spline:27,reverse:asymptote_to_0_from_above->asymptote_to_0_from_below,0,0,1,1
curvature+bound+asymptote:spline:27,reverse:curvature_convex->curvature_concave,0,0,1,1
curvature+bound+asymptote:spline:28,omit:asymptote_to_0_from_above,1,1,1,1
curvature+bound+asymptote:spline:28,omit:curvature_convex,1,1,1,1
curvature+bound+asymptote:spline:28,omit:lower_bound_0,1,1,1,1
curvature+bound+asymptote:spline:28,add:regime_postchange,0,0,1,1
curvature+bound+asymptote:spline:28,reverse:asymptote_to_0_from_above->asymptote_to_0_from_below,0,0,1,1
curvature+bound+asymptote:spline:28,reverse:curvature_convex->curvature_concave,0,0,1,1
curvature+bound+asymptote:spline:29,omit:asymptote_to_0_from_above,1,1,1,1
curvature+bound+asymptote:spline:29,omit:curvature_convex,1,1,1,1
curvature+bound+asymptote:spline:29,omit:lower_bound_0,1,1,1,1
curvature+bound+asymptote:spline:29,add:regime_postchange,0,0,1,1
curvature+bound+asymptote:spline:29,reverse:asymptote_to_0_from_above->asymptote_to_0_from_below,0,0,1,1
curvature+bound+asymptote:spline:29,reverse:curvature_convex->curvature_concave,0,0,1,1
curvature+bound+asymptote:basis:0,omit:asymptote_to_0_from_above,1,1,1,1
curvature+bound+asymptote:basis:0,omit:curvature_convex,1,1,1,1
curvature+bound+asymptote:basis:0,omit:lower_bound_0,1,1,1,1
curvature+bound+asymptote:basis:0,add:regime_postchange,0,0,1,1
curvature+bound+asymptote:basis:0,reverse:asymptote_to_0_from_above->asymptote_to_0_from_below,0,0,1,1
curvature+bound+asymptote:basis:0,reverse:curvature_convex->curvature_concave,0,0,1,1
curvature+bound+asymptote:basis:1,omit:asymptote_to_0_from_above,1,1,1,1
curvature+bound+asymptote:basis:1,omit:curvature_convex,1,1,1,1
curvature+bound+asymptote:basis:1,omit:lower_bound_0,1,1,1,1
curvature+bound+asymptote:basis:1,add:regime_postchange,0,0,1,1
curvature+bound+asymptote:basis:1,reverse:asymptote_to_0_from_above->asymptote_to_0_from_below,0,0,1,1
curvature+bound+asymptote:basis:1,reverse:curvature_convex->curvature_concave,0,0,1,1
curvature+bound+asymptote:basis:2,omit:asymptote_to_0_from_above,1,1,1,1
curvature+bound+asymptote:basis:2,omit:curvature_convex,1,1,1,1
curvature+bound+asymptote:basis:2,omit:lower_bound_0,1,1,1,1
curvature+bound+asymptote:basis:2,add:regime_postchange,0,0,1,1
curvature+bound+asymptote:basis:2,reverse:asymptote_to_0_from_above->asymptote_to_0_from_below,0,0,1,1
curvature+bound+asymptote:basis:2,reverse:curvature_convex->curvature_concave,0,0,1,1
curvature+bound+asymptote:basis:3,omit:asymptote_to_0_from_above,1,1,1,1
curvature+bound+asymptote:basis:3,omit:curvature_convex,1,1,1,1
curvature+bound+asymptote:basis:3,omit:lower_bound_0,1,1,1,1
curvature+bound+asymptote:basis:3,add:regime_postchange,0,0,1,1
curvature+bound+asymptote:basis:3,reverse:asymptote_to_0_from_above->asymptote_to_0_from_below,0,0,1,1
curvature+bound+asymptote:basis:3,reverse:curvature_convex->curvature_concave,0,0,1,1
curvature+bound+asymptote:basis:4,omit:asymptote_to_0_from_above,1,1,1,1
curvature+bound+asymptote:basis:4,omit:curvature_convex,1,1,1,1
curvature+bound+asymptote:basis:4,omit:lower_bound_0,1,1,1,1
curvature+bound+asymptote:basis:4,add:regime_postchange,0,0,1,1
curvature+bound+asymptote:basis:4,reverse:asymptote_to_0_from_above->asymptote_to_0_from_below,0,0,1,1
curvature+bound+asymptote:basis:4,reverse:curvature_convex->curvature_concave,0,0,1,1
curvature+bound+asymptote:basis:5,omit:asymptote_to_0_from_above,1,1,1,1
curvature+bound+asymptote:basis:5,omit:curvature_convex,1,1,1,1
curvature+bound+asymptote:basis:5,omit:lower_bound_0,1,1,1,1
curvature+bound+asymptote:basis:5,add:regime_postchange,0,0,1,1
curvature+bound+asymptote:basis:5,reverse:asymptote_to_0_from_above->asymptote_to_0_from_below,0,0,1,1
curvature+bound+asymptote:basis:5,reverse:curvature_convex->curvature_concave,0,0,1,1
curvature+bound+asymptote:basis:6,omit:asymptote_to_0_from_above,1,1,1,1
curvature+bound+asymptote:basis:6,omit:curvature_convex,1,1,1,1
curvature+bound+asymptote:basis:6,omit:lower_bound_0,1,1,1,1
curvature+bound+asymptote:basis:6,add:regime_postchange,0,0,1,1
curvature+bound+asymptote:basis:6,reverse:asymptote_to_0_from_above->asymptote_to_0_from_below,0,0,1,1
curvature+bound+asymptote:basis:6,reverse:curvature_convex->curvature_concave,0,0,1,1
curvature+bound+asymptote:basis:7,omit:asymptote_to_0_from_above,1,1,1,1
curvature+bound+asymptote:basis:7,omit:curvature_convex,1,1,1,1
curvature+bound+asymptote:basis:7,omit:lower_bound_0,1,1,1,1
curvature+bound+asymptote:basis:7,add:regime_postchange,0,0,1,1
curvature+bound+asymptote:basis:7,reverse:asymptote_to_0_from_above->asymptote_to_0_from_below,0,0,1,1
curvature+bound+asymptote:basis:7,reverse:curvature_convex->curvature_concave,0,0,1,1
curvature+bound+asymptote:basis:8,omit:asymptote_to_0_from_above,1,1,1,1
curvature+bound+asymptote:basis:8,omit:curvature_convex,1,1,1,1
curvature+bound+asymptote:basis:8,omit:lower_bound_0,1,1,1,1
curvature+bound+asymptote:basis:8,add:regime_postchange,0,0,1,1
curvature+bound+asymptote:basis:8,reverse:asymptote_to_0_from_above->asymptote_to_0_from_below,0,0,1,1
curvature+bound+asymptote:basis:8,reverse:curvature_convex->curvature_concave,0,0,1,1
curvature+bound+asymptote:basis:9,omit:asymptote_to_0_from_above,1,1,1,1
curvature+bound+asymptote:basis:9,omit:curvature_convex,1,1,1,1
curvature+bound+asymptote:basis:9,omit:lower_bound_0,1,1,1,1
curvature+bound+asymptote:basis:9,add:regime_postchange,0,0,1,1
curvature+bound+asymptote:basis:9,reverse:asymptote_to_0_from_above->asymptote_to_0_from_below,0,0,1,1
curvature+bound+asymptote:basis:9,reverse:curvature_convex->curvature_concave,0,0,1,1
curvature+bound+asymptote:basis:10,omit:asymptote_to_0_from_above,1,1,1,1
curvature+bound+asymptote:basis:10,omit:curvature_convex,1,1,1,1
curvature+bound+asymptote:basis:10,omit:lower_bound_0,1,1,1,1
curvature+bound+asymptote:basis:10,add:regime_postchange,0,0,1,1
curvature+bound+asymptote:basis:10,reverse:asymptote_to_0_from_above->asymptote_to_0_from_below,0,0,1,1
curvature+bound+asymptote:basis:10,reverse:curvature_convex->curvature_concave,0,0,1,1
curvature+bound+asymptote:basis:11,omit:asymptote_to_0_from_above,1,1,1,1
curvature+bound+asymptote:basis:11,omit:curvature_convex,1,1,1,1
curvature+bound+asymptote:basis:11,omit:lower_bound_0,1,1,1,1
curvature+bound+asymptote:basis:11,add:regime_postchange,0,0,1,1
curvature+bound+asymptote:basis:11,reverse:asymptote_to_0_from_above->asymptote_to_0_from_below,0,0,1,1
curvature+bound+asymptote:basis:11,reverse:curvature_convex->curvature_concave,0,0,1,1
curvature+bound+asymptote:basis:12,omit:asymptote_to_0_from_above,1,1,1,1
curvature+bound+asymptote:basis:12,omit:curvature_convex,1,1,1,1
curvature+bound+asymptote:basis:12,omit:lower_bound_0,1,1,1,1
curvature+bound+asymptote:basis:12,add:regime_postchange,0,0,1,1
curvature+bound+asymptote:basis:12,reverse:asymptote_to_0_from_above->asymptote_to_0_from_below,0,0,1,1
curvature+bound+asymptote:basis:12,reverse:curvature_convex->curvature_concave,0,0,1,1
curvature+bound+asymptote:basis:13,omit:asymptote_to_0_from_above,1,1,1,1
curvature+bound+asymptote:basis:13,omit:curvature_convex,1,1,1,1
curvature+bound+asymptote:basis:13,omit:lower_bound_0,1,1,1,1
curvature+bound+asymptote:basis:13,add:regime_postchange,0,0,1,1
curvature+bound+asymptote:basis:13,reverse:asymptote_to_0_from_above->asymptote_to_0_from_below,0,0,1,1
curvature+bound+asymptote:basis:13,reverse:curvature_convex->curvature_concave,0,0,1,1
curvature+bound+asymptote:basis:14,omit:asymptote_to_0_from_above,1,1,1,1
curvature+bound+asymptote:basis:14,omit:curvature_convex,1,1,1,1
curvature+bound+asymptote:basis:14,omit:lower_bound_0,1,1,1,1
curvature+bound+asymptote:basis:14,add:regime_postchange,0,0,1,1
curvature+bound+asymptote:basis:14,reverse:asymptote_to_0_from_above->asymptote_to_0_from_below,0,0,1,1
curvature+bound+asymptote:basis:14,reverse:curvature_convex->curvature_concave,0,0,1,1
curvature+bound+asymptote:basis:15,omit:asymptote_to_0_from_above,1,1,1,1
curvature+bound+asymptote:basis:15,omit:curvature_convex,1,1,1,1
curvature+bound+asymptote:basis:15,omit:lower_bound_0,1,1,1,1
curvature+bound+asymptote:basis:15,add:regime_postchange,0,0,1,1
curvature+bound+asymptote:basis:15,reverse:asymptote_to_0_from_above->asymptote_to_0_from_below,0,0,1,1
curvature+bound+asymptote:basis:15,reverse:curvature_convex->curvature_concave,0,0,1,1
curvature+bound+asymptote:basis:16,omit:asymptote_to_0_from_above,1,1,1,1
curvature+bound+asymptote:basis:16,omit:curvature_convex,1,1,1,1
curvature+bound+asymptote:basis:16,omit:lower_bound_0,1,1,1,1
curvature+bound+asymptote:basis:16,add:regime_postchange,0,0,1,1
curvature+bound+asymptote:basis:16,reverse:asymptote_to_0_from_above->asymptote_to_0_from_below,0,0,1,1
curvature+bound+asymptote:basis:16,reverse:curvature_convex->curvature_concave,0,0,1,1
curvature+bound+asymptote:basis:17,omit:asymptote_to_0_from_above,1,1,1,1
curvature+bound+asymptote:basis:17,omit:curvature_convex,1,1,1,1
curvature+bound+asymptote:basis:17,omit:lower_bound_0,1,1,1,1
curvature+bound+asymptote:basis:17,add:regime_postchange,0,0,1,1
curvature+bound+asymptote:basis:17,reverse:asymptote_to_0_from_above->asymptote_to_0_from_below,0,0,1,1
curvature+bound+asymptote:basis:17,reverse:curvature_convex->curvature_concave,0,0,1,1
curvature+bound+asymptote:basis:18,omit:asymptote_to_0_from_above,1,1,1,1
curvature+bound+asymptote:basis:18,omit:curvature_convex,1,1,1,1
curvature+bound+asymptote:basis:18,omit:lower_bound_0,1,1,1,1
curvature+bound+asymptote:basis:18,add:regime_postchange,0,0,1,1
curvature+bound+asymptote:basis:18,reverse:asymptote_to_0_from_above->asymptote_to_0_from_below,0,0,1,1
curvature+bound+asymptote:basis:18,reverse:curvature_convex->curvature_concave,0,0,1,1
curvature+bound+asymptote:basis:19,omit:asymptote_to_0_from_above,1,1,1,1
curvature+bound+asymptote:basis:19,omit:curvature_convex,1,1,1,1
curvature+bound+asymptote:basis:19,omit:lower_bound_0,1,1,1,1
curvature+bound+asymptote:basis:19,add:regime_postchange,0,0,1,1
curvature+bound+asymptote:basis:19,reverse:asymptote_to_0_from_above->asymptote_to_0_from_below,0,0,1,1
curvature+bound+asymptote:basis:19,reverse:curvature_convex->curvature_concave,0,0,1,1
curvature+bound+asymptote:basis:20,omit:asymptote_to_0_from_above,1,1,1,1
curvature+bound+asymptote:basis:20,omit:curvature_convex,1,1,1,1
curvature+bound+asymptote:basis:20,omit:lower_bound_0,1,1,1,1
curvature+bound+asymptote:basis:20,add:regime_postchange,0,0,1,1
curvature+bound+asymptote:basis:20,reverse:asymptote_to_0_from_above->asymptote_to_0_from_below,0,0,1,1
curvature+bound+asymptote:basis:20,reverse:curvature_convex->curvature_concave,0,0,1,1
curvature+bound+asymptote:basis:21,omit:asymptote_to_0_from_above,1,1,1,1
curvature+bound+asymptote:basis:21,omit:curvature_convex,1,1,1,1
curvature+bound+asymptote:basis:21,omit:lower_bound_0,1,1,1,1
curvature+bound+asymptote:basis:21,add:regime_postchange,0,0,1,1
curvature+bound+asymptote:basis:21,reverse:asymptote_to_0_from_above->asymptote_to_0_from_below,0,0,1,1
curvature+bound+asymptote:basis:21,reverse:curvature_convex->curvature_concave,0,0,1,1
curvature+bound+asymptote:basis:22,omit:asymptote_to_0_from_above,1,1,1,1
curvature+bound+asymptote:basis:22,omit:curvature_convex,1,1,1,1
curvature+bound+asymptote:basis:22,omit:lower_bound_0,1,1,1,1
curvature+bound+asymptote:basis:22,add:regime_postchange,0,0,1,1
curvature+bound+asymptote:basis:22,reverse:asymptote_to_0_from_above->asymptote_to_0_from_below,0,0,1,1
curvature+bound+asymptote:basis:22,reverse:curvature_convex->curvature_concave,0,0,1,1
curvature+bound+asymptote:basis:23,omit:asymptote_to_0_from_above,1,1,1,1
curvature+bound+asymptote:basis:23,omit:curvature_convex,1,1,1,1
curvature+bound+asymptote:basis:23,omit:lower_bound_0,1,1,1,1
curvature+bound+asymptote:basis:23,add:regime_postchange,0,0,1,1
curvature+bound+asymptote:basis:23,reverse:asymptote_to_0_from_above->asymptote_to_0_from_below,0,0,1,1
curvature+bound+asymptote:basis:23,reverse:curvature_convex->curvature_concave,0,0,1,1
curvature+bound+asymptote:basis:24,omit:asymptote_to_0_from_above,1,1,1,1
curvature+bound+asymptote:basis:24,omit:curvature_convex,1,1,1,1
curvature+bound+asymptote:basis:24,omit:lower_bound_0,1,1,1,1
curvature+bound+asymptote:basis:24,add:regime_postchange,0,0,1,1
curvature+bound+asymptote:basis:24,reverse:asymptote_to_0_from_above->asymptote_to_0_from_below,0,0,1,1
curvature+bound+asymptote:basis:24,reverse:curvature_convex->curvature_concave,0,0,1,1
curvature+bound+asymptote:basis:25,omit:asymptote_to_0_from_above,1,1,1,1
curvature+bound+asymptote:basis:25,omit:curvature_convex,1,1,1,1
curvature+bound+asymptote:basis:25,omit:lower_bound_0,1,1,1,1
curvature+bound+asymptote:basis:25,add:regime_postchange,0,0,1,1
curvature+bound+asymptote:basis:25,reverse:asymptote_to_0_from_above->asymptote_to_0_from_below,0,0,1,1
curvature+bound+asymptote:basis:25,reverse:curvature_convex->curvature_concave,0,0,1,1
curvature+bound+asymptote:basis:26,omit:asymptote_to_0_from_above,1,1,1,1
curvature+bound+asymptote:basis:26,omit:curvature_convex,1,1,1,1
curvature+bound+asymptote:basis:26,omit:lower_bound_0,1,1,1,1
curvature+bound+asymptote:basis:26,add:regime_postchange,0,0,1,1
curvature+bound+asymptote:basis:26,reverse:asymptote_to_0_from_above->asymptote_to_0_from_below,0,0,1,1
curvature+bound+asymptote:basis:26,reverse:curvature_convex->curvature_concave,0,0,1,1
curvature+bound+asymptote:basis:27,omit:asymptote_to_0_from_above,1,1,1,1
curvature+bound+asymptote:basis:27,omit:curvature_convex,1,1,1,1
curvature+bound+asymptote:basis:27,omit:lower_bound_0,1,1,1,1
curvature+bound+asymptote:basis:27,add:regime_postchange,0,0,1,1
curvature+bound+asymptote:basis:27,reverse:asymptote_to_0_from_above->asymptote_to_0_from_below,0,0,1,1
curvature+bound+asymptote:basis:27,reverse:curvature_convex->curvature_concave,0,0,1,1
curvature+bound+asymptote:basis:28,omit:asymptote_to_0_from_above,1,1,1,1
curvature+bound+asymptote:basis:28,omit:curvature_convex,1,1,1,1
curvature+bound+asymptote:basis:28,omit:lower_bound_0,1,1,1,1
curvature+bound+asymptote:basis:28,add:regime_postchange,0,0,1,1
curvature+bound+asymptote:basis:28,reverse:asymptote_to_0_from_above->asymptote_to_0_from_below,0,0,1,1
curvature+bound+asymptote:basis:28,reverse:curvature_convex->curvature_concave,0,0,1,1
curvature+bound+asymptote:basis:29,omit:asymptote_to_0_from_above,1,1,1,1
curvature+bound+asymptote:basis:29,omit:curvature_convex,1,1,1,1
curvature+bound+asymptote:basis:29,omit:lower_bound_0,1,1,1,1
curvature+bound+asymptote:basis:29,add:regime_postchange,0,0,1,1
curvature+bound+asymptote:basis:29,reverse:asymptote_to_0_from_above->asymptote_to_0_from_below,0,0,1,1
curvature+bound+asymptote:basis:29,reverse:curvature_convex->curvature_concave,0,0,1,1
curvature+bound+asymptote:ode:0,omit:asymptote_to_0_from_above,1,1,1,1
curvature+bound+asymptote:ode:0,omit:curvature_convex,1,1,1,1
curvature+bound+asymptote:ode:0,omit:lower_bound_0,1,1,1,1
curvature+bound+asymptote:ode:0,add:regime_postchange,0,0,1,1
curvature+bound+asymptote:ode:0,reverse:asymptote_to_0_from_above->asymptote_to_0_from_below,0,0,1,1
curvature+bound+asymptote:ode:0,reverse:curvature_convex->curvature_concave,0,0,1,1
curvature+bound+asymptote:ode:1,omit:asymptote_to_0_from_above,1,1,1,1
curvature+bound+asymptote:ode:1,omit:curvature_convex,1,1,1,1
curvature+bound+asymptote:ode:1,omit:lower_bound_0,1,1,1,1
curvature+bound+asymptote:ode:1,add:regime_postchange,0,0,1,1
curvature+bound+asymptote:ode:1,reverse:asymptote_to_0_from_above->asymptote_to_0_from_below,0,0,1,1
curvature+bound+asymptote:ode:1,reverse:curvature_convex->curvature_concave,0,0,1,1
curvature+bound+asymptote:ode:2,omit:asymptote_to_0_from_above,1,1,1,1
curvature+bound+asymptote:ode:2,omit:curvature_convex,1,1,1,1
curvature+bound+asymptote:ode:2,omit:lower_bound_0,1,1,1,1
curvature+bound+asymptote:ode:2,add:regime_postchange,0,0,1,1
curvature+bound+asymptote:ode:2,reverse:asymptote_to_0_from_above->asymptote_to_0_from_below,0,0,1,1
curvature+bound+asymptote:ode:2,reverse:curvature_convex->curvature_concave,0,0,1,1
curvature+bound+asymptote:ode:3,omit:asymptote_to_0_from_above,1,1,1,1
curvature+bound+asymptote:ode:3,omit:curvature_convex,1,1,1,1
curvature+bound+asymptote:ode:3,omit:lower_bound_0,1,1,1,1
curvature+bound+asymptote:ode:3,add:regime_postchange,0,0,1,1
curvature+bound+asymptote:ode:3,reverse:asymptote_to_0_from_above->asymptote_to_0_from_below,0,0,1,1
curvature+bound+asymptote:ode:3,reverse:curvature_convex->curvature_concave,0,0,1,1
curvature+bound+asymptote:ode:4,omit:asymptote_to_0_from_above,1,1,1,1
curvature+bound+asymptote:ode:4,omit:curvature_convex,1,1,1,1
curvature+bound+asymptote:ode:4,omit:lower_bound_0,1,1,1,1
curvature+bound+asymptote:ode:4,add:regime_postchange,0,0,1,1
curvature+bound+asymptote:ode:4,reverse:asymptote_to_0_from_above->asymptote_to_0_from_below,0,0,1,1
curvature+bound+asymptote:ode:4,reverse:curvature_convex->curvature_concave,0,0,1,1
curvature+bound+asymptote:ode:5,omit:asymptote_to_0_from_above,1,1,1,1
curvature+bound+asymptote:ode:5,omit:curvature_convex,1,1,1,1
curvature+bound+asymptote:ode:5,omit:lower_bound_0,1,1,1,1
curvature+bound+asymptote:ode:5,add:regime_postchange,0,0,1,1
curvature+bound+asymptote:ode:5,reverse:asymptote_to_0_from_above->asymptote_to_0_from_below,0,0,1,1
curvature+bound+asymptote:ode:5,reverse:curvature_convex->curvature_concave,0,0,1,1
curvature+bound+asymptote:ode:6,omit:asymptote_to_0_from_above,1,1,1,1
curvature+bound+asymptote:ode:6,omit:curvature_convex,1,1,1,1
curvature+bound+asymptote:ode:6,omit:lower_bound_0,1,1,1,1
curvature+bound+asymptote:ode:6,add:regime_postchange,0,0,1,1
curvature+bound+asymptote:ode:6,reverse:asymptote_to_0_from_above->asymptote_to_0_from_below,0,0,1,1
curvature+bound+asymptote:ode:6,reverse:curvature_convex->curvature_concave,0,0,1,1
curvature+bound+asymptote:ode:7,omit:asymptote_to_0_from_above,1,1,1,1
curvature+bound+asymptote:ode:7,omit:curvature_convex,1,1,1,1
curvature+bound+asymptote:ode:7,omit:lower_bound_0,1,1,1,1
curvature+bound+asymptote:ode:7,add:regime_postchange,0,0,1,1
curvature+bound+asymptote:ode:7,reverse:asymptote_to_0_from_above->asymptote_to_0_from_below,0,0,1,1
curvature+bound+asymptote:ode:7,reverse:curvature_convex->curvature_concave,0,0,1,1
curvature+bound+asymptote:ode:8,omit:asymptote_to_0_from_above,1,1,1,1
curvature+bound+asymptote:ode:8,omit:curvature_convex,1,1,1,1
curvature+bound+asymptote:ode:8,omit:lower_bound_0,1,1,1,1
curvature+bound+asymptote:ode:8,add:regime_postchange,0,0,1,1
curvature+bound+asymptote:ode:8,reverse:asymptote_to_0_from_above->asymptote_to_0_from_below,0,0,1,1
curvature+bound+asymptote:ode:8,reverse:curvature_convex->curvature_concave,0,0,1,1
curvature+bound+asymptote:ode:9,omit:asymptote_to_0_from_above,1,1,1,1
curvature+bound+asymptote:ode:9,omit:curvature_convex,1,1,1,1
curvature+bound+asymptote:ode:9,omit:lower_bound_0,1,1,1,1
curvature+bound+asymptote:ode:9,add:regime_postchange,0,0,1,1
curvature+bound+asymptote:ode:9,reverse:asymptote_to_0_from_above->asymptote_to_0_from_below,0,0,1,1
curvature+bound+asymptote:ode:9,reverse:curvature_convex->curvature_concave,0,0,1,1
curvature+bound+asymptote:ode:10,omit:asymptote_to_0_from_above,1,1,1,1
curvature+bound+asymptote:ode:10,omit:curvature_convex,1,1,1,1
curvature+bound+asymptote:ode:10,omit:lower_bound_0,1,1,1,1
curvature+bound+asymptote:ode:10,add:regime_postchange,0,0,1,1
curvature+bound+asymptote:ode:10,reverse:asymptote_to_0_from_above->asymptote_to_0_from_below,0,0,1,1
curvature+bound+asymptote:ode:10,reverse:curvature_convex->curvature_concave,0,0,1,1
curvature+bound+asymptote:ode:11,omit:asymptote_to_0_from_above,1,1,1,1
curvature+bound+asymptote:ode:11,omit:curvature_convex,1,1,1,1
curvature+bound+asymptote:ode:11,omit:lower_bound_0,1,1,1,1
curvature+bound+asymptote:ode:11,add:regime_postchange,0,0,1,1
curvature+bound+asymptote:ode:11,reverse:asymptote_to_0_from_above->asymptote_to_0_from_below,0,0,1,1
curvature+bound+asymptote:ode:11,reverse:curvature_convex->curvature_concave,0,0,1,1
curvature+bound+asymptote:ode:12,omit:asymptote_to_0_from_above,1,1,1,1
curvature+bound+asymptote:ode:12,omit:curvature_convex,1,1,1,1
curvature+bound+asymptote:ode:12,omit:lower_bound_0,1,1,1,1
curvature+bound+asymptote:ode:12,add:regime_postchange,0,0,1,1
curvature+bound+asymptote:ode:12,reverse:asymptote_to_0_from_above->asymptote_to_0_from_below,0,0,1,1
curvature+bound+asymptote:ode:12,reverse:curvature_convex->curvature_concave,0,0,1,1
curvature+bound+asymptote:ode:13,omit:asymptote_to_0_from_above,1,1,1,1
curvature+bound+asymptote:ode:13,omit:curvature_convex,1,1,1,1
curvature+bound+asymptote:ode:13,omit:lower_bound_0,1,1,1,1
curvature+bound+asymptote:ode:13,add:regime_postchange,0,0,1,1
curvature+bound+asymptote:ode:13,reverse:asymptote_to_0_from_above->asymptote_to_0_from_below,0,0,1,1
curvature+bound+asymptote:ode:13,reverse:curvature_convex->curvature_concave,0,0,1,1
curvature+bound+asymptote:ode:14,omit:asymptote_to_0_from_above,1,1,1,1
curvature+bound+asymptote:ode:14,omit:curvature_convex,1,1,1,1
curvature+bound+asymptote:ode:14,omit:lower_bound_0,1,1,1,1
curvature+bound+asymptote:ode:14,add:regime_postchange,0,0,1,1
curvature+bound+asymptote:ode:14,reverse:asymptote_to_0_from_above->asymptote_to_0_from_below,0,0,1,1
curvature+bound+asymptote:ode:14,reverse:curvature_convex->curvature_concave,0,0,1,1
curvature+bound+asymptote:ode:15,omit:asymptote_to_0_from_above,1,1,1,1
curvature+bound+asymptote:ode:15,omit:curvature_convex,1,1,1,1
curvature+bound+asymptote:ode:15,omit:lower_bound_0,1,1,1,1
curvature+bound+asymptote:ode:15,add:regime_postchange,0,0,1,1
curvature+bound+asymptote:ode:15,reverse:asymptote_to_0_from_above->asymptote_to_0_from_below,0,0,1,1
curvature+bound+asymptote:ode:15,reverse:curvature_convex->curvature_concave,0,0,1,1
curvature+bound+asymptote:ode:16,omit:asymptote_to_0_from_above,1,1,1,1
curvature+bound+asymptote:ode:16,omit:curvature_convex,1,1,1,1
curvature+bound+asymptote:ode:16,omit:lower_bound_0,1,1,1,1
curvature+bound+asymptote:ode:16,add:regime_postchange,0,0,1,1
curvature+bound+asymptote:ode:16,reverse:asymptote_to_0_from_above->asymptote_to_0_from_below,0,0,1,1
curvature+bound+asymptote:ode:16,reverse:curvature_convex->curvature_concave,0,0,1,1
curvature+bound+asymptote:ode:17,omit:asymptote_to_0_from_above,1,1,1,1
curvature+bound+asymptote:ode:17,omit:curvature_convex,1,1,1,1
curvature+bound+asymptote:ode:17,omit:lower_bound_0,1,1,1,1
curvature+bound+asymptote:ode:17,add:regime_postchange,0,0,1,1
curvature+bound+asymptote:ode:17,reverse:asymptote_to_0_from_above->asymptote_to_0_from_below,0,0,1,1
curvature+bound+asymptote:ode:17,reverse:curvature_convex->curvature_concave,0,0,1,1
curvature+bound+asymptote:ode:18,omit:asymptote_to_0_from_above,1,1,1,1
curvature+bound+asymptote:ode:18,omit:curvature_convex,1,1,1,1
curvature+bound+asymptote:ode:18,omit:lower_bound_0,1,1,1,1
curvature+bound+asymptote:ode:18,add:regime_postchange,0,0,1,1
curvature+bound+asymptote:ode:18,reverse:asymptote_to_0_from_above->asymptote_to_0_from_below,0,0,1,1
curvature+bound+asymptote:ode:18,reverse:curvature_convex->curvature_concave,0,0,1,1
curvature+bound+asymptote:ode:19,omit:asymptote_to_0_from_above,1,1,1,1
curvature+bound+asymptote:ode:19,omit:curvature_convex,1,1,1,1
curvature+bound+asymptote:ode:19,omit:lower_bound_0,1,1,1,1
curvature+bound+asymptote:ode:19,add:regime_postchange,0,0,1,1
curvature+bound+asymptote:ode:19,reverse:asymptote_to_0_from_above->asymptote_to_0_from_below,0,0,1,1
curvature+bound+asymptote:ode:19,reverse:curvature_convex->curvature_concave,0,0,1,1
curvature+bound+asymptote:ode:20,omit:asymptote_to_0_from_above,1,1,1,1
curvature+bound+asymptote:ode:20,omit:curvature_convex,1,1,1,1
curvature+bound+asymptote:ode:20,omit:lower_bound_0,1,1,1,1
curvature+bound+asymptote:ode:20,add:regime_postchange,0,0,1,1
curvature+bound+asymptote:ode:20,reverse:asymptote_to_0_from_above->asymptote_to_0_from_below,0,0,1,1
curvature+bound+asymptote:ode:20,reverse:curvature_convex->curvature_concave,0,0,1,1
curvature+bound+asymptote:ode:21,omit:asymptote_to_0_from_above,1,1,1,1
curvature+bound+asymptote:ode:21,omit:curvature_convex,1,1,1,1
curvature+bound+asymptote:ode:21,omit:lower_bound_0,1,1,1,1
curvature+bound+asymptote:ode:21,add:regime_postchange,0,0,1,1
curvature+bound+asymptote:ode:21,reverse:asymptote_to_0_from_above->asymptote_to_0_from_below,0,0,1,1
curvature+bound+asymptote:ode:21,reverse:curvature_convex->curvature_concave,0,0,1,1
curvature+bound+asymptote:ode:22,omit:asymptote_to_0_from_above,1,1,1,1
curvature+bound+asymptote:ode:22,omit:curvature_convex,1,1,1,1
curvature+bound+asymptote:ode:22,omit:lower_bound_0,1,1,1,1
curvature+bound+asymptote:ode:22,add:regime_postchange,0,0,1,1
curvature+bound+asymptote:ode:22,reverse:asymptote_to_0_from_above->asymptote_to_0_from_below,0,0,1,1
curvature+bound+asymptote:ode:22,reverse:curvature_convex->curvature_concave,0,0,1,1
curvature+bound+asymptote:ode:23,omit:asymptote_to_0_from_above,1,1,1,1
curvature+bound+asymptote:ode:23,omit:curvature_convex,1,1,1,1
curvature+bound+asymptote:ode:23,omit:lower_bound_0,1,1,1,1
curvature+bound+asymptote:ode:23,add:regime_postchange,0,0,1,1
curvature+bound+asymptote:ode:23,reverse:asymptote_to_0_from_above->asymptote_to_0_from_below,0,0,1,1
curvature+bound+asymptote:ode:23,reverse:curvature_convex->curvature_concave,0,0,1,1
curvature+bound+asymptote:ode:24,omit:asymptote_to_0_from_above,1,1,1,1
curvature+bound+asymptote:ode:24,omit:curvature_convex,1,1,1,1
curvature+bound+asymptote:ode:24,omit:lower_bound_0,1,1,1,1
curvature+bound+asymptote:ode:24,add:regime_postchange,0,0,1,1
curvature+bound+asymptote:ode:24,reverse:asymptote_to_0_from_above->asymptote_to_0_from_below,0,0,1,1
curvature+bound+asymptote:ode:24,reverse:curvature_convex->curvature_concave,0,0,1,1
curvature+bound+asymptote:ode:25,omit:asymptote_to_0_from_above,1,1,1,1
curvature+bound+asymptote:ode:25,omit:curvature_convex,1,1,1,1
curvature+bound+asymptote:ode:25,omit:lower_bound_0,1,1,1,1
curvature+bound+asymptote:ode:25,add:regime_postchange,0,0,1,1
curvature+bound+asymptote:ode:25,reverse:asymptote_to_0_from_above->asymptote_to_0_from_below,0,0,1,1
curvature+bound+asymptote:ode:25,reverse:curvature_convex->curvature_concave,0,0,1,1
curvature+bound+asymptote:ode:26,omit:asymptote_to_0_from_above,1,1,1,1
curvature+bound+asymptote:ode:26,omit:curvature_convex,1,1,1,1
curvature+bound+asymptote:ode:26,omit:lower_bound_0,1,1,1,1
curvature+bound+asymptote:ode:26,add:regime_postchange,0,0,1,1
curvature+bound+asymptote:ode:26,reverse:asymptote_to_0_from_above->asymptote_to_0_from_below,0,0,1,1
curvature+bound+asymptote:ode:26,reverse:curvature_convex->curvature_concave,0,0,1,1
curvature+bound+asymptote:ode:27,omit:asymptote_to_0_from_above,1,1,1,1
curvature+bound+asymptote:ode:27,omit:curvature_convex,1,1,1,1
curvature+bound+asymptote:ode:27,omit:lower_bound_0,1,1,1,1
curvature+bound+asymptote:ode:27,add:regime_postchange,0,0,1,1
curvature+bound+asymptote:ode:27,reverse:asymptote_to_0_from_above->asymptote_to_0_from_below,0,0,1,1
curvature+bound+asymptote:ode:27,reverse:curvature_convex->curvature_concave,0,0,1,1
curvature+bound+asymptote:ode:28,omit:asymptote_to_0_from_above,1,1,1,1
curvature+bound+asymptote:ode:28,omit:curvature_convex,1,1,1,1
curvature+bound+asymptote:ode:28,omit:lower_bound_0,1,1,1,1
curvature+bound+asymptote:ode:28,add:regime_postchange,0,0,1,1
curvature+bound+asymptote:ode:28,reverse:asymptote_to_0_from_above->asymptote_to_0_from_below,0,0,1,1
curvature+bound+asymptote:ode:28,reverse:curvature_convex->curvature_concave,0,0,1,1
curvature+bound+asymptote:ode:29,omit:asymptote_to_0_from_above,1,1,1,1
curvature+bound+asymptote:ode:29,omit:curvature_convex,1,1,1,1
curvature+bound+asymptote:ode:29,omit:lower_bound_0,1,1,1,1
curvature+bound+asymptote:ode:29,add:regime_postchange,0,0,1,1
curvature+bound+asymptote:ode:29,reverse:asymptote_to_0_from_above->asymptote_to_0_from_below,0,0,1,1
curvature+bound+asymptote:ode:29,reverse:curvature_convex->curvature_concave,0,0,1,1
inflection+bound+asymptote:spline:0,omit:asymptote_to_0_from_above,1,1,1,1
inflection+bound+asymptote:spline:0,omit:inflection_concave_to_convex,1,1,1,1
inflection+bound+asymptote:spline:0,omit:lower_bound_0,1,1,1,1
inflection+bound+asymptote:spline:0,add:regime_postchange,0,0,1,1
inflection+bound+asymptote:spline:0,reverse:asymptote_to_0_from_above->asymptote_to_0_from_below,0,0,1,1
inflection+bound+asymptote:spline:0,reverse:inflection_concave_to_convex->inflection_convex_to_concave,0,0,1,1
inflection+bound+asymptote:spline:1,omit:asymptote_to_0_from_above,1,1,1,1
inflection+bound+asymptote:spline:1,omit:inflection_concave_to_convex,1,1,1,1
inflection+bound+asymptote:spline:1,omit:lower_bound_0,1,1,1,1
inflection+bound+asymptote:spline:1,add:regime_postchange,0,0,1,1
inflection+bound+asymptote:spline:1,reverse:asymptote_to_0_from_above->asymptote_to_0_from_below,0,0,1,1
inflection+bound+asymptote:spline:1,reverse:inflection_concave_to_convex->inflection_convex_to_concave,0,0,1,1
inflection+bound+asymptote:spline:2,omit:asymptote_to_0_from_above,1,1,1,1
inflection+bound+asymptote:spline:2,omit:inflection_concave_to_convex,1,1,1,1
inflection+bound+asymptote:spline:2,omit:lower_bound_0,1,1,1,1
inflection+bound+asymptote:spline:2,add:regime_postchange,0,0,1,1
inflection+bound+asymptote:spline:2,reverse:asymptote_to_0_from_above->asymptote_to_0_from_below,0,0,1,1
inflection+bound+asymptote:spline:2,reverse:inflection_concave_to_convex->inflection_convex_to_concave,0,0,1,1
inflection+bound+asymptote:spline:3,omit:asymptote_to_0_from_above,1,1,1,1
inflection+bound+asymptote:spline:3,omit:inflection_concave_to_convex,1,1,1,1
inflection+bound+asymptote:spline:3,omit:lower_bound_0,1,1,1,1
inflection+bound+asymptote:spline:3,add:regime_postchange,0,0,1,1
inflection+bound+asymptote:spline:3,reverse:asymptote_to_0_from_above->asymptote_to_0_from_below,0,0,1,1
inflection+bound+asymptote:spline:3,reverse:inflection_concave_to_convex->inflection_convex_to_concave,0,0,1,1
inflection+bound+asymptote:spline:4,omit:asymptote_to_0_from_above,1,1,1,1
inflection+bound+asymptote:spline:4,omit:inflection_concave_to_convex,1,1,1,1
inflection+bound+asymptote:spline:4,omit:lower_bound_0,1,1,1,1
inflection+bound+asymptote:spline:4,add:regime_postchange,0,0,1,1
inflection+bound+asymptote:spline:4,reverse:asymptote_to_0_from_above->asymptote_to_0_from_below,0,0,1,1
inflection+bound+asymptote:spline:4,reverse:inflection_concave_to_convex->inflection_convex_to_concave,0,0,1,1
inflection+bound+asymptote:spline:5,omit:asymptote_to_0_from_above,1,1,1,1
inflection+bound+asymptote:spline:5,omit:inflection_concave_to_convex,1,1,1,1
inflection+bound+asymptote:spline:5,omit:lower_bound_0,1,1,1,1
inflection+bound+asymptote:spline:5,add:regime_postchange,0,0,1,1
inflection+bound+asymptote:spline:5,reverse:asymptote_to_0_from_above->asymptote_to_0_from_below,0,0,1,1
inflection+bound+asymptote:spline:5,reverse:inflection_concave_to_convex->inflection_convex_to_concave,0,0,1,1
inflection+bound+asymptote:spline:6,omit:asymptote_to_0_from_above,1,1,1,1
inflection+bound+asymptote:spline:6,omit:inflection_concave_to_convex,1,1,1,1
inflection+bound+asymptote:spline:6,omit:lower_bound_0,1,1,1,1
inflection+bound+asymptote:spline:6,add:regime_postchange,0,0,1,1
inflection+bound+asymptote:spline:6,reverse:asymptote_to_0_from_above->asymptote_to_0_from_below,0,0,1,1
inflection+bound+asymptote:spline:6,reverse:inflection_concave_to_convex->inflection_convex_to_concave,0,0,1,1
inflection+bound+asymptote:spline:7,omit:asymptote_to_0_from_above,1,1,1,1
inflection+bound+asymptote:spline:7,omit:inflection_concave_to_convex,1,1,1,1
inflection+bound+asymptote:spline:7,omit:lower_bound_0,1,1,1,1
inflection+bound+asymptote:spline:7,add:regime_postchange,0,0,1,1
inflection+bound+asymptote:spline:7,reverse:asymptote_to_0_from_above->asymptote_to_0_from_below,0,0,1,1
inflection+bound+asymptote:spline:7,reverse:inflection_concave_to_convex->inflection_convex_to_concave,0,0,1,1
inflection+bound+asymptote:spline:8,omit:asymptote_to_0_from_above,1,1,1,1
inflection+bound+asymptote:spline:8,omit:inflection_concave_to_convex,1,1,1,1
inflection+bound+asymptote:spline:8,omit:lower_bound_0,1,1,1,1
inflection+bound+asymptote:spline:8,add:regime_postchange,0,0,1,1
inflection+bound+asymptote:spline:8,reverse:asymptote_to_0_from_above->asymptote_to_0_from_below,0,0,1,1
inflection+bound+asymptote:spline:8,reverse:inflection_concave_to_convex->inflection_convex_to_concave,0,0,1,1
inflection+bound+asymptote:spline:9,omit:asymptote_to_0_from_above,1,1,1,1
inflection+bound+asymptote:spline:9,omit:inflection_concave_to_convex,1,1,1,1
inflection+bound+asymptote:spline:9,omit:lower_bound_0,1,1,1,1
inflection+bound+asymptote:spline:9,add:regime_postchange,0,0,1,1
inflection+bound+asymptote:spline:9,reverse:asymptote_to_0_from_above->asymptote_to_0_from_below,0,0,1,1
inflection+bound+asymptote:spline:9,reverse:inflection_concave_to_convex->inflection_convex_to_concave,0,0,1,1
inflection+bound+asymptote:spline:10,omit:asymptote_to_0_from_above,1,1,1,1
inflection+bound+asymptote:spline:10,omit:inflection_concave_to_convex,1,1,1,1
inflection+bound+asymptote:spline:10,omit:lower_bound_0,1,1,1,1
inflection+bound+asymptote:spline:10,add:regime_postchange,0,0,1,1
inflection+bound+asymptote:spline:10,reverse:asymptote_to_0_from_above->asymptote_to_0_from_below,0,0,1,1
inflection+bound+asymptote:spline:10,reverse:inflection_concave_to_convex->inflection_convex_to_concave,0,0,1,1
inflection+bound+asymptote:spline:11,omit:asymptote_to_0_from_above,1,1,1,1
inflection+bound+asymptote:spline:11,omit:inflection_concave_to_convex,1,1,1,1
inflection+bound+asymptote:spline:11,omit:lower_bound_0,1,1,1,1
inflection+bound+asymptote:spline:11,add:regime_postchange,0,0,1,1
inflection+bound+asymptote:spline:11,reverse:asymptote_to_0_from_above->asymptote_to_0_from_below,0,0,1,1
inflection+bound+asymptote:spline:11,reverse:inflection_concave_to_convex->inflection_convex_to_concave,0,0,1,1
inflection+bound+asymptote:spline:12,omit:asymptote_to_0_from_above,1,1,1,1
inflection+bound+asymptote:spline:12,omit:inflection_concave_to_convex,1,1,1,1
inflection+bound+asymptote:spline:12,omit:lower_bound_0,1,1,1,1
inflection+bound+asymptote:spline:12,add:regime_postchange,0,0,1,1
inflection+bound+asymptote:spline:12,reverse:asymptote_to_0_from_above->asymptote_to_0_from_below,0,0,1,1
inflection+bound+asymptote:spline:12,reverse:inflection_concave_to_convex->inflection_convex_to_concave,0,0,1,1
inflection+bound+asymptote:spline:13,omit:asymptote_to_0_from_above,1,1,1,1
inflection+bound+asymptote:spline:13,omit:inflection_concave_to_convex,1,1,1,1
inflection+bound+asymptote:spline:13,omit:lower_bound_0,1,1,1,1
inflection+bound+asymptote:spline:13,add:regime_postchange,0,0,1,1
inflection+bound+asymptote:spline:13,reverse:asymptote_to_0_from_above->asymptote_to_0_from_below,0,0,1,1
inflection+bound+asymptote:spline:13,reverse:inflection_concave_to_convex->inflection_convex_to_concave,0,0,1,1
inflection+bound+asymptote:spline:14,omit:asymptote_to_0_from_above,1,1,1,1
inflection+bound+asymptote:spline:14,omit:inflection_concave_to_convex,1,1,1,1
inflection+bound+asymptote:spline:14,omit:lower_bound_0,1,1,1,1
inflection+bound+asymptote:spline:14,add:regime_postchange,0,0,1,1
inflection+bound+asymptote:spline:14,reverse:asymptote_to_0_from_above->asymptote_to_0_from_below,0,0,1,1
inflection+bound+asymptote:spline:14,reverse:inflection_concave_to_convex->inflection_convex_to_concave,0,0,1,1
inflection+bound+asymptote:spline:15,omit:asymptote_to_0_from_above,1,1,1,1
inflection+bound+asymptote:spline:15,omit:inflection_concave_to_convex,1,1,1,1
inflection+bound+asymptote:spline:15,omit:lower_bound_0,1,1,1,1
inflection+bound+asymptote:spline:15,add:regime_postchange,0,0,1,1
inflection+bound+asymptote:spline:15,reverse:asymptote_to_0_from_above->asymptote_to_0_from_below,0,0,1,1
inflection+bound+asymptote:spline:15,reverse:inflection_concave_to_convex->inflection_convex_to_concave,0,0,1,1
inflection+bound+asymptote:spline:16,omit:asymptote_to_0_from_above,1,1,1,1
inflection+bound+asymptote:spline:16,omit:inflection_concave_to_convex,1,1,1,1
inflection+bound+asymptote:spline:16,omit:lower_bound_0,1,1,1,1
inflection+bound+asymptote:spline:16,add:regime_postchange,0,0,1,1
inflection+bound+asymptote:spline:16,reverse:asymptote_to_0_from_above->asymptote_to_0_from_below,0,0,1,1
inflection+bound+asymptote:spline:16,reverse:inflection_concave_to_convex->inflection_convex_to_concave,0,0,1,1
inflection+bound+asymptote:spline:17,omit:asymptote_to_0_from_above,1,1,1,1
inflection+bound+asymptote:spline:17,omit:inflection_concave_to_convex,1,1,1,1
inflection+bound+asymptote:spline:17,omit:lower_bound_0,1,1,1,1
inflection+bound+asymptote:spline:17,add:regime_postchange,0,0,1,1
inflection+bound+asymptote:spline:17,reverse:asymptote_to_0_from_above->asymptote_to_0_from_below,0,0,1,1
inflection+bound+asymptote:spline:17,reverse:inflection_concave_to_convex->inflection_convex_to_concave,0,0,1,1
inflection+bound+asymptote:spline:18,omit:asymptote_to_0_from_above,1,1,1,1
inflection+bound+asymptote:spline:18,omit:inflection_concave_to_convex,1,1,1,1
inflection+bound+asymptote:spline:18,omit:lower_bound_0,1,1,1,1
inflection+bound+asymptote:spline:18,add:regime_postchange,0,0,1,1
inflection+bound+asymptote:spline:18,reverse:asymptote_to_0_from_above->asymptote_to_0_from_below,0,0,1,1
inflection+bound+asymptote:spline:18,reverse:inflection_concave_to_convex->inflection_convex_to_concave,0,0,1,1
inflection+bound+asymptote:spline:19,omit:asymptote_to_0_from_above,1,1,1,1
inflection+bound+asymptote:spline:19,omit:inflection_concave_to_convex,1,1,1,1
inflection+bound+asymptote:spline:19,omit:lower_bound_0,1,1,1,1
inflection+bound+asymptote:spline:19,add:regime_postchange,0,0,1,1
inflection+bound+asymptote:spline:19,reverse:asymptote_to_0_from_above->asymptote_to_0_from_below,0,0,1,1
inflection+bound+asymptote:spline:19,reverse:inflection_concave_to_convex->inflection_convex_to_concave,0,0,1,1
inflection+bound+asymptote:spline:20,omit:asymptote_to_0_from_above,1,1,1,1
inflection+bound+asymptote:spline:20,omit:inflection_concave_to_convex,1,1,1,1
inflection+bound+asymptote:spline:20,omit:lower_bound_0,1,1,1,1
inflection+bound+asymptote:spline:20,add:regime_postchange,0,0,1,1
inflection+bound+asymptote:spline:20,reverse:asymptote_to_0_from_above->asymptote_to_0_from_below,0,0,1,1
inflection+bound+asymptote:spline:20,reverse:inflection_concave_to_convex->inflection_convex_to_concave,0,0,1,1
inflection+bound+asymptote:spline:21,omit:asymptote_to_0_from_above,1,1,1,1
inflection+bound+asymptote:spline:21,omit:inflection_concave_to_convex,1,1,1,1
inflection+bound+asymptote:spline:21,omit:lower_bound_0,1,1,1,1
inflection+bound+asymptote:spline:21,add:regime_postchange,0,0,1,1
inflection+bound+asymptote:spline:21,reverse:asymptote_to_0_from_above->asymptote_to_0_from_below,0,0,1,1
inflection+bound+asymptote:spline:21,reverse:inflection_concave_to_convex->inflection_convex_to_concave,0,0,1,1
inflection+bound+asymptote:spline:22,omit:asymptote_to_0_from_above,1,1,1,1
inflection+bound+asymptote:spline:22,omit:inflection_concave_to_convex,1,1,1,1
inflection+bound+asymptote:spline:22,omit:lower_bound_0,1,1,1,1
inflection+bound+asymptote:spline:22,add:regime_postchange,0,0,1,1
inflection+bound+asymptote:spline:22,reverse:asymptote_to_0_from_above->asymptote_to_0_from_below,0,0,1,1
inflection+bound+asymptote:spline:22,reverse:inflection_concave_to_convex->inflection_convex_to_concave,0,0,1,1
inflection+bound+asymptote:spline:23,omit:asymptote_to_0_from_above,1,1,1,1
inflection+bound+asymptote:spline:23,omit:inflection_concave_to_convex,1,1,1,1
inflection+bound+asymptote:spline:23,omit:lower_bound_0,1,1,1,1
inflection+bound+asymptote:spline:23,add:regime_postchange,0,0,1,1
inflection+bound+asymptote:spline:23,reverse:asymptote_to_0_from_above->asymptote_to_0_from_below,0,0,1,1
inflection+bound+asymptote:spline:23,reverse:inflection_concave_to_convex->inflection_convex_to_concave,0,0,1,1
inflection+bound+asymptote:spline:24,omit:asymptote_to_0_from_above,1,1,1,1
inflection+bound+asymptote:spline:24,omit:inflection_concave_to_convex,1,1,1,1
inflection+bound+asymptote:spline:24,omit:lower_bound_0,1,1,1,1
inflection+bound+asymptote:spline:24,add:regime_postchange,0,0,1,1
inflection+bound+asymptote:spline:24,reverse:asymptote_to_0_from_above->asymptote_to_0_from_below,0,0,1,1
inflection+bound+asymptote:spline:24,reverse:inflection_concave_to_convex->inflection_convex_to_concave,0,0,1,1
inflection+bound+asymptote:spline:25,omit:asymptote_to_0_from_above,1,1,1,1
inflection+bound+asymptote:spline:25,omit:inflection_concave_to_convex,1,1,1,1
inflection+bound+asymptote:spline:25,omit:lower_bound_0,1,1,1,1
inflection+bound+asymptote:spline:25,add:regime_postchange,0,0,1,1
inflection+bound+asymptote:spline:25,reverse:asymptote_to_0_from_above->asymptote_to_0_from_below,0,0,1,1
inflection+bound+asymptote:spline:25,reverse:inflection_concave_to_convex->inflection_convex_to_concave,0,0,1,1
inflection+bound+asymptote:spline:26,omit:asymptote_to_0_from_above,1,1,1,1
inflection+bound+asymptote:spline:26,omit:inflection_concave_to_convex,1,1,1,1
inflection+bound+asymptote:spline:26,omit:lower_bound_0,1,1,1,1
inflection+bound+asymptote:spline:26,add:regime_postchange,0,0,1,1
inflection+bound+asymptote:spline:26,reverse:asymptote_to_0_from_above->asymptote_to_0_from_below,0,0,1,1
inflection+bound+asymptote:spline:26,reverse:inflection_concave_to_convex->inflection_convex_to_concave,0,0,1,1
inflection+bound+asymptote:spline:27,omit:asymptote_to_0_from_above,1,1,1,1
inflection+bound+asymptote:spline:27,omit:inflection_concave_to_convex,1,1,1,1
inflection+bound+asymptote:spline:27,omit:lower_bound_0,1,1,1,1
inflection+bound+asymptote:spline:27,add:regime_postchange,0,0,1,1
inflection+bound+asymptote:spline:27,reverse:asymptote_to_0_from_above->asymptote_to_0_from_below,0,0,1,1
inflection+bound+asymptote:spline:27,reverse:inflection_concave_to_convex->inflection_convex_to_concave,0,0,1,1
inflection+bound+asymptote:spline:28,omit:asymptote_to_0_from_above,1,1,1,1
inflection+bound+asymptote:spline:28,omit:inflection_concave_to_convex,1,1,1,1
inflection+bound+asymptote:spline:28,omit:lower_bound_0,1,1,1,1
inflection+bound+asymptote:spline:28,add:regime_postchange,0,0,1,1
inflection+bound+asymptote:spline:28,reverse:asymptote_to_0_from_above->asymptote_to_0_from_below,0,0,1,1
inflection+bound+asymptote:spline:28,reverse:inflection_concave_to_convex->inflection_convex_to_concave,0,0,1,1
inflection+bound+asymptote:spline:29,omit:asymptote_to_0_from_above,1,1,1,1
inflection+bound+asymptote:spline:29,omit:inflection_concave_to_convex,1,1,1,1
inflection+bound+asymptote:spline:29,omit:lower_bound_0,1,1,1,1
inflection+bound+asymptote:spline:29,add:regime_postchange,0,0,1,1
inflection+bound+asymptote:spline:29,reverse:asymptote_to_0_from_above->asymptote_to_0_from_below,0,0,1,1
inflection+bound+asymptote:spline:29,reverse:inflection_concave_to_convex->inflection_convex_to_concave,0,0,1,1
inflection+bound+asymptote:basis:0,omit:asymptote_to_0_from_above,1,1,1,1
inflection+bound+asymptote:basis:0,omit:inflection_concave_to_convex,1,1,1,1
inflection+bound+asymptote:basis:0,omit:lower_bound_0,1,1,1,1
inflection+bound+asymptote:basis:0,add:regime_postchange,0,0,1,1
inflection+bound+asymptote:basis:0,reverse:asymptote_to_0_from_above->asymptote_to_0_from_below,0,0,1,1
inflection+bound+asymptote:basis:0,reverse:inflection_concave_to_convex->inflection_convex_to_concave,0,0,1,1
inflection+bound+asymptote:basis:1,omit:asymptote_to_0_from_above,1,1,1,1
inflection+bound+asymptote:basis:1,omit:inflection_concave_to_convex,1,1,1,1
inflection+bound+asymptote:basis:1,omit:lower_bound_0,1,1,1,1
inflection+bound+asymptote:basis:1,add:regime_postchange,0,0,1,1
inflection+bound+asymptote:basis:1,reverse:asymptote_to_0_from_above->asymptote_to_0_from_below,0,0,1,1
inflection+bound+asymptote:basis:1,reverse:inflection_concave_to_convex->inflection_convex_to_concave,0,0,1,1
inflection+bound+asymptote:basis:2,omit:asymptote_to_0_from_above,1,1,1,1
inflection+bound+asymptote:basis:2,omit:inflection_concave_to_convex,1,1,1,1
inflection+bound+asymptote:basis:2,omit:lower_bound_0,1,1,1,1
inflection+bound+asymptote:basis:2,add:regime_postchange,0,0,1,1
inflection+bound+asymptote:basis:2,reverse:asymptote_to_0_from_above->asymptote_to_0_from_below,0,0,1,1
inflection+bound+asymptote:basis:2,reverse:inflection_concave_to_convex->inflection_convex_to_concave,0,0,1,1
inflection+bound+asymptote:basis:3,omit:asymptote_to_0_from_above,1,1,1,1
inflection+bound+asymptote:basis:3,omit:inflection_concave_to_convex,1,1,1,1
inflection+bound+asymptote:basis:3,omit:lower_bound_0,1,1,1,1
inflection+bound+asymptote:basis:3,add:regime_postchange,0,0,1,1
inflection+bound+asymptote:basis:3,reverse:asymptote_to_0_from_above->asymptote_to_0_from_below,0,0,1,1
inflection+bound+asymptote:basis:3,reverse:inflection_concave_to_convex->inflection_convex_to_concave,0,0,1,1
inflection+bound+asymptote:basis:4,omit:asymptote_to_0_from_above,1,1,1,1
inflection+bound+asymptote:basis:4,omit:inflection_concave_to_convex,1,1,1,1
inflection+bound+asymptote:basis:4,omit:lower_bound_0,1,1,1,1
inflection+bound+asymptote:basis:4,add:regime_postchange,0,0,1,1
inflection+bound+asymptote:basis:4,reverse:asymptote_to_0_from_above->asymptote_to_0_from_below,0,0,1,1
inflection+bound+asymptote:basis:4,reverse:inflection_concave_to_convex->inflection_convex_to_concave,0,0,1,1
inflection+bound+asymptote:basis:5,omit:asymptote_to_0_from_above,1,1,1,1
inflection+bound+asymptote:basis:5,omit:inflection_concave_to_convex,1,1,1,1
inflection+bound+asymptote:basis:5,omit:lower_bound_0,1,1,1,1
inflection+bound+asymptote:basis:5,add:regime_postchange,0,0,1,1
inflection+bound+asymptote:basis:5,reverse:asymptote_to_0_from_above->asymptote_to_0_from_below,0,0,1,1
inflection+bound+asymptote:basis:5,reverse:inflection_concave_to_convex->inflection_convex_to_concave,0,0,1,1
inflection+bound+asymptote:basis:6,omit:asymptote_to_0_from_above,1,1,1,1
inflection+bound+asymptote:basis:6,omit:inflection_concave_to_convex,1,1,1,1
inflection+bound+asymptote:basis:6,omit:lower_bound_0,1,1,1,1
inflection+bound+asymptote:basis:6,add:regime_postchange,0,0,1,1
inflection+bound+asymptote:basis:6,reverse:asymptote_to_0_from_above->asymptote_to_0_from_below,0,0,1,1
inflection+bound+asymptote:basis:6,reverse:inflection_concave_to_convex->inflection_convex_to_concave,0,0,1,1
inflection+bound+asymptote:basis:7,omit:asymptote_to_0_from_above,1,1,1,1
inflection+bound+asymptote:basis:7,omit:inflection_concave_to_convex,1,1,1,1
inflection+bound+asymptote:basis:7,omit:lower_bound_0,1,1,1,1
inflection+bound+asymptote:basis:7,add:regime_postchange,0,0,1,1
inflection+bound+asymptote:basis:7,reverse:asymptote_to_0_from_above->asymptote_to_0_from_below,0,0,1,1
inflection+bound+asymptote:basis:7,reverse:inflection_concave_to_convex->inflection_convex_to_concave,0,0,1,1
inflection+bound+asymptote:basis:8,omit:asymptote_to_0_from_above,1,1,1,1
inflection+bound+asymptote:basis:8,omit:inflection_concave_to_convex,1,1,1,1
inflection+bound+asymptote:basis:8,omit:lower_bound_0,1,1,1,1
inflection+bound+asymptote:basis:8,add:regime_postchange,0,0,1,1
inflection+bound+asymptote:basis:8,reverse:asymptote_to_0_from_above->asymptote_to_0_from_below,0,0,1,1
inflection+bound+asymptote:basis:8,reverse:inflection_concave_to_convex->inflection_convex_to_concave,0,0,1,1
inflection+bound+asymptote:basis:9,omit:asymptote_to_0_from_above,1,1,1,1
inflection+bound+asymptote:basis:9,omit:inflection_concave_to_convex,1,1,1,1
inflection+bound+asymptote:basis:9,omit:lower_bound_0,1,1,1,1
inflection+bound+asymptote:basis:9,add:regime_postchange,0,0,1,1
inflection+bound+asymptote:basis:9,reverse:asymptote_to_0_from_above->asymptote_to_0_from_below,0,0,1,1
inflection+bound+asymptote:basis:9,reverse:inflection_concave_to_convex->inflection_convex_to_concave,0,0,1,1
inflection+bound+asymptote:basis:10,omit:asymptote_to_0_from_above,1,1,1,1
inflection+bound+asymptote:basis:10,omit:inflection_concave_to_convex,1,1,1,1
inflection+bound+asymptote:basis:10,omit:lower_bound_0,1,1,1,1
inflection+bound+asymptote:basis:10,add:regime_postchange,0,0,1,1
inflection+bound+asymptote:basis:10,reverse:asymptote_to_0_from_above->asymptote_to_0_from_below,0,0,1,1
inflection+bound+asymptote:basis:10,reverse:inflection_concave_to_convex->inflection_convex_to_concave,0,0,1,1
inflection+bound+asymptote:basis:11,omit:asymptote_to_0_from_above,1,1,1,1
inflection+bound+asymptote:basis:11,omit:inflection_concave_to_convex,1,1,1,1
inflection+bound+asymptote:basis:11,omit:lower_bound_0,1,1,1,1
inflection+bound+asymptote:basis:11,add:regime_postchange,0,0,1,1
inflection+bound+asymptote:basis:11,reverse:asymptote_to_0_from_above->asymptote_to_0_from_below,0,0,1,1
inflection+bound+asymptote:basis:11,reverse:inflection_concave_to_convex->inflection_convex_to_concave,0,0,1,1
inflection+bound+asymptote:basis:12,omit:asymptote_to_0_from_above,1,1,1,1
inflection+bound+asymptote:basis:12,omit:inflection_concave_to_convex,1,1,1,1
inflection+bound+asymptote:basis:12,omit:lower_bound_0,1,1,1,1
inflection+bound+asymptote:basis:12,add:regime_postchange,0,0,1,1
inflection+bound+asymptote:basis:12,reverse:asymptote_to_0_from_above->asymptote_to_0_from_below,0,0,1,1
inflection+bound+asymptote:basis:12,reverse:inflection_concave_to_convex->inflection_convex_to_concave,0,0,1,1
inflection+bound+asymptote:basis:13,omit:asymptote_to_0_from_above,1,1,1,1
inflection+bound+asymptote:basis:13,omit:inflection_concave_to_convex,1,1,1,1
inflection+bound+asymptote:basis:13,omit:lower_bound_0,1,1,1,1
inflection+bound+asymptote:basis:13,add:regime_postchange,0,0,1,1
inflection+bound+asymptote:basis:13,reverse:asymptote_to_0_from_above->asymptote_to_0_from_below,0,0,1,1
inflection+bound+asymptote:basis:13,reverse:inflection_concave_to_convex->inflection_convex_to_concave,0,0,1,1
inflection+bound+asymptote:basis:14,omit:asymptote_to_0_from_above,1,1,1,1
inflection+bound+asymptote:basis:14,omit:inflection_concave_to_convex,1,1,1,1
inflection+bound+asymptote:basis:14,omit:lower_bound_0,1,1,1,1
inflection+bound+asymptote:basis:14,add:regime_postchange,0,0,1,1
inflection+bound+asymptote:basis:14,reverse:asymptote_to_0_from_above->asymptote_to_0_from_below,0,0,1,1
inflection+bound+asymptote:basis:14,reverse:inflection_concave_to_convex->inflection_convex_to_concave,0,0,1,1
inflection+bound+asymptote:basis:15,omit:asymptote_to_0_from_above,1,1,1,1
inflection+bound+asymptote:basis:15,omit:inflection_concave_to_convex,1,1,1,1
inflection+bound+asymptote:basis:15,omit:lower_bound_0,1,1,1,1
inflection+bound+asymptote:basis:15,add:regime_postchange,0,0,1,1
inflection+bound+asymptote:basis:15,reverse:asymptote_to_0_from_above->asymptote_to_0_from_below,0,0,1,1
inflection+bound+asymptote:basis:15,reverse:inflection_concave_to_convex->inflection_convex_to_concave,0,0,1,1
inflection+bound+asymptote:basis:16,omit:asymptote_to_0_from_above,1,1,1,1
inflection+bound+asymptote:basis:16,omit:inflection_concave_to_convex,1,1,1,1
inflection+bound+asymptote:basis:16,omit:lower_bound_0,1,1,1,1
inflection+bound+asymptote:basis:16,add:regime_postchange,0,0,1,1
inflection+bound+asymptote:basis:16,reverse:asymptote_to_0_from_above->asymptote_to_0_from_below,0,0,1,1
inflection+bound+asymptote:basis:16,reverse:inflection_concave_to_convex->inflection_convex_to_concave,0,0,1,1
inflection+bound+asymptote:basis:17,omit:asymptote_to_0_from_above,1,1,1,1
inflection+bound+asymptote:basis:17,omit:inflection_concave_to_convex,1,1,1,1
inflection+bound+asymptote:basis:17,omit:lower_bound_0,1,1,1,1
inflection+bound+asymptote:basis:17,add:regime_postchange,0,0,1,1
inflection+bound+asymptote:basis:17,reverse:asymptote_to_0_from_above->asymptote_to_0_from_below,0,0,1,1
inflection+bound+asymptote:basis:17,reverse:inflection_concave_to_convex->inflection_convex_to_concave,0,0,1,1
inflection+bound+asymptote:basis:18,omit:asymptote_to_0_from_above,1,1,1,1
inflection+bound+asymptote:basis:18,omit:inflection_concave_to_convex,1,1,1,1
inflection+bound+asymptote:basis:18,omit:lower_bound_0,1,1,1,1
inflection+bound+asymptote:basis:18,add:regime_postchange,0,0,1,1
inflection+bound+asymptote:basis:18,reverse:asymptote_to_0_from_above->asymptote_to_0_from_below,0,0,1,1
inflection+bound+asymptote:basis:18,reverse:inflection_concave_to_convex->inflection_convex_to_concave,0,0,1,1
inflection+bound+asymptote:basis:19,omit:asymptote_to_0_from_above,1,1,1,1
inflection+bound+asymptote:basis:19,omit:inflection_concave_to_convex,1,1,1,1
inflection+bound+asymptote:basis:19,omit:lower_bound_0,1,1,1,1
inflection+bound+asymptote:basis:19,add:regime_postchange,0,0,1,1
inflection+bound+asymptote:basis:19,reverse:asymptote_to_0_from_above->asymptote_to_0_from_below,0,0,1,1
inflection+bound+asymptote:basis:19,reverse:inflection_concave_to_convex->inflection_convex_to_concave,0,0,1,1
inflection+bound+asymptote:basis:20,omit:asymptote_to_0_from_above,1,1,1,1
inflection+bound+asymptote:basis:20,omit:inflection_concave_to_convex,1,1,1,1
inflection+bound+asymptote:basis:20,omit:lower_bound_0,1,1,1,1
inflection+bound+asymptote:basis:20,add:regime_postchange,0,0,1,1
inflection+bound+asymptote:basis:20,reverse:asymptote_to_0_from_above->asymptote_to_0_from_below,0,0,1,1
inflection+bound+asymptote:basis:20,reverse:inflection_concave_to_convex->inflection_convex_to_concave,0,0,1,1
inflection+bound+asymptote:basis:21,omit:asymptote_to_0_from_above,1,1,1,1
inflection+bound+asymptote:basis:21,omit:inflection_concave_to_convex,1,1,1,1
inflection+bound+asymptote:basis:21,omit:lower_bound_0,1,1,1,1
inflection+bound+asymptote:basis:21,add:regime_postchange,0,0,1,1
inflection+bound+asymptote:basis:21,reverse:asymptote_to_0_from_above->asymptote_to_0_from_below,0,0,1,1
inflection+bound+asymptote:basis:21,reverse:inflection_concave_to_convex->inflection_convex_to_concave,0,0,1,1
inflection+bound+asymptote:basis:22,omit:asymptote_to_0_from_above,1,1,1,1
inflection+bound+asymptote:basis:22,omit:inflection_concave_to_convex,1,1,1,1
inflection+bound+asymptote:basis:22,omit:lower_bound_0,1,1,1,1
inflection+bound+asymptote:basis:22,add:regime_postchange,0,0,1,1
inflection+bound+asymptote:basis:22,reverse:asymptote_to_0_from_above->asymptote_to_0_from_below,0,0,1,1
inflection+bound+asymptote:basis:22,reverse:inflection_concave_to_convex->inflection_convex_to_concave,0,0,1,1
inflection+bound+asymptote:basis:23,omit:asymptote_to_0_from_above,1,1,1,1
inflection+bound+asymptote:basis:23,omit:inflection_concave_to_convex,1,1,1,1
inflection+bound+asymptote:basis:23,omit:lower_bound_0,1,1,1,1
inflection+bound+asymptote:basis:23,add:regime_postchange,0,0,1,1
inflection+bound+asymptote:basis:23,reverse:asymptote_to_0_from_above->asymptote_to_0_from_below,0,0,1,1
inflection+bound+asymptote:basis:23,reverse:inflection_concave_to_convex->inflection_convex_to_concave,0,0,1,1
inflection+bound+asymptote:basis:24,omit:asymptote_to_0_from_above,1,1,1,1
inflection+bound+asymptote:basis:24,omit:inflection_concave_to_convex,1,1,1,1
inflection+bound+asymptote:basis:24,omit:lower_bound_0,1,1,1,1
inflection+bound+asymptote:basis:24,add:regime_postchange,0,0,1,1
inflection+bound+asymptote:basis:24,reverse:asymptote_to_0_from_above->asymptote_to_0_from_below,0,0,1,1
inflection+bound+asymptote:basis:24,reverse:inflection_concave_to_convex->inflection_convex_to_concave,0,0,1,1
inflection+bound+asymptote:basis:25,omit:asymptote_to_0_from_above,1,1,1,1
inflection+bound+asymptote:basis:25,omit:inflection_concave_to_convex,1,1,1,1
inflection+bound+asymptote:basis:25,omit:lower_bound_0,1,1,1,1
inflection+bound+asymptote:basis:25,add:regime_postchange,0,0,1,1
inflection+bound+asymptote:basis:25,reverse:asymptote_to_0_from_above->asymptote_to_0_from_below,0,0,1,1
inflection+bound+asymptote:basis:25,reverse:inflection_concave_to_convex->inflection_convex_to_concave,0,0,1,1
inflection+bound+asymptote:basis:26,omit:asymptote_to_0_from_above,1,1,1,1
inflection+bound+asymptote:basis:26,omit:inflection_concave_to_convex,1,1,1,1
inflection+bound+asymptote:basis:26,omit:lower_bound_0,1,1,1,1
inflection+bound+asymptote:basis:26,add:regime_postchange,0,0,1,1
inflection+bound+asymptote:basis:26,reverse:asymptote_to_0_from_above->asymptote_to_0_from_below,0,0,1,1
inflection+bound+asymptote:basis:26,reverse:inflection_concave_to_convex->inflection_convex_to_concave,0,0,1,1
inflection+bound+asymptote:basis:27,omit:asymptote_to_0_from_above,1,1,1,1
inflection+bound+asymptote:basis:27,omit:inflection_concave_to_convex,1,1,1,1
inflection+bound+asymptote:basis:27,omit:lower_bound_0,1,1,1,1
inflection+bound+asymptote:basis:27,add:regime_postchange,0,0,1,1
inflection+bound+asymptote:basis:27,reverse:asymptote_to_0_from_above->asymptote_to_0_from_below,0,0,1,1
inflection+bound+asymptote:basis:27,reverse:inflection_concave_to_convex->inflection_convex_to_concave,0,0,1,1
inflection+bound+asymptote:basis:28,omit:asymptote_to_0_from_above,1,1,1,1
inflection+bound+asymptote:basis:28,omit:inflection_concave_to_convex,1,1,1,1
inflection+bound+asymptote:basis:28,omit:lower_bound_0,1,1,1,1
inflection+bound+asymptote:basis:28,add:regime_postchange,0,0,1,1
inflection+bound+asymptote:basis:28,reverse:asymptote_to_0_from_above->asymptote_to_0_from_below,0,0,1,1
inflection+bound+asymptote:basis:28,reverse:inflection_concave_to_convex->inflection_convex_to_concave,0,0,1,1
inflection+bound+asymptote:basis:29,omit:asymptote_to_0_from_above,1,1,1,1
inflection+bound+asymptote:basis:29,omit:inflection_concave_to_convex,1,1,1,1
inflection+bound+asymptote:basis:29,omit:lower_bound_0,1,1,1,1
inflection+bound+asymptote:basis:29,add:regime_postchange,0,0,1,1
inflection+bound+asymptote:basis:29,reverse:asymptote_to_0_from_above->asymptote_to_0_from_below,0,0,1,1
inflection+bound+asymptote:basis:29,reverse:inflection_concave_to_convex->inflection_convex_to_concave,0,0,1,1
inflection+bound+asymptote:ode:0,omit:asymptote_to_0_from_above,1,1,1,1
inflection+bound+asymptote:ode:0,omit:inflection_concave_to_convex,1,1,1,1
inflection+bound+asymptote:ode:0,omit:lower_bound_0,1,1,1,1
inflection+bound+asymptote:ode:0,add:regime_postchange,0,0,1,1
inflection+bound+asymptote:ode:0,reverse:asymptote_to_0_from_above->asymptote_to_0_from_below,0,0,1,1
inflection+bound+asymptote:ode:0,reverse:inflection_concave_to_convex->inflection_convex_to_concave,0,0,1,1
inflection+bound+asymptote:ode:1,omit:asymptote_to_0_from_above,1,1,1,1
inflection+bound+asymptote:ode:1,omit:inflection_concave_to_convex,1,1,1,1
inflection+bound+asymptote:ode:1,omit:lower_bound_0,1,1,1,1
inflection+bound+asymptote:ode:1,add:regime_postchange,0,0,1,1
inflection+bound+asymptote:ode:1,reverse:asymptote_to_0_from_above->asymptote_to_0_from_below,0,0,1,1
inflection+bound+asymptote:ode:1,reverse:inflection_concave_to_convex->inflection_convex_to_concave,0,0,1,1
inflection+bound+asymptote:ode:2,omit:asymptote_to_0_from_above,1,1,1,1
inflection+bound+asymptote:ode:2,omit:inflection_concave_to_convex,1,1,1,1
inflection+bound+asymptote:ode:2,omit:lower_bound_0,1,1,1,1
inflection+bound+asymptote:ode:2,add:regime_postchange,0,0,1,1
inflection+bound+asymptote:ode:2,reverse:asymptote_to_0_from_above->asymptote_to_0_from_below,0,0,1,1
inflection+bound+asymptote:ode:2,reverse:inflection_concave_to_convex->inflection_convex_to_concave,0,0,1,1
inflection+bound+asymptote:ode:3,omit:asymptote_to_0_from_above,1,1,1,1
inflection+bound+asymptote:ode:3,omit:inflection_concave_to_convex,1,1,1,1
inflection+bound+asymptote:ode:3,omit:lower_bound_0,1,1,1,1
inflection+bound+asymptote:ode:3,add:regime_postchange,0,0,1,1
inflection+bound+asymptote:ode:3,reverse:asymptote_to_0_from_above->asymptote_to_0_from_below,0,0,1,1
inflection+bound+asymptote:ode:3,reverse:inflection_concave_to_convex->inflection_convex_to_concave,0,0,1,1
inflection+bound+asymptote:ode:4,omit:asymptote_to_0_from_above,1,1,1,1
inflection+bound+asymptote:ode:4,omit:inflection_concave_to_convex,1,1,1,1
inflection+bound+asymptote:ode:4,omit:lower_bound_0,1,1,1,1
inflection+bound+asymptote:ode:4,add:regime_postchange,0,0,1,1
inflection+bound+asymptote:ode:4,reverse:asymptote_to_0_from_above->asymptote_to_0_from_below,0,0,1,1
inflection+bound+asymptote:ode:4,reverse:inflection_concave_to_convex->inflection_convex_to_concave,0,0,1,1
inflection+bound+asymptote:ode:5,omit:asymptote_to_0_from_above,1,1,1,1
inflection+bound+asymptote:ode:5,omit:inflection_concave_to_convex,1,1,1,1
inflection+bound+asymptote:ode:5,omit:lower_bound_0,1,1,1,1
inflection+bound+asymptote:ode:5,add:regime_postchange,0,0,1,1
inflection+bound+asymptote:ode:5,reverse:asymptote_to_0_from_above->asymptote_to_0_from_below,0,0,1,1
inflection+bound+asymptote:ode:5,reverse:inflection_concave_to_convex->inflection_convex_to_concave,0,0,1,1
inflection+bound+asymptote:ode:6,omit:asymptote_to_0_from_above,1,1,1,1
inflection+bound+asymptote:ode:6,omit:inflection_concave_to_convex,1,1,1,1
inflection+bound+asymptote:ode:6,omit:lower_bound_0,1,1,1,1
inflection+bound+asymptote:ode:6,add:regime_postchange,0,0,1,1
inflection+bound+asymptote:ode:6,reverse:asymptote_to_0_from_above->asymptote_to_0_from_below,0,0,1,1
inflection+bound+asymptote:ode:6,reverse:inflection_concave_to_convex->inflection_convex_to_concave,0,0,1,1
inflection+bound+asymptote:ode:7,omit:asymptote_to_0_from_above,1,1,1,1
inflection+bound+asymptote:ode:7,omit:inflection_concave_to_convex,1,1,1,1
inflection+bound+asymptote:ode:7,omit:lower_bound_0,1,1,1,1
inflection+bound+asymptote:ode:7,add:regime_postchange,0,0,1,1
inflection+bound+asymptote:ode:7,reverse:asymptote_to_0_from_above->asymptote_to_0_from_below,0,0,1,1
inflection+bound+asymptote:ode:7,reverse:inflection_concave_to_convex->inflection_convex_to_concave,0,0,1,1
inflection+bound+asymptote:ode:8,omit:asymptote_to_0_from_above,1,1,1,1
inflection+bound+asymptote:ode:8,omit:inflection_concave_to_convex,1,1,1,1
inflection+bound+asymptote:ode:8,omit:lower_bound_0,1,1,1,1
inflection+bound+asymptote:ode:8,add:regime_postchange,0,0,1,1
inflection+bound+asymptote:ode:8,reverse:asymptote_to_0_from_above->asymptote_to_0_from_below,0,0,1,1
inflection+bound+asymptote:ode:8,reverse:inflection_concave_to_convex->inflection_convex_to_concave,0,0,1,1
inflection+bound+asymptote:ode:9,omit:asymptote_to_0_from_above,1,1,1,1
inflection+bound+asymptote:ode:9,omit:inflection_concave_to_convex,1,1,1,1
inflection+bound+asymptote:ode:9,omit:lower_bound_0,1,1,1,1
inflection+bound+asymptote:ode:9,add:regime_postchange,0,0,1,1
inflection+bound+asymptote:ode:9,reverse:asymptote_to_0_from_above->asymptote_to_0_from_below,0,0,1,1
inflection+bound+asymptote:ode:9,reverse:inflection_concave_to_convex->inflection_convex_to_concave,0,0,1,1
inflection+bound+asymptote:ode:10,omit:asymptote_to_0_from_above,1,1,1,1
inflection+bound+asymptote:ode:10,omit:inflection_concave_to_convex,1,1,1,1
inflection+bound+asymptote:ode:10,omit:lower_bound_0,1,1,1,1
inflection+bound+asymptote:ode:10,add:regime_postchange,0,0,1,1
inflection+bound+asymptote:ode:10,reverse:asymptote_to_0_from_above->asymptote_to_0_from_below,0,0,1,1
inflection+bound+asymptote:ode:10,reverse:inflection_concave_to_convex->inflection_convex_to_concave,0,0,1,1
inflection+bound+asymptote:ode:11,omit:asymptote_to_0_from_above,1,1,1,1
inflection+bound+asymptote:ode:11,omit:inflection_concave_to_convex,1,1,1,1
inflection+bound+asymptote:ode:11,omit:lower_bound_0,1,1,1,1
inflection+bound+asymptote:ode:11,add:regime_postchange,0,0,1,1
inflection+bound+asymptote:ode:11,reverse:asymptote_to_0_from_above->asymptote_to_0_from_below,0,0,1,1
inflection+bound+asymptote:ode:11,reverse:inflection_concave_to_convex->inflection_convex_to_concave,0,0,1,1
inflection+bound+asymptote:ode:12,omit:asymptote_to_0_from_above,1,1,1,1
inflection+bound+asymptote:ode:12,omit:inflection_concave_to_convex,1,1,1,1
inflection+bound+asymptote:ode:12,omit:lower_bound_0,1,1,1,1
inflection+bound+asymptote:ode:12,add:regime_postchange,0,0,1,1
inflection+bound+asymptote:ode:12,reverse:asymptote_to_0_from_above->asymptote_to_0_from_below,0,0,1,1
inflection+bound+asymptote:ode:12,reverse:inflection_concave_to_convex->inflection_convex_to_concave,0,0,1,1
inflection+bound+asymptote:ode:13,omit:asymptote_to_0_from_above,1,1,1,1
inflection+bound+asymptote:ode:13,omit:inflection_concave_to_convex,1,1,1,1
inflection+bound+asymptote:ode:13,omit:lower_bound_0,1,1,1,1
inflection+bound+asymptote:ode:13,add:regime_postchange,0,0,1,1
inflection+bound+asymptote:ode:13,reverse:asymptote_to_0_from_above->asymptote_to_0_from_below,0,0,1,1
inflection+bound+asymptote:ode:13,reverse:inflection_concave_to_convex->inflection_convex_to_concave,0,0,1,1
inflection+bound+asymptote:ode:14,omit:asymptote_to_0_from_above,1,1,1,1
inflection+bound+asymptote:ode:14,omit:inflection_concave_to_convex,1,1,1,1
inflection+bound+asymptote:ode:14,omit:lower_bound_0,1,1,1,1
inflection+bound+asymptote:ode:14,add:regime_postchange,0,0,1,1
inflection+bound+asymptote:ode:14,reverse:asymptote_to_0_from_above->asymptote_to_0_from_below,0,0,1,1
inflection+bound+asymptote:ode:14,reverse:inflection_concave_to_convex->inflection_convex_to_concave,0,0,1,1
inflection+bound+asymptote:ode:15,omit:asymptote_to_0_from_above,1,1,1,1
inflection+bound+asymptote:ode:15,omit:inflection_concave_to_convex,1,1,1,1
inflection+bound+asymptote:ode:15,omit:lower_bound_0,1,1,1,1
inflection+bound+asymptote:ode:15,add:regime_postchange,0,0,1,1
inflection+bound+asymptote:ode:15,reverse:asymptote_to_0_from_above->asymptote_to_0_from_below,0,0,1,1
inflection+bound+asymptote:ode:15,reverse:inflection_concave_to_convex->inflection_convex_to_concave,0,0,1,1
inflection+bound+asymptote:ode:16,omit:asymptote_to_0_from_above,1,1,1,1
inflection+bound+asymptote:ode:16,omit:inflection_concave_to_convex,1,1,1,1
inflection+bound+asymptote:ode:16,omit:lower_bound_0,1,1,1,1
inflection+bound+asymptote:ode:16,add:regime_postchange,0,0,1,1
inflection+bound+asymptote:ode:16,reverse:asymptote_to_0_from_above->asymptote_to_0_from_below,0,0,1,1
inflection+bound+asymptote:ode:16,reverse:inflection_concave_to_convex->inflection_convex_to_concave,0,0,1,1
inflection+bound+asymptote:ode:17,omit:asymptote_to_0_from_above,1,1,1,1
inflection+bound+asymptote:ode:17,omit:inflection_concave_to_convex,1,1,1,1
inflection+bound+asymptote:ode:17,omit:lower_bound_0,1,1,1,1
inflection+bound+asymptote:ode:17,add:regime_postchange,0,0,1,1
inflection+bound+asymptote:ode:17,reverse:asymptote_to_0_from_above->asymptote_to_0_from_below,0,0,1,1
inflection+bound+asymptote:ode:17,reverse:inflection_concave_to_convex->inflection_convex_to_concave,0,0,1,1
inflection+bound+asymptote:ode:18,omit:asymptote_to_0_from_above,1,1,1,1
inflection+bound+asymptote:ode:18,omit:inflection_concave_to_convex,1,1,1,1
inflection+bound+asymptote:ode:18,omit:lower_bound_0,1,1,1,1
inflection+bound+asymptote:ode:18,add:regime_postchange,0,0,1,1
inflection+bound+asymptote:ode:18,reverse:asymptote_to_0_from_above->asymptote_to_0_from_below,0,0,1,1
inflection+bound+asymptote:ode:18,reverse:inflection_concave_to_convex->inflection_convex_to_concave,0,0,1,1
inflection+bound+asymptote:ode:19,omit:asymptote_to_0_from_above,1,1,1,1
inflection+bound+asymptote:ode:19,omit:inflection_concave_to_convex,1,1,1,1
inflection+bound+asymptote:ode:19,omit:lower_bound_0,1,1,1,1
inflection+bound+asymptote:ode:19,add:regime_postchange,0,0,1,1
inflection+bound+asymptote:ode:19,reverse:asymptote_to_0_from_above->asymptote_to_0_from_below,0,0,1,1
inflection+bound+asymptote:ode:19,reverse:inflection_concave_to_convex->inflection_convex_to_concave,0,0,1,1
inflection+bound+asymptote:ode:20,omit:asymptote_to_0_from_above,1,1,1,1
inflection+bound+asymptote:ode:20,omit:inflection_concave_to_convex,1,1,1,1
inflection+bound+asymptote:ode:20,omit:lower_bound_0,1,1,1,1
inflection+bound+asymptote:ode:20,add:regime_postchange,0,0,1,1
inflection+bound+asymptote:ode:20,reverse:asymptote_to_0_from_above->asymptote_to_0_from_below,0,0,1,1
inflection+bound+asymptote:ode:20,reverse:inflection_concave_to_convex->inflection_convex_to_concave,0,0,1,1
inflection+bound+asymptote:ode:21,omit:asymptote_to_0_from_above,1,1,1,1
inflection+bound+asymptote:ode:21,omit:inflection_concave_to_convex,1,1,1,1
inflection+bound+asymptote:ode:21,omit:lower_bound_0,1,1,1,1
inflection+bound+asymptote:ode:21,add:regime_postchange,0,0,1,1
inflection+bound+asymptote:ode:21,reverse:asymptote_to_0_from_above->asymptote_to_0_from_below,0,0,1,1
inflection+bound+asymptote:ode:21,reverse:inflection_concave_to_convex->inflection_convex_to_concave,0,0,1,1
inflection+bound+asymptote:ode:22,omit:asymptote_to_0_from_above,1,1,1,1
inflection+bound+asymptote:ode:22,omit:inflection_concave_to_convex,1,1,1,1
inflection+bound+asymptote:ode:22,omit:lower_bound_0,1,1,1,1
inflection+bound+asymptote:ode:22,add:regime_postchange,0,0,1,1
inflection+bound+asymptote:ode:22,reverse:asymptote_to_0_from_above->asymptote_to_0_from_below,0,0,1,1
inflection+bound+asymptote:ode:22,reverse:inflection_concave_to_convex->inflection_convex_to_concave,0,0,1,1
inflection+bound+asymptote:ode:23,omit:asymptote_to_0_from_above,1,1,1,1
inflection+bound+asymptote:ode:23,omit:inflection_concave_to_convex,1,1,1,1
inflection+bound+asymptote:ode:23,omit:lower_bound_0,1,1,1,1
inflection+bound+asymptote:ode:23,add:regime_postchange,0,0,1,1
inflection+bound+asymptote:ode:23,reverse:asymptote_to_0_from_above->asymptote_to_0_from_below,0,0,1,1
inflection+bound+asymptote:ode:23,reverse:inflection_concave_to_convex->inflection_convex_to_concave,0,0,1,1
inflection+bound+asymptote:ode:24,omit:asymptote_to_0_from_above,1,1,1,1
inflection+bound+asymptote:ode:24,omit:inflection_concave_to_convex,1,1,1,1
inflection+bound+asymptote:ode:24,omit:lower_bound_0,1,1,1,1
inflection+bound+asymptote:ode:24,add:regime_postchange,0,0,1,1
inflection+bound+asymptote:ode:24,reverse:asymptote_to_0_from_above->asymptote_to_0_from_below,0,0,1,1
inflection+bound+asymptote:ode:24,reverse:inflection_concave_to_convex->inflection_convex_to_concave,0,0,1,1
inflection+bound+asymptote:ode:25,omit:asymptote_to_0_from_above,1,1,1,1
inflection+bound+asymptote:ode:25,omit:inflection_concave_to_convex,1,1,1,1
inflection+bound+asymptote:ode:25,omit:lower_bound_0,1,1,1,1
inflection+bound+asymptote:ode:25,add:regime_postchange,0,0,1,1
inflection+bound+asymptote:ode:25,reverse:asymptote_to_0_from_above->asymptote_to_0_from_below,0,0,1,1
inflection+bound+asymptote:ode:25,reverse:inflection_concave_to_convex->inflection_convex_to_concave,0,0,1,1
inflection+bound+asymptote:ode:26,omit:asymptote_to_0_from_above,1,1,1,1
inflection+bound+asymptote:ode:26,omit:inflection_concave_to_convex,1,1,1,1
inflection+bound+asymptote:ode:26,omit:lower_bound_0,1,1,1,1
inflection+bound+asymptote:ode:26,add:regime_postchange,0,0,1,1
inflection+bound+asymptote:ode:26,reverse:asymptote_to_0_from_above->asymptote_to_0_from_below,0,0,1,1
inflection+bound+asymptote:ode:26,reverse:inflection_concave_to_convex->inflection_convex_to_concave,0,0,1,1
inflection+bound+asymptote:ode:27,omit:asymptote_to_0_from_above,1,1,1,1
inflection+bound+asymptote:ode:27,omit:inflection_concave_to_convex,1,1,1,1
inflection+bound+asymptote:ode:27,omit:lower_bound_0,1,1,1,1
inflection+bound+asymptote:ode:27,add:regime_postchange,0,0,1,1
inflection+bound+asymptote:ode:27,reverse:asymptote_to_0_from_above->asymptote_to_0_from_below,0,0,1,1
inflection+bound+asymptote:ode:27,reverse:inflection_concave_to_convex->inflection_convex_to_concave,0,0,1,1
inflection+bound+asymptote:ode:28,omit:asymptote_to_0_from_above,1,1,1,1
inflection+bound+asymptote:ode:28,omit:inflection_concave_to_convex,1,1,1,1
inflection+bound+asymptote:ode:28,omit:lower_bound_0,1,1,1,1
inflection+bound+asymptote:ode:28,add:regime_postchange,0,0,1,1
inflection+bound+asymptote:ode:28,reverse:asymptote_to_0_from_above->asymptote_to_0_from_below,0,0,1,1
inflection+bound+asymptote:ode:28,reverse:inflection_concave_to_convex->inflection_convex_to_concave,0,0,1,1
inflection+bound+asymptote:ode:29,omit:asymptote_to_0_from_above,1,1,1,1
inflection+bound+asymptote:ode:29,omit:inflection_concave_to_convex,1,1,1,1
inflection+bound+asymptote:ode:29,omit:lower_bound_0,1,1,1,1
inflection+bound+asymptote:ode:29,add:regime_postchange,0,0,1,1
inflection+bound+asymptote:ode:29,reverse:asymptote_to_0_from_above->asymptote_to_0_from_below,0,0,1,1
inflection+bound+asymptote:ode:29,reverse:inflection_concave_to_convex->inflection_convex_to_concave,0,0,1,1
turning+bound+asymptote:spline:0,omit:asymptote_to_0_from_above,1,1,1,1
turning+bound+asymptote:spline:0,omit:lower_bound_0,1,1,1,1
turning+bound+asymptote:spline:0,omit:turning_maximum,1,1,1,1
turning+bound+asymptote:spline:0,add:regime_postchange,0,0,1,1
turning+bound+asymptote:spline:0,reverse:asymptote_to_0_from_above->asymptote_to_0_from_below,0,0,1,1
turning+bound+asymptote:spline:0,reverse:turning_maximum->turning_minimum,0,0,1,1
turning+bound+asymptote:spline:1,omit:asymptote_to_0_from_above,1,1,1,1
turning+bound+asymptote:spline:1,omit:lower_bound_0,1,1,1,1
turning+bound+asymptote:spline:1,omit:turning_maximum,1,1,1,1
turning+bound+asymptote:spline:1,add:regime_postchange,0,0,1,1
turning+bound+asymptote:spline:1,reverse:asymptote_to_0_from_above->asymptote_to_0_from_below,0,0,1,1
turning+bound+asymptote:spline:1,reverse:turning_maximum->turning_minimum,0,0,1,1
turning+bound+asymptote:spline:2,omit:asymptote_to_0_from_above,1,1,1,1
turning+bound+asymptote:spline:2,omit:lower_bound_0,1,1,1,1
turning+bound+asymptote:spline:2,omit:turning_maximum,1,1,1,1
turning+bound+asymptote:spline:2,add:regime_postchange,0,0,1,1
turning+bound+asymptote:spline:2,reverse:asymptote_to_0_from_above->asymptote_to_0_from_below,0,0,1,1
turning+bound+asymptote:spline:2,reverse:turning_maximum->turning_minimum,0,0,1,1
turning+bound+asymptote:spline:3,omit:asymptote_to_0_from_above,1,1,1,1
turning+bound+asymptote:spline:3,omit:lower_bound_0,1,1,1,1
turning+bound+asymptote:spline:3,omit:turning_maximum,1,1,1,1
turning+bound+asymptote:spline:3,add:regime_postchange,0,0,1,1
turning+bound+asymptote:spline:3,reverse:asymptote_to_0_from_above->asymptote_to_0_from_below,0,0,1,1
turning+bound+asymptote:spline:3,reverse:turning_maximum->turning_minimum,0,0,1,1
turning+bound+asymptote:spline:4,omit:asymptote_to_0_from_above,1,1,1,1
turning+bound+asymptote:spline:4,omit:lower_bound_0,1,1,1,1
turning+bound+asymptote:spline:4,omit:turning_maximum,1,1,1,1
turning+bound+asymptote:spline:4,add:regime_postchange,0,0,1,1
turning+bound+asymptote:spline:4,reverse:asymptote_to_0_from_above->asymptote_to_0_from_below,0,0,1,1
turning+bound+asymptote:spline:4,reverse:turning_maximum->turning_minimum,0,0,1,1
turning+bound+asymptote:spline:5,omit:asymptote_to_0_from_above,1,1,1,1
turning+bound+asymptote:spline:5,omit:lower_bound_0,1,1,1,1
turning+bound+asymptote:spline:5,omit:turning_maximum,1,1,1,1
turning+bound+asymptote:spline:5,add:regime_postchange,0,0,1,1
turning+bound+asymptote:spline:5,reverse:asymptote_to_0_from_above->asymptote_to_0_from_below,0,0,1,1
turning+bound+asymptote:spline:5,reverse:turning_maximum->turning_minimum,0,0,1,1
turning+bound+asymptote:spline:6,omit:asymptote_to_0_from_above,1,1,1,1
turning+bound+asymptote:spline:6,omit:lower_bound_0,1,1,1,1
turning+bound+asymptote:spline:6,omit:turning_maximum,1,1,1,1
turning+bound+asymptote:spline:6,add:regime_postchange,0,0,1,1
turning+bound+asymptote:spline:6,reverse:asymptote_to_0_from_above->asymptote_to_0_from_below,0,0,1,1
turning+bound+asymptote:spline:6,reverse:turning_maximum->turning_minimum,0,0,1,1
turning+bound+asymptote:spline:7,omit:asymptote_to_0_from_above,1,1,1,1
turning+bound+asymptote:spline:7,omit:lower_bound_0,1,1,1,1
turning+bound+asymptote:spline:7,omit:turning_maximum,1,1,1,1
turning+bound+asymptote:spline:7,add:regime_postchange,0,0,1,1
turning+bound+asymptote:spline:7,reverse:asymptote_to_0_from_above->asymptote_to_0_from_below,0,0,1,1
turning+bound+asymptote:spline:7,reverse:turning_maximum->turning_minimum,0,0,1,1
turning+bound+asymptote:spline:8,omit:asymptote_to_0_from_above,1,1,1,1
turning+bound+asymptote:spline:8,omit:lower_bound_0,1,1,1,1
turning+bound+asymptote:spline:8,omit:turning_maximum,1,1,1,1
turning+bound+asymptote:spline:8,add:regime_postchange,0,0,1,1
turning+bound+asymptote:spline:8,reverse:asymptote_to_0_from_above->asymptote_to_0_from_below,0,0,1,1
turning+bound+asymptote:spline:8,reverse:turning_maximum->turning_minimum,0,0,1,1
turning+bound+asymptote:spline:9,omit:asymptote_to_0_from_above,1,1,1,1
turning+bound+asymptote:spline:9,omit:lower_bound_0,1,1,1,1
turning+bound+asymptote:spline:9,omit:turning_maximum,1,1,1,1
turning+bound+asymptote:spline:9,add:regime_postchange,0,0,1,1
turning+bound+asymptote:spline:9,reverse:asymptote_to_0_from_above->asymptote_to_0_from_below,0,0,1,1
turning+bound+asymptote:spline:9,reverse:turning_maximum->turning_minimum,0,0,1,1
turning+bound+asymptote:spline:10,omit:asymptote_to_0_from_above,1,1,1,1
turning+bound+asymptote:spline:10,omit:lower_bound_0,1,1,1,1
turning+bound+asymptote:spline:10,omit:turning_maximum,1,1,1,1
turning+bound+asymptote:spline:10,add:regime_postchange,0,0,1,1
turning+bound+asymptote:spline:10,reverse:asymptote_to_0_from_above->asymptote_to_0_from_below,0,0,1,1
turning+bound+asymptote:spline:10,reverse:turning_maximum->turning_minimum,0,0,1,1
turning+bound+asymptote:spline:11,omit:asymptote_to_0_from_above,1,1,1,1
turning+bound+asymptote:spline:11,omit:lower_bound_0,1,1,1,1
turning+bound+asymptote:spline:11,omit:turning_maximum,1,1,1,1
turning+bound+asymptote:spline:11,add:regime_postchange,0,0,1,1
turning+bound+asymptote:spline:11,reverse:asymptote_to_0_from_above->asymptote_to_0_from_below,0,0,1,1
turning+bound+asymptote:spline:11,reverse:turning_maximum->turning_minimum,0,0,1,1
turning+bound+asymptote:spline:12,omit:asymptote_to_0_from_above,1,1,1,1
turning+bound+asymptote:spline:12,omit:lower_bound_0,1,1,1,1
turning+bound+asymptote:spline:12,omit:turning_maximum,1,1,1,1
turning+bound+asymptote:spline:12,add:regime_postchange,0,0,1,1
turning+bound+asymptote:spline:12,reverse:asymptote_to_0_from_above->asymptote_to_0_from_below,0,0,1,1
turning+bound+asymptote:spline:12,reverse:turning_maximum->turning_minimum,0,0,1,1
turning+bound+asymptote:spline:13,omit:asymptote_to_0_from_above,1,1,1,1
turning+bound+asymptote:spline:13,omit:lower_bound_0,1,1,1,1
turning+bound+asymptote:spline:13,omit:turning_maximum,1,1,1,1
turning+bound+asymptote:spline:13,add:regime_postchange,0,0,1,1
turning+bound+asymptote:spline:13,reverse:asymptote_to_0_from_above->asymptote_to_0_from_below,0,0,1,1
turning+bound+asymptote:spline:13,reverse:turning_maximum->turning_minimum,0,0,1,1
turning+bound+asymptote:spline:14,omit:asymptote_to_0_from_above,1,1,1,1
turning+bound+asymptote:spline:14,omit:lower_bound_0,1,1,1,1
turning+bound+asymptote:spline:14,omit:turning_maximum,1,1,1,1
turning+bound+asymptote:spline:14,add:regime_postchange,0,0,1,1
turning+bound+asymptote:spline:14,reverse:asymptote_to_0_from_above->asymptote_to_0_from_below,0,0,1,1
turning+bound+asymptote:spline:14,reverse:turning_maximum->turning_minimum,0,0,1,1
turning+bound+asymptote:spline:15,omit:asymptote_to_0_from_above,1,1,1,1
turning+bound+asymptote:spline:15,omit:lower_bound_0,1,1,1,1
turning+bound+asymptote:spline:15,omit:turning_maximum,1,1,1,1
turning+bound+asymptote:spline:15,add:regime_postchange,0,0,1,1
turning+bound+asymptote:spline:15,reverse:asymptote_to_0_from_above->asymptote_to_0_from_below,0,0,1,1
turning+bound+asymptote:spline:15,reverse:turning_maximum->turning_minimum,0,0,1,1
turning+bound+asymptote:spline:16,omit:asymptote_to_0_from_above,1,1,1,1
turning+bound+asymptote:spline:16,omit:lower_bound_0,1,1,1,1
turning+bound+asymptote:spline:16,omit:turning_maximum,1,1,1,1
turning+bound+asymptote:spline:16,add:regime_postchange,0,0,1,1
turning+bound+asymptote:spline:16,reverse:asymptote_to_0_from_above->asymptote_to_0_from_below,0,0,1,1
turning+bound+asymptote:spline:16,reverse:turning_maximum->turning_minimum,0,0,1,1
turning+bound+asymptote:spline:17,omit:asymptote_to_0_from_above,1,1,1,1
turning+bound+asymptote:spline:17,omit:lower_bound_0,1,1,1,1
turning+bound+asymptote:spline:17,omit:turning_maximum,1,1,1,1
turning+bound+asymptote:spline:17,add:regime_postchange,0,0,1,1
turning+bound+asymptote:spline:17,reverse:asymptote_to_0_from_above->asymptote_to_0_from_below,0,0,1,1
turning+bound+asymptote:spline:17,reverse:turning_maximum->turning_minimum,0,0,1,1
turning+bound+asymptote:spline:18,omit:asymptote_to_0_from_above,1,1,1,1
turning+bound+asymptote:spline:18,omit:lower_bound_0,1,1,1,1
turning+bound+asymptote:spline:18,omit:turning_maximum,1,1,1,1
turning+bound+asymptote:spline:18,add:regime_postchange,0,0,1,1
turning+bound+asymptote:spline:18,reverse:asymptote_to_0_from_above->asymptote_to_0_from_below,0,0,1,1
turning+bound+asymptote:spline:18,reverse:turning_maximum->turning_minimum,0,0,1,1
turning+bound+asymptote:spline:19,omit:asymptote_to_0_from_above,1,1,1,1
turning+bound+asymptote:spline:19,omit:lower_bound_0,1,1,1,1
turning+bound+asymptote:spline:19,omit:turning_maximum,1,1,1,1
turning+bound+asymptote:spline:19,add:regime_postchange,0,0,1,1
turning+bound+asymptote:spline:19,reverse:asymptote_to_0_from_above->asymptote_to_0_from_below,0,0,1,1
turning+bound+asymptote:spline:19,reverse:turning_maximum->turning_minimum,0,0,1,1
turning+bound+asymptote:spline:20,omit:asymptote_to_0_from_above,1,1,1,1
turning+bound+asymptote:spline:20,omit:lower_bound_0,1,1,1,1
turning+bound+asymptote:spline:20,omit:turning_maximum,1,1,1,1
turning+bound+asymptote:spline:20,add:regime_postchange,0,0,1,1
turning+bound+asymptote:spline:20,reverse:asymptote_to_0_from_above->asymptote_to_0_from_below,0,0,1,1
turning+bound+asymptote:spline:20,reverse:turning_maximum->turning_minimum,0,0,1,1
turning+bound+asymptote:spline:21,omit:asymptote_to_0_from_above,1,1,1,1
turning+bound+asymptote:spline:21,omit:lower_bound_0,1,1,1,1
turning+bound+asymptote:spline:21,omit:turning_maximum,1,1,1,1
turning+bound+asymptote:spline:21,add:regime_postchange,0,0,1,1
turning+bound+asymptote:spline:21,reverse:asymptote_to_0_from_above->asymptote_to_0_from_below,0,0,1,1
turning+bound+asymptote:spline:21,reverse:turning_maximum->turning_minimum,0,0,1,1
turning+bound+asymptote:spline:22,omit:asymptote_to_0_from_above,1,1,1,1
turning+bound+asymptote:spline:22,omit:lower_bound_0,1,1,1,1
turning+bound+asymptote:spline:22,omit:turning_maximum,1,1,1,1
turning+bound+asymptote:spline:22,add:regime_postchange,0,0,1,1
turning+bound+asymptote:spline:22,reverse:asymptote_to_0_from_above->asymptote_to_0_from_below,0,0,1,1
turning+bound+asymptote:spline:22,reverse:turning_maximum->turning_minimum,0,0,1,1
turning+bound+asymptote:spline:23,omit:asymptote_to_0_from_above,1,1,1,1
turning+bound+asymptote:spline:23,omit:lower_bound_0,1,1,1,1
turning+bound+asymptote:spline:23,omit:turning_maximum,1,1,1,1
turning+bound+asymptote:spline:23,add:regime_postchange,0,0,1,1
turning+bound+asymptote:spline:23,reverse:asymptote_to_0_from_above->asymptote_to_0_from_below,0,0,1,1
turning+bound+asymptote:spline:23,reverse:turning_maximum->turning_minimum,0,0,1,1
turning+bound+asymptote:spline:24,omit:asymptote_to_0_from_above,1,1,1,1
turning+bound+asymptote:spline:24,omit:lower_bound_0,1,1,1,1
turning+bound+asymptote:spline:24,omit:turning_maximum,1,1,1,1
turning+bound+asymptote:spline:24,add:regime_postchange,0,0,1,1
turning+bound+asymptote:spline:24,reverse:asymptote_to_0_from_above->asymptote_to_0_from_below,0,0,1,1
turning+bound+asymptote:spline:24,reverse:turning_maximum->turning_minimum,0,0,1,1
turning+bound+asymptote:spline:25,omit:asymptote_to_0_from_above,1,1,1,1
turning+bound+asymptote:spline:25,omit:lower_bound_0,1,1,1,1
turning+bound+asymptote:spline:25,omit:turning_maximum,1,1,1,1
turning+bound+asymptote:spline:25,add:regime_postchange,0,0,1,1
turning+bound+asymptote:spline:25,reverse:asymptote_to_0_from_above->asymptote_to_0_from_below,0,0,1,1
turning+bound+asymptote:spline:25,reverse:turning_maximum->turning_minimum,0,0,1,1
turning+bound+asymptote:spline:26,omit:asymptote_to_0_from_above,1,1,1,1
turning+bound+asymptote:spline:26,omit:lower_bound_0,1,1,1,1
turning+bound+asymptote:spline:26,omit:turning_maximum,1,1,1,1
turning+bound+asymptote:spline:26,add:regime_postchange,0,0,1,1
turning+bound+asymptote:spline:26,reverse:asymptote_to_0_from_above->asymptote_to_0_from_below,0,0,1,1
turning+bound+asymptote:spline:26,reverse:turning_maximum->turning_minimum,0,0,1,1
turning+bound+asymptote:spline:27,omit:asymptote_to_0_from_above,1,1,1,1
turning+bound+asymptote:spline:27,omit:lower_bound_0,1,1,1,1
turning+bound+asymptote:spline:27,omit:turning_maximum,1,1,1,1
turning+bound+asymptote:spline:27,add:regime_postchange,0,0,1,1
turning+bound+asymptote:spline:27,reverse:asymptote_to_0_from_above->asymptote_to_0_from_below,0,0,1,1
turning+bound+asymptote:spline:27,reverse:turning_maximum->turning_minimum,0,0,1,1
turning+bound+asymptote:spline:28,omit:asymptote_to_0_from_above,1,1,1,1
turning+bound+asymptote:spline:28,omit:lower_bound_0,1,1,1,1
turning+bound+asymptote:spline:28,omit:turning_maximum,1,1,1,1
turning+bound+asymptote:spline:28,add:regime_postchange,0,0,1,1
turning+bound+asymptote:spline:28,reverse:asymptote_to_0_from_above->asymptote_to_0_from_below,0,0,1,1
turning+bound+asymptote:spline:28,reverse:turning_maximum->turning_minimum,0,0,1,1
turning+bound+asymptote:spline:29,omit:asymptote_to_0_from_above,1,1,1,1
turning+bound+asymptote:spline:29,omit:lower_bound_0,1,1,1,1
turning+bound+asymptote:spline:29,omit:turning_maximum,1,1,1,1
turning+bound+asymptote:spline:29,add:regime_postchange,0,0,1,1
turning+bound+asymptote:spline:29,reverse:asymptote_to_0_from_above->asymptote_to_0_from_below,0,0,1,1
turning+bound+asymptote:spline:29,reverse:turning_maximum->turning_minimum,0,0,1,1
turning+bound+asymptote:basis:0,omit:asymptote_to_0_from_above,1,1,1,1
turning+bound+asymptote:basis:0,omit:lower_bound_0,1,1,1,1
turning+bound+asymptote:basis:0,omit:turning_maximum,1,1,1,1
turning+bound+asymptote:basis:0,add:regime_postchange,0,0,1,1
turning+bound+asymptote:basis:0,reverse:asymptote_to_0_from_above->asymptote_to_0_from_below,0,0,1,1
turning+bound+asymptote:basis:0,reverse:turning_maximum->turning_minimum,0,0,1,1
turning+bound+asymptote:basis:1,omit:asymptote_to_0_from_above,1,1,1,1
turning+bound+asymptote:basis:1,omit:lower_bound_0,1,1,1,1
turning+bound+asymptote:basis:1,omit:turning_maximum,1,1,1,1
turning+bound+asymptote:basis:1,add:regime_postchange,0,0,1,1
turning+bound+asymptote:basis:1,reverse:asymptote_to_0_from_above->asymptote_to_0_from_below,0,0,1,1
turning+bound+asymptote:basis:1,reverse:turning_maximum->turning_minimum,0,0,1,1
turning+bound+asymptote:basis:2,omit:asymptote_to_0_from_above,1,1,1,1
turning+bound+asymptote:basis:2,omit:lower_bound_0,1,1,1,1
turning+bound+asymptote:basis:2,omit:turning_maximum,1,1,1,1
turning+bound+asymptote:basis:2,add:regime_postchange,0,0,1,1
turning+bound+asymptote:basis:2,reverse:asymptote_to_0_from_above->asymptote_to_0_from_below,0,0,1,1
turning+bound+asymptote:basis:2,reverse:turning_maximum->turning_minimum,0,0,1,1
turning+bound+asymptote:basis:3,omit:asymptote_to_0_from_above,1,1,1,1
turning+bound+asymptote:basis:3,omit:lower_bound_0,1,1,1,1
turning+bound+asymptote:basis:3,omit:turning_maximum,1,1,1,1
turning+bound+asymptote:basis:3,add:regime_postchange,0,0,1,1
turning+bound+asymptote:basis:3,reverse:asymptote_to_0_from_above->asymptote_to_0_from_below,0,0,1,1
turning+bound+asymptote:basis:3,reverse:turning_maximum->turning_minimum,0,0,1,1
turning+bound+asymptote:basis:4,omit:asymptote_to_0_from_above,1,1,1,1
turning+bound+asymptote:basis:4,omit:lower_bound_0,1,1,1,1
turning+bound+asymptote:basis:4,omit:turning_maximum,1,1,1,1
turning+bound+asymptote:basis:4,add:regime_postchange,0,0,1,1
turning+bound+asymptote:basis:4,reverse:asymptote_to_0_from_above->asymptote_to_0_from_below,0,0,1,1
turning+bound+asymptote:basis:4,reverse:turning_maximum->turning_minimum,0,0,1,1
turning+bound+asymptote:basis:5,omit:asymptote_to_0_from_above,1,1,1,1
turning+bound+asymptote:basis:5,omit:lower_bound_0,1,1,1,1
turning+bound+asymptote:basis:5,omit:turning_maximum,1,1,1,1
turning+bound+asymptote:basis:5,add:regime_postchange,0,0,1,1
turning+bound+asymptote:basis:5,reverse:asymptote_to_0_from_above->asymptote_to_0_from_below,0,0,1,1
turning+bound+asymptote:basis:5,reverse:turning_maximum->turning_minimum,0,0,1,1
turning+bound+asymptote:basis:6,omit:asymptote_to_0_from_above,1,1,1,1
turning+bound+asymptote:basis:6,omit:lower_bound_0,1,1,1,1
turning+bound+asymptote:basis:6,omit:turning_maximum,1,1,1,1
turning+bound+asymptote:basis:6,add:regime_postchange,0,0,1,1
turning+bound+asymptote:basis:6,reverse:asymptote_to_0_from_above->asymptote_to_0_from_below,0,0,1,1
turning+bound+asymptote:basis:6,reverse:turning_maximum->turning_minimum,0,0,1,1
turning+bound+asymptote:basis:7,omit:asymptote_to_0_from_above,1,1,1,1
turning+bound+asymptote:basis:7,omit:lower_bound_0,1,1,1,1
turning+bound+asymptote:basis:7,omit:turning_maximum,1,1,1,1
turning+bound+asymptote:basis:7,add:regime_postchange,0,0,1,1
turning+bound+asymptote:basis:7,reverse:asymptote_to_0_from_above->asymptote_to_0_from_below,0,0,1,1
turning+bound+asymptote:basis:7,reverse:turning_maximum->turning_minimum,0,0,1,1
turning+bound+asymptote:basis:8,omit:asymptote_to_0_from_above,1,1,1,1
turning+bound+asymptote:basis:8,omit:lower_bound_0,1,1,1,1
turning+bound+asymptote:basis:8,omit:turning_maximum,1,1,1,1
turning+bound+asymptote:basis:8,add:regime_postchange,0,0,1,1
turning+bound+asymptote:basis:8,reverse:asymptote_to_0_from_above->asymptote_to_0_from_below,0,0,1,1
turning+bound+asymptote:basis:8,reverse:turning_maximum->turning_minimum,0,0,1,1
turning+bound+asymptote:basis:9,omit:asymptote_to_0_from_above,1,1,1,1
turning+bound+asymptote:basis:9,omit:lower_bound_0,1,1,1,1
turning+bound+asymptote:basis:9,omit:turning_maximum,1,1,1,1
turning+bound+asymptote:basis:9,add:regime_postchange,0,0,1,1
turning+bound+asymptote:basis:9,reverse:asymptote_to_0_from_above->asymptote_to_0_from_below,0,0,1,1
turning+bound+asymptote:basis:9,reverse:turning_maximum->turning_minimum,0,0,1,1
turning+bound+asymptote:basis:10,omit:asymptote_to_0_from_above,1,1,1,1
turning+bound+asymptote:basis:10,omit:lower_bound_0,1,1,1,1
turning+bound+asymptote:basis:10,omit:turning_maximum,1,1,1,1
turning+bound+asymptote:basis:10,add:regime_postchange,0,0,1,1
turning+bound+asymptote:basis:10,reverse:asymptote_to_0_from_above->asymptote_to_0_from_below,0,0,1,1
turning+bound+asymptote:basis:10,reverse:turning_maximum->turning_minimum,0,0,1,1
turning+bound+asymptote:basis:11,omit:asymptote_to_0_from_above,1,1,1,1
turning+bound+asymptote:basis:11,omit:lower_bound_0,1,1,1,1
turning+bound+asymptote:basis:11,omit:turning_maximum,1,1,1,1
turning+bound+asymptote:basis:11,add:regime_postchange,0,0,1,1
turning+bound+asymptote:basis:11,reverse:asymptote_to_0_from_above->asymptote_to_0_from_below,0,0,1,1
turning+bound+asymptote:basis:11,reverse:turning_maximum->turning_minimum,0,0,1,1
turning+bound+asymptote:basis:12,omit:asymptote_to_0_from_above,1,1,1,1
turning+bound+asymptote:basis:12,omit:lower_bound_0,1,1,1,1
turning+bound+asymptote:basis:12,omit:turning_maximum,1,1,1,1
turning+bound+asymptote:basis:12,add:regime_postchange,0,0,1,1
turning+bound+asymptote:basis:12,reverse:asymptote_to_0_from_above->asymptote_to_0_from_below,0,0,1,1
turning+bound+asymptote:basis:12,reverse:turning_maximum->turning_minimum,0,0,1,1
turning+bound+asymptote:basis:13,omit:asymptote_to_0_from_above,1,1,1,1
turning+bound+asymptote:basis:13,omit:lower_bound_0,1,1,1,1
turning+bound+asymptote:basis:13,omit:turning_maximum,1,1,1,1
turning+bound+asymptote:basis:13,add:regime_postchange,0,0,1,1
turning+bound+asymptote:basis:13,reverse:asymptote_to_0_from_above->asymptote_to_0_from_below,0,0,1,1
turning+bound+asymptote:basis:13,reverse:turning_maximum->turning_minimum,0,0,1,1
turning+bound+asymptote:basis:14,omit:asymptote_to_0_from_above,1,1,1,1
turning+bound+asymptote:basis:14,omit:lower_bound_0,1,1,1,1
turning+bound+asymptote:basis:14,omit:turning_maximum,1,1,1,1
turning+bound+asymptote:basis:14,add:regime_postchange,0,0,1,1
turning+bound+asymptote:basis:14,reverse:asymptote_to_0_from_above->asymptote_to_0_from_below,0,0,1,1
turning+bound+asymptote:basis:14,reverse:turning_maximum->turning_minimum,0,0,1,1
turning+bound+asymptote:basis:15,omit:asymptote_to_0_from_above,1,1,1,1
turning+bound+asymptote:basis:15,omit:lower_bound_0,1,1,1,1
turning+bound+asymptote:basis:15,omit:turning_maximum,1,1,1,1
turning+bound+asymptote:basis:15,add:regime_postchange,0,0,1,1
turning+bound+asymptote:basis:15,reverse:asymptote_to_0_from_above->asymptote_to_0_from_below,0,0,1,1
turning+bound+asymptote:basis:15,reverse:turning_maximum->turning_minimum,0,0,1,1
turning+bound+asymptote:basis:16,omit:asymptote_to_0_from_above,1,1,1,1
turning+bound+asymptote:basis:16,omit:lower_bound_0,1,1,1,1
turning+bound+asymptote:basis:16,omit:turning_maximum,1,1,1,1
turning+bound+asymptote:basis:16,add:regime_postchange,0,0,1,1
turning+bound+asymptote:basis:16,reverse:asymptote_to_0_from_above->asymptote_to_0_from_below,0,0,1,1
turning+bound+asymptote:basis:16,reverse:turning_maximum->turning_minimum,0,0,1,1
turning+bound+asymptote:basis:17,omit:asymptote_to_0_from_above,1,1,1,1
turning+bound+asymptote:basis:17,omit:lower_bound_0,1,1,1,1
turning+bound+asymptote:basis:17,omit:turning_maximum,1,1,1,1
turning+bound+asymptote:basis:17,add:regime_postchange,0,0,1,1
turning+bound+asymptote:basis:17,reverse:asymptote_to_0_from_above->asymptote_to_0_from_below,0,0,1,1
turning+bound+asymptote:basis:17,reverse:turning_maximum->turning_minimum,0,0,1,1
turning+bound+asymptote:basis:18,omit:asymptote_to_0_from_above,1,1,1,1
turning+bound+asymptote:basis:18,omit:lower_bound_0,1,1,1,1
turning+bound+asymptote:basis:18,omit:turning_maximum,1,1,1,1
turning+bound+asymptote:basis:18,add:regime_postchange,0,0,1,1
turning+bound+asymptote:basis:18,reverse:asymptote_to_0_from_above->asymptote_to_0_from_below,0,0,1,1
turning+bound+asymptote:basis:18,reverse:turning_maximum->turning_minimum,0,0,1,1
turning+bound+asymptote:basis:19,omit:asymptote_to_0_from_above,1,1,1,1
turning+bound+asymptote:basis:19,omit:lower_bound_0,1,1,1,1
turning+bound+asymptote:basis:19,omit:turning_maximum,1,1,1,1
turning+bound+asymptote:basis:19,add:regime_postchange,0,0,1,1
turning+bound+asymptote:basis:19,reverse:asymptote_to_0_from_above->asymptote_to_0_from_below,0,0,1,1
turning+bound+asymptote:basis:19,reverse:turning_maximum->turning_minimum,0,0,1,1
turning+bound+asymptote:basis:20,omit:asymptote_to_0_from_above,1,1,1,1
turning+bound+asymptote:basis:20,omit:lower_bound_0,1,1,1,1
turning+bound+asymptote:basis:20,omit:turning_maximum,1,1,1,1
turning+bound+asymptote:basis:20,add:regime_postchange,0,0,1,1
turning+bound+asymptote:basis:20,reverse:asymptote_to_0_from_above->asymptote_to_0_from_below,0,0,1,1
turning+bound+asymptote:basis:20,reverse:turning_maximum->turning_minimum,0,0,1,1
turning+bound+asymptote:basis:21,omit:asymptote_to_0_from_above,1,1,1,1
turning+bound+asymptote:basis:21,omit:lower_bound_0,1,1,1,1
turning+bound+asymptote:basis:21,omit:turning_maximum,1,1,1,1
turning+bound+asymptote:basis:21,add:regime_postchange,0,0,1,1
turning+bound+asymptote:basis:21,reverse:asymptote_to_0_from_above->asymptote_to_0_from_below,0,0,1,1
turning+bound+asymptote:basis:21,reverse:turning_maximum->turning_minimum,0,0,1,1
turning+bound+asymptote:basis:22,omit:asymptote_to_0_from_above,1,1,1,1
turning+bound+asymptote:basis:22,omit:lower_bound_0,1,1,1,1
turning+bound+asymptote:basis:22,omit:turning_maximum,1,1,1,1
turning+bound+asymptote:basis:22,add:regime_postchange,0,0,1,1
turning+bound+asymptote:basis:22,reverse:asymptote_to_0_from_above->asymptote_to_0_from_below,0,0,1,1
turning+bound+asymptote:basis:22,reverse:turning_maximum->turning_minimum,0,0,1,1
turning+bound+asymptote:basis:23,omit:asymptote_to_0_from_above,1,1,1,1
turning+bound+asymptote:basis:23,omit:lower_bound_0,1,1,1,1
turning+bound+asymptote:basis:23,omit:turning_maximum,1,1,1,1
turning+bound+asymptote:basis:23,add:regime_postchange,0,0,1,1
turning+bound+asymptote:basis:23,reverse:asymptote_to_0_from_above->asymptote_to_0_from_below,0,0,1,1
turning+bound+asymptote:basis:23,reverse:turning_maximum->turning_minimum,0,0,1,1
turning+bound+asymptote:basis:24,omit:asymptote_to_0_from_above,1,1,1,1
turning+bound+asymptote:basis:24,omit:lower_bound_0,1,1,1,1
turning+bound+asymptote:basis:24,omit:turning_maximum,1,1,1,1
turning+bound+asymptote:basis:24,add:regime_postchange,0,0,1,1
turning+bound+asymptote:basis:24,reverse:asymptote_to_0_from_above->asymptote_to_0_from_below,0,0,1,1
turning+bound+asymptote:basis:24,reverse:turning_maximum->turning_minimum,0,0,1,1
turning+bound+asymptote:basis:25,omit:asymptote_to_0_from_above,1,1,1,1
turning+bound+asymptote:basis:25,omit:lower_bound_0,1,1,1,1
turning+bound+asymptote:basis:25,omit:turning_maximum,1,1,1,1
turning+bound+asymptote:basis:25,add:regime_postchange,0,0,1,1
turning+bound+asymptote:basis:25,reverse:asymptote_to_0_from_above->asymptote_to_0_from_below,0,0,1,1
turning+bound+asymptote:basis:25,reverse:turning_maximum->turning_minimum,0,0,1,1
turning+bound+asymptote:basis:26,omit:asymptote_to_0_from_above,1,1,1,1
turning+bound+asymptote:basis:26,omit:lower_bound_0,1,1,1,1
turning+bound+asymptote:basis:26,omit:turning_maximum,1,1,1,1
turning+bound+asymptote:basis:26,add:regime_postchange,0,0,1,1
turning+bound+asymptote:basis:26,reverse:asymptote_to_0_from_above->asymptote_to_0_from_below,0,0,1,1
turning+bound+asymptote:basis:26,reverse:turning_maximum->turning_minimum,0,0,1,1
turning+bound+asymptote:basis:27,omit:asymptote_to_0_from_above,1,1,1,1
turning+bound+asymptote:basis:27,omit:lower_bound_0,1,1,1,1
turning+bound+asymptote:basis:27,omit:turning_maximum,1,1,1,1
turning+bound+asymptote:basis:27,add:regime_postchange,0,0,1,1
turning+bound+asymptote:basis:27,reverse:asymptote_to_0_from_above->asymptote_to_0_from_below,0,0,1,1
turning+bound+asymptote:basis:27,reverse:turning_maximum->turning_minimum,0,0,1,1
turning+bound+asymptote:basis:28,omit:asymptote_to_0_from_above,1,1,1,1
turning+bound+asymptote:basis:28,omit:lower_bound_0,1,1,1,1
turning+bound+asymptote:basis:28,omit:turning_maximum,1,1,1,1
turning+bound+asymptote:basis:28,add:regime_postchange,0,0,1,1
turning+bound+asymptote:basis:28,reverse:asymptote_to_0_from_above->asymptote_to_0_from_below,0,0,1,1
turning+bound+asymptote:basis:28,reverse:turning_maximum->turning_minimum,0,0,1,1
turning+bound+asymptote:basis:29,omit:asymptote_to_0_from_above,1,1,1,1
turning+bound+asymptote:basis:29,omit:lower_bound_0,1,1,1,1
turning+bound+asymptote:basis:29,omit:turning_maximum,1,1,1,1
turning+bound+asymptote:basis:29,add:regime_postchange,0,0,1,1
turning+bound+asymptote:basis:29,reverse:asymptote_to_0_from_above->asymptote_to_0_from_below,0,0,1,1
turning+bound+asymptote:basis:29,reverse:turning_maximum->turning_minimum,0,0,1,1
turning+bound+asymptote:ode:0,omit:asymptote_to_0_from_above,1,1,1,1
turning+bound+asymptote:ode:0,omit:lower_bound_0,1,1,1,1
turning+bound+asymptote:ode:0,omit:turning_maximum,1,1,1,1
turning+bound+asymptote:ode:0,add:regime_postchange,0,0,1,1
turning+bound+asymptote:ode:0,reverse:asymptote_to_0_from_above->asymptote_to_0_from_below,0,0,1,1
turning+bound+asymptote:ode:0,reverse:turning_maximum->turning_minimum,0,0,1,1
turning+bound+asymptote:ode:1,omit:asymptote_to_0_from_above,1,1,1,1
turning+bound+asymptote:ode:1,omit:lower_bound_0,1,1,1,1
turning+bound+asymptote:ode:1,omit:turning_maximum,1,1,1,1
turning+bound+asymptote:ode:1,add:regime_postchange,0,0,1,1
turning+bound+asymptote:ode:1,reverse:asymptote_to_0_from_above->asymptote_to_0_from_below,0,0,1,1
turning+bound+asymptote:ode:1,reverse:turning_maximum->turning_minimum,0,0,1,1
turning+bound+asymptote:ode:2,omit:asymptote_to_0_from_above,1,1,1,1
turning+bound+asymptote:ode:2,omit:lower_bound_0,1,1,1,1
turning+bound+asymptote:ode:2,omit:turning_maximum,1,1,1,1
turning+bound+asymptote:ode:2,add:regime_postchange,0,0,1,1
turning+bound+asymptote:ode:2,reverse:asymptote_to_0_from_above->asymptote_to_0_from_below,0,0,1,1
turning+bound+asymptote:ode:2,reverse:turning_maximum->turning_minimum,0,0,1,1
turning+bound+asymptote:ode:3,omit:asymptote_to_0_from_above,1,1,1,1
turning+bound+asymptote:ode:3,omit:lower_bound_0,1,1,1,1
turning+bound+asymptote:ode:3,omit:turning_maximum,1,1,1,1
turning+bound+asymptote:ode:3,add:regime_postchange,0,0,1,1
turning+bound+asymptote:ode:3,reverse:asymptote_to_0_from_above->asymptote_to_0_from_below,0,0,1,1
turning+bound+asymptote:ode:3,reverse:turning_maximum->turning_minimum,0,0,1,1
turning+bound+asymptote:ode:4,omit:asymptote_to_0_from_above,1,1,1,1
turning+bound+asymptote:ode:4,omit:lower_bound_0,1,1,1,1
turning+bound+asymptote:ode:4,omit:turning_maximum,1,1,1,1
turning+bound+asymptote:ode:4,add:regime_postchange,0,0,1,1
turning+bound+asymptote:ode:4,reverse:asymptote_to_0_from_above->asymptote_to_0_from_below,0,0,1,1
turning+bound+asymptote:ode:4,reverse:turning_maximum->turning_minimum,0,0,1,1
turning+bound+asymptote:ode:5,omit:asymptote_to_0_from_above,1,1,1,1
turning+bound+asymptote:ode:5,omit:lower_bound_0,1,1,1,1
turning+bound+asymptote:ode:5,omit:turning_maximum,1,1,1,1
turning+bound+asymptote:ode:5,add:regime_postchange,0,0,1,1
turning+bound+asymptote:ode:5,reverse:asymptote_to_0_from_above->asymptote_to_0_from_below,0,0,1,1
turning+bound+asymptote:ode:5,reverse:turning_maximum->turning_minimum,0,0,1,1
turning+bound+asymptote:ode:6,omit:asymptote_to_0_from_above,1,1,1,1
turning+bound+asymptote:ode:6,omit:lower_bound_0,1,1,1,1
turning+bound+asymptote:ode:6,omit:turning_maximum,1,1,1,1
turning+bound+asymptote:ode:6,add:regime_postchange,0,0,1,1
turning+bound+asymptote:ode:6,reverse:asymptote_to_0_from_above->asymptote_to_0_from_below,0,0,1,1
turning+bound+asymptote:ode:6,reverse:turning_maximum->turning_minimum,0,0,1,1
turning+bound+asymptote:ode:7,omit:asymptote_to_0_from_above,1,1,1,1
turning+bound+asymptote:ode:7,omit:lower_bound_0,1,1,1,1
turning+bound+asymptote:ode:7,omit:turning_maximum,1,1,1,1
turning+bound+asymptote:ode:7,add:regime_postchange,0,0,1,1
turning+bound+asymptote:ode:7,reverse:asymptote_to_0_from_above->asymptote_to_0_from_below,0,0,1,1
turning+bound+asymptote:ode:7,reverse:turning_maximum->turning_minimum,0,0,1,1
turning+bound+asymptote:ode:8,omit:asymptote_to_0_from_above,1,1,1,1
turning+bound+asymptote:ode:8,omit:lower_bound_0,1,1,1,1
turning+bound+asymptote:ode:8,omit:turning_maximum,1,1,1,1
turning+bound+asymptote:ode:8,add:regime_postchange,0,0,1,1
turning+bound+asymptote:ode:8,reverse:asymptote_to_0_from_above->asymptote_to_0_from_below,0,0,1,1
turning+bound+asymptote:ode:8,reverse:turning_maximum->turning_minimum,0,0,1,1
turning+bound+asymptote:ode:9,omit:asymptote_to_0_from_above,1,1,1,1
turning+bound+asymptote:ode:9,omit:lower_bound_0,1,1,1,1
turning+bound+asymptote:ode:9,omit:turning_maximum,1,1,1,1
turning+bound+asymptote:ode:9,add:regime_postchange,0,0,1,1
turning+bound+asymptote:ode:9,reverse:asymptote_to_0_from_above->asymptote_to_0_from_below,0,0,1,1
turning+bound+asymptote:ode:9,reverse:turning_maximum->turning_minimum,0,0,1,1
turning+bound+asymptote:ode:10,omit:asymptote_to_0_from_above,1,1,1,1
turning+bound+asymptote:ode:10,omit:lower_bound_0,1,1,1,1
turning+bound+asymptote:ode:10,omit:turning_maximum,1,1,1,1
turning+bound+asymptote:ode:10,add:regime_postchange,0,0,1,1
turning+bound+asymptote:ode:10,reverse:asymptote_to_0_from_above->asymptote_to_0_from_below,0,0,1,1
turning+bound+asymptote:ode:10,reverse:turning_maximum->turning_minimum,0,0,1,1
turning+bound+asymptote:ode:11,omit:asymptote_to_0_from_above,1,1,1,1
turning+bound+asymptote:ode:11,omit:lower_bound_0,1,1,1,1
turning+bound+asymptote:ode:11,omit:turning_maximum,1,1,1,1
turning+bound+asymptote:ode:11,add:regime_postchange,0,0,1,1
turning+bound+asymptote:ode:11,reverse:asymptote_to_0_from_above->asymptote_to_0_from_below,0,0,1,1
turning+bound+asymptote:ode:11,reverse:turning_maximum->turning_minimum,0,0,1,1
turning+bound+asymptote:ode:12,omit:asymptote_to_0_from_above,1,1,1,1
turning+bound+asymptote:ode:12,omit:lower_bound_0,1,1,1,1
turning+bound+asymptote:ode:12,omit:turning_maximum,1,1,1,1
turning+bound+asymptote:ode:12,add:regime_postchange,0,0,1,1
turning+bound+asymptote:ode:12,reverse:asymptote_to_0_from_above->asymptote_to_0_from_below,0,0,1,1
turning+bound+asymptote:ode:12,reverse:turning_maximum->turning_minimum,0,0,1,1
turning+bound+asymptote:ode:13,omit:asymptote_to_0_from_above,1,1,1,1
turning+bound+asymptote:ode:13,omit:lower_bound_0,1,1,1,1
turning+bound+asymptote:ode:13,omit:turning_maximum,1,1,1,1
turning+bound+asymptote:ode:13,add:regime_postchange,0,0,1,1
turning+bound+asymptote:ode:13,reverse:asymptote_to_0_from_above->asymptote_to_0_from_below,0,0,1,1
turning+bound+asymptote:ode:13,reverse:turning_maximum->turning_minimum,0,0,1,1
turning+bound+asymptote:ode:14,omit:asymptote_to_0_from_above,1,1,1,1
turning+bound+asymptote:ode:14,omit:lower_bound_0,1,1,1,1
turning+bound+asymptote:ode:14,omit:turning_maximum,1,1,1,1
turning+bound+asymptote:ode:14,add:regime_postchange,0,0,1,1
turning+bound+asymptote:ode:14,reverse:asymptote_to_0_from_above->asymptote_to_0_from_below,0,0,1,1
turning+bound+asymptote:ode:14,reverse:turning_maximum->turning_minimum,0,0,1,1
turning+bound+asymptote:ode:15,omit:asymptote_to_0_from_above,1,1,1,1
turning+bound+asymptote:ode:15,omit:lower_bound_0,1,1,1,1
turning+bound+asymptote:ode:15,omit:turning_maximum,1,1,1,1
turning+bound+asymptote:ode:15,add:regime_postchange,0,0,1,1
turning+bound+asymptote:ode:15,reverse:asymptote_to_0_from_above->asymptote_to_0_from_below,0,0,1,1
turning+bound+asymptote:ode:15,reverse:turning_maximum->turning_minimum,0,0,1,1
turning+bound+asymptote:ode:16,omit:asymptote_to_0_from_above,1,1,1,1
turning+bound+asymptote:ode:16,omit:lower_bound_0,1,1,1,1
turning+bound+asymptote:ode:16,omit:turning_maximum,1,1,1,1
turning+bound+asymptote:ode:16,add:regime_postchange,0,0,1,1
turning+bound+asymptote:ode:16,reverse:asymptote_to_0_from_above->asymptote_to_0_from_below,0,0,1,1
turning+bound+asymptote:ode:16,reverse:turning_maximum->turning_minimum,0,0,1,1
turning+bound+asymptote:ode:17,omit:asymptote_to_0_from_above,1,1,1,1
turning+bound+asymptote:ode:17,omit:lower_bound_0,1,1,1,1
turning+bound+asymptote:ode:17,omit:turning_maximum,1,1,1,1
turning+bound+asymptote:ode:17,add:regime_postchange,0,0,1,1
turning+bound+asymptote:ode:17,reverse:asymptote_to_0_from_above->asymptote_to_0_from_below,0,0,1,1
turning+bound+asymptote:ode:17,reverse:turning_maximum->turning_minimum,0,0,1,1
turning+bound+asymptote:ode:18,omit:asymptote_to_0_from_above,1,1,1,1
turning+bound+asymptote:ode:18,omit:lower_bound_0,1,1,1,1
turning+bound+asymptote:ode:18,omit:turning_maximum,1,1,1,1
turning+bound+asymptote:ode:18,add:regime_postchange,0,0,1,1
turning+bound+asymptote:ode:18,reverse:asymptote_to_0_from_above->asymptote_to_0_from_below,0,0,1,1
turning+bound+asymptote:ode:18,reverse:turning_maximum->turning_minimum,0,0,1,1
turning+bound+asymptote:ode:19,omit:asymptote_to_0_from_above,1,1,1,1
turning+bound+asymptote:ode:19,omit:lower_bound_0,1,1,1,1
turning+bound+asymptote:ode:19,omit:turning_maximum,1,1,1,1
turning+bound+asymptote:ode:19,add:regime_postchange,0,0,1,1
turning+bound+asymptote:ode:19,reverse:asymptote_to_0_from_above->asymptote_to_0_from_below,0,0,1,1
turning+bound+asymptote:ode:19,reverse:turning_maximum->turning_minimum,0,0,1,1
turning+bound+asymptote:ode:20,omit:asymptote_to_0_from_above,1,1,1,1
turning+bound+asymptote:ode:20,omit:lower_bound_0,1,1,1,1
turning+bound+asymptote:ode:20,omit:turning_maximum,1,1,1,1
turning+bound+asymptote:ode:20,add:regime_postchange,0,0,1,1
turning+bound+asymptote:ode:20,reverse:asymptote_to_0_from_above->asymptote_to_0_from_below,0,0,1,1
turning+bound+asymptote:ode:20,reverse:turning_maximum->turning_minimum,0,0,1,1
turning+bound+asymptote:ode:21,omit:asymptote_to_0_from_above,1,1,1,1
turning+bound+asymptote:ode:21,omit:lower_bound_0,1,1,1,1
turning+bound+asymptote:ode:21,omit:turning_maximum,1,1,1,1
turning+bound+asymptote:ode:21,add:regime_postchange,0,0,1,1
turning+bound+asymptote:ode:21,reverse:asymptote_to_0_from_above->asymptote_to_0_from_below,0,0,1,1
turning+bound+asymptote:ode:21,reverse:turning_maximum->turning_minimum,0,0,1,1
turning+bound+asymptote:ode:22,omit:asymptote_to_0_from_above,1,1,1,1
turning+bound+asymptote:ode:22,omit:lower_bound_0,1,1,1,1
turning+bound+asymptote:ode:22,omit:turning_maximum,1,1,1,1
turning+bound+asymptote:ode:22,add:regime_postchange,0,0,1,1
turning+bound+asymptote:ode:22,reverse:asymptote_to_0_from_above->asymptote_to_0_from_below,0,0,1,1
turning+bound+asymptote:ode:22,reverse:turning_maximum->turning_minimum,0,0,1,1
turning+bound+asymptote:ode:23,omit:asymptote_to_0_from_above,1,1,1,1
turning+bound+asymptote:ode:23,omit:lower_bound_0,1,1,1,1
turning+bound+asymptote:ode:23,omit:turning_maximum,1,1,1,1
turning+bound+asymptote:ode:23,add:regime_postchange,0,0,1,1
turning+bound+asymptote:ode:23,reverse:asymptote_to_0_from_above->asymptote_to_0_from_below,0,0,1,1
turning+bound+asymptote:ode:23,reverse:turning_maximum->turning_minimum,0,0,1,1
turning+bound+asymptote:ode:24,omit:asymptote_to_0_from_above,1,1,1,1
turning+bound+asymptote:ode:24,omit:lower_bound_0,1,1,1,1
turning+bound+asymptote:ode:24,omit:turning_maximum,1,1,1,1
turning+bound+asymptote:ode:24,add:regime_postchange,0,0,1,1
turning+bound+asymptote:ode:24,reverse:asymptote_to_0_from_above->asymptote_to_0_from_below,0,0,1,1
turning+bound+asymptote:ode:24,reverse:turning_maximum->turning_minimum,0,0,1,1
turning+bound+asymptote:ode:25,omit:asymptote_to_0_from_above,1,1,1,1
turning+bound+asymptote:ode:25,omit:lower_bound_0,1,1,1,1
turning+bound+asymptote:ode:25,omit:turning_maximum,1,1,1,1
turning+bound+asymptote:ode:25,add:regime_postchange,0,0,1,1
turning+bound+asymptote:ode:25,reverse:asymptote_to_0_from_above->asymptote_to_0_from_below,0,0,1,1
turning+bound+asymptote:ode:25,reverse:turning_maximum->turning_minimum,0,0,1,1
turning+bound+asymptote:ode:26,omit:asymptote_to_0_from_above,1,1,1,1
turning+bound+asymptote:ode:26,omit:lower_bound_0,1,1,1,1
turning+bound+asymptote:ode:26,omit:turning_maximum,1,1,1,1
turning+bound+asymptote:ode:26,add:regime_postchange,0,0,1,1
turning+bound+asymptote:ode:26,reverse:asymptote_to_0_from_above->asymptote_to_0_from_below,0,0,1,1
turning+bound+asymptote:ode:26,reverse:turning_maximum->turning_minimum,0,0,1,1
turning+bound+asymptote:ode:27,omit:asymptote_to_0_from_above,1,1,1,1
turning+bound+asymptote:ode:27,omit:lower_bound_0,1,1,1,1
turning+bound+asymptote:ode:27,omit:turning_maximum,1,1,1,1
turning+bound+asymptote:ode:27,add:regime_postchange,0,0,1,1
turning+bound+asymptote:ode:27,reverse:asymptote_to_0_from_above->asymptote_to_0_from_below,0,0,1,1
turning+bound+asymptote:ode:27,reverse:turning_maximum->turning_minimum,0,0,1,1
turning+bound+asymptote:ode:28,omit:asymptote_to_0_from_above,1,1,1,1
turning+bound+asymptote:ode:28,omit:lower_bound_0,1,1,1,1
turning+bound+asymptote:ode:28,omit:turning_maximum,1,1,1,1
turning+bound+asymptote:ode:28,add:regime_postchange,0,0,1,1
turning+bound+asymptote:ode:28,reverse:asymptote_to_0_from_above->asymptote_to_0_from_below,0,0,1,1
turning+bound+asymptote:ode:28,reverse:turning_maximum->turning_minimum,0,0,1,1
turning+bound+asymptote:ode:29,omit:asymptote_to_0_from_above,1,1,1,1
turning+bound+asymptote:ode:29,omit:lower_bound_0,1,1,1,1
turning+bound+asymptote:ode:29,omit:turning_maximum,1,1,1,1
turning+bound+asymptote:ode:29,add:regime_postchange,0,0,1,1
turning+bound+asymptote:ode:29,reverse:asymptote_to_0_from_above->asymptote_to_0_from_below,0,0,1,1
turning+bound+asymptote:ode:29,reverse:turning_maximum->turning_minimum,0,0,1,1
regime+bound+asymptote:spline:0,omit:asymptote_to_0_from_above,1,1,1,1
regime+bound+asymptote:spline:0,omit:lower_bound_0,1,1,1,1
regime+bound+asymptote:spline:0,omit:regime_postchange,1,1,1,1
regime+bound+asymptote:spline:0,add:turning_maximum,0,0,1,1
regime+bound+asymptote:spline:0,reverse:asymptote_to_0_from_above->asymptote_to_0_from_below,0,0,1,1
regime+bound+asymptote:spline:1,omit:asymptote_to_0_from_above,1,1,1,1
regime+bound+asymptote:spline:1,omit:lower_bound_0,1,1,1,1
regime+bound+asymptote:spline:1,omit:regime_postchange,1,1,1,1
regime+bound+asymptote:spline:1,add:turning_maximum,0,0,1,1
regime+bound+asymptote:spline:1,reverse:asymptote_to_0_from_above->asymptote_to_0_from_below,0,0,1,1
regime+bound+asymptote:spline:2,omit:asymptote_to_0_from_above,1,1,1,1
regime+bound+asymptote:spline:2,omit:lower_bound_0,1,1,1,1
regime+bound+asymptote:spline:2,omit:regime_postchange,1,1,1,1
regime+bound+asymptote:spline:2,add:turning_maximum,0,0,1,1
regime+bound+asymptote:spline:2,reverse:asymptote_to_0_from_above->asymptote_to_0_from_below,0,0,1,1
regime+bound+asymptote:spline:3,omit:asymptote_to_0_from_above,1,1,1,1
regime+bound+asymptote:spline:3,omit:lower_bound_0,1,1,1,1
regime+bound+asymptote:spline:3,omit:regime_postchange,1,1,1,1
regime+bound+asymptote:spline:3,add:turning_maximum,0,0,1,1
regime+bound+asymptote:spline:3,reverse:asymptote_to_0_from_above->asymptote_to_0_from_below,0,0,1,1
regime+bound+asymptote:spline:4,omit:asymptote_to_0_from_above,1,1,1,1
regime+bound+asymptote:spline:4,omit:lower_bound_0,1,1,1,1
regime+bound+asymptote:spline:4,omit:regime_postchange,1,1,1,1
regime+bound+asymptote:spline:4,add:turning_maximum,0,0,1,1
regime+bound+asymptote:spline:4,reverse:asymptote_to_0_from_above->asymptote_to_0_from_below,0,0,1,1
regime+bound+asymptote:spline:5,omit:asymptote_to_0_from_above,1,1,1,1
regime+bound+asymptote:spline:5,omit:lower_bound_0,1,1,1,1
regime+bound+asymptote:spline:5,omit:regime_postchange,1,1,1,1
regime+bound+asymptote:spline:5,add:turning_maximum,0,0,1,1
regime+bound+asymptote:spline:5,reverse:asymptote_to_0_from_above->asymptote_to_0_from_below,0,0,1,1
regime+bound+asymptote:spline:6,omit:asymptote_to_0_from_above,1,1,1,1
regime+bound+asymptote:spline:6,omit:lower_bound_0,1,1,1,1
regime+bound+asymptote:spline:6,omit:regime_postchange,1,1,1,1
regime+bound+asymptote:spline:6,add:turning_maximum,0,0,1,1
regime+bound+asymptote:spline:6,reverse:asymptote_to_0_from_above->asymptote_to_0_from_below,0,0,1,1
regime+bound+asymptote:spline:7,omit:asymptote_to_0_from_above,1,1,1,1
regime+bound+asymptote:spline:7,omit:lower_bound_0,1,1,1,1
regime+bound+asymptote:spline:7,omit:regime_postchange,1,1,1,1
regime+bound+asymptote:spline:7,add:turning_maximum,0,0,1,1
regime+bound+asymptote:spline:7,reverse:asymptote_to_0_from_above->asymptote_to_0_from_below,0,0,1,1
regime+bound+asymptote:spline:8,omit:asymptote_to_0_from_above,1,1,1,1
regime+bound+asymptote:spline:8,omit:lower_bound_0,1,1,1,1
regime+bound+asymptote:spline:8,omit:regime_postchange,1,1,1,1
regime+bound+asymptote:spline:8,add:turning_maximum,0,0,1,1
regime+bound+asymptote:spline:8,reverse:asymptote_to_0_from_above->asymptote_to_0_from_below,0,0,1,1
regime+bound+asymptote:spline:9,omit:asymptote_to_0_from_above,1,1,1,1
regime+bound+asymptote:spline:9,omit:lower_bound_0,1,1,1,1
regime+bound+asymptote:spline:9,omit:regime_postchange,1,1,1,1
regime+bound+asymptote:spline:9,add:turning_maximum,0,0,1,1
regime+bound+asymptote:spline:9,reverse:asymptote_to_0_from_above->asymptote_to_0_from_below,0,0,1,1
regime+bound+asymptote:spline:10,omit:asymptote_to_0_from_above,1,1,1,1
regime+bound+asymptote:spline:10,omit:lower_bound_0,1,1,1,1
regime+bound+asymptote:spline:10,omit:regime_postchange,1,1,1,1
regime+bound+asymptote:spline:10,add:turning_maximum,0,0,1,1
regime+bound+asymptote:spline:10,reverse:asymptote_to_0_from_above->asymptote_to_0_from_below,0,0,1,1
regime+bound+asymptote:spline:11,omit:asymptote_to_0_from_above,1,1,1,1
regime+bound+asymptote:spline:11,omit:lower_bound_0,1,1,1,1
regime+bound+asymptote:spline:11,omit:regime_postchange,1,1,1,1
regime+bound+asymptote:spline:11,add:turning_maximum,0,0,1,1
regime+bound+asymptote:spline:11,reverse:asymptote_to_0_from_above->asymptote_to_0_from_below,0,0,1,1
regime+bound+asymptote:spline:12,omit:asymptote_to_0_from_above,1,1,1,1
regime+bound+asymptote:spline:12,omit:lower_bound_0,1,1,1,1
regime+bound+asymptote:spline:12,omit:regime_postchange,1,1,1,1
regime+bound+asymptote:spline:12,add:turning_maximum,0,0,1,1
regime+bound+asymptote:spline:12,reverse:asymptote_to_0_from_above->asymptote_to_0_from_below,0,0,1,1
regime+bound+asymptote:spline:13,omit:asymptote_to_0_from_above,1,1,1,1
regime+bound+asymptote:spline:13,omit:lower_bound_0,1,1,1,1
regime+bound+asymptote:spline:13,omit:regime_postchange,1,1,1,1
regime+bound+asymptote:spline:13,add:turning_maximum,0,0,1,1
regime+bound+asymptote:spline:13,reverse:asymptote_to_0_from_above->asymptote_to_0_from_below,0,0,1,1
regime+bound+asymptote:spline:14,omit:asymptote_to_0_from_above,1,1,1,1
regime+bound+asymptote:spline:14,omit:lower_bound_0,1,1,1,1
regime+bound+asymptote:spline:14,omit:regime_postchange,1,1,1,1
regime+bound+asymptote:spline:14,add:turning_maximum,0,0,1,1
regime+bound+asymptote:spline:14,reverse:asymptote_to_0_from_above->asymptote_to_0_from_below,0,0,1,1
regime+bound+asymptote:spline:15,omit:asymptote_to_0_from_above,1,1,1,1
regime+bound+asymptote:spline:15,omit:lower_bound_0,1,1,1,1
regime+bound+asymptote:spline:15,omit:regime_postchange,1,1,1,1
regime+bound+asymptote:spline:15,add:turning_maximum,0,0,1,1
regime+bound+asymptote:spline:15,reverse:asymptote_to_0_from_above->asymptote_to_0_from_below,0,0,1,1
regime+bound+asymptote:spline:16,omit:asymptote_to_0_from_above,1,1,1,1
regime+bound+asymptote:spline:16,omit:lower_bound_0,1,1,1,1
regime+bound+asymptote:spline:16,omit:regime_postchange,1,1,1,1
regime+bound+asymptote:spline:16,add:turning_maximum,0,0,1,1
regime+bound+asymptote:spline:16,reverse:asymptote_to_0_from_above->asymptote_to_0_from_below,0,0,1,1
regime+bound+asymptote:spline:17,omit:asymptote_to_0_from_above,1,1,1,1
regime+bound+asymptote:spline:17,omit:lower_bound_0,1,1,1,1
regime+bound+asymptote:spline:17,omit:regime_postchange,1,1,1,1
regime+bound+asymptote:spline:17,add:turning_maximum,0,0,1,1
regime+bound+asymptote:spline:17,reverse:asymptote_to_0_from_above->asymptote_to_0_from_below,0,0,1,1
regime+bound+asymptote:spline:18,omit:asymptote_to_0_from_above,1,1,1,1
regime+bound+asymptote:spline:18,omit:lower_bound_0,1,1,1,1
regime+bound+asymptote:spline:18,omit:regime_postchange,1,1,1,1
regime+bound+asymptote:spline:18,add:turning_maximum,0,0,1,1
regime+bound+asymptote:spline:18,reverse:asymptote_to_0_from_above->asymptote_to_0_from_below,0,0,1,1
regime+bound+asymptote:spline:19,omit:asymptote_to_0_from_above,1,1,1,1
regime+bound+asymptote:spline:19,omit:lower_bound_0,1,1,1,1
regime+bound+asymptote:spline:19,omit:regime_postchange,1,1,1,1
regime+bound+asymptote:spline:19,add:turning_maximum,0,0,1,1
regime+bound+asymptote:spline:19,reverse:asymptote_to_0_from_above->asymptote_to_0_from_below,0,0,1,1
regime+bound+asymptote:spline:20,omit:asymptote_to_0_from_above,1,1,1,1
regime+bound+asymptote:spline:20,omit:lower_bound_0,1,1,1,1
regime+bound+asymptote:spline:20,omit:regime_postchange,1,1,1,1
regime+bound+asymptote:spline:20,add:turning_maximum,0,0,1,1
regime+bound+asymptote:spline:20,reverse:asymptote_to_0_from_above->asymptote_to_0_from_below,0,0,1,1
regime+bound+asymptote:spline:21,omit:asymptote_to_0_from_above,1,1,1,1
regime+bound+asymptote:spline:21,omit:lower_bound_0,1,1,1,1
regime+bound+asymptote:spline:21,omit:regime_postchange,1,1,1,1
regime+bound+asymptote:spline:21,add:turning_maximum,0,0,1,1
regime+bound+asymptote:spline:21,reverse:asymptote_to_0_from_above->asymptote_to_0_from_below,0,0,1,1
regime+bound+asymptote:spline:22,omit:asymptote_to_0_from_above,1,1,1,1
regime+bound+asymptote:spline:22,omit:lower_bound_0,1,1,1,1
regime+bound+asymptote:spline:22,omit:regime_postchange,1,1,1,1
regime+bound+asymptote:spline:22,add:turning_maximum,0,0,1,1
regime+bound+asymptote:spline:22,reverse:asymptote_to_0_from_above->asymptote_to_0_from_below,0,0,1,1
regime+bound+asymptote:spline:23,omit:asymptote_to_0_from_above,1,1,1,1
regime+bound+asymptote:spline:23,omit:lower_bound_0,1,1,1,1
regime+bound+asymptote:spline:23,omit:regime_postchange,1,1,1,1
regime+bound+asymptote:spline:23,add:turning_maximum,0,0,1,1
regime+bound+asymptote:spline:23,reverse:asymptote_to_0_from_above->asymptote_to_0_from_below,0,0,1,1
regime+bound+asymptote:spline:24,omit:asymptote_to_0_from_above,1,1,1,1
regime+bound+asymptote:spline:24,omit:lower_bound_0,1,1,1,1
regime+bound+asymptote:spline:24,omit:regime_postchange,1,1,1,1
regime+bound+asymptote:spline:24,add:turning_maximum,0,0,1,1
regime+bound+asymptote:spline:24,reverse:asymptote_to_0_from_above->asymptote_to_0_from_below,0,0,1,1
regime+bound+asymptote:spline:25,omit:asymptote_to_0_from_above,1,1,1,1
regime+bound+asymptote:spline:25,omit:lower_bound_0,1,1,1,1
regime+bound+asymptote:spline:25,omit:regime_postchange,1,1,1,1
regime+bound+asymptote:spline:25,add:turning_maximum,0,0,1,1
regime+bound+asymptote:spline:25,reverse:asymptote_to_0_from_above->asymptote_to_0_from_below,0,0,1,1
regime+bound+asymptote:spline:26,omit:asymptote_to_0_from_above,1,1,1,1
regime+bound+asymptote:spline:26,omit:lower_bound_0,1,1,1,1
regime+bound+asymptote:spline:26,omit:regime_postchange,1,1,1,1
regime+bound+asymptote:spline:26,add:turning_maximum,0,0,1,1
regime+bound+asymptote:spline:26,reverse:asymptote_to_0_from_above->asymptote_to_0_from_below,0,0,1,1
regime+bound+asymptote:spline:27,omit:asymptote_to_0_from_above,1,1,1,1
regime+bound+asymptote:spline:27,omit:lower_bound_0,1,1,1,1
regime+bound+asymptote:spline:27,omit:regime_postchange,1,1,1,1
regime+bound+asymptote:spline:27,add:turning_maximum,0,0,1,1
regime+bound+asymptote:spline:27,reverse:asymptote_to_0_from_above->asymptote_to_0_from_below,0,0,1,1
regime+bound+asymptote:spline:28,omit:asymptote_to_0_from_above,1,1,1,1
regime+bound+asymptote:spline:28,omit:lower_bound_0,1,1,1,1
regime+bound+asymptote:spline:28,omit:regime_postchange,1,1,1,1
regime+bound+asymptote:spline:28,add:turning_maximum,0,0,1,1
regime+bound+asymptote:spline:28,reverse:asymptote_to_0_from_above->asymptote_to_0_from_below,0,0,1,1
regime+bound+asymptote:spline:29,omit:asymptote_to_0_from_above,1,1,1,1
regime+bound+asymptote:spline:29,omit:lower_bound_0,1,1,1,1
regime+bound+asymptote:spline:29,omit:regime_postchange,1,1,1,1
regime+bound+asymptote:spline:29,add:turning_maximum,0,0,1,1
regime+bound+asymptote:spline:29,reverse:asymptote_to_0_from_above->asymptote_to_0_from_below,0,0,1,1
regime+bound+asymptote:basis:0,omit:asymptote_to_0_from_above,1,1,1,1
regime+bound+asymptote:basis:0,omit:lower_bound_0,1,1,1,1
regime+bound+asymptote:basis:0,omit:regime_postchange,1,1,1,1
regime+bound+asymptote:basis:0,add:turning_maximum,0,0,1,1
regime+bound+asymptote:basis:0,reverse:asymptote_to_0_from_above->asymptote_to_0_from_below,0,0,1,1
regime+bound+asymptote:basis:1,omit:asymptote_to_0_from_above,1,1,1,1
regime+bound+asymptote:basis:1,omit:lower_bound_0,1,1,1,1
regime+bound+asymptote:basis:1,omit:regime_postchange,1,1,1,1
regime+bound+asymptote:basis:1,add:turning_maximum,0,0,1,1
regime+bound+asymptote:basis:1,reverse:asymptote_to_0_from_above->asymptote_to_0_from_below,0,0,1,1
regime+bound+asymptote:basis:2,omit:asymptote_to_0_from_above,1,1,1,1
regime+bound+asymptote:basis:2,omit:lower_bound_0,1,1,1,1
regime+bound+asymptote:basis:2,omit:regime_postchange,1,1,1,1
regime+bound+asymptote:basis:2,add:turning_maximum,0,0,1,1
regime+bound+asymptote:basis:2,reverse:asymptote_to_0_from_above->asymptote_to_0_from_below,0,0,1,1
regime+bound+asymptote:basis:3,omit:asymptote_to_0_from_above,1,1,1,1
regime+bound+asymptote:basis:3,omit:lower_bound_0,1,1,1,1
regime+bound+asymptote:basis:3,omit:regime_postchange,1,1,1,1
regime+bound+asymptote:basis:3,add:turning_maximum,0,0,1,1
regime+bound+asymptote:basis:3,reverse:asymptote_to_0_from_above->asymptote_to_0_from_below,0,0,1,1
regime+bound+asymptote:basis:4,omit:asymptote_to_0_from_above,1,1,1,1
regime+bound+asymptote:basis:4,omit:lower_bound_0,1,1,1,1
regime+bound+asymptote:basis:4,omit:regime_postchange,1,1,1,1
regime+bound+asymptote:basis:4,add:turning_maximum,0,0,1,1
regime+bound+asymptote:basis:4,reverse:asymptote_to_0_from_above->asymptote_to_0_from_below,0,0,1,1
regime+bound+asymptote:basis:5,omit:asymptote_to_0_from_above,1,1,1,1
regime+bound+asymptote:basis:5,omit:lower_bound_0,1,1,1,1
regime+bound+asymptote:basis:5,omit:regime_postchange,1,1,1,1
regime+bound+asymptote:basis:5,add:turning_maximum,0,0,1,1
regime+bound+asymptote:basis:5,reverse:asymptote_to_0_from_above->asymptote_to_0_from_below,0,0,1,1
regime+bound+asymptote:basis:6,omit:asymptote_to_0_from_above,1,1,1,1
regime+bound+asymptote:basis:6,omit:lower_bound_0,1,1,1,1
regime+bound+asymptote:basis:6,omit:regime_postchange,1,1,1,1
regime+bound+asymptote:basis:6,add:turning_maximum,0,0,1,1
regime+bound+asymptote:basis:6,reverse:asymptote_to_0_from_above->asymptote_to_0_from_below,0,0,1,1
regime+bound+asymptote:basis:7,omit:asymptote_to_0_from_above,1,1,1,1
regime+bound+asymptote:basis:7,omit:lower_bound_0,1,1,1,1
regime+bound+asymptote:basis:7,omit:regime_postchange,1,1,1,1
regime+bound+asymptote:basis:7,add:turning_maximum,0,0,1,1
regime+bound+asymptote:basis:7,reverse:asymptote_to_0_from_above->asymptote_to_0_from_below,0,0,1,1
regime+bound+asymptote:basis:8,omit:asymptote_to_0_from_above,1,1,1,1
regime+bound+asymptote:basis:8,omit:lower_bound_0,1,1,1,1
regime+bound+asymptote:basis:8,omit:regime_postchange,1,1,1,1
regime+bound+asymptote:basis:8,add:turning_maximum,0,0,1,1
regime+bound+asymptote:basis:8,reverse:asymptote_to_0_from_above->asymptote_to_0_from_below,0,0,1,1
regime+bound+asymptote:basis:9,omit:asymptote_to_0_from_above,1,1,1,1
regime+bound+asymptote:basis:9,omit:lower_bound_0,1,1,1,1
regime+bound+asymptote:basis:9,omit:regime_postchange,1,1,1,1
regime+bound+asymptote:basis:9,add:turning_maximum,0,0,1,1
regime+bound+asymptote:basis:9,reverse:asymptote_to_0_from_above->asymptote_to_0_from_below,0,0,1,1
regime+bound+asymptote:basis:10,omit:asymptote_to_0_from_above,1,1,1,1
regime+bound+asymptote:basis:10,omit:lower_bound_0,1,1,1,1
regime+bound+asymptote:basis:10,omit:regime_postchange,1,1,1,1
regime+bound+asymptote:basis:10,add:turning_maximum,0,0,1,1
regime+bound+asymptote:basis:10,reverse:asymptote_to_0_from_above->asymptote_to_0_from_below,0,0,1,1
regime+bound+asymptote:basis:11,omit:asymptote_to_0_from_above,1,1,1,1
regime+bound+asymptote:basis:11,omit:lower_bound_0,1,1,1,1
regime+bound+asymptote:basis:11,omit:regime_postchange,1,1,1,1
regime+bound+asymptote:basis:11,add:turning_maximum,0,0,1,1
regime+bound+asymptote:basis:11,reverse:asymptote_to_0_from_above->asymptote_to_0_from_below,0,0,1,1
regime+bound+asymptote:basis:12,omit:asymptote_to_0_from_above,1,1,1,1
regime+bound+asymptote:basis:12,omit:lower_bound_0,1,1,1,1
regime+bound+asymptote:basis:12,omit:regime_postchange,1,1,1,1
regime+bound+asymptote:basis:12,add:turning_maximum,0,0,1,1
regime+bound+asymptote:basis:12,reverse:asymptote_to_0_from_above->asymptote_to_0_from_below,0,0,1,1
regime+bound+asymptote:basis:13,omit:asymptote_to_0_from_above,1,1,1,1
regime+bound+asymptote:basis:13,omit:lower_bound_0,1,1,1,1
regime+bound+asymptote:basis:13,omit:regime_postchange,1,1,1,1
regime+bound+asymptote:basis:13,add:turning_maximum,0,0,1,1
regime+bound+asymptote:basis:13,reverse:asymptote_to_0_from_above->asymptote_to_0_from_below,0,0,1,1
regime+bound+asymptote:basis:14,omit:asymptote_to_0_from_above,1,1,1,1
regime+bound+asymptote:basis:14,omit:lower_bound_0,1,1,1,1
regime+bound+asymptote:basis:14,omit:regime_postchange,1,1,1,1
regime+bound+asymptote:basis:14,add:turning_maximum,0,0,1,1
regime+bound+asymptote:basis:14,reverse:asymptote_to_0_from_above->asymptote_to_0_from_below,0,0,1,1
regime+bound+asymptote:basis:15,omit:asymptote_to_0_from_above,1,1,1,1
regime+bound+asymptote:basis:15,omit:lower_bound_0,1,1,1,1
regime+bound+asymptote:basis:15,omit:regime_postchange,1,1,1,1
regime+bound+asymptote:basis:15,add:turning_maximum,0,0,1,1
regime+bound+asymptote:basis:15,reverse:asymptote_to_0_from_above->asymptote_to_0_from_below,0,0,1,1
regime+bound+asymptote:basis:16,omit:asymptote_to_0_from_above,1,1,1,1
regime+bound+asymptote:basis:16,omit:lower_bound_0,1,1,1,1
regime+bound+asymptote:basis:16,omit:regime_postchange,1,1,1,1
regime+bound+asymptote:basis:16,add:turning_maximum,0,0,1,1
regime+bound+asymptote:basis:16,reverse:asymptote_to_0_from_above->asymptote_to_0_from_below,0,0,1,1
regime+bound+asymptote:basis:17,omit:asymptote_to_0_from_above,1,1,1,1
regime+bound+asymptote:basis:17,omit:lower_bound_0,1,1,1,1
regime+bound+asymptote:basis:17,omit:regime_postchange,1,1,1,1
regime+bound+asymptote:basis:17,add:turning_maximum,0,0,1,1
regime+bound+asymptote:basis:17,reverse:asymptote_to_0_from_above->asymptote_to_0_from_below,0,0,1,1
regime+bound+asymptote:basis:18,omit:asymptote_to_0_from_above,1,1,1,1
regime+bound+asymptote:basis:18,omit:lower_bound_0,1,1,1,1
regime+bound+asymptote:basis:18,omit:regime_postchange,1,1,1,1
regime+bound+asymptote:basis:18,add:turning_maximum,0,0,1,1
regime+bound+asymptote:basis:18,reverse:asymptote_to_0_from_above->asymptote_to_0_from_below,0,0,1,1
regime+bound+asymptote:basis:19,omit:asymptote_to_0_from_above,1,1,1,1
regime+bound+asymptote:basis:19,omit:lower_bound_0,1,1,1,1
regime+bound+asymptote:basis:19,omit:regime_postchange,1,1,1,1
regime+bound+asymptote:basis:19,add:turning_maximum,0,0,1,1
regime+bound+asymptote:basis:19,reverse:asymptote_to_0_from_above->asymptote_to_0_from_below,0,0,1,1
regime+bound+asymptote:basis:20,omit:asymptote_to_0_from_above,1,1,1,1
regime+bound+asymptote:basis:20,omit:lower_bound_0,1,1,1,1
regime+bound+asymptote:basis:20,omit:regime_postchange,1,1,1,1
regime+bound+asymptote:basis:20,add:turning_maximum,0,0,1,1
regime+bound+asymptote:basis:20,reverse:asymptote_to_0_from_above->asymptote_to_0_from_below,0,0,1,1
regime+bound+asymptote:basis:21,omit:asymptote_to_0_from_above,1,1,1,1
regime+bound+asymptote:basis:21,omit:lower_bound_0,1,1,1,1
regime+bound+asymptote:basis:21,omit:regime_postchange,1,1,1,1
regime+bound+asymptote:basis:21,add:turning_maximum,0,0,1,1
regime+bound+asymptote:basis:21,reverse:asymptote_to_0_from_above->asymptote_to_0_from_below,0,0,1,1
regime+bound+asymptote:basis:22,omit:asymptote_to_0_from_above,1,1,1,1
regime+bound+asymptote:basis:22,omit:lower_bound_0,1,1,1,1
regime+bound+asymptote:basis:22,omit:regime_postchange,1,1,1,1
regime+bound+asymptote:basis:22,add:turning_maximum,0,0,1,1
regime+bound+asymptote:basis:22,reverse:asymptote_to_0_from_above->asymptote_to_0_from_below,0,0,1,1
regime+bound+asymptote:basis:23,omit:asymptote_to_0_from_above,1,1,1,1
regime+bound+asymptote:basis:23,omit:lower_bound_0,1,1,1,1
regime+bound+asymptote:basis:23,omit:regime_postchange,1,1,1,1
regime+bound+asymptote:basis:23,add:turning_maximum,0,0,1,1
regime+bound+asymptote:basis:23,reverse:asymptote_to_0_from_above->asymptote_to_0_from_below,0,0,1,1
regime+bound+asymptote:basis:24,omit:asymptote_to_0_from_above,1,1,1,1
regime+bound+asymptote:basis:24,omit:lower_bound_0,1,1,1,1
regime+bound+asymptote:basis:24,omit:regime_postchange,1,1,1,1
regime+bound+asymptote:basis:24,add:turning_maximum,0,0,1,1
regime+bound+asymptote:basis:24,reverse:asymptote_to_0_from_above->asymptote_to_0_from_below,0,0,1,1
regime+bound+asymptote:basis:25,omit:asymptote_to_0_from_above,1,1,1,1
regime+bound+asymptote:basis:25,omit:lower_bound_0,1,1,1,1
regime+bound+asymptote:basis:25,omit:regime_postchange,1,1,1,1
regime+bound+asymptote:basis:25,add:turning_maximum,0,0,1,1
regime+bound+asymptote:basis:25,reverse:asymptote_to_0_from_above->asymptote_to_0_from_below,0,0,1,1
regime+bound+asymptote:basis:26,omit:asymptote_to_0_from_above,1,1,1,1
regime+bound+asymptote:basis:26,omit:lower_bound_0,1,1,1,1
regime+bound+asymptote:basis:26,omit:regime_postchange,1,1,1,1
regime+bound+asymptote:basis:26,add:turning_maximum,0,0,1,1
regime+bound+asymptote:basis:26,reverse:asymptote_to_0_from_above->asymptote_to_0_from_below,0,0,1,1
regime+bound+asymptote:basis:27,omit:asymptote_to_0_from_above,1,1,1,1
regime+bound+asymptote:basis:27,omit:lower_bound_0,1,1,1,1
regime+bound+asymptote:basis:27,omit:regime_postchange,1,1,1,1
regime+bound+asymptote:basis:27,add:turning_maximum,0,0,1,1
regime+bound+asymptote:basis:27,reverse:asymptote_to_0_from_above->asymptote_to_0_from_below,0,0,1,1
regime+bound+asymptote:basis:28,omit:asymptote_to_0_from_above,1,1,1,1
regime+bound+asymptote:basis:28,omit:lower_bound_0,1,1,1,1
regime+bound+asymptote:basis:28,omit:regime_postchange,1,1,1,1
regime+bound+asymptote:basis:28,add:turning_maximum,0,0,1,1
regime+bound+asymptote:basis:28,reverse:asymptote_to_0_from_above->asymptote_to_0_from_below,0,0,1,1
regime+bound+asymptote:basis:29,omit:asymptote_to_0_from_above,1,1,1,1
regime+bound+asymptote:basis:29,omit:lower_bound_0,1,1,1,1
regime+bound+asymptote:basis:29,omit:regime_postchange,1,1,1,1
regime+bound+asymptote:basis:29,add:turning_maximum,0,0,1,1
regime+bound+asymptote:basis:29,reverse:asymptote_to_0_from_above->asymptote_to_0_from_below,0,0,1,1
regime+bound+asymptote:ode:0,omit:asymptote_to_0_from_above,1,1,1,1
regime+bound+asymptote:ode:0,omit:lower_bound_0,1,1,1,1
regime+bound+asymptote:ode:0,omit:regime_postchange,1,1,1,1
regime+bound+asymptote:ode:0,add:turning_maximum,0,0,1,1
regime+bound+asymptote:ode:0,reverse:asymptote_to_0_from_above->asymptote_to_0_from_below,0,0,1,1
regime+bound+asymptote:ode:1,omit:asymptote_to_0_from_above,1,1,1,1
regime+bound+asymptote:ode:1,omit:lower_bound_0,1,1,1,1
regime+bound+asymptote:ode:1,omit:regime_postchange,1,1,1,1
regime+bound+asymptote:ode:1,add:turning_maximum,0,0,1,1
regime+bound+asymptote:ode:1,reverse:asymptote_to_0_from_above->asymptote_to_0_from_below,0,0,1,1
regime+bound+asymptote:ode:2,omit:asymptote_to_0_from_above,1,1,1,1
regime+bound+asymptote:ode:2,omit:lower_bound_0,1,1,1,1
regime+bound+asymptote:ode:2,omit:regime_postchange,1,1,1,1
regime+bound+asymptote:ode:2,add:turning_maximum,0,0,1,1
regime+bound+asymptote:ode:2,reverse:asymptote_to_0_from_above->asymptote_to_0_from_below,0,0,1,1
regime+bound+asymptote:ode:3,omit:asymptote_to_0_from_above,1,1,1,1
regime+bound+asymptote:ode:3,omit:lower_bound_0,1,1,1,1
regime+bound+asymptote:ode:3,omit:regime_postchange,1,1,1,1
regime+bound+asymptote:ode:3,add:turning_maximum,0,0,1,1
regime+bound+asymptote:ode:3,reverse:asymptote_to_0_from_above->asymptote_to_0_from_below,0,0,1,1
regime+bound+asymptote:ode:4,omit:asymptote_to_0_from_above,1,1,1,1
regime+bound+asymptote:ode:4,omit:lower_bound_0,1,1,1,1
regime+bound+asymptote:ode:4,omit:regime_postchange,1,1,1,1
regime+bound+asymptote:ode:4,add:turning_maximum,0,0,1,1
regime+bound+asymptote:ode:4,reverse:asymptote_to_0_from_above->asymptote_to_0_from_below,0,0,1,1
regime+bound+asymptote:ode:5,omit:asymptote_to_0_from_above,1,1,1,1
regime+bound+asymptote:ode:5,omit:lower_bound_0,1,1,1,1
regime+bound+asymptote:ode:5,omit:regime_postchange,1,1,1,1
regime+bound+asymptote:ode:5,add:turning_maximum,0,0,1,1
regime+bound+asymptote:ode:5,reverse:asymptote_to_0_from_above->asymptote_to_0_from_below,0,0,1,1
regime+bound+asymptote:ode:6,omit:asymptote_to_0_from_above,1,1,1,1
regime+bound+asymptote:ode:6,omit:lower_bound_0,1,1,1,1
regime+bound+asymptote:ode:6,omit:regime_postchange,1,1,1,1
regime+bound+asymptote:ode:6,add:turning_maximum,0,0,1,1
regime+bound+asymptote:ode:6,reverse:asymptote_to_0_from_above->asymptote_to_0_from_below,0,0,1,1
regime+bound+asymptote:ode:7,omit:asymptote_to_0_from_above,1,1,1,1
regime+bound+asymptote:ode:7,omit:lower_bound_0,1,1,1,1
regime+bound+asymptote:ode:7,omit:regime_postchange,1,1,1,1
regime+bound+asymptote:ode:7,add:turning_maximum,0,0,1,1
regime+bound+asymptote:ode:7,reverse:asymptote_to_0_from_above->asymptote_to_0_from_below,0,0,1,1
regime+bound+asymptote:ode:8,omit:asymptote_to_0_from_above,1,1,1,1
regime+bound+asymptote:ode:8,omit:lower_bound_0,1,1,1,1
regime+bound+asymptote:ode:8,omit:regime_postchange,1,1,1,1
regime+bound+asymptote:ode:8,add:turning_maximum,0,0,1,1
regime+bound+asymptote:ode:8,reverse:asymptote_to_0_from_above->asymptote_to_0_from_below,0,0,1,1
regime+bound+asymptote:ode:9,omit:asymptote_to_0_from_above,1,1,1,1
regime+bound+asymptote:ode:9,omit:lower_bound_0,1,1,1,1
regime+bound+asymptote:ode:9,omit:regime_postchange,1,1,1,1
regime+bound+asymptote:ode:9,add:turning_maximum,0,0,1,1
regime+bound+asymptote:ode:9,reverse:asymptote_to_0_from_above->asymptote_to_0_from_below,0,0,1,1
regime+bound+asymptote:ode:10,omit:asymptote_to_0_from_above,1,1,1,1
regime+bound+asymptote:ode:10,omit:lower_bound_0,1,1,1,1
regime+bound+asymptote:ode:10,omit:regime_postchange,1,1,1,1
regime+bound+asymptote:ode:10,add:turning_maximum,0,0,1,1
regime+bound+asymptote:ode:10,reverse:asymptote_to_0_from_above->asymptote_to_0_from_below,0,0,1,1
regime+bound+asymptote:ode:11,omit:asymptote_to_0_from_above,1,1,1,1
regime+bound+asymptote:ode:11,omit:lower_bound_0,1,1,1,1
regime+bound+asymptote:ode:11,omit:regime_postchange,1,1,1,1
regime+bound+asymptote:ode:11,add:turning_maximum,0,0,1,1
regime+bound+asymptote:ode:11,reverse:asymptote_to_0_from_above->asymptote_to_0_from_below,0,0,1,1
regime+bound+asymptote:ode:12,omit:asymptote_to_0_from_above,1,1,1,1
regime+bound+asymptote:ode:12,omit:lower_bound_0,1,1,1,1
regime+bound+asymptote:ode:12,omit:regime_postchange,1,1,1,1
regime+bound+asymptote:ode:12,add:turning_maximum,0,0,1,1
regime+bound+asymptote:ode:12,reverse:asymptote_to_0_from_above->asymptote_to_0_from_below,0,0,1,1
regime+bound+asymptote:ode:13,omit:asymptote_to_0_from_above,1,1,1,1
regime+bound+asymptote:ode:13,omit:lower_bound_0,1,1,1,1
regime+bound+asymptote:ode:13,omit:regime_postchange,1,1,1,1
regime+bound+asymptote:ode:13,add:turning_maximum,0,0,1,1
regime+bound+asymptote:ode:13,reverse:asymptote_to_0_from_above->asymptote_to_0_from_below,0,0,1,1
regime+bound+asymptote:ode:14,omit:asymptote_to_0_from_above,1,1,1,1
regime+bound+asymptote:ode:14,omit:lower_bound_0,1,1,1,1
regime+bound+asymptote:ode:14,omit:regime_postchange,1,1,1,1
regime+bound+asymptote:ode:14,add:turning_maximum,0,0,1,1
regime+bound+asymptote:ode:14,reverse:asymptote_to_0_from_above->asymptote_to_0_from_below,0,0,1,1
regime+bound+asymptote:ode:15,omit:asymptote_to_0_from_above,1,1,1,1
regime+bound+asymptote:ode:15,omit:lower_bound_0,1,1,1,1
regime+bound+asymptote:ode:15,omit:regime_postchange,1,1,1,1
regime+bound+asymptote:ode:15,add:turning_maximum,0,0,1,1
regime+bound+asymptote:ode:15,reverse:asymptote_to_0_from_above->asymptote_to_0_from_below,0,0,1,1
regime+bound+asymptote:ode:16,omit:asymptote_to_0_from_above,1,1,1,1
regime+bound+asymptote:ode:16,omit:lower_bound_0,1,1,1,1
regime+bound+asymptote:ode:16,omit:regime_postchange,1,1,1,1
regime+bound+asymptote:ode:16,add:turning_maximum,0,0,1,1
regime+bound+asymptote:ode:16,reverse:asymptote_to_0_from_above->asymptote_to_0_from_below,0,0,1,1
regime+bound+asymptote:ode:17,omit:asymptote_to_0_from_above,1,1,1,1
regime+bound+asymptote:ode:17,omit:lower_bound_0,1,1,1,1
regime+bound+asymptote:ode:17,omit:regime_postchange,1,1,1,1
regime+bound+asymptote:ode:17,add:turning_maximum,0,0,1,1
regime+bound+asymptote:ode:17,reverse:asymptote_to_0_from_above->asymptote_to_0_from_below,0,0,1,1
regime+bound+asymptote:ode:18,omit:asymptote_to_0_from_above,1,1,1,1
regime+bound+asymptote:ode:18,omit:lower_bound_0,1,1,1,1
regime+bound+asymptote:ode:18,omit:regime_postchange,1,1,1,1
regime+bound+asymptote:ode:18,add:turning_maximum,0,0,1,1
regime+bound+asymptote:ode:18,reverse:asymptote_to_0_from_above->asymptote_to_0_from_below,0,0,1,1
regime+bound+asymptote:ode:19,omit:asymptote_to_0_from_above,1,1,1,1
regime+bound+asymptote:ode:19,omit:lower_bound_0,1,1,1,1
regime+bound+asymptote:ode:19,omit:regime_postchange,1,1,1,1
regime+bound+asymptote:ode:19,add:turning_maximum,0,0,1,1
regime+bound+asymptote:ode:19,reverse:asymptote_to_0_from_above->asymptote_to_0_from_below,0,0,1,1
regime+bound+asymptote:ode:20,omit:asymptote_to_0_from_above,1,1,1,1
regime+bound+asymptote:ode:20,omit:lower_bound_0,1,1,1,1
regime+bound+asymptote:ode:20,omit:regime_postchange,1,1,1,1
regime+bound+asymptote:ode:20,add:turning_maximum,0,0,1,1
regime+bound+asymptote:ode:20,reverse:asymptote_to_0_from_above->asymptote_to_0_from_below,0,0,1,1
regime+bound+asymptote:ode:21,omit:asymptote_to_0_from_above,1,1,1,1
regime+bound+asymptote:ode:21,omit:lower_bound_0,1,1,1,1
regime+bound+asymptote:ode:21,omit:regime_postchange,1,1,1,1
regime+bound+asymptote:ode:21,add:turning_maximum,0,0,1,1
regime+bound+asymptote:ode:21,reverse:asymptote_to_0_from_above->asymptote_to_0_from_below,0,0,1,1
regime+bound+asymptote:ode:22,omit:asymptote_to_0_from_above,1,1,1,1
regime+bound+asymptote:ode:22,omit:lower_bound_0,1,1,1,1
regime+bound+asymptote:ode:22,omit:regime_postchange,1,1,1,1
regime+bound+asymptote:ode:22,add:turning_maximum,0,0,1,1
regime+bound+asymptote:ode:22,reverse:asymptote_to_0_from_above->asymptote_to_0_from_below,0,0,1,1
regime+bound+asymptote:ode:23,omit:asymptote_to_0_from_above,1,1,1,1
regime+bound+asymptote:ode:23,omit:lower_bound_0,1,1,1,1
regime+bound+asymptote:ode:23,omit:regime_postchange,1,1,1,1
regime+bound+asymptote:ode:23,add:turning_maximum,0,0,1,1
regime+bound+asymptote:ode:23,reverse:asymptote_to_0_from_above->asymptote_to_0_from_below,0,0,1,1
regime+bound+asymptote:ode:24,omit:asymptote_to_0_from_above,1,1,1,1
regime+bound+asymptote:ode:24,omit:lower_bound_0,1,1,1,1
regime+bound+asymptote:ode:24,omit:regime_postchange,1,1,1,1
regime+bound+asymptote:ode:24,add:turning_maximum,0,0,1,1
regime+bound+asymptote:ode:24,reverse:asymptote_to_0_from_above->asymptote_to_0_from_below,0,0,1,1
regime+bound+asymptote:ode:25,omit:asymptote_to_0_from_above,1,1,1,1
regime+bound+asymptote:ode:25,omit:lower_bound_0,1,1,1,1
regime+bound+asymptote:ode:25,omit:regime_postchange,1,1,1,1
regime+bound+asymptote:ode:25,add:turning_maximum,0,0,1,1
regime+bound+asymptote:ode:25,reverse:asymptote_to_0_from_above->asymptote_to_0_from_below,0,0,1,1
regime+bound+asymptote:ode:26,omit:asymptote_to_0_from_above,1,1,1,1
regime+bound+asymptote:ode:26,omit:lower_bound_0,1,1,1,1
regime+bound+asymptote:ode:26,omit:regime_postchange,1,1,1,1
regime+bound+asymptote:ode:26,add:turning_maximum,0,0,1,1
regime+bound+asymptote:ode:26,reverse:asymptote_to_0_from_above->asymptote_to_0_from_below,0,0,1,1
regime+bound+asymptote:ode:27,omit:asymptote_to_0_from_above,1,1,1,1
regime+bound+asymptote:ode:27,omit:lower_bound_0,1,1,1,1
regime+bound+asymptote:ode:27,omit:regime_postchange,1,1,1,1
regime+bound+asymptote:ode:27,add:turning_maximum,0,0,1,1
regime+bound+asymptote:ode:27,reverse:asymptote_to_0_from_above->asymptote_to_0_from_below,0,0,1,1
regime+bound+asymptote:ode:28,omit:asymptote_to_0_from_above,1,1,1,1
regime+bound+asymptote:ode:28,omit:lower_bound_0,1,1,1,1
regime+bound+asymptote:ode:28,omit:regime_postchange,1,1,1,1
regime+bound+asymptote:ode:28,add:turning_maximum,0,0,1,1
regime+bound+asymptote:ode:28,reverse:asymptote_to_0_from_above->asymptote_to_0_from_below,0,0,1,1
regime+bound+asymptote:ode:29,omit:asymptote_to_0_from_above,1,1,1,1
regime+bound+asymptote:ode:29,omit:lower_bound_0,1,1,1,1
regime+bound+asymptote:ode:29,omit:regime_postchange,1,1,1,1
regime+bound+asymptote:ode:29,add:turning_maximum,0,0,1,1
regime+bound+asymptote:ode:29,reverse:asymptote_to_0_from_above->asymptote_to_0_from_below,0,0,1,1
