task_id,field,generator,draw,baseline_specification_state,sign,epsilon_break,break_status,epsilon_CW,CW_status,delta_epsilon_CW
regime_onset:spline:0,regime_onset,spline,0,r0=-0.8,-1,0.05,observed,0.05,observed,0.0
regime_onset:spline:0,regime_onset,spline,0,r0=-0.8,1,0.025,observed,0.025,observed,0.0
regime_onset:spline:0,regime_onset,spline,0,r0=+0.0,-1,0.05,observed,0.05,observed,0.0
regime_onset:spline:0,regime_onset,spline,0,r0=+0.0,1,0.05,observed,0.05,observed,0.0
regime_onset:spline:0,regime_onset,spline,0,r0=+0.8,-1,0.025,observed,0.025,observed,0.0
regime_onset:spline:0,regime_onset,spline,0,r0=+0.8,1,0.05,observed,0.05,observed,0.0
regime_onset:spline:1,regime_onset,spline,1,r0=-0.8,-1,0.05,observed,0.05,observed,0.0
regime_onset:spline:1,regime_onset,spline,1,r0=-0.8,1,0.025,observed,0.025,observed,0.0
regime_onset:spline:1,regime_onset,spline,1,r0=+0.0,-1,0.05,observed,0.05,observed,0.0
regime_onset:spline:1,regime_onset,spline,1,r0=+0.0,1,0.05,observed,0.05,observed,0.0
regime_onset:spline:1,regime_onset,spline,1,r0=+0.8,-1,0.025,observed,0.025,observed,0.0
regime_onset:spline:1,regime_onset,spline,1,r0=+0.8,1,0.05,observed,0.05,observed,0.0
regime_onset:spline:2,regime_onset,spline,2,r0=-0.8,-1,0.05,observed,0.05,observed,0.0
regime_onset:spline:2,regime_onset,spline,2,r0=-0.8,1,0.025,observed,0.025,observed,0.0
regime_onset:spline:2,regime_onset,spline,2,r0=+0.0,-1,0.05,observed,0.05,observed,0.0
regime_onset:spline:2,regime_onset,spline,2,r0=+0.0,1,0.05,observed,0.05,observed,0.0
regime_onset:spline:2,regime_onset,spline,2,r0=+0.8,-1,0.025,observed,0.025,observed,0.0
regime_onset:spline:2,regime_onset,spline,2,r0=+0.8,1,0.05,observed,0.05,observed,0.0
regime_onset:spline:3,regime_onset,spline,3,r0=-0.8,-1,0.05,observed,0.05,observed,0.0
regime_onset:spline:3,regime_onset,spline,3,r0=-0.8,1,0.025,observed,0.025,observed,0.0
regime_onset:spline:3,regime_onset,spline,3,r0=+0.0,-1,0.05,observed,0.05,observed,0.0
regime_onset:spline:3,regime_onset,spline,3,r0=+0.0,1,0.05,observed,0.05,observed,0.0
regime_onset:spline:3,regime_onset,spline,3,r0=+0.8,-1,0.025,observed,0.025,observed,0.0
regime_onset:spline:3,regime_onset,spline,3,r0=+0.8,1,0.05,observed,0.05,observed,0.0
regime_onset:spline:4,regime_onset,spline,4,r0=-0.8,-1,0.05,observed,0.05,observed,0.0
regime_onset:spline:4,regime_onset,spline,4,r0=-0.8,1,0.025,observed,0.025,observed,0.0
regime_onset:spline:4,regime_onset,spline,4,r0=+0.0,-1,0.05,observed,0.05,observed,0.0
regime_onset:spline:4,regime_onset,spline,4,r0=+0.0,1,0.05,observed,0.05,observed,0.0
regime_onset:spline:4,regime_onset,spline,4,r0=+0.8,-1,0.025,observed,0.025,observed,0.0
regime_onset:spline:4,regime_onset,spline,4,r0=+0.8,1,0.05,observed,0.05,observed,0.0
regime_onset:spline:5,regime_onset,spline,5,r0=-0.8,-1,0.05,observed,0.05,observed,0.0
regime_onset:spline:5,regime_onset,spline,5,r0=-0.8,1,0.025,observed,0.025,observed,0.0
regime_onset:spline:5,regime_onset,spline,5,r0=+0.0,-1,0.05,observed,0.05,observed,0.0
regime_onset:spline:5,regime_onset,spline,5,r0=+0.0,1,0.05,observed,0.05,observed,0.0
regime_onset:spline:5,regime_onset,spline,5,r0=+0.8,-1,0.025,observed,0.025,observed,0.0
regime_onset:spline:5,regime_onset,spline,5,r0=+0.8,1,0.05,observed,0.05,observed,0.0
regime_onset:spline:6,regime_onset,spline,6,r0=-0.8,-1,0.05,observed,0.05,observed,0.0
regime_onset:spline:6,regime_onset,spline,6,r0=-0.8,1,0.025,observed,0.025,observed,0.0
regime_onset:spline:6,regime_onset,spline,6,r0=+0.0,-1,0.05,observed,0.05,observed,0.0
regime_onset:spline:6,regime_onset,spline,6,r0=+0.0,1,0.05,observed,0.05,observed,0.0
regime_onset:spline:6,regime_onset,spline,6,r0=+0.8,-1,0.025,observed,0.025,observed,0.0
regime_onset:spline:6,regime_onset,spline,6,r0=+0.8,1,0.05,observed,0.05,observed,0.0
regime_onset:spline:7,regime_onset,spline,7,r0=-0.8,-1,0.05,observed,0.05,observed,0.0
regime_onset:spline:7,regime_onset,spline,7,r0=-0.8,1,0.025,observed,0.025,observed,0.0
regime_onset:spline:7,regime_onset,spline,7,r0=+0.0,-1,0.05,observed,0.05,observed,0.0
regime_onset:spline:7,regime_onset,spline,7,r0=+0.0,1,0.05,observed,0.05,observed,0.0
regime_onset:spline:7,regime_onset,spline,7,r0=+0.8,-1,0.025,observed,0.025,observed,0.0
regime_onset:spline:7,regime_onset,spline,7,r0=+0.8,1,0.05,observed,0.05,observed,0.0
regime_onset:spline:8,regime_onset,spline,8,r0=-0.8,-1,0.05,observed,0.05,observed,0.0
regime_onset:spline:8,regime_onset,spline,8,r0=-0.8,1,0.025,observed,0.025,observed,0.0
regime_onset:spline:8,regime_onset,spline,8,r0=+0.0,-1,0.05,observed,0.05,observed,0.0
regime_onset:spline:8,regime_onset,spline,8,r0=+0.0,1,0.05,observed,0.05,observed,0.0
regime_onset:spline:8,regime_onset,spline,8,r0=+0.8,-1,0.025,observed,0.025,observed,0.0
regime_onset:spline:8,regime_onset,spline,8,r0=+0.8,1,0.05,observed,0.05,observed,0.0
regime_onset:spline:9,regime_onset,spline,9,r0=-0.8,-1,0.05,observed,0.05,observed,0.0
regime_onset:spline:9,regime_onset,spline,9,r0=-0.8,1,0.025,observed,0.025,observed,0.0
regime_onset:spline:9,regime_onset,spline,9,r0=+0.0,-1,0.05,observed,0.05,observed,0.0
regime_onset:spline:9,regime_onset,spline,9,r0=+0.0,1,0.05,observed,0.05,observed,0.0
regime_onset:spline:9,regime_onset,spline,9,r0=+0.8,-1,0.025,observed,0.025,observed,0.0
regime_onset:spline:9,regime_onset,spline,9,r0=+0.8,1,0.05,observed,0.05,observed,0.0
regime_onset:spline:10,regime_onset,spline,10,r0=-0.8,-1,0.05,observed,0.05,observed,0.0
regime_onset:spline:10,regime_onset,spline,10,r0=-0.8,1,0.025,observed,0.025,observed,0.0
regime_onset:spline:10,regime_onset,spline,10,r0=+0.0,-1,0.05,observed,0.05,observed,0.0
regime_onset:spline:10,regime_onset,spline,10,r0=+0.0,1,0.05,observed,0.05,observed,0.0
regime_onset:spline:10,regime_onset,spline,10,r0=+0.8,-1,0.025,observed,0.025,observed,0.0
regime_onset:spline:10,regime_onset,spline,10,r0=+0.8,1,0.05,observed,0.05,observed,0.0
regime_onset:spline:11,regime_onset,spline,11,r0=-0.8,-1,0.05,observed,0.05,observed,0.0
regime_onset:spline:11,regime_onset,spline,11,r0=-0.8,1,0.025,observed,0.025,observed,0.0
regime_onset:spline:11,regime_onset,spline,11,r0=+0.0,-1,0.05,observed,0.05,observed,0.0
regime_onset:spline:11,regime_onset,spline,11,r0=+0.0,1,0.05,observed,0.05,observed,0.0
regime_onset:spline:11,regime_onset,spline,11,r0=+0.8,-1,0.025,observed,0.025,observed,0.0
regime_onset:spline:11,regime_onset,spline,11,r0=+0.8,1,0.05,observed,0.05,observed,0.0
regime_onset:spline:12,regime_onset,spline,12,r0=-0.8,-1,0.05,observed,0.05,observed,0.0
regime_onset:spline:12,regime_onset,spline,12,r0=-0.8,1,0.025,observed,0.025,observed,0.0
regime_onset:spline:12,regime_onset,spline,12,r0=+0.0,-1,0.05,observed,0.05,observed,0.0
regime_onset:spline:12,regime_onset,spline,12,r0=+0.0,1,0.05,observed,0.05,observed,0.0
regime_onset:spline:12,regime_onset,spline,12,r0=+0.8,-1,0.025,observed,0.025,observed,0.0
regime_onset:spline:12,regime_onset,spline,12,r0=+0.8,1,0.05,observed,0.05,observed,0.0
regime_onset:spline:13,regime_onset,spline,13,r0=-0.8,-1,0.05,observed,0.05,observed,0.0
regime_onset:spline:13,regime_onset,spline,13,r0=-0.8,1,0.025,observed,0.025,observed,0.0
regime_onset:spline:13,regime_onset,spline,13,r0=+0.0,-1,0.05,observed,0.05,observed,0.0
regime_onset:spline:13,regime_onset,spline,13,r0=+0.0,1,0.05,observed,0.05,observed,0.0
regime_onset:spline:13,regime_onset,spline,13,r0=+0.8,-1,0.025,observed,0.025,observed,0.0
regime_onset:spline:13,regime_onset,spline,13,r0=+0.8,1,0.05,observed,0.05,observed,0.0
regime_onset:spline:14,regime_onset,spline,14,r0=-0.8,-1,0.05,observed,0.05,observed,0.0
regime_onset:spline:14,regime_onset,spline,14,r0=-0.8,1,0.025,observed,0.025,observed,0.0
regime_onset:spline:14,regime_onset,spline,14,r0=+0.0,-1,0.05,observed,0.05,observed,0.0
regime_onset:spline:14,regime_onset,spline,14,r0=+0.0,1,0.05,observed,0.05,observed,0.0
regime_onset:spline:14,regime_onset,spline,14,r0=+0.8,-1,0.025,observed,0.025,observed,0.0
regime_onset:spline:14,regime_onset,spline,14,r0=+0.8,1,0.05,observed,0.05,observed,0.0
regime_onset:spline:15,regime_onset,spline,15,r0=-0.8,-1,0.05,observed,0.05,observed,0.0
regime_onset:spline:15,regime_onset,spline,15,r0=-0.8,1,0.025,observed,0.025,observed,0.0
regime_onset:spline:15,regime_onset,spline,15,r0=+0.0,-1,0.05,observed,0.05,observed,0.0
regime_onset:spline:15,regime_onset,spline,15,r0=+0.0,1,0.05,observed,0.05,observed,0.0
regime_onset:spline:15,regime_onset,spline,15,r0=+0.8,-1,0.025,observed,0.025,observed,0.0
regime_onset:spline:15,regime_onset,spline,15,r0=+0.8,1,0.05,observed,0.05,observed,0.0
regime_onset:spline:16,regime_onset,spline,16,r0=-0.8,-1,0.05,observed,0.05,observed,0.0
regime_onset:spline:16,regime_onset,spline,16,r0=-0.8,1,0.025,observed,0.025,observed,0.0
regime_onset:spline:16,regime_onset,spline,16,r0=+0.0,-1,0.05,observed,0.05,observed,0.0
regime_onset:spline:16,regime_onset,spline,16,r0=+0.0,1,0.05,observed,0.05,observed,0.0
regime_onset:spline:16,regime_onset,spline,16,r0=+0.8,-1,0.025,observed,0.025,observed,0.0
regime_onset:spline:16,regime_onset,spline,16,r0=+0.8,1,0.05,observed,0.05,observed,0.0
regime_onset:spline:17,regime_onset,spline,17,r0=-0.8,-1,0.05,observed,0.05,observed,0.0
regime_onset:spline:17,regime_onset,spline,17,r0=-0.8,1,0.025,observed,0.025,observed,0.0
regime_onset:spline:17,regime_onset,spline,17,r0=+0.0,-1,0.05,observed,0.05,observed,0.0
regime_onset:spline:17,regime_onset,spline,17,r0=+0.0,1,0.05,observed,0.05,observed,0.0
regime_onset:spline:17,regime_onset,spline,17,r0=+0.8,-1,0.025,observed,0.025,observed,0.0
regime_onset:spline:17,regime_onset,spline,17,r0=+0.8,1,0.05,observed,0.05,observed,0.0
regime_onset:spline:18,regime_onset,spline,18,r0=-0.8,-1,0.05,observed,0.05,observed,0.0
regime_onset:spline:18,regime_onset,spline,18,r0=-0.8,1,0.025,observed,0.025,observed,0.0
regime_onset:spline:18,regime_onset,spline,18,r0=+0.0,-1,0.05,observed,0.05,observed,0.0
regime_onset:spline:18,regime_onset,spline,18,r0=+0.0,1,0.05,observed,0.05,observed,0.0
regime_onset:spline:18,regime_onset,spline,18,r0=+0.8,-1,0.025,observed,0.025,observed,0.0
regime_onset:spline:18,regime_onset,spline,18,r0=+0.8,1,0.05,observed,0.05,observed,0.0
regime_onset:spline:19,regime_onset,spline,19,r0=-0.8,-1,0.05,observed,0.05,observed,0.0
regime_onset:spline:19,regime_onset,spline,19,r0=-0.8,1,0.025,observed,0.025,observed,0.0
regime_onset:spline:19,regime_onset,spline,19,r0=+0.0,-1,0.05,observed,0.05,observed,0.0
regime_onset:spline:19,regime_onset,spline,19,r0=+0.0,1,0.05,observed,0.05,observed,0.0
regime_onset:spline:19,regime_onset,spline,19,r0=+0.8,-1,0.025,observed,0.025,observed,0.0
regime_onset:spline:19,regime_onset,spline,19,r0=+0.8,1,0.05,observed,0.05,observed,0.0
regime_onset:spline:20,regime_onset,spline,20,r0=-0.8,-1,0.05,observed,0.05,observed,0.0
regime_onset:spline:20,regime_onset,spline,20,r0=-0.8,1,0.025,observed,0.025,observed,0.0
regime_onset:spline:20,regime_onset,spline,20,r0=+0.0,-1,0.05,observed,0.05,observed,0.0
regime_onset:spline:20,regime_onset,spline,20,r0=+0.0,1,0.05,observed,0.05,observed,0.0
regime_onset:spline:20,regime_onset,spline,20,r0=+0.8,-1,0.025,observed,0.025,observed,0.0
regime_onset:spline:20,regime_onset,spline,20,r0=+0.8,1,0.05,observed,0.05,observed,0.0
regime_onset:spline:21,regime_onset,spline,21,r0=-0.8,-1,0.05,observed,0.05,observed,0.0
regime_onset:spline:21,regime_onset,spline,21,r0=-0.8,1,0.025,observed,0.025,observed,0.0
regime_onset:spline:21,regime_onset,spline,21,r0=+0.0,-1,0.05,observed,0.05,observed,0.0
regime_onset:spline:21,regime_onset,spline,21,r0=+0.0,1,0.05,observed,0.05,observed,0.0
regime_onset:spline:21,regime_onset,spline,21,r0=+0.8,-1,0.025,observed,0.025,observed,0.0
regime_onset:spline:21,regime_onset,spline,21,r0=+0.8,1,0.05,observed,0.05,observed,0.0
regime_onset:spline:22,regime_onset,spline,22,r0=-0.8,-1,0.05,observed,0.05,observed,0.0
regime_onset:spline:22,regime_onset,spline,22,r0=-0.8,1,0.025,observed,0.025,observed,0.0
regime_onset:spline:22,regime_onset,spline,22,r0=+0.0,-1,0.05,observed,0.05,observed,0.0
regime_onset:spline:22,regime_onset,spline,22,r0=+0.0,1,0.05,observed,0.05,observed,0.0
regime_onset:spline:22,regime_onset,spline,22,r0=+0.8,-1,0.025,observed,0.025,observed,0.0
regime_onset:spline:22,regime_onset,spline,22,r0=+0.8,1,0.05,observed,0.05,observed,0.0
regime_onset:spline:23,regime_onset,spline,23,r0=-0.8,-1,0.05,observed,0.05,observed,0.0
regime_onset:spline:23,regime_onset,spline,23,r0=-0.8,1,0.025,observed,0.025,observed,0.0
regime_onset:spline:23,regime_onset,spline,23,r0=+0.0,-1,0.05,observed,0.05,observed,0.0
regime_onset:spline:23,regime_onset,spline,23,r0=+0.0,1,0.05,observed,0.05,observed,0.0
regime_onset:spline:23,regime_onset,spline,23,r0=+0.8,-1,0.025,observed,0.025,observed,0.0
regime_onset:spline:23,regime_onset,spline,23,r0=+0.8,1,0.05,observed,0.05,observed,0.0
regime_onset:spline:24,regime_onset,spline,24,r0=-0.8,-1,0.05,observed,0.05,observed,0.0
regime_onset:spline:24,regime_onset,spline,24,r0=-0.8,1,0.025,observed,0.025,observed,0.0
regime_onset:spline:24,regime_onset,spline,24,r0=+0.0,-1,0.05,observed,0.05,observed,0.0
regime_onset:spline:24,regime_onset,spline,24,r0=+0.0,1,0.05,observed,0.05,observed,0.0
regime_onset:spline:24,regime_onset,spline,24,r0=+0.8,-1,0.025,observed,0.025,observed,0.0
regime_onset:spline:24,regime_onset,spline,24,r0=+0.8,1,0.05,observed,0.05,observed,0.0
regime_onset:spline:25,regime_onset,spline,25,r0=-0.8,-1,0.05,observed,0.05,observed,0.0
regime_onset:spline:25,regime_onset,spline,25,r0=-0.8,1,0.025,observed,0.025,observed,0.0
regime_onset:spline:25,regime_onset,spline,25,r0=+0.0,-1,0.05,observed,0.05,observed,0.0
regime_onset:spline:25,regime_onset,spline,25,r0=+0.0,1,0.05,observed,0.05,observed,0.0
regime_onset:spline:25,regime_onset,spline,25,r0=+0.8,-1,0.025,observed,0.025,observed,0.0
regime_onset:spline:25,regime_onset,spline,25,r0=+0.8,1,0.05,observed,0.05,observed,0.0
regime_onset:spline:26,regime_onset,spline,26,r0=-0.8,-1,0.05,observed,0.05,observed,0.0
regime_onset:spline:26,regime_onset,spline,26,r0=-0.8,1,0.025,observed,0.025,observed,0.0
regime_onset:spline:26,regime_onset,spline,26,r0=+0.0,-1,0.05,observed,0.05,observed,0.0
regime_onset:spline:26,regime_onset,spline,26,r0=+0.0,1,0.05,observed,0.05,observed,0.0
regime_onset:spline:26,regime_onset,spline,26,r0=+0.8,-1,0.025,observed,0.025,observed,0.0
regime_onset:spline:26,regime_onset,spline,26,r0=+0.8,1,0.05,observed,0.05,observed,0.0
regime_onset:spline:27,regime_onset,spline,27,r0=-0.8,-1,0.05,observed,0.05,observed,0.0
regime_onset:spline:27,regime_onset,spline,27,r0=-0.8,1,0.025,observed,0.025,observed,0.0
regime_onset:spline:27,regime_onset,spline,27,r0=+0.0,-1,0.05,observed,0.05,observed,0.0
regime_onset:spline:27,regime_onset,spline,27,r0=+0.0,1,0.05,observed,0.05,observed,0.0
regime_onset:spline:27,regime_onset,spline,27,r0=+0.8,-1,0.025,observed,0.025,observed,0.0
regime_onset:spline:27,regime_onset,spline,27,r0=+0.8,1,0.05,observed,0.05,observed,0.0
regime_onset:spline:28,regime_onset,spline,28,r0=-0.8,-1,0.05,observed,0.05,observed,0.0
regime_onset:spline:28,regime_onset,spline,28,r0=-0.8,1,0.025,observed,0.025,observed,0.0
regime_onset:spline:28,regime_onset,spline,28,r0=+0.0,-1,0.05,observed,0.05,observed,0.0
regime_onset:spline:28,regime_onset,spline,28,r0=+0.0,1,0.05,observed,0.05,observed,0.0
regime_onset:spline:28,regime_onset,spline,28,r0=+0.8,-1,0.025,observed,0.025,observed,0.0
regime_onset:spline:28,regime_onset,spline,28,r0=+0.8,1,0.05,observed,0.05,observed,0.0
regime_onset:spline:29,regime_onset,spline,29,r0=-0.8,-1,0.05,observed,0.05,observed,0.0
regime_onset:spline:29,regime_onset,spline,29,r0=-0.8,1,0.025,observed,0.025,observed,0.0
regime_onset:spline:29,regime_onset,spline,29,r0=+0.0,-1,0.05,observed,0.05,observed,0.0
regime_onset:spline:29,regime_onset,spline,29,r0=+0.0,1,0.05,observed,0.05,observed,0.0
regime_onset:spline:29,regime_onset,spline,29,r0=+0.8,-1,0.025,observed,0.025,observed,0.0
regime_onset:spline:29,regime_onset,spline,29,r0=+0.8,1,0.05,observed,0.05,observed,0.0
regime_onset:basis:0,regime_onset,basis,0,r0=-0.8,-1,0.05,observed,0.05,observed,0.0
regime_onset:basis:0,regime_onset,basis,0,r0=-0.8,1,0.025,observed,0.025,observed,0.0
regime_onset:basis:0,regime_onset,basis,0,r0=+0.0,-1,0.05,observed,0.05,observed,0.0
regime_onset:basis:0,regime_onset,basis,0,r0=+0.0,1,0.05,observed,0.05,observed,0.0
regime_onset:basis:0,regime_onset,basis,0,r0=+0.8,-1,0.025,observed,0.025,observed,0.0
regime_onset:basis:0,regime_onset,basis,0,r0=+0.8,1,0.05,observed,0.05,observed,0.0
regime_onset:basis:1,regime_onset,basis,1,r0=-0.8,-1,0.05,observed,0.05,observed,0.0
regime_onset:basis:1,regime_onset,basis,1,r0=-0.8,1,0.025,observed,0.025,observed,0.0
regime_onset:basis:1,regime_onset,basis,1,r0=+0.0,-1,0.05,observed,0.05,observed,0.0
regime_onset:basis:1,regime_onset,basis,1,r0=+0.0,1,0.05,observed,0.05,observed,0.0
regime_onset:basis:1,regime_onset,basis,1,r0=+0.8,-1,0.025,observed,0.025,observed,0.0
regime_onset:basis:1,regime_onset,basis,1,r0=+0.8,1,0.05,observed,0.05,observed,0.0
regime_onset:basis:2,regime_onset,basis,2,r0=-0.8,-1,0.05,observed,0.05,observed,0.0
regime_onset:basis:2,regime_onset,basis,2,r0=-0.8,1,0.025,observed,0.025,observed,0.0
regime_onset:basis:2,regime_onset,basis,2,r0=+0.0,-1,0.05,observed,0.05,observed,0.0
regime_onset:basis:2,regime_onset,basis,2,r0=+0.0,1,0.05,observed,0.05,observed,0.0
regime_onset:basis:2,regime_onset,basis,2,r0=+0.8,-1,0.025,observed,0.025,observed,0.0
regime_onset:basis:2,regime_onset,basis,2,r0=+0.8,1,0.05,observed,0.05,observed,0.0
regime_onset:basis:3,regime_onset,basis,3,r0=-0.8,-1,0.05,observed,0.05,observed,0.0
regime_onset:basis:3,regime_onset,basis,3,r0=-0.8,1,0.025,observed,0.025,observed,0.0
regime_onset:basis:3,regime_onset,basis,3,r0=+0.0,-1,0.05,observed,0.05,observed,0.0
regime_onset:basis:3,regime_onset,basis,3,r0=+0.0,1,0.05,observed,0.05,observed,0.0
regime_onset:basis:3,regime_onset,basis,3,r0=+0.8,-1,0.025,observed,0.025,observed,0.0
regime_onset:basis:3,regime_onset,basis,3,r0=+0.8,1,0.05,observed,0.05,observed,0.0
regime_onset:basis:4,regime_onset,basis,4,r0=-0.8,-1,0.05,observed,0.05,observed,0.0
regime_onset:basis:4,regime_onset,basis,4,r0=-0.8,1,0.025,observed,0.025,observed,0.0
regime_onset:basis:4,regime_onset,basis,4,r0=+0.0,-1,0.05,observed,0.05,observed,0.0
regime_onset:basis:4,regime_onset,basis,4,r0=+0.0,1,0.05,observed,0.05,observed,0.0
regime_onset:basis:4,regime_onset,basis,4,r0=+0.8,-1,0.025,observed,0.025,observed,0.0
regime_onset:basis:4,regime_onset,basis,4,r0=+0.8,1,0.05,observed,0.05,observed,0.0
regime_onset:basis:5,regime_onset,basis,5,r0=-0.8,-1,0.05,observed,0.05,observed,0.0
regime_onset:basis:5,regime_onset,basis,5,r0=-0.8,1,0.025,observed,0.025,observed,0.0
regime_onset:basis:5,regime_onset,basis,5,r0=+0.0,-1,0.05,observed,0.05,observed,0.0
regime_onset:basis:5,regime_onset,basis,5,r0=+0.0,1,0.05,observed,0.05,observed,0.0
regime_onset:basis:5,regime_onset,basis,5,r0=+0.8,-1,0.025,observed,0.025,observed,0.0
regime_onset:basis:5,regime_onset,basis,5,r0=+0.8,1,0.05,observed,0.05,observed,0.0
regime_onset:basis:6,regime_onset,basis,6,r0=-0.8,-1,0.05,observed,0.05,observed,0.0
regime_onset:basis:6,regime_onset,basis,6,r0=-0.8,1,0.025,observed,0.025,observed,0.0
regime_onset:basis:6,regime_onset,basis,6,r0=+0.0,-1,0.05,observed,0.05,observed,0.0
regime_onset:basis:6,regime_onset,basis,6,r0=+0.0,1,0.05,observed,0.05,observed,0.0
regime_onset:basis:6,regime_onset,basis,6,r0=+0.8,-1,0.025,observed,0.025,observed,0.0
regime_onset:basis:6,regime_onset,basis,6,r0=+0.8,1,0.05,observed,0.05,observed,0.0
regime_onset:basis:7,regime_onset,basis,7,r0=-0.8,-1,0.05,observed,0.05,observed,0.0
regime_onset:basis:7,regime_onset,basis,7,r0=-0.8,1,0.025,observed,0.025,observed,0.0
regime_onset:basis:7,regime_onset,basis,7,r0=+0.0,-1,0.05,observed,0.05,observed,0.0
regime_onset:basis:7,regime_onset,basis,7,r0=+0.0,1,0.05,observed,0.05,observed,0.0
regime_onset:basis:7,regime_onset,basis,7,r0=+0.8,-1,0.025,observed,0.025,observed,0.0
regime_onset:basis:7,regime_onset,basis,7,r0=+0.8,1,0.05,observed,0.05,observed,0.0
regime_onset:basis:8,regime_onset,basis,8,r0=-0.8,-1,0.05,observed,0.05,observed,0.0
regime_onset:basis:8,regime_onset,basis,8,r0=-0.8,1,0.025,observed,0.025,observed,0.0
regime_onset:basis:8,regime_onset,basis,8,r0=+0.0,-1,0.05,observed,0.05,observed,0.0
regime_onset:basis:8,regime_onset,basis,8,r0=+0.0,1,0.05,observed,0.05,observed,0.0
regime_onset:basis:8,regime_onset,basis,8,r0=+0.8,-1,0.025,observed,0.025,observed,0.0
regime_onset:basis:8,regime_onset,basis,8,r0=+0.8,1,0.05,observed,0.05,observed,0.0
regime_onset:basis:9,regime_onset,basis,9,r0=-0.8,-1,0.05,observed,0.05,observed,0.0
regime_onset:basis:9,regime_onset,basis,9,r0=-0.8,1,0.025,observed,0.025,observed,0.0
regime_onset:basis:9,regime_onset,basis,9,r0=+0.0,-1,0.05,observed,0.05,observed,0.0
regime_onset:basis:9,regime_onset,basis,9,r0=+0.0,1,0.05,observed,0.05,observed,0.0
regime_onset:basis:9,regime_onset,basis,9,r0=+0.8,-1,0.025,observed,0.025,observed,0.0
regime_onset:basis:9,regime_onset,basis,9,r0=+0.8,1,0.05,observed,0.05,observed,0.0
regime_onset:basis:10,regime_onset,basis,10,r0=-0.8,-1,0.05,observed,0.05,observed,0.0
regime_onset:basis:10,regime_onset,basis,10,r0=-0.8,1,0.025,observed,0.025,observed,0.0
regime_onset:basis:10,regime_onset,basis,10,r0=+0.0,-1,0.05,observed,0.05,observed,0.0
regime_onset:basis:10,regime_onset,basis,10,r0=+0.0,1,0.05,observed,0.05,observed,0.0
regime_onset:basis:10,regime_onset,basis,10,r0=+0.8,-1,0.025,observed,0.025,observed,0.0
regime_onset:basis:10,regime_onset,basis,10,r0=+0.8,1,0.05,observed,0.05,observed,0.0
regime_onset:basis:11,regime_onset,basis,11,r0=-0.8,-1,0.05,observed,0.05,observed,0.0
regime_onset:basis:11,regime_onset,basis,11,r0=-0.8,1,0.025,observed,0.025,observed,0.0
regime_onset:basis:11,regime_onset,basis,11,r0=+0.0,-1,0.05,observed,0.05,observed,0.0
regime_onset:basis:11,regime_onset,basis,11,r0=+0.0,1,0.05,observed,0.05,observed,0.0
regime_onset:basis:11,regime_onset,basis,11,r0=+0.8,-1,0.025,observed,0.025,observed,0.0
regime_onset:basis:11,regime_onset,basis,11,r0=+0.8,1,0.05,observed,0.05,observed,0.0
regime_onset:basis:12,regime_onset,basis,12,r0=-0.8,-1,0.05,observed,0.05,observed,0.0
regime_onset:basis:12,regime_onset,basis,12,r0=-0.8,1,0.025,observed,0.025,observed,0.0
regime_onset:basis:12,regime_onset,basis,12,r0=+0.0,-1,0.05,observed,0.05,observed,0.0
regime_onset:basis:12,regime_onset,basis,12,r0=+0.0,1,0.05,observed,0.05,observed,0.0
regime_onset:basis:12,regime_onset,basis,12,r0=+0.8,-1,0.025,observed,0.025,observed,0.0
regime_onset:basis:12,regime_onset,basis,12,r0=+0.8,1,0.05,observed,0.05,observed,0.0
regime_onset:basis:13,regime_onset,basis,13,r0=-0.8,-1,0.05,observed,0.05,observed,0.0
regime_onset:basis:13,regime_onset,basis,13,r0=-0.8,1,0.025,observed,0.025,observed,0.0
regime_onset:basis:13,regime_onset,basis,13,r0=+0.0,-1,0.05,observed,0.05,observed,0.0
regime_onset:basis:13,regime_onset,basis,13,r0=+0.0,1,0.05,observed,0.05,observed,0.0
regime_onset:basis:13,regime_onset,basis,13,r0=+0.8,-1,0.025,observed,0.025,observed,0.0
regime_onset:basis:13,regime_onset,basis,13,r0=+0.8,1,0.05,observed,0.05,observed,0.0
regime_onset:basis:14,regime_onset,basis,14,r0=-0.8,-1,0.05,observed,0.05,observed,0.0
regime_onset:basis:14,regime_onset,basis,14,r0=-0.8,1,0.025,observed,0.025,observed,0.0
regime_onset:basis:14,regime_onset,basis,14,r0=+0.0,-1,0.05,observed,0.05,observed,0.0
regime_onset:basis:14,regime_onset,basis,14,r0=+0.0,1,0.05,observed,0.05,observed,0.0
regime_onset:basis:14,regime_onset,basis,14,r0=+0.8,-1,0.025,observed,0.025,observed,0.0
regime_onset:basis:14,regime_onset,basis,14,r0=+0.8,1,0.05,observed,0.05,observed,0.0
regime_onset:basis:15,regime_onset,basis,15,r0=-0.8,-1,0.05,observed,0.05,observed,0.0
regime_onset:basis:15,regime_onset,basis,15,r0=-0.8,1,0.025,observed,0.025,observed,0.0
regime_onset:basis:15,regime_onset,basis,15,r0=+0.0,-1,0.05,observed,0.05,observed,0.0
regime_onset:basis:15,regime_onset,basis,15,r0=+0.0,1,0.05,observed,0.05,observed,0.0
regime_onset:basis:15,regime_onset,basis,15,r0=+0.8,-1,0.025,observed,0.025,observed,0.0
regime_onset:basis:15,regime_onset,basis,15,r0=+0.8,1,0.05,observed,0.05,observed,0.0
regime_onset:basis:16,regime_onset,basis,16,r0=-0.8,-1,0.05,observed,0.05,observed,0.0
regime_onset:basis:16,regime_onset,basis,16,r0=-0.8,1,0.025,observed,0.025,observed,0.0
regime_onset:basis:16,regime_onset,basis,16,r0=+0.0,-1,0.05,observed,0.05,observed,0.0
regime_onset:basis:16,regime_onset,basis,16,r0=+0.0,1,0.05,observed,0.05,observed,0.0
regime_onset:basis:16,regime_onset,basis,16,r0=+0.8,-1,0.025,observed,0.025,observed,0.0
regime_onset:basis:16,regime_onset,basis,16,r0=+0.8,1,0.05,observed,0.05,observed,0.0
regime_onset:basis:17,regime_onset,basis,17,r0=-0.8,-1,0.05,observed,0.05,observed,0.0
regime_onset:basis:17,regime_onset,basis,17,r0=-0.8,1,0.025,observed,0.025,observed,0.0
regime_onset:basis:17,regime_onset,basis,17,r0=+0.0,-1,0.05,observed,0.05,observed,0.0
regime_onset:basis:17,regime_onset,basis,17,r0=+0.0,1,0.05,observed,0.05,observed,0.0
regime_onset:basis:17,regime_onset,basis,17,r0=+0.8,-1,0.025,observed,0.025,observed,0.0
regime_onset:basis:17,regime_onset,basis,17,r0=+0.8,1,0.05,observed,0.05,observed,0.0
regime_onset:basis:18,regime_onset,basis,18,r0=-0.8,-1,0.05,observed,0.05,observed,0.0
regime_onset:basis:18,regime_onset,basis,18,r0=-0.8,1,0.025,observed,0.025,observed,0.0
regime_onset:basis:18,regime_onset,basis,18,r0=+0.0,-1,0.05,observed,0.05,observed,0.0
regime_onset:basis:18,regime_onset,basis,18,r0=+0.0,1,0.05,observed,0.05,observed,0.0
regime_onset:basis:18,regime_onset,basis,18,r0=+0.8,-1,0.025,observed,0.025,observed,0.0
regime_onset:basis:18,regime_onset,basis,18,r0=+0.8,1,0.05,observed,0.05,observed,0.0
regime_onset:basis:19,regime_onset,basis,19,r0=-0.8,-1,0.05,observed,0.05,observed,0.0
regime_onset:basis:19,regime_onset,basis,19,r0=-0.8,1,0.025,observed,0.025,observed,0.0
regime_onset:basis:19,regime_onset,basis,19,r0=+0.0,-1,0.05,observed,0.05,observed,0.0
regime_onset:basis:19,regime_onset,basis,19,r0=+0.0,1,0.05,observed,0.05,observed,0.0
regime_onset:basis:19,regime_onset,basis,19,r0=+0.8,-1,0.025,observed,0.025,observed,0.0
regime_onset:basis:19,regime_onset,basis,19,r0=+0.8,1,0.05,observed,0.05,observed,0.0
regime_onset:basis:20,regime_onset,basis,20,r0=-0.8,-1,0.05,observed,0.05,observed,0.0
regime_onset:basis:20,regime_onset,basis,20,r0=-0.8,1,0.025,observed,0.025,observed,0.0
regime_onset:basis:20,regime_onset,basis,20,r0=+0.0,-1,0.05,observed,0.05,observed,0.0
regime_onset:basis:20,regime_onset,basis,20,r0=+0.0,1,0.05,observed,0.05,observed,0.0
regime_onset:basis:20,regime_onset,basis,20,r0=+0.8,-1,0.025,observed,0.025,observed,0.0
regime_onset:basis:20,regime_onset,basis,20,r0=+0.8,1,0.05,observed,0.05,observed,0.0
regime_onset:basis:21,regime_onset,basis,21,r0=-0.8,-1,0.05,observed,0.05,observed,0.0
regime_onset:basis:21,regime_onset,basis,21,r0=-0.8,1,0.025,observed,0.025,observed,0.0
regime_onset:basis:21,regime_onset,basis,21,r0=+0.0,-1,0.05,observed,0.05,observed,0.0
regime_onset:basis:21,regime_onset,basis,21,r0=+0.0,1,0.05,observed,0.05,observed,0.0
regime_onset:basis:21,regime_onset,basis,21,r0=+0.8,-1,0.025,observed,0.025,observed,0.0
regime_onset:basis:21,regime_onset,basis,21,r0=+0.8,1,0.05,observed,0.05,observed,0.0
regime_onset:basis:22,regime_onset,basis,22,r0=-0.8,-1,0.05,observed,0.05,observed,0.0
regime_onset:basis:22,regime_onset,basis,22,r0=-0.8,1,0.025,observed,0.025,observed,0.0
regime_onset:basis:22,regime_onset,basis,22,r0=+0.0,-1,0.05,observed,0.05,observed,0.0
regime_onset:basis:22,regime_onset,basis,22,r0=+0.0,1,0.05,observed,0.05,observed,0.0
regime_onset:basis:22,regime_onset,basis,22,r0=+0.8,-1,0.025,observed,0.025,observed,0.0
regime_onset:basis:22,regime_onset,basis,22,r0=+0.8,1,0.05,observed,0.05,observed,0.0
regime_onset:basis:23,regime_onset,basis,23,r0=-0.8,-1,0.05,observed,0.05,observed,0.0
regime_onset:basis:23,regime_onset,basis,23,r0=-0.8,1,0.025,observed,0.025,observed,0.0
regime_onset:basis:23,regime_onset,basis,23,r0=+0.0,-1,0.05,observed,0.05,observed,0.0
regime_onset:basis:23,regime_onset,basis,23,r0=+0.0,1,0.05,observed,0.05,observed,0.0
regime_onset:basis:23,regime_onset,basis,23,r0=+0.8,-1,0.025,observed,0.025,observed,0.0
regime_onset:basis:23,regime_onset,basis,23,r0=+0.8,1,0.05,observed,0.05,observed,0.0
regime_onset:basis:24,regime_onset,basis,24,r0=-0.8,-1,0.05,observed,0.05,observed,0.0
regime_onset:basis:24,regime_onset,basis,24,r0=-0.8,1,0.025,observed,0.025,observed,0.0
regime_onset:basis:24,regime_onset,basis,24,r0=+0.0,-1,0.05,observed,0.05,observed,0.0
regime_onset:basis:24,regime_onset,basis,24,r0=+0.0,1,0.05,observed,0.05,observed,0.0
regime_onset:basis:24,regime_onset,basis,24,r0=+0.8,-1,0.025,observed,0.025,observed,0.0
regime_onset:basis:24,regime_onset,basis,24,r0=+0.8,1,0.05,observed,0.05,observed,0.0
regime_onset:basis:25,regime_onset,basis,25,r0=-0.8,-1,0.05,observed,0.05,observed,0.0
regime_onset:basis:25,regime_onset,basis,25,r0=-0.8,1,0.025,observed,0.025,observed,0.0
regime_onset:basis:25,regime_onset,basis,25,r0=+0.0,-1,0.05,observed,0.05,observed,0.0
regime_onset:basis:25,regime_onset,basis,25,r0=+0.0,1,0.05,observed,0.05,observed,0.0
regime_onset:basis:25,regime_onset,basis,25,r0=+0.8,-1,0.025,observed,0.025,observed,0.0
regime_onset:basis:25,regime_onset,basis,25,r0=+0.8,1,0.05,observed,0.05,observed,0.0
regime_onset:basis:26,regime_onset,basis,26,r0=-0.8,-1,0.05,observed,0.05,observed,0.0
regime_onset:basis:26,regime_onset,basis,26,r0=-0.8,1,0.025,observed,0.025,observed,0.0
regime_onset:basis:26,regime_onset,basis,26,r0=+0.0,-1,0.05,observed,0.05,observed,0.0
regime_onset:basis:26,regime_onset,basis,26,r0=+0.0,1,0.05,observed,0.05,observed,0.0
regime_onset:basis:26,regime_onset,basis,26,r0=+0.8,-1,0.025,observed,0.025,observed,0.0
regime_onset:basis:26,regime_onset,basis,26,r0=+0.8,1,0.05,observed,0.05,observed,0.0
regime_onset:basis:27,regime_onset,basis,27,r0=-0.8,-1,0.05,observed,0.05,observed,0.0
regime_onset:basis:27,regime_onset,basis,27,r0=-0.8,1,0.025,observed,0.025,observed,0.0
regime_onset:basis:27,regime_onset,basis,27,r0=+0.0,-1,0.05,observed,0.05,observed,0.0
regime_onset:basis:27,regime_onset,basis,27,r0=+0.0,1,0.05,observed,0.05,observed,0.0
regime_onset:basis:27,regime_onset,basis,27,r0=+0.8,-1,0.025,observed,0.025,observed,0.0
regime_onset:basis:27,regime_onset,basis,27,r0=+0.8,1,0.05,observed,0.05,observed,0.0
regime_onset:basis:28,regime_onset,basis,28,r0=-0.8,-1,0.05,observed,0.05,observed,0.0
regime_onset:basis:28,regime_onset,basis,28,r0=-0.8,1,0.025,observed,0.025,observed,0.0
regime_onset:basis:28,regime_onset,basis,28,r0=+0.0,-1,0.05,observed,0.05,observed,0.0
regime_onset:basis:28,regime_onset,basis,28,r0=+0.0,1,0.05,observed,0.05,observed,0.0
regime_onset:basis:28,regime_onset,basis,28,r0=+0.8,-1,0.025,observed,0.025,observed,0.0
regime_onset:basis:28,regime_onset,basis,28,r0=+0.8,1,0.05,observed,0.05,observed,0.0
regime_onset:basis:29,regime_onset,basis,29,r0=-0.8,-1,0.05,observed,0.05,observed,0.0
regime_onset:basis:29,regime_onset,basis,29,r0=-0.8,1,0.025,observed,0.025,observed,0.0
regime_onset:basis:29,regime_onset,basis,29,r0=+0.0,-1,0.05,observed,0.05,observed,0.0
regime_onset:basis:29,regime_onset,basis,29,r0=+0.0,1,0.05,observed,0.05,observed,0.0
regime_onset:basis:29,regime_onset,basis,29,r0=+0.8,-1,0.025,observed,0.025,observed,0.0
regime_onset:basis:29,regime_onset,basis,29,r0=+0.8,1,0.05,observed,0.05,observed,0.0
regime_onset:ode:0,regime_onset,ode,0,r0=-0.8,-1,0.05,observed,0.05,observed,0.0
regime_onset:ode:0,regime_onset,ode,0,r0=-0.8,1,0.025,observed,0.025,observed,0.0
regime_onset:ode:0,regime_onset,ode,0,r0=+0.0,-1,0.05,observed,0.05,observed,0.0
regime_onset:ode:0,regime_onset,ode,0,r0=+0.0,1,0.05,observed,0.05,observed,0.0
regime_onset:ode:0,regime_onset,ode,0,r0=+0.8,-1,0.025,observed,0.025,observed,0.0
regime_onset:ode:0,regime_onset,ode,0,r0=+0.8,1,0.05,observed,0.05,observed,0.0
regime_onset:ode:1,regime_onset,ode,1,r0=-0.8,-1,0.05,observed,0.05,observed,0.0
regime_onset:ode:1,regime_onset,ode,1,r0=-0.8,1,0.025,observed,0.025,observed,0.0
regime_onset:ode:1,regime_onset,ode,1,r0=+0.0,-1,0.05,observed,0.05,observed,0.0
regime_onset:ode:1,regime_onset,ode,1,r0=+0.0,1,0.05,observed,0.05,observed,0.0
regime_onset:ode:1,regime_onset,ode,1,r0=+0.8,-1,0.025,observed,0.025,observed,0.0
regime_onset:ode:1,regime_onset,ode,1,r0=+0.8,1,0.05,observed,0.05,observed,0.0
regime_onset:ode:2,regime_onset,ode,2,r0=-0.8,-1,0.05,observed,0.05,observed,0.0
regime_onset:ode:2,regime_onset,ode,2,r0=-0.8,1,0.025,observed,0.025,observed,0.0
regime_onset:ode:2,regime_onset,ode,2,r0=+0.0,-1,0.05,observed,0.05,observed,0.0
regime_onset:ode:2,regime_onset,ode,2,r0=+0.0,1,0.05,observed,0.05,observed,0.0
regime_onset:ode:2,regime_onset,ode,2,r0=+0.8,-1,0.025,observed,0.025,observed,0.0
regime_onset:ode:2,regime_onset,ode,2,r0=+0.8,1,0.05,observed,0.05,observed,0.0
regime_onset:ode:3,regime_onset,ode,3,r0=-0.8,-1,0.05,observed,0.05,observed,0.0
regime_onset:ode:3,regime_onset,ode,3,r0=-0.8,1,0.025,observed,0.025,observed,0.0
regime_onset:ode:3,regime_onset,ode,3,r0=+0.0,-1,0.05,observed,0.05,observed,0.0
regime_onset:ode:3,regime_onset,ode,3,r0=+0.0,1,0.05,observed,0.05,observed,0.0
regime_onset:ode:3,regime_onset,ode,3,r0=+0.8,-1,0.025,observed,0.025,observed,0.0
regime_onset:ode:3,regime_onset,ode,3,r0=+0.8,1,0.05,observed,0.05,observed,0.0
regime_onset:ode:4,regime_onset,ode,4,r0=-0.8,-1,0.05,observed,0.05,observed,0.0
regime_onset:ode:4,regime_onset,ode,4,r0=-0.8,1,0.025,observed,0.025,observed,0.0
regime_onset:ode:4,regime_onset,ode,4,r0=+0.0,-1,0.05,observed,0.05,observed,0.0
regime_onset:ode:4,regime_onset,ode,4,r0=+0.0,1,0.05,observed,0.05,observed,0.0
regime_onset:ode:4,regime_onset,ode,4,r0=+0.8,-1,0.025,observed,0.025,observed,0.0
regime_onset:ode:4,regime_onset,ode,4,r0=+0.8,1,0.05,observed,0.05,observed,0.0
regime_onset:ode:5,regime_onset,ode,5,r0=-0.8,-1,0.05,observed,0.05,observed,0.0
regime_onset:ode:5,regime_onset,ode,5,r0=-0.8,1,0.025,observed,0.025,observed,0.0
regime_onset:ode:5,regime_onset,ode,5,r0=+0.0,-1,0.05,observed,0.05,observed,0.0
regime_onset:ode:5,regime_onset,ode,5,r0=+0.0,1,0.05,observed,0.05,observed,0.0
regime_onset:ode:5,regime_onset,ode,5,r0=+0.8,-1,0.025,observed,0.025,observed,0.0
regime_onset:ode:5,regime_onset,ode,5,r0=+0.8,1,0.05,observed,0.05,observed,0.0
regime_onset:ode:6,regime_onset,ode,6,r0=-0.8,-1,0.05,observed,0.05,observed,0.0
regime_onset:ode:6,regime_onset,ode,6,r0=-0.8,1,0.025,observed,0.025,observed,0.0
regime_onset:ode:6,regime_onset,ode,6,r0=+0.0,-1,0.05,observed,0.05,observed,0.0
regime_onset:ode:6,regime_onset,ode,6,r0=+0.0,1,0.05,observed,0.05,observed,0.0
regime_onset:ode:6,regime_onset,ode,6,r0=+0.8,-1,0.025,observed,0.025,observed,0.0
regime_onset:ode:6,regime_onset,ode,6,r0=+0.8,1,0.05,observed,0.05,observed,0.0
regime_onset:ode:7,regime_onset,ode,7,r0=-0.8,-1,0.05,observed,0.05,observed,0.0
regime_onset:ode:7,regime_onset,ode,7,r0=-0.8,1,0.025,observed,0.025,observed,0.0
regime_onset:ode:7,regime_onset,ode,7,r0=+0.0,-1,0.05,observed,0.05,observed,0.0
regime_onset:ode:7,regime_onset,ode,7,r0=+0.0,1,0.05,observed,0.05,observed,0.0
regime_onset:ode:7,regime_onset,ode,7,r0=+0.8,-1,0.025,observed,0.025,observed,0.0
regime_onset:ode:7,regime_onset,ode,7,r0=+0.8,1,0.05,observed,0.05,observed,0.0
regime_onset:ode:8,regime_onset,ode,8,r0=-0.8,-1,0.05,observed,0.05,observed,0.0
regime_onset:ode:8,regime_onset,ode,8,r0=-0.8,1,0.025,observed,0.025,observed,0.0
regime_onset:ode:8,regime_onset,ode,8,r0=+0.0,-1,0.05,observed,0.05,observed,0.0
regime_onset:ode:8,regime_onset,ode,8,r0=+0.0,1,0.05,observed,0.05,observed,0.0
regime_onset:ode:8,regime_onset,ode,8,r0=+0.8,-1,0.025,observed,0.025,observed,0.0
regime_onset:ode:8,regime_onset,ode,8,r0=+0.8,1,0.05,observed,0.05,observed,0.0
regime_onset:ode:9,regime_onset,ode,9,r0=-0.8,-1,0.05,observed,0.05,observed,0.0
regime_onset:ode:9,regime_onset,ode,9,r0=-0.8,1,0.025,observed,0.025,observed,0.0
regime_onset:ode:9,regime_onset,ode,9,r0=+0.0,-1,0.05,observed,0.05,observed,0.0
regime_onset:ode:9,regime_onset,ode,9,r0=+0.0,1,0.05,observed,0.05,observed,0.0
regime_onset:ode:9,regime_onset,ode,9,r0=+0.8,-1,0.025,observed,0.025,observed,0.0
regime_onset:ode:9,regime_onset,ode,9,r0=+0.8,1,0.05,observed,0.05,observed,0.0
regime_onset:ode:10,regime_onset,ode,10,r0=-0.8,-1,0.05,observed,0.05,observed,0.0
regime_onset:ode:10,regime_onset,ode,10,r0=-0.8,1,0.025,observed,0.025,observed,0.0
regime_onset:ode:10,regime_onset,ode,10,r0=+0.0,-1,0.05,observed,0.05,observed,0.0
regime_onset:ode:10,regime_onset,ode,10,r0=+0.0,1,0.05,observed,0.05,observed,0.0
regime_onset:ode:10,regime_onset,ode,10,r0=+0.8,-1,0.025,observed,0.025,observed,0.0
regime_onset:ode:10,regime_onset,ode,10,r0=+0.8,1,0.05,observed,0.05,observed,0.0
regime_onset:ode:11,regime_onset,ode,11,r0=-0.8,-1,0.05,observed,0.05,observed,0.0
regime_onset:ode:11,regime_onset,ode,11,r0=-0.8,1,0.025,observed,0.025,observed,0.0
regime_onset:ode:11,regime_onset,ode,11,r0=+0.0,-1,0.05,observed,0.05,observed,0.0
regime_onset:ode:11,regime_onset,ode,11,r0=+0.0,1,0.05,observed,0.05,observed,0.0
regime_onset:ode:11,regime_onset,ode,11,r0=+0.8,-1,0.025,observed,0.025,observed,0.0
regime_onset:ode:11,regime_onset,ode,11,r0=+0.8,1,0.05,observed,0.05,observed,0.0
regime_onset:ode:12,regime_onset,ode,12,r0=-0.8,-1,0.05,observed,0.05,observed,0.0
regime_onset:ode:12,regime_onset,ode,12,r0=-0.8,1,0.025,observed,0.025,observed,0.0
regime_onset:ode:12,regime_onset,ode,12,r0=+0.0,-1,0.05,observed,0.05,observed,0.0
regime_onset:ode:12,regime_onset,ode,12,r0=+0.0,1,0.05,observed,0.05,observed,0.0
regime_onset:ode:12,regime_onset,ode,12,r0=+0.8,-1,0.025,observed,0.025,observed,0.0
regime_onset:ode:12,regime_onset,ode,12,r0=+0.8,1,0.05,observed,0.05,observed,0.0
regime_onset:ode:13,regime_onset,ode,13,r0=-0.8,-1,0.05,observed,0.05,observed,0.0
regime_onset:ode:13,regime_onset,ode,13,r0=-0.8,1,0.025,observed,0.025,observed,0.0
regime_onset:ode:13,regime_onset,ode,13,r0=+0.0,-1,0.05,observed,0.05,observed,0.0
regime_onset:ode:13,regime_onset,ode,13,r0=+0.0,1,0.05,observed,0.05,observed,0.0
regime_onset:ode:13,regime_onset,ode,13,r0=+0.8,-1,0.025,observed,0.025,observed,0.0
regime_onset:ode:13,regime_onset,ode,13,r0=+0.8,1,0.05,observed,0.05,observed,0.0
regime_onset:ode:14,regime_onset,ode,14,r0=-0.8,-1,0.05,observed,0.05,observed,0.0
regime_onset:ode:14,regime_onset,ode,14,r0=-0.8,1,0.025,observed,0.025,observed,0.0
regime_onset:ode:14,regime_onset,ode,14,r0=+0.0,-1,0.05,observed,0.05,observed,0.0
regime_onset:ode:14,regime_onset,ode,14,r0=+0.0,1,0.05,observed,0.05,observed,0.0
regime_onset:ode:14,regime_onset,ode,14,r0=+0.8,-1,0.025,observed,0.025,observed,0.0
regime_onset:ode:14,regime_onset,ode,14,r0=+0.8,1,0.05,observed,0.05,observed,0.0
regime_onset:ode:15,regime_onset,ode,15,r0=-0.8,-1,0.05,observed,0.05,observed,0.0
regime_onset:ode:15,regime_onset,ode,15,r0=-0.8,1,0.025,observed,0.025,observed,0.0
regime_onset:ode:15,regime_onset,ode,15,r0=+0.0,-1,0.05,observed,0.05,observed,0.0
regime_onset:ode:15,regime_onset,ode,15,r0=+0.0,1,0.05,observed,0.05,observed,0.0
regime_onset:ode:15,regime_onset,ode,15,r0=+0.8,-1,0.025,observed,0.025,observed,0.0
regime_onset:ode:15,regime_onset,ode,15,r0=+0.8,1,0.05,observed,0.05,observed,0.0
regime_onset:ode:16,regime_onset,ode,16,r0=-0.8,-1,0.05,observed,0.05,observed,0.0
regime_onset:ode:16,regime_onset,ode,16,r0=-0.8,1,0.025,observed,0.025,observed,0.0
regime_onset:ode:16,regime_onset,ode,16,r0=+0.0,-1,0.05,observed,0.05,observed,0.0
regime_onset:ode:16,regime_onset,ode,16,r0=+0.0,1,0.05,observed,0.05,observed,0.0
regime_onset:ode:16,regime_onset,ode,16,r0=+0.8,-1,0.025,observed,0.025,observed,0.0
regime_onset:ode:16,regime_onset,ode,16,r0=+0.8,1,0.05,observed,0.05,observed,0.0
regime_onset:ode:17,regime_onset,ode,17,r0=-0.8,-1,0.05,observed,0.05,observed,0.0
regime_onset:ode:17,regime_onset,ode,17,r0=-0.8,1,0.025,observed,0.025,observed,0.0
regime_onset:ode:17,regime_onset,ode,17,r0=+0.0,-1,0.05,observed,0.05,observed,0.0
regime_onset:ode:17,regime_onset,ode,17,r0=+0.0,1,0.05,observed,0.05,observed,0.0
regime_onset:ode:17,regime_onset,ode,17,r0=+0.8,-1,0.025,observed,0.025,observed,0.0
regime_onset:ode:17,regime_onset,ode,17,r0=+0.8,1,0.05,observed,0.05,observed,0.0
regime_onset:ode:18,regime_onset,ode,18,r0=-0.8,-1,0.05,observed,0.05,observed,0.0
regime_onset:ode:18,regime_onset,ode,18,r0=-0.8,1,0.025,observed,0.025,observed,0.0
regime_onset:ode:18,regime_onset,ode,18,r0=+0.0,-1,0.05,observed,0.05,observed,0.0
regime_onset:ode:18,regime_onset,ode,18,r0=+0.0,1,0.05,observed,0.05,observed,0.0
regime_onset:ode:18,regime_onset,ode,18,r0=+0.8,-1,0.025,observed,0.025,observed,0.0
regime_onset:ode:18,regime_onset,ode,18,r0=+0.8,1,0.05,observed,0.05,observed,0.0
regime_onset:ode:19,regime_onset,ode,19,r0=-0.8,-1,0.05,observed,0.05,observed,0.0
regime_onset:ode:19,regime_onset,ode,19,r0=-0.8,1,0.025,observed,0.025,observed,0.0
regime_onset:ode:19,regime_onset,ode,19,r0=+0.0,-1,0.05,observed,0.05,observed,0.0
regime_onset:ode:19,regime_onset,ode,19,r0=+0.0,1,0.05,observed,0.05,observed,0.0
regime_onset:ode:19,regime_onset,ode,19,r0=+0.8,-1,0.025,observed,0.025,observed,0.0
regime_onset:ode:19,regime_onset,ode,19,r0=+0.8,1,0.05,observed,0.05,observed,0.0
regime_onset:ode:20,regime_onset,ode,20,r0=-0.8,-1,0.05,observed,0.05,observed,0.0
regime_onset:ode:20,regime_onset,ode,20,r0=-0.8,1,0.025,observed,0.025,observed,0.0
regime_onset:ode:20,regime_onset,ode,20,r0=+0.0,-1,0.05,observed,0.05,observed,0.0
regime_onset:ode:20,regime_onset,ode,20,r0=+0.0,1,0.05,observed,0.05,observed,0.0
regime_onset:ode:20,regime_onset,ode,20,r0=+0.8,-1,0.025,observed,0.025,observed,0.0
regime_onset:ode:20,regime_onset,ode,20,r0=+0.8,1,0.05,observed,0.05,observed,0.0
regime_onset:ode:21,regime_onset,ode,21,r0=-0.8,-1,0.05,observed,0.05,observed,0.0
regime_onset:ode:21,regime_onset,ode,21,r0=-0.8,1,0.025,observed,0.025,observed,0.0
regime_onset:ode:21,regime_onset,ode,21,r0=+0.0,-1,0.05,observed,0.05,observed,0.0
regime_onset:ode:21,regime_onset,ode,21,r0=+0.0,1,0.05,observed,0.05,observed,0.0
regime_onset:ode:21,regime_onset,ode,21,r0=+0.8,-1,0.025,observed,0.025,observed,0.0
regime_onset:ode:21,regime_onset,ode,21,r0=+0.8,1,0.05,observed,0.05,observed,0.0
regime_onset:ode:22,regime_onset,ode,22,r0=-0.8,-1,0.05,observed,0.05,observed,0.0
regime_onset:ode:22,regime_onset,ode,22,r0=-0.8,1,0.025,observed,0.025,observed,0.0
regime_onset:ode:22,regime_onset,ode,22,r0=+0.0,-1,0.05,observed,0.05,observed,0.0
regime_onset:ode:22,regime_onset,ode,22,r0=+0.0,1,0.05,observed,0.05,observed,0.0
regime_onset:ode:22,regime_onset,ode,22,r0=+0.8,-1,0.025,observed,0.025,observed,0.0
regime_onset:ode:22,regime_onset,ode,22,r0=+0.8,1,0.05,observed,0.05,observed,0.0
regime_onset:ode:23,regime_onset,ode,23,r0=-0.8,-1,0.05,observed,0.05,observed,0.0
regime_onset:ode:23,regime_onset,ode,23,r0=-0.8,1,0.025,observed,0.025,observed,0.0
regime_onset:ode:23,regime_onset,ode,23,r0=+0.0,-1,0.05,observed,0.05,observed,0.0
regime_onset:ode:23,regime_onset,ode,23,r0=+0.0,1,0.05,observed,0.05,observed,0.0
regime_onset:ode:23,regime_onset,ode,23,r0=+0.8,-1,0.025,observed,0.025,observed,0.0
regime_onset:ode:23,regime_onset,ode,23,r0=+0.8,1,0.05,observed,0.05,observed,0.0
regime_onset:ode:24,regime_onset,ode,24,r0=-0.8,-1,0.05,observed,0.05,observed,0.0
regime_onset:ode:24,regime_onset,ode,24,r0=-0.8,1,0.025,observed,0.025,observed,0.0
regime_onset:ode:24,regime_onset,ode,24,r0=+0.0,-1,0.05,observed,0.05,observed,0.0
regime_onset:ode:24,regime_onset,ode,24,r0=+0.0,1,0.05,observed,0.05,observed,0.0
regime_onset:ode:24,regime_onset,ode,24,r0=+0.8,-1,0.025,observed,0.025,observed,0.0
regime_onset:ode:24,regime_onset,ode,24,r0=+0.8,1,0.05,observed,0.05,observed,0.0
regime_onset:ode:25,regime_onset,ode,25,r0=-0.8,-1,0.05,observed,0.05,observed,0.0
regime_onset:ode:25,regime_onset,ode,25,r0=-0.8,1,0.025,observed,0.025,observed,0.0
regime_onset:ode:25,regime_onset,ode,25,r0=+0.0,-1,0.05,observed,0.05,observed,0.0
regime_onset:ode:25,regime_onset,ode,25,r0=+0.0,1,0.05,observed,0.05,observed,0.0
regime_onset:ode:25,regime_onset,ode,25,r0=+0.8,-1,0.025,observed,0.025,observed,0.0
regime_onset:ode:25,regime_onset,ode,25,r0=+0.8,1,0.05,observed,0.05,observed,0.0
regime_onset:ode:26,regime_onset,ode,26,r0=-0.8,-1,0.05,observed,0.05,observed,0.0
regime_onset:ode:26,regime_onset,ode,26,r0=-0.8,1,0.025,observed,0.025,observed,0.0
regime_onset:ode:26,regime_onset,ode,26,r0=+0.0,-1,0.05,observed,0.05,observed,0.0
regime_onset:ode:26,regime_onset,ode,26,r0=+0.0,1,0.05,observed,0.05,observed,0.0
regime_onset:ode:26,regime_onset,ode,26,r0=+0.8,-1,0.025,observed,0.025,observed,0.0
regime_onset:ode:26,regime_onset,ode,26,r0=+0.8,1,0.05,observed,0.05,observed,0.0
regime_onset:ode:27,regime_onset,ode,27,r0=-0.8,-1,0.05,observed,0.05,observed,0.0
regime_onset:ode:27,regime_onset,ode,27,r0=-0.8,1,0.025,observed,0.025,observed,0.0
regime_onset:ode:27,regime_onset,ode,27,r0=+0.0,-1,0.05,observed,0.05,observed,0.0
regime_onset:ode:27,regime_onset,ode,27,r0=+0.0,1,0.05,observed,0.05,observed,0.0
regime_onset:ode:27,regime_onset,ode,27,r0=+0.8,-1,0.025,observed,0.025,observed,0.0
regime_onset:ode:27,regime_onset,ode,27,r0=+0.8,1,0.05,observed,0.05,observed,0.0
regime_onset:ode:28,regime_onset,ode,28,r0=-0.8,-1,0.05,observed,0.05,observed,0.0
regime_onset:ode:28,regime_onset,ode,28,r0=-0.8,1,0.025,observed,0.025,observed,0.0
regime_onset:ode:28,regime_onset,ode,28,r0=+0.0,-1,0.05,observed,0.05,observed,0.0
regime_onset:ode:28,regime_onset,ode,28,r0=+0.0,1,0.05,observed,0.05,observed,0.0
regime_onset:ode:28,regime_onset,ode,28,r0=+0.8,-1,0.025,observed,0.025,observed,0.0
regime_onset:ode:28,regime_onset,ode,28,r0=+0.8,1,0.05,observed,0.05,observed,0.0
regime_onset:ode:29,regime_onset,ode,29,r0=-0.8,-1,0.05,observed,0.05,observed,0.0
regime_onset:ode:29,regime_onset,ode,29,r0=-0.8,1,0.025,observed,0.025,observed,0.0
regime_onset:ode:29,regime_onset,ode,29,r0=+0.0,-1,0.05,observed,0.05,observed,0.0
regime_onset:ode:29,regime_onset,ode,29,r0=+0.0,1,0.05,observed,0.05,observed,0.0
regime_onset:ode:29,regime_onset,ode,29,r0=+0.8,-1,0.025,observed,0.025,observed,0.0
regime_onset:ode:29,regime_onset,ode,29,r0=+0.8,1,0.05,observed,0.05,observed,0.0
inflection_location:spline:0,inflection_location,spline,0,r0=-0.8,-1,0.05,observed,0.05,observed,0.0
inflection_location:spline:0,inflection_location,spline,0,r0=-0.8,1,0.025,observed,0.025,observed,0.0
inflection_location:spline:0,inflection_location,spline,0,r0=+0.0,-1,0.05,observed,0.05,observed,0.0
inflection_location:spline:0,inflection_location,spline,0,r0=+0.0,1,0.05,observed,0.05,observed,0.0
inflection_location:spline:0,inflection_location,spline,0,r0=+0.8,-1,0.025,observed,0.025,observed,0.0
inflection_location:spline:0,inflection_location,spline,0,r0=+0.8,1,0.05,observed,0.05,observed,0.0
inflection_location:spline:1,inflection_location,spline,1,r0=-0.8,-1,0.05,observed,0.05,observed,0.0
inflection_location:spline:1,inflection_location,spline,1,r0=-0.8,1,0.025,observed,0.025,observed,0.0
inflection_location:spline:1,inflection_location,spline,1,r0=+0.0,-1,0.05,observed,0.05,observed,0.0
inflection_location:spline:1,inflection_location,spline,1,r0=+0.0,1,0.05,observed,0.05,observed,0.0
inflection_location:spline:1,inflection_location,spline,1,r0=+0.8,-1,0.025,observed,0.025,observed,0.0
inflection_location:spline:1,inflection_location,spline,1,r0=+0.8,1,0.05,observed,0.05,observed,0.0
inflection_location:spline:2,inflection_location,spline,2,r0=-0.8,-1,0.05,observed,0.05,observed,0.0
inflection_location:spline:2,inflection_location,spline,2,r0=-0.8,1,0.025,observed,0.025,observed,0.0
inflection_location:spline:2,inflection_location,spline,2,r0=+0.0,-1,0.05,observed,0.05,observed,0.0
inflection_location:spline:2,inflection_location,spline,2,r0=+0.0,1,0.05,observed,0.05,observed,0.0
inflection_location:spline:2,inflection_location,spline,2,r0=+0.8,-1,0.025,observed,0.025,observed,0.0
inflection_location:spline:2,inflection_location,spline,2,r0=+0.8,1,0.05,observed,0.05,observed,0.0
inflection_location:spline:3,inflection_location,spline,3,r0=-0.8,-1,0.05,observed,0.05,observed,0.0
inflection_location:spline:3,inflection_location,spline,3,r0=-0.8,1,0.025,observed,0.025,observed,0.0
inflection_location:spline:3,inflection_location,spline,3,r0=+0.0,-1,0.05,observed,0.05,observed,0.0
inflection_location:spline:3,inflection_location,spline,3,r0=+0.0,1,0.05,observed,0.05,observed,0.0
inflection_location:spline:3,inflection_location,spline,3,r0=+0.8,-1,0.025,observed,0.025,observed,0.0
inflection_location:spline:3,inflection_location,spline,3,r0=+0.8,1,0.05,observed,0.05,observed,0.0
inflection_location:spline:4,inflection_location,spline,4,r0=-0.8,-1,0.05,observed,0.05,observed,0.0
inflection_location:spline:4,inflection_location,spline,4,r0=-0.8,1,0.025,observed,0.025,observed,0.0
inflection_location:spline:4,inflection_location,spline,4,r0=+0.0,-1,0.05,observed,0.05,observed,0.0
inflection_location:spline:4,inflection_location,spline,4,r0=+0.0,1,0.05,observed,0.05,observed,0.0
inflection_location:spline:4,inflection_location,spline,4,r0=+0.8,-1,0.025,observed,0.025,observed,0.0
inflection_location:spline:4,inflection_location,spline,4,r0=+0.8,1,0.05,observed,0.05,observed,0.0
inflection_location:spline:5,inflection_location,spline,5,r0=-0.8,-1,0.05,observed,0.05,observed,0.0
inflection_location:spline:5,inflection_location,spline,5,r0=-0.8,1,0.025,observed,0.025,observed,0.0
inflection_location:spline:5,inflection_location,spline,5,r0=+0.0,-1,0.05,observed,0.05,observed,0.0
inflection_location:spline:5,inflection_location,spline,5,r0=+0.0,1,0.05,observed,0.05,observed,0.0
inflection_location:spline:5,inflection_location,spline,5,r0=+0.8,-1,0.025,observed,0.025,observed,0.0
inflection_location:spline:5,inflection_location,spline,5,r0=+0.8,1,0.05,observed,0.05,observed,0.0
inflection_location:spline:6,inflection_location,spline,6,r0=-0.8,-1,0.05,observed,0.05,observed,0.0
inflection_location:spline:6,inflection_location,spline,6,r0=-0.8,1,0.025,observed,0.025,observed,0.0
inflection_location:spline:6,inflection_location,spline,6,r0=+0.0,-1,0.05,observed,0.05,observed,0.0
inflection_location:spline:6,inflection_location,spline,6,r0=+0.0,1,0.05,observed,0.05,observed,0.0
inflection_location:spline:6,inflection_location,spline,6,r0=+0.8,-1,0.025,observed,0.025,observed,0.0
inflection_location:spline:6,inflection_location,spline,6,r0=+0.8,1,0.05,observed,0.05,observed,0.0
inflection_location:spline:7,inflection_location,spline,7,r0=-0.8,-1,0.05,observed,0.05,observed,0.0
inflection_location:spline:7,inflection_location,spline,7,r0=-0.8,1,0.025,observed,0.025,observed,0.0
inflection_location:spline:7,inflection_location,spline,7,r0=+0.0,-1,0.05,observed,0.05,observed,0.0
inflection_location:spline:7,inflection_location,spline,7,r0=+0.0,1,0.05,observed,0.05,observed,0.0
inflection_location:spline:7,inflection_location,spline,7,r0=+0.8,-1,0.025,observed,0.025,observed,0.0
inflection_location:spline:7,inflection_location,spline,7,r0=+0.8,1,0.05,observed,0.05,observed,0.0
inflection_location:spline:8,inflection_location,spline,8,r0=-0.8,-1,0.05,observed,0.05,observed,0.0
inflection_location:spline:8,inflection_location,spline,8,r0=-0.8,1,0.025,observed,0.025,observed,0.0
inflection_location:spline:8,inflection_location,spline,8,r0=+0.0,-1,0.05,observed,0.05,observed,0.0
inflection_location:spline:8,inflection_location,spline,8,r0=+0.0,1,0.05,observed,0.05,observed,0.0
inflection_location:spline:8,inflection_location,spline,8,r0=+0.8,-1,0.025,observed,0.025,observed,0.0
inflection_location:spline:8,inflection_location,spline,8,r0=+0.8,1,0.05,observed,0.05,observed,0.0
inflection_location:spline:9,inflection_location,spline,9,r0=-0.8,-1,0.05,observed,0.05,observed,0.0
inflection_location:spline:9,inflection_location,spline,9,r0=-0.8,1,0.025,observed,0.025,observed,0.0
inflection_location:spline:9,inflection_location,spline,9,r0=+0.0,-1,0.05,observed,0.05,observed,0.0
inflection_location:spline:9,inflection_location,spline,9,r0=+0.0,1,0.05,observed,0.05,observed,0.0
inflection_location:spline:9,inflection_location,spline,9,r0=+0.8,-1,0.025,observed,0.025,observed,0.0
inflection_location:spline:9,inflection_location,spline,9,r0=+0.8,1,0.05,observed,0.05,observed,0.0
inflection_location:spline:10,inflection_location,spline,10,r0=-0.8,-1,0.05,observed,0.05,observed,0.0
inflection_location:spline:10,inflection_location,spline,10,r0=-0.8,1,0.025,observed,0.025,observed,0.0
inflection_location:spline:10,inflection_location,spline,10,r0=+0.0,-1,0.05,observed,0.05,observed,0.0
inflection_location:spline:10,inflection_location,spline,10,r0=+0.0,1,0.05,observed,0.05,observed,0.0
inflection_location:spline:10,inflection_location,spline,10,r0=+0.8,-1,0.025,observed,0.025,observed,0.0
inflection_location:spline:10,inflection_location,spline,10,r0=+0.8,1,0.05,observed,0.05,observed,0.0
inflection_location:spline:11,inflection_location,spline,11,r0=-0.8,-1,0.05,observed,0.05,observed,0.0
inflection_location:spline:11,inflection_location,spline,11,r0=-0.8,1,0.025,observed,0.025,observed,0.0
inflection_location:spline:11,inflection_location,spline,11,r0=+0.0,-1,0.05,observed,0.05,observed,0.0
inflection_location:spline:11,inflection_location,spline,11,r0=+0.0,1,0.05,observed,0.05,observed,0.0
inflection_location:spline:11,inflection_location,spline,11,r0=+0.8,-1,0.025,observed,0.025,observed,0.0
inflection_location:spline:11,inflection_location,spline,11,r0=+0.8,1,0.05,observed,0.05,observed,0.0
inflection_location:spline:12,inflection_location,spline,12,r0=-0.8,-1,0.05,observed,0.05,observed,0.0
inflection_location:spline:12,inflection_location,spline,12,r0=-0.8,1,0.025,observed,0.025,observed,0.0
inflection_location:spline:12,inflection_location,spline,12,r0=+0.0,-1,0.05,observed,0.05,observed,0.0
inflection_location:spline:12,inflection_location,spline,12,r0=+0.0,1,0.05,observed,0.05,observed,0.0
inflection_location:spline:12,inflection_location,spline,12,r0=+0.8,-1,0.025,observed,0.025,observed,0.0
inflection_location:spline:12,inflection_location,spline,12,r0=+0.8,1,0.05,observed,0.05,observed,0.0
inflection_location:spline:13,inflection_location,spline,13,r0=-0.8,-1,0.05,observed,0.05,observed,0.0
inflection_location:spline:13,inflection_location,spline,13,r0=-0.8,1,0.025,observed,0.025,observed,0.0
inflection_location:spline:13,inflection_location,spline,13,r0=+0.0,-1,0.05,observed,0.05,observed,0.0
inflection_location:spline:13,inflection_location,spline,13,r0=+0.0,1,0.05,observed,0.05,observed,0.0
inflection_location:spline:13,inflection_location,spline,13,r0=+0.8,-1,0.025,observed,0.025,observed,0.0
inflection_location:spline:13,inflection_location,spline,13,r0=+0.8,1,0.05,observed,0.05,observed,0.0
inflection_location:spline:14,inflection_location,spline,14,r0=-0.8,-1,0.05,observed,0.05,observed,0.0
inflection_location:spline:14,inflection_location,spline,14,r0=-0.8,1,0.025,observed,0.025,observed,0.0
inflection_location:spline:14,inflection_location,spline,14,r0=+0.0,-1,0.05,observed,0.05,observed,0.0
inflection_location:spline:14,inflection_location,spline,14,r0=+0.0,1,0.05,observed,0.05,observed,0.0
inflection_location:spline:14,inflection_location,spline,14,r0=+0.8,-1,0.025,observed,0.025,observed,0.0
inflection_location:spline:14,inflection_location,spline,14,r0=+0.8,1,0.05,observed,0.05,observed,0.0
inflection_location:spline:15,inflection_location,spline,15,r0=-0.8,-1,0.05,observed,0.05,observed,0.0
inflection_location:spline:15,inflection_location,spline,15,r0=-0.8,1,0.025,observed,0.025,observed,0.0
inflection_location:spline:15,inflection_location,spline,15,r0=+0.0,-1,0.05,observed,0.05,observed,0.0
inflection_location:spline:15,inflection_location,spline,15,r0=+0.0,1,0.05,observed,0.05,observed,0.0
inflection_location:spline:15,inflection_location,spline,15,r0=+0.8,-1,0.025,observed,0.025,observed,0.0
inflection_location:spline:15,inflection_location,spline,15,r0=+0.8,1,0.05,observed,0.05,observed,0.0
inflection_location:spline:16,inflection_location,spline,16,r0=-0.8,-1,0.05,observed,0.05,observed,0.0
inflection_location:spline:16,inflection_location,spline,16,r0=-0.8,1,0.025,observed,0.025,observed,0.0
inflection_location:spline:16,inflection_location,spline,16,r0=+0.0,-1,0.05,observed,0.05,observed,0.0
inflection_location:spline:16,inflection_location,spline,16,r0=+0.0,1,0.05,observed,0.05,observed,0.0
inflection_location:spline:16,inflection_location,spline,16,r0=+0.8,-1,0.025,observed,0.025,observed,0.0
inflection_location:spline:16,inflection_location,spline,16,r0=+0.8,1,0.05,observed,0.05,observed,0.0
inflection_location:spline:17,inflection_location,spline,17,r0=-0.8,-1,0.05,observed,0.05,observed,0.0
inflection_location:spline:17,inflection_location,spline,17,r0=-0.8,1,0.025,observed,0.025,observed,0.0
inflection_location:spline:17,inflection_location,spline,17,r0=+0.0,-1,0.05,observed,0.05,observed,0.0
inflection_location:spline:17,inflection_location,spline,17,r0=+0.0,1,0.05,observed,0.05,observed,0.0
inflection_location:spline:17,inflection_location,spline,17,r0=+0.8,-1,0.025,observed,0.025,observed,0.0
inflection_location:spline:17,inflection_location,spline,17,r0=+0.8,1,0.05,observed,0.05,observed,0.0
inflection_location:spline:18,inflection_location,spline,18,r0=-0.8,-1,0.05,observed,0.05,observed,0.0
inflection_location:spline:18,inflection_location,spline,18,r0=-0.8,1,0.025,observed,0.025,observed,0.0
inflection_location:spline:18,inflection_location,spline,18,r0=+0.0,-1,0.05,observed,0.05,observed,0.0
inflection_location:spline:18,inflection_location,spline,18,r0=+0.0,1,0.05,observed,0.05,observed,0.0
inflection_location:spline:18,inflection_location,spline,18,r0=+0.8,-1,0.025,observed,0.025,observed,0.0
inflection_location:spline:18,inflection_location,spline,18,r0=+0.8,1,0.05,observed,0.05,observed,0.0
inflection_location:spline:19,inflection_location,spline,19,r0=-0.8,-1,0.05,observed,0.05,observed,0.0
inflection_location:spline:19,inflection_location,spline,19,r0=-0.8,1,0.025,observed,0.025,observed,0.0
inflection_location:spline:19,inflection_location,spline,19,r0=+0.0,-1,0.05,observed,0.05,observed,0.0
inflection_location:spline:19,inflection_location,spline,19,r0=+0.0,1,0.05,observed,0.05,observed,0.0
inflection_location:spline:19,inflection_location,spline,19,r0=+0.8,-1,0.025,observed,0.025,observed,0.0
inflection_location:spline:19,inflection_location,spline,19,r0=+0.8,1,0.05,observed,0.05,observed,0.0
inflection_location:spline:20,inflection_location,spline,20,r0=-0.8,-1,0.05,observed,0.05,observed,0.0
inflection_location:spline:20,inflection_location,spline,20,r0=-0.8,1,0.025,observed,0.025,observed,0.0
inflection_location:spline:20,inflection_location,spline,20,r0=+0.0,-1,0.05,observed,0.05,observed,0.0
inflection_location:spline:20,inflection_location,spline,20,r0=+0.0,1,0.05,observed,0.05,observed,0.0
inflection_location:spline:20,inflection_location,spline,20,r0=+0.8,-1,0.025,observed,0.025,observed,0.0
inflection_location:spline:20,inflection_location,spline,20,r0=+0.8,1,0.05,observed,0.05,observed,0.0
inflection_location:spline:21,inflection_location,spline,21,r0=-0.8,-1,0.05,observed,0.05,observed,0.0
inflection_location:spline:21,inflection_location,spline,21,r0=-0.8,1,0.025,observed,0.025,observed,0.0
inflection_location:spline:21,inflection_location,spline,21,r0=+0.0,-1,0.05,observed,0.05,observed,0.0
inflection_location:spline:21,inflection_location,spline,21,r0=+0.0,1,0.05,observed,0.05,observed,0.0
inflection_location:spline:21,inflection_location,spline,21,r0=+0.8,-1,0.025,observed,0.025,observed,0.0
inflection_location:spline:21,inflection_location,spline,21,r0=+0.8,1,0.05,observed,0.05,observed,0.0
inflection_location:spline:22,inflection_location,spline,22,r0=-0.8,-1,0.05,observed,0.05,observed,0.0
inflection_location:spline:22,inflection_location,spline,22,r0=-0.8,1,0.025,observed,0.025,observed,0.0
inflection_location:spline:22,inflection_location,spline,22,r0=+0.0,-1,0.05,observed,0.05,observed,0.0
inflection_location:spline:22,inflection_location,spline,22,r0=+0.0,1,0.05,observed,0.05,observed,0.0
inflection_location:spline:22,inflection_location,spline,22,r0=+0.8,-1,0.025,observed,0.025,observed,0.0
inflection_location:spline:22,inflection_location,spline,22,r0=+0.8,1,0.05,observed,0.05,observed,0.0
inflection_location:spline:23,inflection_location,spline,23,r0=-0.8,-1,0.05,observed,0.05,observed,0.0
inflection_location:spline:23,inflection_location,spline,23,r0=-0.8,1,0.025,observed,0.025,observed,0.0
inflection_location:spline:23,inflection_location,spline,23,r0=+0.0,-1,0.05,observed,0.05,observed,0.0
inflection_location:spline:23,inflection_location,spline,23,r0=+0.0,1,0.05,observed,0.05,observed,0.0
inflection_location:spline:23,inflection_location,spline,23,r0=+0.8,-1,0.025,observed,0.025,observed,0.0
inflection_location:spline:23,inflection_location,spline,23,r0=+0.8,1,0.05,observed,0.05,observed,0.0
inflection_location:spline:24,inflection_location,spline,24,r0=-0.8,-1,0.05,observed,0.05,observed,0.0
inflection_location:spline:24,inflection_location,spline,24,r0=-0.8,1,0.025,observed,0.025,observed,0.0
inflection_location:spline:24,inflection_location,spline,24,r0=+0.0,-1,0.05,observed,0.05,observed,0.0
inflection_location:spline:24,inflection_location,spline,24,r0=+0.0,1,0.05,observed,0.05,observed,0.0
inflection_location:spline:24,inflection_location,spline,24,r0=+0.8,-1,0.025,observed,0.025,observed,0.0
inflection_location:spline:24,inflection_location,spline,24,r0=+0.8,1,0.05,observed,0.05,observed,0.0
inflection_location:spline:25,inflection_location,spline,25,r0=-0.8,-1,0.05,observed,0.05,observed,0.0
inflection_location:spline:25,inflection_location,spline,25,r0=-0.8,1,0.025,observed,0.025,observed,0.0
inflection_location:spline:25,inflection_location,spline,25,r0=+0.0,-1,0.05,observed,0.05,observed,0.0
inflection_location:spline:25,inflection_location,spline,25,r0=+0.0,1,0.05,observed,0.05,observed,0.0
inflection_location:spline:25,inflection_location,spline,25,r0=+0.8,-1,0.025,observed,0.025,observed,0.0
inflection_location:spline:25,inflection_location,spline,25,r0=+0.8,1,0.05,observed,0.05,observed,0.0
inflection_location:spline:26,inflection_location,spline,26,r0=-0.8,-1,0.05,observed,0.05,observed,0.0
inflection_location:spline:26,inflection_location,spline,26,r0=-0.8,1,0.025,observed,0.025,observed,0.0
inflection_location:spline:26,inflection_location,spline,26,r0=+0.0,-1,0.05,observed,0.05,observed,0.0
inflection_location:spline:26,inflection_location,spline,26,r0=+0.0,1,0.05,observed,0.05,observed,0.0
inflection_location:spline:26,inflection_location,spline,26,r0=+0.8,-1,0.025,observed,0.025,observed,0.0
inflection_location:spline:26,inflection_location,spline,26,r0=+0.8,1,0.05,observed,0.05,observed,0.0
inflection_location:spline:27,inflection_location,spline,27,r0=-0.8,-1,0.05,observed,0.05,observed,0.0
inflection_location:spline:27,inflection_location,spline,27,r0=-0.8,1,0.025,observed,0.025,observed,0.0
inflection_location:spline:27,inflection_location,spline,27,r0=+0.0,-1,0.05,observed,0.05,observed,0.0
inflection_location:spline:27,inflection_location,spline,27,r0=+0.0,1,0.05,observed,0.05,observed,0.0
inflection_location:spline:27,inflection_location,spline,27,r0=+0.8,-1,0.025,observed,0.025,observed,0.0
inflection_location:spline:27,inflection_location,spline,27,r0=+0.8,1,0.05,observed,0.05,observed,0.0
inflection_location:spline:28,inflection_location,spline,28,r0=-0.8,-1,0.05,observed,0.05,observed,0.0
inflection_location:spline:28,inflection_location,spline,28,r0=-0.8,1,0.025,observed,0.025,observed,0.0
inflection_location:spline:28,inflection_location,spline,28,r0=+0.0,-1,0.05,observed,0.05,observed,0.0
inflection_location:spline:28,inflection_location,spline,28,r0=+0.0,1,0.05,observed,0.05,observed,0.0
inflection_location:spline:28,inflection_location,spline,28,r0=+0.8,-1,0.025,observed,0.025,observed,0.0
inflection_location:spline:28,inflection_location,spline,28,r0=+0.8,1,0.05,observed,0.05,observed,0.0
inflection_location:spline:29,inflection_location,spline,29,r0=-0.8,-1,0.05,observed,0.05,observed,0.0
inflection_location:spline:29,inflection_location,spline,29,r0=-0.8,1,0.025,observed,0.025,observed,0.0
inflection_location:spline:29,inflection_location,spline,29,r0=+0.0,-1,0.05,observed,0.05,observed,0.0
inflection_location:spline:29,inflection_location,spline,29,r0=+0.0,1,0.05,observed,0.05,observed,0.0
inflection_location:spline:29,inflection_location,spline,29,r0=+0.8,-1,0.025,observed,0.025,observed,0.0
inflection_location:spline:29,inflection_location,spline,29,r0=+0.8,1,0.05,observed,0.05,observed,0.0
inflection_location:basis:0,inflection_location,basis,0,r0=-0.8,-1,0.05,observed,0.05,observed,0.0
inflection_location:basis:0,inflection_location,basis,0,r0=-0.8,1,0.025,observed,0.025,observed,0.0
inflection_location:basis:0,inflection_location,basis,0,r0=+0.0,-1,0.05,observed,0.05,observed,0.0
inflection_location:basis:0,inflection_location,basis,0,r0=+0.0,1,0.05,observed,0.05,observed,0.0
inflection_location:basis:0,inflection_location,basis,0,r0=+0.8,-1,0.025,observed,0.025,observed,0.0
inflection_location:basis:0,inflection_location,basis,0,r0=+0.8,1,0.05,observed,0.05,observed,0.0
inflection_location:basis:1,inflection_location,basis,1,r0=-0.8,-1,0.05,observed,0.05,observed,0.0
inflection_location:basis:1,inflection_location,basis,1,r0=-0.8,1,0.025,observed,0.025,observed,0.0
inflection_location:basis:1,inflection_location,basis,1,r0=+0.0,-1,0.05,observed,0.05,observed,0.0
inflection_location:basis:1,inflection_location,basis,1,r0=+0.0,1,0.05,observed,0.05,observed,0.0
inflection_location:basis:1,inflection_location,basis,1,r0=+0.8,-1,0.025,observed,0.025,observed,0.0
inflection_location:basis:1,inflection_location,basis,1,r0=+0.8,1,0.05,observed,0.05,observed,0.0
inflection_location:basis:2,inflection_location,basis,2,r0=-0.8,-1,0.05,observed,0.05,observed,0.0
inflection_location:basis:2,inflection_location,basis,2,r0=-0.8,1,0.025,observed,0.025,observed,0.0
inflection_location:basis:2,inflection_location,basis,2,r0=+0.0,-1,0.05,observed,0.05,observed,0.0
inflection_location:basis:2,inflection_location,basis,2,r0=+0.0,1,0.05,observed,0.05,observed,0.0
inflection_location:basis:2,inflection_location,basis,2,r0=+0.8,-1,0.025,observed,0.025,observed,0.0
inflection_location:basis:2,inflection_location,basis,2,r0=+0.8,1,0.05,observed,0.05,observed,0.0
inflection_location:basis:3,inflection_location,basis,3,r0=-0.8,-1,0.05,observed,0.05,observed,0.0
inflection_location:basis:3,inflection_location,basis,3,r0=-0.8,1,0.025,observed,0.025,observed,0.0
inflection_location:basis:3,inflection_location,basis,3,r0=+0.0,-1,0.05,observed,0.05,observed,0.0
inflection_location:basis:3,inflection_location,basis,3,r0=+0.0,1,0.05,observed,0.05,observed,0.0
inflection_location:basis:3,inflection_location,basis,3,r0=+0.8,-1,0.025,observed,0.025,observed,0.0
inflection_location:basis:3,inflection_location,basis,3,r0=+0.8,1,0.05,observed,0.05,observed,0.0
inflection_location:basis:4,inflection_location,basis,4,r0=-0.8,-1,0.05,observed,0.05,observed,0.0
inflection_location:basis:4,inflection_location,basis,4,r0=-0.8,1,0.025,observed,0.025,observed,0.0
inflection_location:basis:4,inflection_location,basis,4,r0=+0.0,-1,0.05,observed,0.05,observed,0.0
inflection_location:basis:4,inflection_location,basis,4,r0=+0.0,1,0.05,observed,0.05,observed,0.0
inflection_location:basis:4,inflection_location,basis,4,r0=+0.8,-1,0.025,observed,0.025,observed,0.0
inflection_location:basis:4,inflection_location,basis,4,r0=+0.8,1,0.05,observed,0.05,observed,0.0
inflection_location:basis:5,inflection_location,basis,5,r0=-0.8,-1,0.05,observed,0.05,observed,0.0
inflection_location:basis:5,inflection_location,basis,5,r0=-0.8,1,0.025,observed,0.025,observed,0.0
inflection_location:basis:5,inflection_location,basis,5,r0=+0.0,-1,0.05,observed,0.05,observed,0.0
inflection_location:basis:5,inflection_location,basis,5,r0=+0.0,1,0.05,observed,0.05,observed,0.0
inflection_location:basis:5,inflection_location,basis,5,r0=+0.8,-1,0.025,observed,0.025,observed,0.0
inflection_location:basis:5,inflection_location,basis,5,r0=+0.8,1,0.05,observed,0.05,observed,0.0
inflection_location:basis:6,inflection_location,basis,6,r0=-0.8,-1,0.05,observed,0.05,observed,0.0
inflection_location:basis:6,inflection_location,basis,6,r0=-0.8,1,0.025,observed,0.025,observed,0.0
inflection_location:basis:6,inflection_location,basis,6,r0=+0.0,-1,0.05,observed,0.05,observed,0.0
inflection_location:basis:6,inflection_location,basis,6,r0=+0.0,1,0.05,observed,0.05,observed,0.0
inflection_location:basis:6,inflection_location,basis,6,r0=+0.8,-1,0.025,observed,0.025,observed,0.0
inflection_location:basis:6,inflection_location,basis,6,r0=+0.8,1,0.05,observed,0.05,observed,0.0
inflection_location:basis:7,inflection_location,basis,7,r0=-0.8,-1,0.05,observed,0.05,observed,0.0
inflection_location:basis:7,inflection_location,basis,7,r0=-0.8,1,0.025,observed,0.025,observed,0.0
inflection_location:basis:7,inflection_location,basis,7,r0=+0.0,-1,0.05,observed,0.05,observed,0.0
inflection_location:basis:7,inflection_location,basis,7,r0=+0.0,1,0.05,observed,0.05,observed,0.0
inflection_location:basis:7,inflection_location,basis,7,r0=+0.8,-1,0.025,observed,0.025,observed,0.0
inflection_location:basis:7,inflection_location,basis,7,r0=+0.8,1,0.05,observed,0.05,observed,0.0
inflection_location:basis:8,inflection_location,basis,8,r0=-0.8,-1,0.05,observed,0.05,observed,0.0
inflection_location:basis:8,inflection_location,basis,8,r0=-0.8,1,0.025,observed,0.025,observed,0.0
inflection_location:basis:8,inflection_location,basis,8,r0=+0.0,-1,0.05,observed,0.05,observed,0.0
inflection_location:basis:8,inflection_location,basis,8,r0=+0.0,1,0.05,observed,0.05,observed,0.0
inflection_location:basis:8,inflection_location,basis,8,r0=+0.8,-1,0.025,observed,0.025,observed,0.0
inflection_location:basis:8,inflection_location,basis,8,r0=+0.8,1,0.05,observed,0.05,observed,0.0
inflection_location:basis:9,inflection_location,basis,9,r0=-0.8,-1,0.05,observed,0.05,observed,0.0
inflection_location:basis:9,inflection_location,basis,9,r0=-0.8,1,0.025,observed,0.025,observed,0.0
inflection_location:basis:9,inflection_location,basis,9,r0=+0.0,-1,0.05,observed,0.05,observed,0.0
inflection_location:basis:9,inflection_location,basis,9,r0=+0.0,1,0.05,observed,0.05,observed,0.0
inflection_location:basis:9,inflection_location,basis,9,r0=+0.8,-1,0.025,observed,0.025,observed,0.0
inflection_location:basis:9,inflection_location,basis,9,r0=+0.8,1,0.05,observed,0.05,observed,0.0
inflection_location:basis:10,inflection_location,basis,10,r0=-0.8,-1,0.05,observed,0.05,observed,0.0
inflection_location:basis:10,inflection_location,basis,10,r0=-0.8,1,0.025,observed,0.025,observed,0.0
inflection_location:basis:10,inflection_location,basis,10,r0=+0.0,-1,0.05,observed,0.05,observed,0.0
inflection_location:basis:10,inflection_location,basis,10,r0=+0.0,1,0.05,observed,0.05,observed,0.0
inflection_location:basis:10,inflection_location,basis,10,r0=+0.8,-1,0.025,observed,0.025,observed,0.0
inflection_location:basis:10,inflection_location,basis,10,r0=+0.8,1,0.05,observed,0.05,observed,0.0
inflection_location:basis:11,inflection_location,basis,11,r0=-0.8,-1,0.05,observed,0.05,observed,0.0
inflection_location:basis:11,inflection_location,basis,11,r0=-0.8,1,0.025,observed,0.025,observed,0.0
inflection_location:basis:11,inflection_location,basis,11,r0=+0.0,-1,0.05,observed,0.05,observed,0.0
inflection_location:basis:11,inflection_location,basis,11,r0=+0.0,1,0.05,observed,0.05,observed,0.0
inflection_location:basis:11,inflection_location,basis,11,r0=+0.8,-1,0.025,observed,0.025,observed,0.0
inflection_location:basis:11,inflection_location,basis,11,r0=+0.8,1,0.05,observed,0.05,observed,0.0
inflection_location:basis:12,inflection_location,basis,12,r0=-0.8,-1,0.05,observed,0.05,observed,0.0
inflection_location:basis:12,inflection_location,basis,12,r0=-0.8,1,0.025,observed,0.025,observed,0.0
inflection_location:basis:12,inflection_location,basis,12,r0=+0.0,-1,0.05,observed,0.05,observed,0.0
inflection_location:basis:12,inflection_location,basis,12,r0=+0.0,1,0.05,observed,0.05,observed,0.0
inflection_location:basis:12,inflection_location,basis,12,r0=+0.8,-1,0.025,observed,0.025,observed,0.0
inflection_location:basis:12,inflection_location,basis,12,r0=+0.8,1,0.05,observed,0.05,observed,0.0
inflection_location:basis:13,inflection_location,basis,13,r0=-0.8,-1,0.05,observed,0.05,observed,0.0
inflection_location:basis:13,inflection_location,basis,13,r0=-0.8,1,0.025,observed,0.025,observed,0.0
inflection_location:basis:13,inflection_location,basis,13,r0=+0.0,-1,0.05,observed,0.05,observed,0.0
inflection_location:basis:13,inflection_location,basis,13,r0=+0.0,1,0.05,observed,0.05,observed,0.0
inflection_location:basis:13,inflection_location,basis,13,r0=+0.8,-1,0.025,observed,0.025,observed,0.0
inflection_location:basis:13,inflection_location,basis,13,r0=+0.8,1,0.05,observed,0.05,observed,0.0
inflection_location:basis:14,inflection_location,basis,14,r0=-0.8,-1,0.05,observed,0.05,observed,0.0
inflection_location:basis:14,inflection_location,basis,14,r0=-0.8,1,0.025,observed,0.025,observed,0.0
inflection_location:basis:14,inflection_location,basis,14,r0=+0.0,-1,0.05,observed,0.05,observed,0.0
inflection_location:basis:14,inflection_location,basis,14,r0=+0.0,1,0.05,observed,0.05,observed,0.0
inflection_location:basis:14,inflection_location,basis,14,r0=+0.8,-1,0.025,observed,0.025,observed,0.0
inflection_location:basis:14,inflection_location,basis,14,r0=+0.8,1,0.05,observed,0.05,observed,0.0
inflection_location:basis:15,inflection_location,basis,15,r0=-0.8,-1,0.05,observed,0.05,observed,0.0
inflection_location:basis:15,inflection_location,basis,15,r0=-0.8,1,0.025,observed,0.025,observed,0.0
inflection_location:basis:15,inflection_location,basis,15,r0=+0.0,-1,0.05,observed,0.05,observed,0.0
inflection_location:basis:15,inflection_location,basis,15,r0=+0.0,1,0.05,observed,0.05,observed,0.0
inflection_location:basis:15,inflection_location,basis,15,r0=+0.8,-1,0.025,observed,0.025,observed,0.0
inflection_location:basis:15,inflection_location,basis,15,r0=+0.8,1,0.05,observed,0.05,observed,0.0
inflection_location:basis:16,inflection_location,basis,16,r0=-0.8,-1,0.05,observed,0.05,observed,0.0
inflection_location:basis:16,inflection_location,basis,16,r0=-0.8,1,0.025,observed,0.025,observed,0.0
inflection_location:basis:16,inflection_location,basis,16,r0=+0.0,-1,0.05,observed,0.05,observed,0.0
inflection_location:basis:16,inflection_location,basis,16,r0=+0.0,1,0.05,observed,0.05,observed,0.0
inflection_location:basis:16,inflection_location,basis,16,r0=+0.8,-1,0.025,observed,0.025,observed,0.0
inflection_location:basis:16,inflection_location,basis,16,r0=+0.8,1,0.05,observed,0.05,observed,0.0
inflection_location:basis:17,inflection_location,basis,17,r0=-0.8,-1,0.05,observed,0.05,observed,0.0
inflection_location:basis:17,inflection_location,basis,17,r0=-0.8,1,0.025,observed,0.025,observed,0.0
inflection_location:basis:17,inflection_location,basis,17,r0=+0.0,-1,0.05,observed,0.05,observed,0.0
inflection_location:basis:17,inflection_location,basis,17,r0=+0.0,1,0.05,observed,0.05,observed,0.0
inflection_location:basis:17,inflection_location,basis,17,r0=+0.8,-1,0.025,observed,0.025,observed,0.0
inflection_location:basis:17,inflection_location,basis,17,r0=+0.8,1,0.05,observed,0.05,observed,0.0
inflection_location:basis:18,inflection_location,basis,18,r0=-0.8,-1,0.05,observed,0.05,observed,0.0
inflection_location:basis:18,inflection_location,basis,18,r0=-0.8,1,0.025,observed,0.025,observed,0.0
inflection_location:basis:18,inflection_location,basis,18,r0=+0.0,-1,0.05,observed,0.05,observed,0.0
inflection_location:basis:18,inflection_location,basis,18,r0=+0.0,1,0.05,observed,0.05,observed,0.0
inflection_location:basis:18,inflection_location,basis,18,r0=+0.8,-1,0.025,observed,0.025,observed,0.0
inflection_location:basis:18,inflection_location,basis,18,r0=+0.8,1,0.05,observed,0.05,observed,0.0
inflection_location:basis:19,inflection_location,basis,19,r0=-0.8,-1,0.05,observed,0.05,observed,0.0
inflection_location:basis:19,inflection_location,basis,19,r0=-0.8,1,0.025,observed,0.025,observed,0.0
inflection_location:basis:19,inflection_location,basis,19,r0=+0.0,-1,0.05,observed,0.05,observed,0.0
inflection_location:basis:19,inflection_location,basis,19,r0=+0.0,1,0.05,observed,0.05,observed,0.0
inflection_location:basis:19,inflection_location,basis,19,r0=+0.8,-1,0.025,observed,0.025,observed,0.0
inflection_location:basis:19,inflection_location,basis,19,r0=+0.8,1,0.05,observed,0.05,observed,0.0
inflection_location:basis:20,inflection_location,basis,20,r0=-0.8,-1,0.05,observed,0.05,observed,0.0
inflection_location:basis:20,inflection_location,basis,20,r0=-0.8,1,0.025,observed,0.025,observed,0.0
inflection_location:basis:20,inflection_location,basis,20,r0=+0.0,-1,0.05,observed,0.05,observed,0.0
inflection_location:basis:20,inflection_location,basis,20,r0=+0.0,1,0.05,observed,0.05,observed,0.0
inflection_location:basis:20,inflection_location,basis,20,r0=+0.8,-1,0.025,observed,0.025,observed,0.0
inflection_location:basis:20,inflection_location,basis,20,r0=+0.8,1,0.05,observed,0.05,observed,0.0
inflection_location:basis:21,inflection_location,basis,21,r0=-0.8,-1,0.05,observed,0.05,observed,0.0
inflection_location:basis:21,inflection_location,basis,21,r0=-0.8,1,0.025,observed,0.025,observed,0.0
inflection_location:basis:21,inflection_location,basis,21,r0=+0.0,-1,0.05,observed,0.05,observed,0.0
inflection_location:basis:21,inflection_location,basis,21,r0=+0.0,1,0.05,observed,0.05,observed,0.0
inflection_location:basis:21,inflection_location,basis,21,r0=+0.8,-1,0.025,observed,0.025,observed,0.0
inflection_location:basis:21,inflection_location,basis,21,r0=+0.8,1,0.05,observed,0.05,observed,0.0
inflection_location:basis:22,inflection_location,basis,22,r0=-0.8,-1,0.05,observed,0.05,observed,0.0
inflection_location:basis:22,inflection_location,basis,22,r0=-0.8,1,0.025,observed,0.025,observed,0.0
inflection_location:basis:22,inflection_location,basis,22,r0=+0.0,-1,0.05,observed,0.05,observed,0.0
inflection_location:basis:22,inflection_location,basis,22,r0=+0.0,1,0.05,observed,0.05,observed,0.0
inflection_location:basis:22,inflection_location,basis,22,r0=+0.8,-1,0.025,observed,0.025,observed,0.0
inflection_location:basis:22,inflection_location,basis,22,r0=+0.8,1,0.05,observed,0.05,observed,0.0
inflection_location:basis:23,inflection_location,basis,23,r0=-0.8,-1,0.05,observed,0.05,observed,0.0
inflection_location:basis:23,inflection_location,basis,23,r0=-0.8,1,0.025,observed,0.025,observed,0.0
inflection_location:basis:23,inflection_location,basis,23,r0=+0.0,-1,0.05,observed,0.05,observed,0.0
inflection_location:basis:23,inflection_location,basis,23,r0=+0.0,1,0.05,observed,0.05,observed,0.0
inflection_location:basis:23,inflection_location,basis,23,r0=+0.8,-1,0.025,observed,0.025,observed,0.0
inflection_location:basis:23,inflection_location,basis,23,r0=+0.8,1,0.05,observed,0.05,observed,0.0
inflection_location:basis:24,inflection_location,basis,24,r0=-0.8,-1,0.05,observed,0.05,observed,0.0
inflection_location:basis:24,inflection_location,basis,24,r0=-0.8,1,0.025,observed,0.025,observed,0.0
inflection_location:basis:24,inflection_location,basis,24,r0=+0.0,-1,0.05,observed,0.05,observed,0.0
inflection_location:basis:24,inflection_location,basis,24,r0=+0.0,1,0.05,observed,0.05,observed,0.0
inflection_location:basis:24,inflection_location,basis,24,r0=+0.8,-1,0.025,observed,0.025,observed,0.0
inflection_location:basis:24,inflection_location,basis,24,r0=+0.8,1,0.05,observed,0.05,observed,0.0
inflection_location:basis:25,inflection_location,basis,25,r0=-0.8,-1,0.05,observed,0.05,observed,0.0
inflection_location:basis:25,inflection_location,basis,25,r0=-0.8,1,0.025,observed,0.025,observed,0.0
inflection_location:basis:25,inflection_location,basis,25,r0=+0.0,-1,0.05,observed,0.05,observed,0.0
inflection_location:basis:25,inflection_location,basis,25,r0=+0.0,1,0.05,observed,0.05,observed,0.0
inflection_location:basis:25,inflection_location,basis,25,r0=+0.8,-1,0.025,observed,0.025,observed,0.0
inflection_location:basis:25,inflection_location,basis,25,r0=+0.8,1,0.05,observed,0.05,observed,0.0
inflection_location:basis:26,inflection_location,basis,26,r0=-0.8,-1,0.05,observed,0.05,observed,0.0
inflection_location:basis:26,inflection_location,basis,26,r0=-0.8,1,0.025,observed,0.025,observed,0.0
inflection_location:basis:26,inflection_location,basis,26,r0=+0.0,-1,0.05,observed,0.05,observed,0.0
inflection_location:basis:26,inflection_location,basis,26,r0=+0.0,1,0.05,observed,0.05,observed,0.0
inflection_location:basis:26,inflection_location,basis,26,r0=+0.8,-1,0.025,observed,0.025,observed,0.0
inflection_location:basis:26,inflection_location,basis,26,r0=+0.8,1,0.05,observed,0.05,observed,0.0
inflection_location:basis:27,inflection_location,basis,27,r0=-0.8,-1,0.05,observed,0.05,observed,0.0
inflection_location:basis:27,inflection_location,basis,27,r0=-0.8,1,0.025,observed,0.025,observed,0.0
inflection_location:basis:27,inflection_location,basis,27,r0=+0.0,-1,0.05,observed,0.05,observed,0.0
inflection_location:basis:27,inflection_location,basis,27,r0=+0.0,1,0.05,observed,0.05,observed,0.0
inflection_location:basis:27,inflection_location,basis,27,r0=+0.8,-1,0.025,observed,0.025,observed,0.0
inflection_location:basis:27,inflection_location,basis,27,r0=+0.8,1,0.05,observed,0.05,observed,0.0
inflection_location:basis:28,inflection_location,basis,28,r0=-0.8,-1,0.05,observed,0.05,observed,0.0
inflection_location:basis:28,inflection_location,basis,28,r0=-0.8,1,0.025,observed,0.025,observed,0.0
inflection_location:basis:28,inflection_location,basis,28,r0=+0.0,-1,0.05,observed,0.05,observed,0.0
inflection_location:basis:28,inflection_location,basis,28,r0=+0.0,1,0.05,observed,0.05,observed,0.0
inflection_location:basis:28,inflection_location,basis,28,r0=+0.8,-1,0.025,observed,0.025,observed,0.0
inflection_location:basis:28,inflection_location,basis,28,r0=+0.8,1,0.05,observed,0.05,observed,0.0
inflection_location:basis:29,inflection_location,basis,29,r0=-0.8,-1,0.05,observed,0.05,observed,0.0
inflection_location:basis:29,inflection_location,basis,29,r0=-0.8,1,0.025,observed,0.025,observed,0.0
inflection_location:basis:29,inflection_location,basis,29,r0=+0.0,-1,0.05,observed,0.05,observed,0.0
inflection_location:basis:29,inflection_location,basis,29,r0=+0.0,1,0.05,observed,0.05,observed,0.0
inflection_location:basis:29,inflection_location,basis,29,r0=+0.8,-1,0.025,observed,0.025,observed,0.0
inflection_location:basis:29,inflection_location,basis,29,r0=+0.8,1,0.05,observed,0.05,observed,0.0
inflection_location:ode:0,inflection_location,ode,0,r0=-0.8,-1,0.05,observed,0.05,observed,0.0
inflection_location:ode:0,inflection_location,ode,0,r0=-0.8,1,0.025,observed,0.025,observed,0.0
inflection_location:ode:0,inflection_location,ode,0,r0=+0.0,-1,0.05,observed,0.05,observed,0.0
inflection_location:ode:0,inflection_location,ode,0,r0=+0.0,1,0.05,observed,0.05,observed,0.0
inflection_location:ode:0,inflection_location,ode,0,r0=+0.8,-1,0.025,observed,0.025,observed,0.0
inflection_location:ode:0,inflection_location,ode,0,r0=+0.8,1,0.05,observed,0.05,observed,0.0
inflection_location:ode:1,inflection_location,ode,1,r0=-0.8,-1,0.05,observed,0.05,observed,0.0
inflection_location:ode:1,inflection_location,ode,1,r0=-0.8,1,0.025,observed,0.025,observed,0.0
inflection_location:ode:1,inflection_location,ode,1,r0=+0.0,-1,0.05,observed,0.05,observed,0.0
inflection_location:ode:1,inflection_location,ode,1,r0=+0.0,1,0.05,observed,0.05,observed,0.0
inflection_location:ode:1,inflection_location,ode,1,r0=+0.8,-1,0.025,observed,0.025,observed,0.0
inflection_location:ode:1,inflection_location,ode,1,r0=+0.8,1,0.05,observed,0.05,observed,0.0
inflection_location:ode:2,inflection_location,ode,2,r0=-0.8,-1,0.05,observed,0.05,observed,0.0
inflection_location:ode:2,inflection_location,ode,2,r0=-0.8,1,0.025,observed,0.025,observed,0.0
inflection_location:ode:2,inflection_location,ode,2,r0=+0.0,-1,0.05,observed,0.05,observed,0.0
inflection_location:ode:2,inflection_location,ode,2,r0=+0.0,1,0.05,observed,0.05,observed,0.0
inflection_location:ode:2,inflection_location,ode,2,r0=+0.8,-1,0.025,observed,0.025,observed,0.0
inflection_location:ode:2,inflection_location,ode,2,r0=+0.8,1,0.05,observed,0.05,observed,0.0
inflection_location:ode:3,inflection_location,ode,3,r0=-0.8,-1,0.05,observed,0.05,observed,0.0
inflection_location:ode:3,inflection_location,ode,3,r0=-0.8,1,0.025,observed,0.025,observed,0.0
inflection_location:ode:3,inflection_location,ode,3,r0=+0.0,-1,0.05,observed,0.05,observed,0.0
inflection_location:ode:3,inflection_location,ode,3,r0=+0.0,1,0.05,observed,0.05,observed,0.0
inflection_location:ode:3,inflection_location,ode,3,r0=+0.8,-1,0.025,observed,0.025,observed,0.0
inflection_location:ode:3,inflection_location,ode,3,r0=+0.8,1,0.05,observed,0.05,observed,0.0
inflection_location:ode:4,inflection_location,ode,4,r0=-0.8,-1,0.05,observed,0.05,observed,0.0
inflection_location:ode:4,inflection_location,ode,4,r0=-0.8,1,0.025,observed,0.025,observed,0.0
inflection_location:ode:4,inflection_location,ode,4,r0=+0.0,-1,0.05,observed,0.05,observed,0.0
inflection_location:ode:4,inflection_location,ode,4,r0=+0.0,1,0.05,observed,0.05,observed,0.0
inflection_location:ode:4,inflection_location,ode,4,r0=+0.8,-1,0.025,observed,0.025,observed,0.0
inflection_location:ode:4,inflection_location,ode,4,r0=+0.8,1,0.05,observed,0.05,observed,0.0
inflection_location:ode:5,inflection_location,ode,5,r0=-0.8,-1,0.05,observed,0.05,observed,0.0
inflection_location:ode:5,inflection_location,ode,5,r0=-0.8,1,0.025,observed,0.025,observed,0.0
inflection_location:ode:5,inflection_location,ode,5,r0=+0.0,-1,0.05,observed,0.05,observed,0.0
inflection_location:ode:5,inflection_location,ode,5,r0=+0.0,1,0.05,observed,0.05,observed,0.0
inflection_location:ode:5,inflection_location,ode,5,r0=+0.8,-1,0.025,observed,0.025,observed,0.0
inflection_location:ode:5,inflection_location,ode,5,r0=+0.8,1,0.05,observed,0.05,observed,0.0
inflection_location:ode:6,inflection_location,ode,6,r0=-0.8,-1,0.05,observed,0.05,observed,0.0
inflection_location:ode:6,inflection_location,ode,6,r0=-0.8,1,0.025,observed,0.025,observed,0.0
inflection_location:ode:6,inflection_location,ode,6,r0=+0.0,-1,0.05,observed,0.05,observed,0.0
inflection_location:ode:6,inflection_location,ode,6,r0=+0.0,1,0.05,observed,0.05,observed,0.0
inflection_location:ode:6,inflection_location,ode,6,r0=+0.8,-1,0.025,observed,0.025,observed,0.0
inflection_location:ode:6,inflection_location,ode,6,r0=+0.8,1,0.05,observed,0.05,observed,0.0
inflection_location:ode:7,inflection_location,ode,7,r0=-0.8,-1,0.05,observed,0.05,observed,0.0
inflection_location:ode:7,inflection_location,ode,7,r0=-0.8,1,0.025,observed,0.025,observed,0.0
inflection_location:ode:7,inflection_location,ode,7,r0=+0.0,-1,0.05,observed,0.05,observed,0.0
inflection_location:ode:7,inflection_location,ode,7,r0=+0.0,1,0.05,observed,0.05,observed,0.0
inflection_location:ode:7,inflection_location,ode,7,r0=+0.8,-1,0.025,observed,0.025,observed,0.0
inflection_location:ode:7,inflection_location,ode,7,r0=+0.8,1,0.05,observed,0.05,observed,0.0
inflection_location:ode:8,inflection_location,ode,8,r0=-0.8,-1,0.05,observed,0.05,observed,0.0
inflection_location:ode:8,inflection_location,ode,8,r0=-0.8,1,0.025,observed,0.025,observed,0.0
inflection_location:ode:8,inflection_location,ode,8,r0=+0.0,-1,0.05,observed,0.05,observed,0.0
inflection_location:ode:8,inflection_location,ode,8,r0=+0.0,1,0.05,observed,0.05,observed,0.0
inflection_location:ode:8,inflection_location,ode,8,r0=+0.8,-1,0.025,observed,0.025,observed,0.0
inflection_location:ode:8,inflection_location,ode,8,r0=+0.8,1,0.05,observed,0.05,observed,0.0
inflection_location:ode:9,inflection_location,ode,9,r0=-0.8,-1,0.05,observed,0.05,observed,0.0
inflection_location:ode:9,inflection_location,ode,9,r0=-0.8,1,0.025,observed,0.025,observed,0.0
inflection_location:ode:9,inflection_location,ode,9,r0=+0.0,-1,0.05,observed,0.05,observed,0.0
inflection_location:ode:9,inflection_location,ode,9,r0=+0.0,1,0.05,observed,0.05,observed,0.0
inflection_location:ode:9,inflection_location,ode,9,r0=+0.8,-1,0.025,observed,0.025,observed,0.0
inflection_location:ode:9,inflection_location,ode,9,r0=+0.8,1,0.05,observed,0.05,observed,0.0
inflection_location:ode:10,inflection_location,ode,10,r0=-0.8,-1,0.05,observed,0.05,observed,0.0
inflection_location:ode:10,inflection_location,ode,10,r0=-0.8,1,0.025,observed,0.025,observed,0.0
inflection_location:ode:10,inflection_location,ode,10,r0=+0.0,-1,0.05,observed,0.05,observed,0.0
inflection_location:ode:10,inflection_location,ode,10,r0=+0.0,1,0.05,observed,0.05,observed,0.0
inflection_location:ode:10,inflection_location,ode,10,r0=+0.8,-1,0.025,observed,0.025,observed,0.0
inflection_location:ode:10,inflection_location,ode,10,r0=+0.8,1,0.05,observed,0.05,observed,0.0
inflection_location:ode:11,inflection_location,ode,11,r0=-0.8,-1,0.05,observed,0.05,observed,0.0
inflection_location:ode:11,inflection_location,ode,11,r0=-0.8,1,0.025,observed,0.025,observed,0.0
inflection_location:ode:11,inflection_location,ode,11,r0=+0.0,-1,0.05,observed,0.05,observed,0.0
inflection_location:ode:11,inflection_location,ode,11,r0=+0.0,1,0.05,observed,0.05,observed,0.0
inflection_location:ode:11,inflection_location,ode,11,r0=+0.8,-1,0.025,observed,0.025,observed,0.0
inflection_location:ode:11,inflection_location,ode,11,r0=+0.8,1,0.05,observed,0.05,observed,0.0
inflection_location:ode:12,inflection_location,ode,12,r0=-0.8,-1,0.05,observed,0.05,observed,0.0
inflection_location:ode:12,inflection_location,ode,12,r0=-0.8,1,0.025,observed,0.025,observed,0.0
inflection_location:ode:12,inflection_location,ode,12,r0=+0.0,-1,0.05,observed,0.05,observed,0.0
inflection_location:ode:12,inflection_location,ode,12,r0=+0.0,1,0.05,observed,0.05,observed,0.0
inflection_location:ode:12,inflection_location,ode,12,r0=+0.8,-1,0.025,observed,0.025,observed,0.0
inflection_location:ode:12,inflection_location,ode,12,r0=+0.8,1,0.05,observed,0.05,observed,0.0
inflection_location:ode:13,inflection_location,ode,13,r0=-0.8,-1,0.05,observed,0.05,observed,0.0
inflection_location:ode:13,inflection_location,ode,13,r0=-0.8,1,0.025,observed,0.025,observed,0.0
inflection_location:ode:13,inflection_location,ode,13,r0=+0.0,-1,0.05,observed,0.05,observed,0.0
inflection_location:ode:13,inflection_location,ode,13,r0=+0.0,1,0.05,observed,0.05,observed,0.0
inflection_location:ode:13,inflection_location,ode,13,r0=+0.8,-1,0.025,observed,0.025,observed,0.0
inflection_location:ode:13,inflection_location,ode,13,r0=+0.8,1,0.05,observed,0.05,observed,0.0
inflection_location:ode:14,inflection_location,ode,14,r0=-0.8,-1,0.05,observed,0.05,observed,0.0
inflection_location:ode:14,inflection_location,ode,14,r0=-0.8,1,0.025,observed,0.025,observed,0.0
inflection_location:ode:14,inflection_location,ode,14,r0=+0.0,-1,0.05,observed,0.05,observed,0.0
inflection_location:ode:14,inflection_location,ode,14,r0=+0.0,1,0.05,observed,0.05,observed,0.0
inflection_location:ode:14,inflection_location,ode,14,r0=+0.8,-1,0.025,observed,0.025,observed,0.0
inflection_location:ode:14,inflection_location,ode,14,r0=+0.8,1,0.05,observed,0.05,observed,0.0
inflection_location:ode:15,inflection_location,ode,15,r0=-0.8,-1,0.05,observed,0.05,observed,0.0
inflection_location:ode:15,inflection_location,ode,15,r0=-0.8,1,0.025,observed,0.025,observed,0.0
inflection_location:ode:15,inflection_location,ode,15,r0=+0.0,-1,0.05,observed,0.05,observed,0.0
inflection_location:ode:15,inflection_location,ode,15,r0=+0.0,1,0.05,observed,0.05,observed,0.0
inflection_location:ode:15,inflection_location,ode,15,r0=+0.8,-1,0.025,observed,0.025,observed,0.0
inflection_location:ode:15,inflection_location,ode,15,r0=+0.8,1,0.05,observed,0.05,observed,0.0
inflection_location:ode:16,inflection_location,ode,16,r0=-0.8,-1,0.05,observed,0.05,observed,0.0
inflection_location:ode:16,inflection_location,ode,16,r0=-0.8,1,0.025,observed,0.025,observed,0.0
inflection_location:ode:16,inflection_location,ode,16,r0=+0.0,-1,0.05,observed,0.05,observed,0.0
inflection_location:ode:16,inflection_location,ode,16,r0=+0.0,1,0.05,observed,0.05,observed,0.0
inflection_location:ode:16,inflection_location,ode,16,r0=+0.8,-1,0.025,observed,0.025,observed,0.0
inflection_location:ode:16,inflection_location,ode,16,r0=+0.8,1,0.05,observed,0.05,observed,0.0
inflection_location:ode:17,inflection_location,ode,17,r0=-0.8,-1,0.05,observed,0.05,observed,0.0
inflection_location:ode:17,inflection_location,ode,17,r0=-0.8,1,0.025,observed,0.025,observed,0.0
inflection_location:ode:17,inflection_location,ode,17,r0=+0.0,-1,0.05,observed,0.05,observed,0.0
inflection_location:ode:17,inflection_location,ode,17,r0=+0.0,1,0.05,observed,0.05,observed,0.0
inflection_location:ode:17,inflection_location,ode,17,r0=+0.8,-1,0.025,observed,0.025,observed,0.0
inflection_location:ode:17,inflection_location,ode,17,r0=+0.8,1,0.05,observed,0.05,observed,0.0
inflection_location:ode:18,inflection_location,ode,18,r0=-0.8,-1,0.05,observed,0.05,observed,0.0
inflection_location:ode:18,inflection_location,ode,18,r0=-0.8,1,0.025,observed,0.025,observed,0.0
inflection_location:ode:18,inflection_location,ode,18,r0=+0.0,-1,0.05,observed,0.05,observed,0.0
inflection_location:ode:18,inflection_location,ode,18,r0=+0.0,1,0.05,observed,0.05,observed,0.0
inflection_location:ode:18,inflection_location,ode,18,r0=+0.8,-1,0.025,observed,0.025,observed,0.0
inflection_location:ode:18,inflection_location,ode,18,r0=+0.8,1,0.05,observed,0.05,observed,0.0
inflection_location:ode:19,inflection_location,ode,19,r0=-0.8,-1,0.05,observed,0.05,observed,0.0
inflection_location:ode:19,inflection_location,ode,19,r0=-0.8,1,0.025,observed,0.025,observed,0.0
inflection_location:ode:19,inflection_location,ode,19,r0=+0.0,-1,0.05,observed,0.05,observed,0.0
inflection_location:ode:19,inflection_location,ode,19,r0=+0.0,1,0.05,observed,0.05,observed,0.0
inflection_location:ode:19,inflection_location,ode,19,r0=+0.8,-1,0.025,observed,0.025,observed,0.0
inflection_location:ode:19,inflection_location,ode,19,r0=+0.8,1,0.05,observed,0.05,observed,0.0
inflection_location:ode:20,inflection_location,ode,20,r0=-0.8,-1,0.05,observed,0.05,observed,0.0
inflection_location:ode:20,inflection_location,ode,20,r0=-0.8,1,0.025,observed,0.025,observed,0.0
inflection_location:ode:20,inflection_location,ode,20,r0=+0.0,-1,0.05,observed,0.05,observed,0.0
inflection_location:ode:20,inflection_location,ode,20,r0=+0.0,1,0.05,observed,0.05,observed,0.0
inflection_location:ode:20,inflection_location,ode,20,r0=+0.8,-1,0.025,observed,0.025,observed,0.0
inflection_location:ode:20,inflection_location,ode,20,r0=+0.8,1,0.05,observed,0.05,observed,0.0
inflection_location:ode:21,inflection_location,ode,21,r0=-0.8,-1,0.05,observed,0.05,observed,0.0
inflection_location:ode:21,inflection_location,ode,21,r0=-0.8,1,0.025,observed,0.025,observed,0.0
inflection_location:ode:21,inflection_location,ode,21,r0=+0.0,-1,0.05,observed,0.05,observed,0.0
inflection_location:ode:21,inflection_location,ode,21,r0=+0.0,1,0.05,observed,0.05,observed,0.0
inflection_location:ode:21,inflection_location,ode,21,r0=+0.8,-1,0.025,observed,0.025,observed,0.0
inflection_location:ode:21,inflection_location,ode,21,r0=+0.8,1,0.05,observed,0.05,observed,0.0
inflection_location:ode:22,inflection_location,ode,22,r0=-0.8,-1,0.05,observed,0.05,observed,0.0
inflection_location:ode:22,inflection_location,ode,22,r0=-0.8,1,0.025,observed,0.025,observed,0.0
inflection_location:ode:22,inflection_location,ode,22,r0=+0.0,-1,0.05,observed,0.05,observed,0.0
inflection_location:ode:22,inflection_location,ode,22,r0=+0.0,1,0.05,observed,0.05,observed,0.0
inflection_location:ode:22,inflection_location,ode,22,r0=+0.8,-1,0.025,observed,0.025,observed,0.0
inflection_location:ode:22,inflection_location,ode,22,r0=+0.8,1,0.05,observed,0.05,observed,0.0
inflection_location:ode:23,inflection_location,ode,23,r0=-0.8,-1,0.05,observed,0.05,observed,0.0
inflection_location:ode:23,inflection_location,ode,23,r0=-0.8,1,0.025,observed,0.025,observed,0.0
inflection_location:ode:23,inflection_location,ode,23,r0=+0.0,-1,0.05,observed,0.05,observed,0.0
inflection_location:ode:23,inflection_location,ode,23,r0=+0.0,1,0.05,observed,0.05,observed,0.0
inflection_location:ode:23,inflection_location,ode,23,r0=+0.8,-1,0.025,observed,0.025,observed,0.0
inflection_location:ode:23,inflection_location,ode,23,r0=+0.8,1,0.05,observed,0.05,observed,0.0
inflection_location:ode:24,inflection_location,ode,24,r0=-0.8,-1,0.05,observed,0.05,observed,0.0
inflection_location:ode:24,inflection_location,ode,24,r0=-0.8,1,0.025,observed,0.025,observed,0.0
inflection_location:ode:24,inflection_location,ode,24,r0=+0.0,-1,0.05,observed,0.05,observed,0.0
inflection_location:ode:24,inflection_location,ode,24,r0=+0.0,1,0.05,observed,0.05,observed,0.0
inflection_location:ode:24,inflection_location,ode,24,r0=+0.8,-1,0.025,observed,0.025,observed,0.0
inflection_location:ode:24,inflection_location,ode,24,r0=+0.8,1,0.05,observed,0.05,observed,0.0
inflection_location:ode:25,inflection_location,ode,25,r0=-0.8,-1,0.05,observed,0.05,observed,0.0
inflection_location:ode:25,inflection_location,ode,25,r0=-0.8,1,0.025,observed,0.025,observed,0.0
inflection_location:ode:25,inflection_location,ode,25,r0=+0.0,-1,0.05,observed,0.05,observed,0.0
inflection_location:ode:25,inflection_location,ode,25,r0=+0.0,1,0.05,observed,0.05,observed,0.0
inflection_location:ode:25,inflection_location,ode,25,r0=+0.8,-1,0.025,observed,0.025,observed,0.0
inflection_location:ode:25,inflection_location,ode,25,r0=+0.8,1,0.05,observed,0.05,observed,0.0
inflection_location:ode:26,inflection_location,ode,26,r0=-0.8,-1,0.05,observed,0.05,observed,0.0
inflection_location:ode:26,inflection_location,ode,26,r0=-0.8,1,0.025,observed,0.025,observed,0.0
inflection_location:ode:26,inflection_location,ode,26,r0=+0.0,-1,0.05,observed,0.05,observed,0.0
inflection_location:ode:26,inflection_location,ode,26,r0=+0.0,1,0.05,observed,0.05,observed,0.0
inflection_location:ode:26,inflection_location,ode,26,r0=+0.8,-1,0.025,observed,0.025,observed,0.0
inflection_location:ode:26,inflection_location,ode,26,r0=+0.8,1,0.05,observed,0.05,observed,0.0
inflection_location:ode:27,inflection_location,ode,27,r0=-0.8,-1,0.05,observed,0.05,observed,0.0
inflection_location:ode:27,inflection_location,ode,27,r0=-0.8,1,0.025,observed,0.025,observed,0.0
inflection_location:ode:27,inflection_location,ode,27,r0=+0.0,-1,0.05,observed,0.05,observed,0.0
inflection_location:ode:27,inflection_location,ode,27,r0=+0.0,1,0.05,observed,0.05,observed,0.0
inflection_location:ode:27,inflection_location,ode,27,r0=+0.8,-1,0.025,observed,0.025,observed,0.0
inflection_location:ode:27,inflection_location,ode,27,r0=+0.8,1,0.05,observed,0.05,observed,0.0
inflection_location:ode:28,inflection_location,ode,28,r0=-0.8,-1,0.05,observed,0.05,observed,0.0
inflection_location:ode:28,inflection_location,ode,28,r0=-0.8,1,0.025,observed,0.025,observed,0.0
inflection_location:ode:28,inflection_location,ode,28,r0=+0.0,-1,0.05,observed,0.05,observed,0.0
inflection_location:ode:28,inflection_location,ode,28,r0=+0.0,1,0.05,observed,0.05,observed,0.0
inflection_location:ode:28,inflection_location,ode,28,r0=+0.8,-1,0.025,observed,0.025,observed,0.0
inflection_location:ode:28,inflection_location,ode,28,r0=+0.8,1,0.05,observed,0.05,observed,0.0
inflection_location:ode:29,inflection_location,ode,29,r0=-0.8,-1,0.05,observed,0.05,observed,0.0
inflection_location:ode:29,inflection_location,ode,29,r0=-0.8,1,0.025,observed,0.025,observed,0.0
inflection_location:ode:29,inflection_location,ode,29,r0=+0.0,-1,0.05,observed,0.05,observed,0.0
inflection_location:ode:29,inflection_location,ode,29,r0=+0.0,1,0.05,observed,0.05,observed,0.0
inflection_location:ode:29,inflection_location,ode,29,r0=+0.8,-1,0.025,observed,0.025,observed,0.0
inflection_location:ode:29,inflection_location,ode,29,r0=+0.8,1,0.05,observed,0.05,observed,0.0
turning_location:spline:0,turning_location,spline,0,r0=-0.8,-1,0.05,observed,0.05,observed,0.0
turning_location:spline:0,turning_location,spline,0,r0=-0.8,1,0.025,observed,0.025,observed,0.0
turning_location:spline:0,turning_location,spline,0,r0=+0.0,-1,0.05,observed,0.05,observed,0.0
turning_location:spline:0,turning_location,spline,0,r0=+0.0,1,0.05,observed,0.05,observed,0.0
turning_location:spline:0,turning_location,spline,0,r0=+0.8,-1,0.025,observed,0.025,observed,0.0
turning_location:spline:0,turning_location,spline,0,r0=+0.8,1,0.05,observed,0.05,observed,0.0
turning_location:spline:1,turning_location,spline,1,r0=-0.8,-1,0.05,observed,0.05,observed,0.0
turning_location:spline:1,turning_location,spline,1,r0=-0.8,1,0.025,observed,0.025,observed,0.0
turning_location:spline:1,turning_location,spline,1,r0=+0.0,-1,0.05,observed,0.05,observed,0.0
turning_location:spline:1,turning_location,spline,1,r0=+0.0,1,0.05,observed,0.05,observed,0.0
turning_location:spline:1,turning_location,spline,1,r0=+0.8,-1,0.025,observed,0.025,observed,0.0
turning_location:spline:1,turning_location,spline,1,r0=+0.8,1,0.05,observed,0.05,observed,0.0
turning_location:spline:2,turning_location,spline,2,r0=-0.8,-1,0.05,observed,0.05,observed,0.0
turning_location:spline:2,turning_location,spline,2,r0=-0.8,1,0.025,observed,0.025,observed,0.0
turning_location:spline:2,turning_location,spline,2,r0=+0.0,-1,0.05,observed,0.05,observed,0.0
turning_location:spline:2,turning_location,spline,2,r0=+0.0,1,0.05,observed,0.05,observed,0.0
turning_location:spline:2,turning_location,spline,2,r0=+0.8,-1,0.025,observed,0.025,observed,0.0
turning_location:spline:2,turning_location,spline,2,r0=+0.8,1,0.05,observed,0.05,observed,0.0
turning_location:spline:3,turning_location,spline,3,r0=-0.8,-1,0.05,observed,0.05,observed,0.0
turning_location:spline:3,turning_location,spline,3,r0=-0.8,1,0.025,observed,0.025,observed,0.0
turning_location:spline:3,turning_location,spline,3,r0=+0.0,-1,0.05,observed,0.05,observed,0.0
turning_location:spline:3,turning_location,spline,3,r0=+0.0,1,0.05,observed,0.05,observed,0.0
turning_location:spline:3,turning_location,spline,3,r0=+0.8,-1,0.025,observed,0.025,observed,0.0
turning_location:spline:3,turning_location,spline,3,r0=+0.8,1,0.05,observed,0.05,observed,0.0
turning_location:spline:4,turning_location,spline,4,r0=-0.8,-1,0.05,observed,0.05,observed,0.0
turning_location:spline:4,turning_location,spline,4,r0=-0.8,1,0.025,observed,0.025,observed,0.0
turning_location:spline:4,turning_location,spline,4,r0=+0.0,-1,0.05,observed,0.05,observed,0.0
turning_location:spline:4,turning_location,spline,4,r0=+0.0,1,0.05,observed,0.05,observed,0.0
turning_location:spline:4,turning_location,spline,4,r0=+0.8,-1,0.025,observed,0.025,observed,0.0
turning_location:spline:4,turning_location,spline,4,r0=+0.8,1,0.05,observed,0.05,observed,0.0
turning_location:spline:5,turning_location,spline,5,r0=-0.8,-1,0.05,observed,0.05,observed,0.0
turning_location:spline:5,turning_location,spline,5,r0=-0.8,1,0.025,observed,0.025,observed,0.0
turning_location:spline:5,turning_location,spline,5,r0=+0.0,-1,0.05,observed,0.05,observed,0.0
turning_location:spline:5,turning_location,spline,5,r0=+0.0,1,0.05,observed,0.05,observed,0.0
turning_location:spline:5,turning_location,spline,5,r0=+0.8,-1,0.025,observed,0.025,observed,0.0
turning_location:spline:5,turning_location,spline,5,r0=+0.8,1,0.05,observed,0.05,observed,0.0
turning_location:spline:6,turning_location,spline,6,r0=-0.8,-1,0.05,observed,0.05,observed,0.0
turning_location:spline:6,turning_location,spline,6,r0=-0.8,1,0.025,observed,0.025,observed,0.0
turning_location:spline:6,turning_location,spline,6,r0=+0.0,-1,0.05,observed,0.05,observed,0.0
turning_location:spline:6,turning_location,spline,6,r0=+0.0,1,0.05,observed,0.05,observed,0.0
turning_location:spline:6,turning_location,spline,6,r0=+0.8,-1,0.025,observed,0.025,observed,0.0
turning_location:spline:6,turning_location,spline,6,r0=+0.8,1,0.05,observed,0.05,observed,0.0
turning_location:spline:7,turning_location,spline,7,r0=-0.8,-1,0.05,observed,0.05,observed,0.0
turning_location:spline:7,turning_location,spline,7,r0=-0.8,1,0.025,observed,0.025,observed,0.0
turning_location:spline:7,turning_location,spline,7,r0=+0.0,-1,0.05,observed,0.05,observed,0.0
turning_location:spline:7,turning_location,spline,7,r0=+0.0,1,0.05,observed,0.05,observed,0.0
turning_location:spline:7,turning_location,spline,7,r0=+0.8,-1,0.025,observed,0.025,observed,0.0
turning_location:spline:7,turning_location,spline,7,r0=+0.8,1,0.05,observed,0.05,observed,0.0
turning_location:spline:8,turning_location,spline,8,r0=-0.8,-1,0.05,observed,0.05,observed,0.0
turning_location:spline:8,turning_location,spline,8,r0=-0.8,1,0.025,observed,0.025,observed,0.0
turning_location:spline:8,turning_location,spline,8,r0=+0.0,-1,0.05,observed,0.05,observed,0.0
turning_location:spline:8,turning_location,spline,8,r0=+0.0,1,0.05,observed,0.05,observed,0.0
turning_location:spline:8,turning_location,spline,8,r0=+0.8,-1,0.025,observed,0.025,observed,0.0
turning_location:spline:8,turning_location,spline,8,r0=+0.8,1,0.05,observed,0.05,observed,0.0
turning_location:spline:9,turning_location,spline,9,r0=-0.8,-1,0.05,observed,0.05,observed,0.0
turning_location:spline:9,turning_location,spline,9,r0=-0.8,1,0.025,observed,0.025,observed,0.0
turning_location:spline:9,turning_location,spline,9,r0=+0.0,-1,0.05,observed,0.05,observed,0.0
turning_location:spline:9,turning_location,spline,9,r0=+0.0,1,0.05,observed,0.05,observed,0.0
turning_location:spline:9,turning_location,spline,9,r0=+0.8,-1,0.025,observed,0.025,observed,0.0
turning_location:spline:9,turning_location,spline,9,r0=+0.8,1,0.05,observed,0.05,observed,0.0
turning_location:spline:10,turning_location,spline,10,r0=-0.8,-1,0.05,observed,0.05,observed,0.0
turning_location:spline:10,turning_location,spline,10,r0=-0.8,1,0.025,observed,0.025,observed,0.0
turning_location:spline:10,turning_location,spline,10,r0=+0.0,-1,0.05,observed,0.05,observed,0.0
turning_location:spline:10,turning_location,spline,10,r0=+0.0,1,0.05,observed,0.05,observed,0.0
turning_location:spline:10,turning_location,spline,10,r0=+0.8,-1,0.025,observed,0.025,observed,0.0
turning_location:spline:10,turning_location,spline,10,r0=+0.8,1,0.05,observed,0.05,observed,0.0
turning_location:spline:11,turning_location,spline,11,r0=-0.8,-1,0.05,observed,0.05,observed,0.0
turning_location:spline:11,turning_location,spline,11,r0=-0.8,1,0.025,observed,0.025,observed,0.0
turning_location:spline:11,turning_location,spline,11,r0=+0.0,-1,0.05,observed,0.05,observed,0.0
turning_location:spline:11,turning_location,spline,11,r0=+0.0,1,0.05,observed,0.05,observed,0.0
turning_location:spline:11,turning_location,spline,11,r0=+0.8,-1,0.025,observed,0.025,observed,0.0
turning_location:spline:11,turning_location,spline,11,r0=+0.8,1,0.05,observed,0.05,observed,0.0
turning_location:spline:12,turning_location,spline,12,r0=-0.8,-1,0.05,observed,0.05,observed,0.0
turning_location:spline:12,turning_location,spline,12,r0=-0.8,1,0.025,observed,0.025,observed,0.0
turning_location:spline:12,turning_location,spline,12,r0=+0.0,-1,0.05,observed,0.05,observed,0.0
turning_location:spline:12,turning_location,spline,12,r0=+0.0,1,0.05,observed,0.05,observed,0.0
turning_location:spline:12,turning_location,spline,12,r0=+0.8,-1,0.025,observed,0.025,observed,0.0
turning_location:spline:12,turning_location,spline,12,r0=+0.8,1,0.05,observed,0.05,observed,0.0
turning_location:spline:13,turning_location,spline,13,r0=-0.8,-1,0.05,observed,0.05,observed,0.0
turning_location:spline:13,turning_location,spline,13,r0=-0.8,1,0.025,observed,0.025,observed,0.0
turning_location:spline:13,turning_location,spline,13,r0=+0.0,-1,0.05,observed,0.05,observed,0.0
turning_location:spline:13,turning_location,spline,13,r0=+0.0,1,0.05,observed,0.05,observed,0.0
turning_location:spline:13,turning_location,spline,13,r0=+0.8,-1,0.025,observed,0.025,observed,0.0
turning_location:spline:13,turning_location,spline,13,r0=+0.8,1,0.05,observed,0.05,observed,0.0
turning_location:spline:14,turning_location,spline,14,r0=-0.8,-1,0.05,observed,0.05,observed,0.0
turning_location:spline:14,turning_location,spline,14,r0=-0.8,1,0.025,observed,0.025,observed,0.0
turning_location:spline:14,turning_location,spline,14,r0=+0.0,-1,0.05,observed,0.05,observed,0.0
turning_location:spline:14,turning_location,spline,14,r0=+0.0,1,0.05,observed,0.05,observed,0.0
turning_location:spline:14,turning_location,spline,14,r0=+0.8,-1,0.025,observed,0.025,observed,0.0
turning_location:spline:14,turning_location,spline,14,r0=+0.8,1,0.05,observed,0.05,observed,0.0
turning_location:spline:15,turning_location,spline,15,r0=-0.8,-1,0.05,observed,0.05,observed,0.0
turning_location:spline:15,turning_location,spline,15,r0=-0.8,1,0.025,observed,0.025,observed,0.0
turning_location:spline:15,turning_location,spline,15,r0=+0.0,-1,0.05,observed,0.05,observed,0.0
turning_location:spline:15,turning_location,spline,15,r0=+0.0,1,0.05,observed,0.05,observed,0.0
turning_location:spline:15,turning_location,spline,15,r0=+0.8,-1,0.025,observed,0.025,observed,0.0
turning_location:spline:15,turning_location,spline,15,r0=+0.8,1,0.05,observed,0.05,observed,0.0
turning_location:spline:16,turning_location,spline,16,r0=-0.8,-1,0.05,observed,0.05,observed,0.0
turning_location:spline:16,turning_location,spline,16,r0=-0.8,1,0.025,observed,0.025,observed,0.0
turning_location:spline:16,turning_location,spline,16,r0=+0.0,-1,0.05,observed,0.05,observed,0.0
turning_location:spline:16,turning_location,spline,16,r0=+0.0,1,0.05,observed,0.05,observed,0.0
turning_location:spline:16,turning_location,spline,16,r0=+0.8,-1,0.025,observed,0.025,observed,0.0
turning_location:spline:16,turning_location,spline,16,r0=+0.8,1,0.05,observed,0.05,observed,0.0
turning_location:spline:17,turning_location,spline,17,r0=-0.8,-1,0.05,observed,0.05,observed,0.0
turning_location:spline:17,turning_location,spline,17,r0=-0.8,1,0.025,observed,0.025,observed,0.0
turning_location:spline:17,turning_location,spline,17,r0=+0.0,-1,0.05,observed,0.05,observed,0.0
turning_location:spline:17,turning_location,spline,17,r0=+0.0,1,0.05,observed,0.05,observed,0.0
turning_location:spline:17,turning_location,spline,17,r0=+0.8,-1,0.025,observed,0.025,observed,0.0
turning_location:spline:17,turning_location,spline,17,r0=+0.8,1,0.05,observed,0.05,observed,0.0
turning_location:spline:18,turning_location,spline,18,r0=-0.8,-1,0.05,observed,0.05,observed,0.0
turning_location:spline:18,turning_location,spline,18,r0=-0.8,1,0.025,observed,0.025,observed,0.0
turning_location:spline:18,turning_location,spline,18,r0=+0.0,-1,0.05,observed,0.05,observed,0.0
turning_location:spline:18,turning_location,spline,18,r0=+0.0,1,0.05,observed,0.05,observed,0.0
turning_location:spline:18,turning_location,spline,18,r0=+0.8,-1,0.025,observed,0.025,observed,0.0
turning_location:spline:18,turning_location,spline,18,r0=+0.8,1,0.05,observed,0.05,observed,0.0
turning_location:spline:19,turning_location,spline,19,r0=-0.8,-1,0.05,observed,0.05,observed,0.0
turning_location:spline:19,turning_location,spline,19,r0=-0.8,1,0.025,observed,0.025,observed,0.0
turning_location:spline:19,turning_location,spline,19,r0=+0.0,-1,0.05,observed,0.05,observed,0.0
turning_location:spline:19,turning_location,spline,19,r0=+0.0,1,0.05,observed,0.05,observed,0.0
turning_location:spline:19,turning_location,spline,19,r0=+0.8,-1,0.025,observed,0.025,observed,0.0
turning_location:spline:19,turning_location,spline,19,r0=+0.8,1,0.05,observed,0.05,observed,0.0
turning_location:spline:20,turning_location,spline,20,r0=-0.8,-1,0.05,observed,0.05,observed,0.0
turning_location:spline:20,turning_location,spline,20,r0=-0.8,1,0.025,observed,0.025,observed,0.0
turning_location:spline:20,turning_location,spline,20,r0=+0.0,-1,0.05,observed,0.05,observed,0.0
turning_location:spline:20,turning_location,spline,20,r0=+0.0,1,0.05,observed,0.05,observed,0.0
turning_location:spline:20,turning_location,spline,20,r0=+0.8,-1,0.025,observed,0.025,observed,0.0
turning_location:spline:20,turning_location,spline,20,r0=+0.8,1,0.05,observed,0.05,observed,0.0
turning_location:spline:21,turning_location,spline,21,r0=-0.8,-1,0.05,observed,0.05,observed,0.0
turning_location:spline:21,turning_location,spline,21,r0=-0.8,1,0.025,observed,0.025,observed,0.0
turning_location:spline:21,turning_location,spline,21,r0=+0.0,-1,0.05,observed,0.05,observed,0.0
turning_location:spline:21,turning_location,spline,21,r0=+0.0,1,0.05,observed,0.05,observed,0.0
turning_location:spline:21,turning_location,spline,21,r0=+0.8,-1,0.025,observed,0.025,observed,0.0
turning_location:spline:21,turning_location,spline,21,r0=+0.8,1,0.05,observed,0.05,observed,0.0
turning_location:spline:22,turning_location,spline,22,r0=-0.8,-1,0.05,observed,0.05,observed,0.0
turning_location:spline:22,turning_location,spline,22,r0=-0.8,1,0.025,observed,0.025,observed,0.0
turning_location:spline:22,turning_location,spline,22,r0=+0.0,-1,0.05,observed,0.05,observed,0.0
turning_location:spline:22,turning_location,spline,22,r0=+0.0,1,0.05,observed,0.05,observed,0.0
turning_location:spline:22,turning_location,spline,22,r0=+0.8,-1,0.025,observed,0.025,observed,0.0
turning_location:spline:22,turning_location,spline,22,r0=+0.8,1,0.05,observed,0.05,observed,0.0
turning_location:spline:23,turning_location,spline,23,r0=-0.8,-1,0.05,observed,0.05,observed,0.0
turning_location:spline:23,turning_location,spline,23,r0=-0.8,1,0.025,observed,0.025,observed,0.0
turning_location:spline:23,turning_location,spline,23,r0=+0.0,-1,0.05,observed,0.05,observed,0.0
turning_location:spline:23,turning_location,spline,23,r0=+0.0,1,0.05,observed,0.05,observed,0.0
turning_location:spline:23,turning_location,spline,23,r0=+0.8,-1,0.025,observed,0.025,observed,0.0
turning_location:spline:23,turning_location,spline,23,r0=+0.8,1,0.05,observed,0.05,observed,0.0
turning_location:spline:24,turning_location,spline,24,r0=-0.8,-1,0.05,observed,0.05,observed,0.0
turning_location:spline:24,turning_location,spline,24,r0=-0.8,1,0.025,observed,0.025,observed,0.0
turning_location:spline:24,turning_location,spline,24,r0=+0.0,-1,0.05,observed,0.05,observed,0.0
turning_location:spline:24,turning_location,spline,24,r0=+0.0,1,0.05,observed,0.05,observed,0.0
turning_location:spline:24,turning_location,spline,24,r0=+0.8,-1,0.025,observed,0.025,observed,0.0
turning_location:spline:24,turning_location,spline,24,r0=+0.8,1,0.05,observed,0.05,observed,0.0
turning_location:spline:25,turning_location,spline,25,r0=-0.8,-1,0.05,observed,0.05,observed,0.0
turning_location:spline:25,turning_location,spline,25,r0=-0.8,1,0.025,observed,0.025,observed,0.0
turning_location:spline:25,turning_location,spline,25,r0=+0.0,-1,0.05,observed,0.05,observed,0.0
turning_location:spline:25,turning_location,spline,25,r0=+0.0,1,0.05,observed,0.05,observed,0.0
turning_location:spline:25,turning_location,spline,25,r0=+0.8,-1,0.025,observed,0.025,observed,0.0
turning_location:spline:25,turning_location,spline,25,r0=+0.8,1,0.05,observed,0.05,observed,0.0
turning_location:spline:26,turning_location,spline,26,r0=-0.8,-1,0.05,observed,0.05,observed,0.0
turning_location:spline:26,turning_location,spline,26,r0=-0.8,1,0.025,observed,0.025,observed,0.0
turning_location:spline:26,turning_location,spline,26,r0=+0.0,-1,0.05,observed,0.05,observed,0.0
turning_location:spline:26,turning_location,spline,26,r0=+0.0,1,0.05,observed,0.05,observed,0.0
turning_location:spline:26,turning_location,spline,26,r0=+0.8,-1,0.025,observed,0.025,observed,0.0
turning_location:spline:26,turning_location,spline,26,r0=+0.8,1,0.05,observed,0.05,observed,0.0
turning_location:spline:27,turning_location,spline,27,r0=-0.8,-1,0.05,observed,0.05,observed,0.0
turning_location:spline:27,turning_location,spline,27,r0=-0.8,1,0.025,observed,0.025,observed,0.0
turning_location:spline:27,turning_location,spline,27,r0=+0.0,-1,0.05,observed,0.05,observed,0.0
turning_location:spline:27,turning_location,spline,27,r0=+0.0,1,0.05,observed,0.05,observed,0.0
turning_location:spline:27,turning_location,spline,27,r0=+0.8,-1,0.025,observed,0.025,observed,0.0
turning_location:spline:27,turning_location,spline,27,r0=+0.8,1,0.05,observed,0.05,observed,0.0
turning_location:spline:28,turning_location,spline,28,r0=-0.8,-1,0.05,observed,0.05,observed,0.0
turning_location:spline:28,turning_location,spline,28,r0=-0.8,1,0.025,observed,0.025,observed,0.0
turning_location:spline:28,turning_location,spline,28,r0=+0.0,-1,0.05,observed,0.05,observed,0.0
turning_location:spline:28,turning_location,spline,28,r0=+0.0,1,0.05,observed,0.05,observed,0.0
turning_location:spline:28,turning_location,spline,28,r0=+0.8,-1,0.025,observed,0.025,observed,0.0
turning_location:spline:28,turning_location,spline,28,r0=+0.8,1,0.05,observed,0.05,observed,0.0
turning_location:spline:29,turning_location,spline,29,r0=-0.8,-1,0.05,observed,0.05,observed,0.0
turning_location:spline:29,turning_location,spline,29,r0=-0.8,1,0.025,observed,0.025,observed,0.0
turning_location:spline:29,turning_location,spline,29,r0=+0.0,-1,0.05,observed,0.05,observed,0.0
turning_location:spline:29,turning_location,spline,29,r0=+0.0,1,0.05,observed,0.05,observed,0.0
turning_location:spline:29,turning_location,spline,29,r0=+0.8,-1,0.025,observed,0.025,observed,0.0
turning_location:spline:29,turning_location,spline,29,r0=+0.8,1,0.05,observed,0.05,observed,0.0
turning_location:basis:0,turning_location,basis,0,r0=-0.8,-1,0.05,observed,0.05,observed,0.0
turning_location:basis:0,turning_location,basis,0,r0=-0.8,1,0.025,observed,0.025,observed,0.0
turning_location:basis:0,turning_location,basis,0,r0=+0.0,-1,0.05,observed,0.05,observed,0.0
turning_location:basis:0,turning_location,basis,0,r0=+0.0,1,0.05,observed,0.05,observed,0.0
turning_location:basis:0,turning_location,basis,0,r0=+0.8,-1,0.025,observed,0.025,observed,0.0
turning_location:basis:0,turning_location,basis,0,r0=+0.8,1,0.05,observed,0.05,observed,0.0
turning_location:basis:1,turning_location,basis,1,r0=-0.8,-1,0.05,observed,0.05,observed,0.0
turning_location:basis:1,turning_location,basis,1,r0=-0.8,1,0.025,observed,0.025,observed,0.0
turning_location:basis:1,turning_location,basis,1,r0=+0.0,-1,0.05,observed,0.05,observed,0.0
turning_location:basis:1,turning_location,basis,1,r0=+0.0,1,0.05,observed,0.05,observed,0.0
turning_location:basis:1,turning_location,basis,1,r0=+0.8,-1,0.025,observed,0.025,observed,0.0
turning_location:basis:1,turning_location,basis,1,r0=+0.8,1,0.05,observed,0.05,observed,0.0
turning_location:basis:2,turning_location,basis,2,r0=-0.8,-1,0.05,observed,0.05,observed,0.0
turning_location:basis:2,turning_location,basis,2,r0=-0.8,1,0.025,observed,0.025,observed,0.0
turning_location:basis:2,turning_location,basis,2,r0=+0.0,-1,0.05,observed,0.05,observed,0.0
turning_location:basis:2,turning_location,basis,2,r0=+0.0,1,0.05,observed,0.05,observed,0.0
turning_location:basis:2,turning_location,basis,2,r0=+0.8,-1,0.025,observed,0.025,observed,0.0
turning_location:basis:2,turning_location,basis,2,r0=+0.8,1,0.05,observed,0.05,observed,0.0
turning_location:basis:3,turning_location,basis,3,r0=-0.8,-1,0.05,observed,0.05,observed,0.0
turning_location:basis:3,turning_location,basis,3,r0=-0.8,1,0.025,observed,0.025,observed,0.0
turning_location:basis:3,turning_location,basis,3,r0=+0.0,-1,0.05,observed,0.05,observed,0.0
turning_location:basis:3,turning_location,basis,3,r0=+0.0,1,0.05,observed,0.05,observed,0.0
turning_location:basis:3,turning_location,basis,3,r0=+0.8,-1,0.025,observed,0.025,observed,0.0
turning_location:basis:3,turning_location,basis,3,r0=+0.8,1,0.05,observed,0.05,observed,0.0
turning_location:basis:4,turning_location,basis,4,r0=-0.8,-1,0.05,observed,0.05,observed,0.0
turning_location:basis:4,turning_location,basis,4,r0=-0.8,1,0.025,observed,0.025,observed,0.0
turning_location:basis:4,turning_location,basis,4,r0=+0.0,-1,0.05,observed,0.05,observed,0.0
turning_location:basis:4,turning_location,basis,4,r0=+0.0,1,0.05,observed,0.05,observed,0.0
turning_location:basis:4,turning_location,basis,4,r0=+0.8,-1,0.025,observed,0.025,observed,0.0
turning_location:basis:4,turning_location,basis,4,r0=+0.8,1,0.05,observed,0.05,observed,0.0
turning_location:basis:5,turning_location,basis,5,r0=-0.8,-1,0.05,observed,0.05,observed,0.0
turning_location:basis:5,turning_location,basis,5,r0=-0.8,1,0.025,observed,0.025,observed,0.0
turning_location:basis:5,turning_location,basis,5,r0=+0.0,-1,0.05,observed,0.05,observed,0.0
turning_location:basis:5,turning_location,basis,5,r0=+0.0,1,0.05,observed,0.05,observed,0.0
turning_location:basis:5,turning_location,basis,5,r0=+0.8,-1,0.025,observed,0.025,observed,0.0
turning_location:basis:5,turning_location,basis,5,r0=+0.8,1,0.05,observed,0.05,observed,0.0
turning_location:basis:6,turning_location,basis,6,r0=-0.8,-1,0.05,observed,0.05,observed,0.0
turning_location:basis:6,turning_location,basis,6,r0=-0.8,1,0.025,observed,0.025,observed,0.0
turning_location:basis:6,turning_location,basis,6,r0=+0.0,-1,0.05,observed,0.05,observed,0.0
turning_location:basis:6,turning_location,basis,6,r0=+0.0,1,0.05,observed,0.05,observed,0.0
turning_location:basis:6,turning_location,basis,6,r0=+0.8,-1,0.025,observed,0.025,observed,0.0
turning_location:basis:6,turning_location,basis,6,r0=+0.8,1,0.05,observed,0.05,observed,0.0
turning_location:basis:7,turning_location,basis,7,r0=-0.8,-1,0.05,observed,0.05,observed,0.0
turning_location:basis:7,turning_location,basis,7,r0=-0.8,1,0.025,observed,0.025,observed,0.0
turning_location:basis:7,turning_location,basis,7,r0=+0.0,-1,0.05,observed,0.05,observed,0.0
turning_location:basis:7,turning_location,basis,7,r0=+0.0,1,0.05,observed,0.05,observed,0.0
turning_location:basis:7,turning_location,basis,7,r0=+0.8,-1,0.025,observed,0.025,observed,0.0
turning_location:basis:7,turning_location,basis,7,r0=+0.8,1,0.05,observed,0.05,observed,0.0
turning_location:basis:8,turning_location,basis,8,r0=-0.8,-1,0.05,observed,0.05,observed,0.0
turning_location:basis:8,turning_location,basis,8,r0=-0.8,1,0.025,observed,0.025,observed,0.0
turning_location:basis:8,turning_location,basis,8,r0=+0.0,-1,0.05,observed,0.05,observed,0.0
turning_location:basis:8,turning_location,basis,8,r0=+0.0,1,0.05,observed,0.05,observed,0.0
turning_location:basis:8,turning_location,basis,8,r0=+0.8,-1,0.025,observed,0.025,observed,0.0
turning_location:basis:8,turning_location,basis,8,r0=+0.8,1,0.05,observed,0.05,observed,0.0
turning_location:basis:9,turning_location,basis,9,r0=-0.8,-1,0.05,observed,0.05,observed,0.0
turning_location:basis:9,turning_location,basis,9,r0=-0.8,1,0.025,observed,0.025,observed,0.0
turning_location:basis:9,turning_location,basis,9,r0=+0.0,-1,0.05,observed,0.05,observed,0.0
turning_location:basis:9,turning_location,basis,9,r0=+0.0,1,0.05,observed,0.05,observed,0.0
turning_location:basis:9,turning_location,basis,9,r0=+0.8,-1,0.025,observed,0.025,observed,0.0
turning_location:basis:9,turning_location,basis,9,r0=+0.8,1,0.05,observed,0.05,observed,0.0
turning_location:basis:10,turning_location,basis,10,r0=-0.8,-1,0.05,observed,0.05,observed,0.0
turning_location:basis:10,turning_location,basis,10,r0=-0.8,1,0.025,observed,0.025,observed,0.0
turning_location:basis:10,turning_location,basis,10,r0=+0.0,-1,0.05,observed,0.05,observed,0.0
turning_location:basis:10,turning_location,basis,10,r0=+0.0,1,0.05,observed,0.05,observed,0.0
turning_location:basis:10,turning_location,basis,10,r0=+0.8,-1,0.025,observed,0.025,observed,0.0
turning_location:basis:10,turning_location,basis,10,r0=+0.8,1,0.05,observed,0.05,observed,0.0
turning_location:basis:11,turning_location,basis,11,r0=-0.8,-1,0.05,observed,0.05,observed,0.0
turning_location:basis:11,turning_location,basis,11,r0=-0.8,1,0.025,observed,0.025,observed,0.0
turning_location:basis:11,turning_location,basis,11,r0=+0.0,-1,0.05,observed,0.05,observed,0.0
turning_location:basis:11,turning_location,basis,11,r0=+0.0,1,0.05,observed,0.05,observed,0.0
turning_location:basis:11,turning_location,basis,11,r0=+0.8,-1,0.025,observed,0.025,observed,0.0
turning_location:basis:11,turning_location,basis,11,r0=+0.8,1,0.05,observed,0.05,observed,0.0
turning_location:basis:12,turning_location,basis,12,r0=-0.8,-1,0.05,observed,0.05,observed,0.0
turning_location:basis:12,turning_location,basis,12,r0=-0.8,1,0.025,observed,0.025,observed,0.0
turning_location:basis:12,turning_location,basis,12,r0=+0.0,-1,0.05,observed,0.05,observed,0.0
turning_location:basis:12,turning_location,basis,12,r0=+0.0,1,0.05,observed,0.05,observed,0.0
turning_location:basis:12,turning_location,basis,12,r0=+0.8,-1,0.025,observed,0.025,observed,0.0
turning_location:basis:12,turning_location,basis,12,r0=+0.8,1,0.05,observed,0.05,observed,0.0
turning_location:basis:13,turning_location,basis,13,r0=-0.8,-1,0.05,observed,0.05,observed,0.0
turning_location:basis:13,turning_location,basis,13,r0=-0.8,1,0.025,observed,0.025,observed,0.0
turning_location:basis:13,turning_location,basis,13,r0=+0.0,-1,0.05,observed,0.05,observed,0.0
turning_location:basis:13,turning_location,basis,13,r0=+0.0,1,0.05,observed,0.05,observed,0.0
turning_location:basis:13,turning_location,basis,13,r0=+0.8,-1,0.025,observed,0.025,observed,0.0
turning_location:basis:13,turning_location,basis,13,r0=+0.8,1,0.05,observed,0.05,observed,0.0
turning_location:basis:14,turning_location,basis,14,r0=-0.8,-1,0.05,observed,0.05,observed,0.0
turning_location:basis:14,turning_location,basis,14,r0=-0.8,1,0.025,observed,0.025,observed,0.0
turning_location:basis:14,turning_location,basis,14,r0=+0.0,-1,0.05,observed,0.05,observed,0.0
turning_location:basis:14,turning_location,basis,14,r0=+0.0,1,0.05,observed,0.05,observed,0.0
turning_location:basis:14,turning_location,basis,14,r0=+0.8,-1,0.025,observed,0.025,observed,0.0
turning_location:basis:14,turning_location,basis,14,r0=+0.8,1,0.05,observed,0.05,observed,0.0
turning_location:basis:15,turning_location,basis,15,r0=-0.8,-1,0.05,observed,0.05,observed,0.0
turning_location:basis:15,turning_location,basis,15,r0=-0.8,1,0.025,observed,0.025,observed,0.0
turning_location:basis:15,turning_location,basis,15,r0=+0.0,-1,0.05,observed,0.05,observed,0.0
turning_location:basis:15,turning_location,basis,15,r0=+0.0,1,0.05,observed,0.05,observed,0.0
turning_location:basis:15,turning_location,basis,15,r0=+0.8,-1,0.025,observed,0.025,observed,0.0
turning_location:basis:15,turning_location,basis,15,r0=+0.8,1,0.05,observed,0.05,observed,0.0
turning_location:basis:16,turning_location,basis,16,r0=-0.8,-1,0.05,observed,0.05,observed,0.0
turning_location:basis:16,turning_location,basis,16,r0=-0.8,1,0.025,observed,0.025,observed,0.0
turning_location:basis:16,turning_location,basis,16,r0=+0.0,-1,0.05,observed,0.05,observed,0.0
turning_location:basis:16,turning_location,basis,16,r0=+0.0,1,0.05,observed,0.05,observed,0.0
turning_location:basis:16,turning_location,basis,16,r0=+0.8,-1,0.025,observed,0.025,observed,0.0
turning_location:basis:16,turning_location,basis,16,r0=+0.8,1,0.05,observed,0.05,observed,0.0
turning_location:basis:17,turning_location,basis,17,r0=-0.8,-1,0.05,observed,0.05,observed,0.0
turning_location:basis:17,turning_location,basis,17,r0=-0.8,1,0.025,observed,0.025,observed,0.0
turning_location:basis:17,turning_location,basis,17,r0=+0.0,-1,0.05,observed,0.05,observed,0.0
turning_location:basis:17,turning_location,basis,17,r0=+0.0,1,0.05,observed,0.05,observed,0.0
turning_location:basis:17,turning_location,basis,17,r0=+0.8,-1,0.025,observed,0.025,observed,0.0
turning_location:basis:17,turning_location,basis,17,r0=+0.8,1,0.05,observed,0.05,observed,0.0
turning_location:basis:18,turning_location,basis,18,r0=-0.8,-1,0.05,observed,0.05,observed,0.0
turning_location:basis:18,turning_location,basis,18,r0=-0.8,1,0.025,observed,0.025,observed,0.0
turning_location:basis:18,turning_location,basis,18,r0=+0.0,-1,0.05,observed,0.05,observed,0.0
turning_location:basis:18,turning_location,basis,18,r0=+0.0,1,0.05,observed,0.05,observed,0.0
turning_location:basis:18,turning_location,basis,18,r0=+0.8,-1,0.025,observed,0.025,observed,0.0
turning_location:basis:18,turning_location,basis,18,r0=+0.8,1,0.05,observed,0.05,observed,0.0
turning_location:basis:19,turning_location,basis,19,r0=-0.8,-1,0.05,observed,0.05,observed,0.0
turning_location:basis:19,turning_location,basis,19,r0=-0.8,1,0.025,observed,0.025,observed,0.0
turning_location:basis:19,turning_location,basis,19,r0=+0.0,-1,0.05,observed,0.05,observed,0.0
turning_location:basis:19,turning_location,basis,19,r0=+0.0,1,0.05,observed,0.05,observed,0.0
turning_location:basis:19,turning_location,basis,19,r0=+0.8,-1,0.025,observed,0.025,observed,0.0
turning_location:basis:19,turning_location,basis,19,r0=+0.8,1,0.05,observed,0.05,observed,0.0
turning_location:basis:20,turning_location,basis,20,r0=-0.8,-1,0.05,observed,0.05,observed,0.0
turning_location:basis:20,turning_location,basis,20,r0=-0.8,1,0.025,observed,0.025,observed,0.0
turning_location:basis:20,turning_location,basis,20,r0=+0.0,-1,0.05,observed,0.05,observed,0.0
turning_location:basis:20,turning_location,basis,20,r0=+0.0,1,0.05,observed,0.05,observed,0.0
turning_location:basis:20,turning_location,basis,20,r0=+0.8,-1,0.025,observed,0.025,observed,0.0
turning_location:basis:20,turning_location,basis,20,r0=+0.8,1,0.05,observed,0.05,observed,0.0
turning_location:basis:21,turning_location,basis,21,r0=-0.8,-1,0.05,observed,0.05,observed,0.0
turning_location:basis:21,turning_location,basis,21,r0=-0.8,1,0.025,observed,0.025,observed,0.0
turning_location:basis:21,turning_location,basis,21,r0=+0.0,-1,0.05,observed,0.05,observed,0.0
turning_location:basis:21,turning_location,basis,21,r0=+0.0,1,0.05,observed,0.05,observed,0.0
turning_location:basis:21,turning_location,basis,21,r0=+0.8,-1,0.025,observed,0.025,observed,0.0
turning_location:basis:21,turning_location,basis,21,r0=+0.8,1,0.05,observed,0.05,observed,0.0
turning_location:basis:22,turning_location,basis,22,r0=-0.8,-1,0.05,observed,0.05,observed,0.0
turning_location:basis:22,turning_location,basis,22,r0=-0.8,1,0.025,observed,0.025,observed,0.0
turning_location:basis:22,turning_location,basis,22,r0=+0.0,-1,0.05,observed,0.05,observed,0.0
turning_location:basis:22,turning_location,basis,22,r0=+0.0,1,0.05,observed,0.05,observed,0.0
turning_location:basis:22,turning_location,basis,22,r0=+0.8,-1,0.025,observed,0.025,observed,0.0
turning_location:basis:22,turning_location,basis,22,r0=+0.8,1,0.05,observed,0.05,observed,0.0
turning_location:basis:23,turning_location,basis,23,r0=-0.8,-1,0.05,observed,0.05,observed,0.0
turning_location:basis:23,turning_location,basis,23,r0=-0.8,1,0.025,observed,0.025,observed,0.0
turning_location:basis:23,turning_location,basis,23,r0=+0.0,-1,0.05,observed,0.05,observed,0.0
turning_location:basis:23,turning_location,basis,23,r0=+0.0,1,0.05,observed,0.05,observed,0.0
turning_location:basis:23,turning_location,basis,23,r0=+0.8,-1,0.025,observed,0.025,observed,0.0
turning_location:basis:23,turning_location,basis,23,r0=+0.8,1,0.05,observed,0.05,observed,0.0
turning_location:basis:24,turning_location,basis,24,r0=-0.8,-1,0.05,observed,0.05,observed,0.0
turning_location:basis:24,turning_location,basis,24,r0=-0.8,1,0.025,observed,0.025,observed,0.0
turning_location:basis:24,turning_location,basis,24,r0=+0.0,-1,0.05,observed,0.05,observed,0.0
turning_location:basis:24,turning_location,basis,24,r0=+0.0,1,0.05,observed,0.05,observed,0.0
turning_location:basis:24,turning_location,basis,24,r0=+0.8,-1,0.025,observed,0.025,observed,0.0
turning_location:basis:24,turning_location,basis,24,r0=+0.8,1,0.05,observed,0.05,observed,0.0
turning_location:basis:25,turning_location,basis,25,r0=-0.8,-1,0.05,observed,0.05,observed,0.0
turning_location:basis:25,turning_location,basis,25,r0=-0.8,1,0.025,observed,0.025,observed,0.0
turning_location:basis:25,turning_location,basis,25,r0=+0.0,-1,0.05,observed,0.05,observed,0.0
turning_location:basis:25,turning_location,basis,25,r0=+0.0,1,0.05,observed,0.05,observed,0.0
turning_location:basis:25,turning_location,basis,25,r0=+0.8,-1,0.025,observed,0.025,observed,0.0
turning_location:basis:25,turning_location,basis,25,r0=+0.8,1,0.05,observed,0.05,observed,0.0
turning_location:basis:26,turning_location,basis,26,r0=-0.8,-1,0.05,observed,0.05,observed,0.0
turning_location:basis:26,turning_location,basis,26,r0=-0.8,1,0.025,observed,0.025,observed,0.0
turning_location:basis:26,turning_location,basis,26,r0=+0.0,-1,0.05,observed,0.05,observed,0.0
turning_location:basis:26,turning_location,basis,26,r0=+0.0,1,0.05,observed,0.05,observed,0.0
turning_location:basis:26,turning_location,basis,26,r0=+0.8,-1,0.025,observed,0.025,observed,0.0
turning_location:basis:26,turning_location,basis,26,r0=+0.8,1,0.05,observed,0.05,observed,0.0
turning_location:basis:27,turning_location,basis,27,r0=-0.8,-1,0.05,observed,0.05,observed,0.0
turning_location:basis:27,turning_location,basis,27,r0=-0.8,1,0.025,observed,0.025,observed,0.0
turning_location:basis:27,turning_location,basis,27,r0=+0.0,-1,0.05,observed,0.05,observed,0.0
turning_location:basis:27,turning_location,basis,27,r0=+0.0,1,0.05,observed,0.05,observed,0.0
turning_location:basis:27,turning_location,basis,27,r0=+0.8,-1,0.025,observed,0.025,observed,0.0
turning_location:basis:27,turning_location,basis,27,r0=+0.8,1,0.05,observed,0.05,observed,0.0
turning_location:basis:28,turning_location,basis,28,r0=-0.8,-1,0.05,observed,0.05,observed,0.0
turning_location:basis:28,turning_location,basis,28,r0=-0.8,1,0.025,observed,0.025,observed,0.0
turning_location:basis:28,turning_location,basis,28,r0=+0.0,-1,0.05,observed,0.05,observed,0.0
turning_location:basis:28,turning_location,basis,28,r0=+0.0,1,0.05,observed,0.05,observed,0.0
turning_location:basis:28,turning_location,basis,28,r0=+0.8,-1,0.025,observed,0.025,observed,0.0
turning_location:basis:28,turning_location,basis,28,r0=+0.8,1,0.05,observed,0.05,observed,0.0
turning_location:basis:29,turning_location,basis,29,r0=-0.8,-1,0.05,observed,0.05,observed,0.0
turning_location:basis:29,turning_location,basis,29,r0=-0.8,1,0.025,observed,0.025,observed,0.0
turning_location:basis:29,turning_location,basis,29,r0=+0.0,-1,0.05,observed,0.05,observed,0.0
turning_location:basis:29,turning_location,basis,29,r0=+0.0,1,0.05,observed,0.05,observed,0.0
turning_location:basis:29,turning_location,basis,29,r0=+0.8,-1,0.025,observed,0.025,observed,0.0
turning_location:basis:29,turning_location,basis,29,r0=+0.8,1,0.05,observed,0.05,observed,0.0
turning_location:ode:0,turning_location,ode,0,r0=-0.8,-1,0.05,observed,0.05,observed,0.0
turning_location:ode:0,turning_location,ode,0,r0=-0.8,1,0.025,observed,0.025,observed,0.0
turning_location:ode:0,turning_location,ode,0,r0=+0.0,-1,0.05,observed,0.05,observed,0.0
turning_location:ode:0,turning_location,ode,0,r0=+0.0,1,0.05,observed,0.05,observed,0.0
turning_location:ode:0,turning_location,ode,0,r0=+0.8,-1,0.025,observed,0.025,observed,0.0
turning_location:ode:0,turning_location,ode,0,r0=+0.8,1,0.05,observed,0.05,observed,0.0
turning_location:ode:1,turning_location,ode,1,r0=-0.8,-1,0.05,observed,0.05,observed,0.0
turning_location:ode:1,turning_location,ode,1,r0=-0.8,1,0.025,observed,0.025,observed,0.0
turning_location:ode:1,turning_location,ode,1,r0=+0.0,-1,0.05,observed,0.05,observed,0.0
turning_location:ode:1,turning_location,ode,1,r0=+0.0,1,0.05,observed,0.05,observed,0.0
turning_location:ode:1,turning_location,ode,1,r0=+0.8,-1,0.025,observed,0.025,observed,0.0
turning_location:ode:1,turning_location,ode,1,r0=+0.8,1,0.05,observed,0.05,observed,0.0
turning_location:ode:2,turning_location,ode,2,r0=-0.8,-1,0.05,observed,0.05,observed,0.0
turning_location:ode:2,turning_location,ode,2,r0=-0.8,1,0.025,observed,0.025,observed,0.0
turning_location:ode:2,turning_location,ode,2,r0=+0.0,-1,0.05,observed,0.05,observed,0.0
turning_location:ode:2,turning_location,ode,2,r0=+0.0,1,0.05,observed,0.05,observed,0.0
turning_location:ode:2,turning_location,ode,2,r0=+0.8,-1,0.025,observed,0.025,observed,0.0
turning_location:ode:2,turning_location,ode,2,r0=+0.8,1,0.05,observed,0.05,observed,0.0
turning_location:ode:3,turning_location,ode,3,r0=-0.8,-1,0.05,observed,0.05,observed,0.0
turning_location:ode:3,turning_location,ode,3,r0=-0.8,1,0.025,observed,0.025,observed,0.0
turning_location:ode:3,turning_location,ode,3,r0=+0.0,-1,0.05,observed,0.05,observed,0.0
turning_location:ode:3,turning_location,ode,3,r0=+0.0,1,0.05,observed,0.05,observed,0.0
turning_location:ode:3,turning_location,ode,3,r0=+0.8,-1,0.025,observed,0.025,observed,0.0
turning_location:ode:3,turning_location,ode,3,r0=+0.8,1,0.05,observed,0.05,observed,0.0
turning_location:ode:4,turning_location,ode,4,r0=-0.8,-1,0.05,observed,0.05,observed,0.0
turning_location:ode:4,turning_location,ode,4,r0=-0.8,1,0.025,observed,0.025,observed,0.0
turning_location:ode:4,turning_location,ode,4,r0=+0.0,-1,0.05,observed,0.05,observed,0.0
turning_location:ode:4,turning_location,ode,4,r0=+0.0,1,0.05,observed,0.05,observed,0.0
turning_location:ode:4,turning_location,ode,4,r0=+0.8,-1,0.025,observed,0.025,observed,0.0
turning_location:ode:4,turning_location,ode,4,r0=+0.8,1,0.05,observed,0.05,observed,0.0
turning_location:ode:5,turning_location,ode,5,r0=-0.8,-1,0.05,observed,0.05,observed,0.0
turning_location:ode:5,turning_location,ode,5,r0=-0.8,1,0.025,observed,0.025,observed,0.0
turning_location:ode:5,turning_location,ode,5,r0=+0.0,-1,0.05,observed,0.05,observed,0.0
turning_location:ode:5,turning_location,ode,5,r0=+0.0,1,0.05,observed,0.05,observed,0.0
turning_location:ode:5,turning_location,ode,5,r0=+0.8,-1,0.025,observed,0.025,observed,0.0
turning_location:ode:5,turning_location,ode,5,r0=+0.8,1,0.05,observed,0.05,observed,0.0
turning_location:ode:6,turning_location,ode,6,r0=-0.8,-1,0.05,observed,0.05,observed,0.0
turning_location:ode:6,turning_location,ode,6,r0=-0.8,1,0.025,observed,0.025,observed,0.0
turning_location:ode:6,turning_location,ode,6,r0=+0.0,-1,0.05,observed,0.05,observed,0.0
turning_location:ode:6,turning_location,ode,6,r0=+0.0,1,0.05,observed,0.05,observed,0.0
turning_location:ode:6,turning_location,ode,6,r0=+0.8,-1,0.025,observed,0.025,observed,0.0
turning_location:ode:6,turning_location,ode,6,r0=+0.8,1,0.05,observed,0.05,observed,0.0
turning_location:ode:7,turning_location,ode,7,r0=-0.8,-1,0.05,observed,0.05,observed,0.0
turning_location:ode:7,turning_location,ode,7,r0=-0.8,1,0.025,observed,0.025,observed,0.0
turning_location:ode:7,turning_location,ode,7,r0=+0.0,-1,0.05,observed,0.05,observed,0.0
turning_location:ode:7,turning_location,ode,7,r0=+0.0,1,0.05,observed,0.05,observed,0.0
turning_location:ode:7,turning_location,ode,7,r0=+0.8,-1,0.025,observed,0.025,observed,0.0
turning_location:ode:7,turning_location,ode,7,r0=+0.8,1,0.05,observed,0.05,observed,0.0
turning_location:ode:8,turning_location,ode,8,r0=-0.8,-1,0.05,observed,0.05,observed,0.0
turning_location:ode:8,turning_location,ode,8,r0=-0.8,1,0.025,observed,0.025,observed,0.0
turning_location:ode:8,turning_location,ode,8,r0=+0.0,-1,0.05,observed,0.05,observed,0.0
turning_location:ode:8,turning_location,ode,8,r0=+0.0,1,0.05,observed,0.05,observed,0.0
turning_location:ode:8,turning_location,ode,8,r0=+0.8,-1,0.025,observed,0.025,observed,0.0
turning_location:ode:8,turning_location,ode,8,r0=+0.8,1,0.05,observed,0.05,observed,0.0
turning_location:ode:9,turning_location,ode,9,r0=-0.8,-1,0.05,observed,0.05,observed,0.0
turning_location:ode:9,turning_location,ode,9,r0=-0.8,1,0.025,observed,0.025,observed,0.0
turning_location:ode:9,turning_location,ode,9,r0=+0.0,-1,0.05,observed,0.05,observed,0.0
turning_location:ode:9,turning_location,ode,9,r0=+0.0,1,0.05,observed,0.05,observed,0.0
turning_location:ode:9,turning_location,ode,9,r0=+0.8,-1,0.025,observed,0.025,observed,0.0
turning_location:ode:9,turning_location,ode,9,r0=+0.8,1,0.05,observed,0.05,observed,0.0
turning_location:ode:10,turning_location,ode,10,r0=-0.8,-1,0.05,observed,0.05,observed,0.0
turning_location:ode:10,turning_location,ode,10,r0=-0.8,1,0.025,observed,0.025,observed,0.0
turning_location:ode:10,turning_location,ode,10,r0=+0.0,-1,0.05,observed,0.05,observed,0.0
turning_location:ode:10,turning_location,ode,10,r0=+0.0,1,0.05,observed,0.05,observed,0.0
turning_location:ode:10,turning_location,ode,10,r0=+0.8,-1,0.025,observed,0.025,observed,0.0
turning_location:ode:10,turning_location,ode,10,r0=+0.8,1,0.05,observed,0.05,observed,0.0
turning_location:ode:11,turning_location,ode,11,r0=-0.8,-1,0.05,observed,0.05,observed,0.0
turning_location:ode:11,turning_location,ode,11,r0=-0.8,1,0.025,observed,0.025,observed,0.0
turning_location:ode:11,turning_location,ode,11,r0=+0.0,-1,0.05,observed,0.05,observed,0.0
turning_location:ode:11,turning_location,ode,11,r0=+0.0,1,0.05,observed,0.05,observed,0.0
turning_location:ode:11,turning_location,ode,11,r0=+0.8,-1,0.025,observed,0.025,observed,0.0
turning_location:ode:11,turning_location,ode,11,r0=+0.8,1,0.05,observed,0.05,observed,0.0
turning_location:ode:12,turning_location,ode,12,r0=-0.8,-1,0.05,observed,0.05,observed,0.0
turning_location:ode:12,turning_location,ode,12,r0=-0.8,1,0.025,observed,0.025,observed,0.0
turning_location:ode:12,turning_location,ode,12,r0=+0.0,-1,0.05,observed,0.05,observed,0.0
turning_location:ode:12,turning_location,ode,12,r0=+0.0,1,0.05,observed,0.05,observed,0.0
turning_location:ode:12,turning_location,ode,12,r0=+0.8,-1,0.025,observed,0.025,observed,0.0
turning_location:ode:12,turning_location,ode,12,r0=+0.8,1,0.05,observed,0.05,observed,0.0
turning_location:ode:13,turning_location,ode,13,r0=-0.8,-1,0.05,observed,0.05,observed,0.0
turning_location:ode:13,turning_location,ode,13,r0=-0.8,1,0.025,observed,0.025,observed,0.0
turning_location:ode:13,turning_location,ode,13,r0=+0.0,-1,0.05,observed,0.05,observed,0.0
turning_location:ode:13,turning_location,ode,13,r0=+0.0,1,0.05,observed,0.05,observed,0.0
turning_location:ode:13,turning_location,ode,13,r0=+0.8,-1,0.025,observed,0.025,observed,0.0
turning_location:ode:13,turning_location,ode,13,r0=+0.8,1,0.05,observed,0.05,observed,0.0
turning_location:ode:14,turning_location,ode,14,r0=-0.8,-1,0.05,observed,0.05,observed,0.0
turning_location:ode:14,turning_location,ode,14,r0=-0.8,1,0.025,observed,0.025,observed,0.0
turning_location:ode:14,turning_location,ode,14,r0=+0.0,-1,0.05,observed,0.05,observed,0.0
turning_location:ode:14,turning_location,ode,14,r0=+0.0,1,0.05,observed,0.05,observed,0.0
turning_location:ode:14,turning_location,ode,14,r0=+0.8,-1,0.025,observed,0.025,observed,0.0
turning_location:ode:14,turning_location,ode,14,r0=+0.8,1,0.05,observed,0.05,observed,0.0
turning_location:ode:15,turning_location,ode,15,r0=-0.8,-1,0.05,observed,0.05,observed,0.0
turning_location:ode:15,turning_location,ode,15,r0=-0.8,1,0.025,observed,0.025,observed,0.0
turning_location:ode:15,turning_location,ode,15,r0=+0.0,-1,0.05,observed,0.05,observed,0.0
turning_location:ode:15,turning_location,ode,15,r0=+0.0,1,0.05,observed,0.05,observed,0.0
turning_location:ode:15,turning_location,ode,15,r0=+0.8,-1,0.025,observed,0.025,observed,0.0
turning_location:ode:15,turning_location,ode,15,r0=+0.8,1,0.05,observed,0.05,observed,0.0
turning_location:ode:16,turning_location,ode,16,r0=-0.8,-1,0.05,observed,0.05,observed,0.0
turning_location:ode:16,turning_location,ode,16,r0=-0.8,1,0.025,observed,0.025,observed,0.0
turning_location:ode:16,turning_location,ode,16,r0=+0.0,-1,0.05,observed,0.05,observed,0.0
turning_location:ode:16,turning_location,ode,16,r0=+0.0,1,0.05,observed,0.05,observed,0.0
turning_location:ode:16,turning_location,ode,16,r0=+0.8,-1,0.025,observed,0.025,observed,0.0
turning_location:ode:16,turning_location,ode,16,r0=+0.8,1,0.05,observed,0.05,observed,0.0
turning_location:ode:17,turning_location,ode,17,r0=-0.8,-1,0.05,observed,0.05,observed,0.0
turning_location:ode:17,turning_location,ode,17,r0=-0.8,1,0.025,observed,0.025,observed,0.0
turning_location:ode:17,turning_location,ode,17,r0=+0.0,-1,0.05,observed,0.05,observed,0.0
turning_location:ode:17,turning_location,ode,17,r0=+0.0,1,0.05,observed,0.05,observed,0.0
turning_location:ode:17,turning_location,ode,17,r0=+0.8,-1,0.025,observed,0.025,observed,0.0
turning_location:ode:17,turning_location,ode,17,r0=+0.8,1,0.05,observed,0.05,observed,0.0
turning_location:ode:18,turning_location,ode,18,r0=-0.8,-1,0.05,observed,0.05,observed,0.0
turning_location:ode:18,turning_location,ode,18,r0=-0.8,1,0.025,observed,0.025,observed,0.0
turning_location:ode:18,turning_location,ode,18,r0=+0.0,-1,0.05,observed,0.05,observed,0.0
turning_location:ode:18,turning_location,ode,18,r0=+0.0,1,0.05,observed,0.05,observed,0.0
turning_location:ode:18,turning_location,ode,18,r0=+0.8,-1,0.025,observed,0.025,observed,0.0
turning_location:ode:18,turning_location,ode,18,r0=+0.8,1,0.05,observed,0.05,observed,0.0
turning_location:ode:19,turning_location,ode,19,r0=-0.8,-1,0.05,observed,0.05,observed,0.0
turning_location:ode:19,turning_location,ode,19,r0=-0.8,1,0.025,observed,0.025,observed,0.0
turning_location:ode:19,turning_location,ode,19,r0=+0.0,-1,0.05,observed,0.05,observed,0.0
turning_location:ode:19,turning_location,ode,19,r0=+0.0,1,0.05,observed,0.05,observed,0.0
turning_location:ode:19,turning_location,ode,19,r0=+0.8,-1,0.025,observed,0.025,observed,0.0
turning_location:ode:19,turning_location,ode,19,r0=+0.8,1,0.05,observed,0.05,observed,0.0
turning_location:ode:20,turning_location,ode,20,r0=-0.8,-1,0.05,observed,0.05,observed,0.0
turning_location:ode:20,turning_location,ode,20,r0=-0.8,1,0.025,observed,0.025,observed,0.0
turning_location:ode:20,turning_location,ode,20,r0=+0.0,-1,0.05,observed,0.05,observed,0.0
turning_location:ode:20,turning_location,ode,20,r0=+0.0,1,0.05,observed,0.05,observed,0.0
turning_location:ode:20,turning_location,ode,20,r0=+0.8,-1,0.025,observed,0.025,observed,0.0
turning_location:ode:20,turning_location,ode,20,r0=+0.8,1,0.05,observed,0.05,observed,0.0
turning_location:ode:21,turning_location,ode,21,r0=-0.8,-1,0.05,observed,0.05,observed,0.0
turning_location:ode:21,turning_location,ode,21,r0=-0.8,1,0.025,observed,0.025,observed,0.0
turning_location:ode:21,turning_location,ode,21,r0=+0.0,-1,0.05,observed,0.05,observed,0.0
turning_location:ode:21,turning_location,ode,21,r0=+0.0,1,0.05,observed,0.05,observed,0.0
turning_location:ode:21,turning_location,ode,21,r0=+0.8,-1,0.025,observed,0.025,observed,0.0
turning_location:ode:21,turning_location,ode,21,r0=+0.8,1,0.05,observed,0.05,observed,0.0
turning_location:ode:22,turning_location,ode,22,r0=-0.8,-1,0.05,observed,0.05,observed,0.0
turning_location:ode:22,turning_location,ode,22,r0=-0.8,1,0.025,observed,0.025,observed,0.0
turning_location:ode:22,turning_location,ode,22,r0=+0.0,-1,0.05,observed,0.05,observed,0.0
turning_location:ode:22,turning_location,ode,22,r0=+0.0,1,0.05,observed,0.05,observed,0.0
turning_location:ode:22,turning_location,ode,22,r0=+0.8,-1,0.025,observed,0.025,observed,0.0
turning_location:ode:22,turning_location,ode,22,r0=+0.8,1,0.05,observed,0.05,observed,0.0
turning_location:ode:23,turning_location,ode,23,r0=-0.8,-1,0.05,observed,0.05,observed,0.0
turning_location:ode:23,turning_location,ode,23,r0=-0.8,1,0.025,observed,0.025,observed,0.0
turning_location:ode:23,turning_location,ode,23,r0=+0.0,-1,0.05,observed,0.05,observed,0.0
turning_location:ode:23,turning_location,ode,23,r0=+0.0,1,0.05,observed,0.05,observed,0.0
turning_location:ode:23,turning_location,ode,23,r0=+0.8,-1,0.025,observed,0.025,observed,0.0
turning_location:ode:23,turning_location,ode,23,r0=+0.8,1,0.05,observed,0.05,observed,0.0
turning_location:ode:24,turning_location,ode,24,r0=-0.8,-1,0.05,observed,0.05,observed,0.0
turning_location:ode:24,turning_location,ode,24,r0=-0.8,1,0.025,observed,0.025,observed,0.0
turning_location:ode:24,turning_location,ode,24,r0=+0.0,-1,0.05,observed,0.05,observed,0.0
turning_location:ode:24,turning_location,ode,24,r0=+0.0,1,0.05,observed,0.05,observed,0.0
turning_location:ode:24,turning_location,ode,24,r0=+0.8,-1,0.025,observed,0.025,observed,0.0
turning_location:ode:24,turning_location,ode,24,r0=+0.8,1,0.05,observed,0.05,observed,0.0
turning_location:ode:25,turning_location,ode,25,r0=-0.8,-1,0.05,observed,0.05,observed,0.0
turning_location:ode:25,turning_location,ode,25,r0=-0.8,1,0.025,observed,0.025,observed,0.0
turning_location:ode:25,turning_location,ode,25,r0=+0.0,-1,0.05,observed,0.05,observed,0.0
turning_location:ode:25,turning_location,ode,25,r0=+0.0,1,0.05,observed,0.05,observed,0.0
turning_location:ode:25,turning_location,ode,25,r0=+0.8,-1,0.025,observed,0.025,observed,0.0
turning_location:ode:25,turning_location,ode,25,r0=+0.8,1,0.05,observed,0.05,observed,0.0
turning_location:ode:26,turning_location,ode,26,r0=-0.8,-1,0.05,observed,0.05,observed,0.0
turning_location:ode:26,turning_location,ode,26,r0=-0.8,1,0.025,observed,0.025,observed,0.0
turning_location:ode:26,turning_location,ode,26,r0=+0.0,-1,0.05,observed,0.05,observed,0.0
turning_location:ode:26,turning_location,ode,26,r0=+0.0,1,0.05,observed,0.05,observed,0.0
turning_location:ode:26,turning_location,ode,26,r0=+0.8,-1,0.025,observed,0.025,observed,0.0
turning_location:ode:26,turning_location,ode,26,r0=+0.8,1,0.05,observed,0.05,observed,0.0
turning_location:ode:27,turning_location,ode,27,r0=-0.8,-1,0.05,observed,0.05,observed,0.0
turning_location:ode:27,turning_location,ode,27,r0=-0.8,1,0.025,observed,0.025,observed,0.0
turning_location:ode:27,turning_location,ode,27,r0=+0.0,-1,0.05,observed,0.05,observed,0.0
turning_location:ode:27,turning_location,ode,27,r0=+0.0,1,0.05,observed,0.05,observed,0.0
turning_location:ode:27,turning_location,ode,27,r0=+0.8,-1,0.025,observed,0.025,observed,0.0
turning_location:ode:27,turning_location,ode,27,r0=+0.8,1,0.05,observed,0.05,observed,0.0
turning_location:ode:28,turning_location,ode,28,r0=-0.8,-1,0.05,observed,0.05,observed,0.0
turning_location:ode:28,turning_location,ode,28,r0=-0.8,1,0.025,observed,0.025,observed,0.0
turning_location:ode:28,turning_location,ode,28,r0=+0.0,-1,0.05,observed,0.05,observed,0.0
turning_location:ode:28,turning_location,ode,28,r0=+0.0,1,0.05,observed,0.05,observed,0.0
turning_location:ode:28,turning_location,ode,28,r0=+0.8,-1,0.025,observed,0.025,observed,0.0
turning_location:ode:28,turning_location,ode,28,r0=+0.8,1,0.05,observed,0.05,observed,0.0
turning_location:ode:29,turning_location,ode,29,r0=-0.8,-1,0.05,observed,0.05,observed,0.0
turning_location:ode:29,turning_location,ode,29,r0=-0.8,1,0.025,observed,0.025,observed,0.0
turning_location:ode:29,turning_location,ode,29,r0=+0.0,-1,0.05,observed,0.05,observed,0.0
turning_location:ode:29,turning_location,ode,29,r0=+0.0,1,0.05,observed,0.05,observed,0.0
turning_location:ode:29,turning_location,ode,29,r0=+0.8,-1,0.025,observed,0.025,observed,0.0
turning_location:ode:29,turning_location,ode,29,r0=+0.8,1,0.05,observed,0.05,observed,0.0
lower_bound_level:spline:0,lower_bound_level,spline,0,m0=0.005,-1,nan,right_censored,nan,not_at_risk,nan
lower_bound_level:spline:0,lower_bound_level,spline,0,m0=0.005,1,0.025,observed,0.025,observed,0.0
lower_bound_level:spline:0,lower_bound_level,spline,0,m0=0.035,-1,nan,right_censored,nan,not_at_risk,nan
lower_bound_level:spline:0,lower_bound_level,spline,0,m0=0.035,1,0.05,observed,0.05,observed,0.0
lower_bound_level:spline:0,lower_bound_level,spline,0,m0=0.075,-1,nan,right_censored,nan,not_at_risk,nan
lower_bound_level:spline:0,lower_bound_level,spline,0,m0=0.075,1,0.1,observed,0.1,observed,0.0
lower_bound_level:spline:1,lower_bound_level,spline,1,m0=0.005,-1,nan,right_censored,nan,not_at_risk,nan
lower_bound_level:spline:1,lower_bound_level,spline,1,m0=0.005,1,0.025,observed,0.025,observed,0.0
lower_bound_level:spline:1,lower_bound_level,spline,1,m0=0.035,-1,nan,right_censored,nan,not_at_risk,nan
lower_bound_level:spline:1,lower_bound_level,spline,1,m0=0.035,1,0.05,observed,0.05,observed,0.0
lower_bound_level:spline:1,lower_bound_level,spline,1,m0=0.075,-1,nan,right_censored,nan,not_at_risk,nan
lower_bound_level:spline:1,lower_bound_level,spline,1,m0=0.075,1,0.1,observed,0.1,observed,0.0
lower_bound_level:spline:2,lower_bound_level,spline,2,m0=0.005,-1,nan,right_censored,nan,not_at_risk,nan
lower_bound_level:spline:2,lower_bound_level,spline,2,m0=0.005,1,0.025,observed,0.025,observed,0.0
lower_bound_level:spline:2,lower_bound_level,spline,2,m0=0.035,-1,nan,right_censored,nan,not_at_risk,nan
lower_bound_level:spline:2,lower_bound_level,spline,2,m0=0.035,1,0.05,observed,0.05,observed,0.0
lower_bound_level:spline:2,lower_bound_level,spline,2,m0=0.075,-1,nan,right_censored,nan,not_at_risk,nan
lower_bound_level:spline:2,lower_bound_level,spline,2,m0=0.075,1,0.1,observed,0.1,observed,0.0
lower_bound_level:spline:3,lower_bound_level,spline,3,m0=0.005,-1,nan,right_censored,nan,not_at_risk,nan
lower_bound_level:spline:3,lower_bound_level,spline,3,m0=0.005,1,0.025,observed,0.025,observed,0.0
lower_bound_level:spline:3,lower_bound_level,spline,3,m0=0.035,-1,nan,right_censored,nan,not_at_risk,nan
lower_bound_level:spline:3,lower_bound_level,spline,3,m0=0.035,1,0.05,observed,0.05,observed,0.0
lower_bound_level:spline:3,lower_bound_level,spline,3,m0=0.075,-1,nan,right_censored,nan,not_at_risk,nan
lower_bound_level:spline:3,lower_bound_level,spline,3,m0=0.075,1,0.1,observed,0.1,observed,0.0
lower_bound_level:spline:4,lower_bound_level,spline,4,m0=0.005,-1,nan,right_censored,nan,not_at_risk,nan
lower_bound_level:spline:4,lower_bound_level,spline,4,m0=0.005,1,0.025,observed,0.025,observed,0.0
lower_bound_level:spline:4,lower_bound_level,spline,4,m0=0.035,-1,nan,right_censored,nan,not_at_risk,nan
lower_bound_level:spline:4,lower_bound_level,spline,4,m0=0.035,1,0.05,observed,0.05,observed,0.0
lower_bound_level:spline:4,lower_bound_level,spline,4,m0=0.075,-1,nan,right_censored,nan,not_at_risk,nan
lower_bound_level:spline:4,lower_bound_level,spline,4,m0=0.075,1,0.1,observed,0.1,observed,0.0
lower_bound_level:spline:5,lower_bound_level,spline,5,m0=0.005,-1,nan,right_censored,nan,not_at_risk,nan
lower_bound_level:spline:5,lower_bound_level,spline,5,m0=0.005,1,0.025,observed,0.025,observed,0.0
lower_bound_level:spline:5,lower_bound_level,spline,5,m0=0.035,-1,nan,right_censored,nan,not_at_risk,nan
lower_bound_level:spline:5,lower_bound_level,spline,5,m0=0.035,1,0.05,observed,0.05,observed,0.0
lower_bound_level:spline:5,lower_bound_level,spline,5,m0=0.075,-1,nan,right_censored,nan,not_at_risk,nan
lower_bound_level:spline:5,lower_bound_level,spline,5,m0=0.075,1,0.1,observed,0.1,observed,0.0
lower_bound_level:spline:6,lower_bound_level,spline,6,m0=0.005,-1,nan,right_censored,nan,not_at_risk,nan
lower_bound_level:spline:6,lower_bound_level,spline,6,m0=0.005,1,0.025,observed,0.025,observed,0.0
lower_bound_level:spline:6,lower_bound_level,spline,6,m0=0.035,-1,nan,right_censored,nan,not_at_risk,nan
lower_bound_level:spline:6,lower_bound_level,spline,6,m0=0.035,1,0.05,observed,0.05,observed,0.0
lower_bound_level:spline:6,lower_bound_level,spline,6,m0=0.075,-1,nan,right_censored,nan,not_at_risk,nan
lower_bound_level:spline:6,lower_bound_level,spline,6,m0=0.075,1,0.1,observed,0.1,observed,0.0
lower_bound_level:spline:7,lower_bound_level,spline,7,m0=0.005,-1,nan,right_censored,nan,not_at_risk,nan
lower_bound_level:spline:7,lower_bound_level,spline,7,m0=0.005,1,0.025,observed,0.025,observed,0.0
lower_bound_level:spline:7,lower_bound_level,spline,7,m0=0.035,-1,nan,right_censored,nan,not_at_risk,nan
lower_bound_level:spline:7,lower_bound_level,spline,7,m0=0.035,1,0.05,observed,0.05,observed,0.0
lower_bound_level:spline:7,lower_bound_level,spline,7,m0=0.075,-1,nan,right_censored,nan,not_at_risk,nan
lower_bound_level:spline:7,lower_bound_level,spline,7,m0=0.075,1,0.1,observed,0.1,observed,0.0
lower_bound_level:spline:8,lower_bound_level,spline,8,m0=0.005,-1,nan,right_censored,nan,not_at_risk,nan
lower_bound_level:spline:8,lower_bound_level,spline,8,m0=0.005,1,0.025,observed,0.025,observed,0.0
lower_bound_level:spline:8,lower_bound_level,spline,8,m0=0.035,-1,nan,right_censored,nan,not_at_risk,nan
lower_bound_level:spline:8,lower_bound_level,spline,8,m0=0.035,1,0.05,observed,0.05,observed,0.0
lower_bound_level:spline:8,lower_bound_level,spline,8,m0=0.075,-1,nan,right_censored,nan,not_at_risk,nan
lower_bound_level:spline:8,lower_bound_level,spline,8,m0=0.075,1,0.1,observed,0.1,observed,0.0
lower_bound_level:spline:9,lower_bound_level,spline,9,m0=0.005,-1,nan,right_censored,nan,not_at_risk,nan
lower_bound_level:spline:9,lower_bound_level,spline,9,m0=0.005,1,0.025,observed,0.025,observed,0.0
lower_bound_level:spline:9,lower_bound_level,spline,9,m0=0.035,-1,nan,right_censored,nan,not_at_risk,nan
lower_bound_level:spline:9,lower_bound_level,spline,9,m0=0.035,1,0.05,observed,0.05,observed,0.0
lower_bound_level:spline:9,lower_bound_level,spline,9,m0=0.075,-1,nan,right_censored,nan,not_at_risk,nan
lower_bound_level:spline:9,lower_bound_level,spline,9,m0=0.075,1,0.1,observed,0.1,observed,0.0
lower_bound_level:spline:10,lower_bound_level,spline,10,m0=0.005,-1,nan,right_censored,nan,not_at_risk,nan
lower_bound_level:spline:10,lower_bound_level,spline,10,m0=0.005,1,0.025,observed,0.025,observed,0.0
lower_bound_level:spline:10,lower_bound_level,spline,10,m0=0.035,-1,nan,right_censored,nan,not_at_risk,nan
lower_bound_level:spline:10,lower_bound_level,spline,10,m0=0.035,1,0.05,observed,0.05,observed,0.0
lower_bound_level:spline:10,lower_bound_level,spline,10,m0=0.075,-1,nan,right_censored,nan,not_at_risk,nan
lower_bound_level:spline:10,lower_bound_level,spline,10,m0=0.075,1,0.1,observed,0.1,observed,0.0
lower_bound_level:spline:11,lower_bound_level,spline,11,m0=0.005,-1,nan,right_censored,nan,not_at_risk,nan
lower_bound_level:spline:11,lower_bound_level,spline,11,m0=0.005,1,0.025,observed,0.025,observed,0.0
lower_bound_level:spline:11,lower_bound_level,spline,11,m0=0.035,-1,nan,right_censored,nan,not_at_risk,nan
lower_bound_level:spline:11,lower_bound_level,spline,11,m0=0.035,1,0.05,observed,0.05,observed,0.0
lower_bound_level:spline:11,lower_bound_level,spline,11,m0=0.075,-1,nan,right_censored,nan,not_at_risk,nan
lower_bound_level:spline:11,lower_bound_level,spline,11,m0=0.075,1,0.1,observed,0.1,observed,0.0
lower_bound_level:spline:12,lower_bound_level,spline,12,m0=0.005,-1,nan,right_censored,nan,not_at_risk,nan
lower_bound_level:spline:12,lower_bound_level,spline,12,m0=0.005,1,0.025,observed,0.025,observed,0.0
lower_bound_level:spline:12,lower_bound_level,spline,12,m0=0.035,-1,nan,right_censored,nan,not_at_risk,nan
lower_bound_level:spline:12,lower_bound_level,spline,12,m0=0.035,1,0.05,observed,0.05,observed,0.0
lower_bound_level:spline:12,lower_bound_level,spline,12,m0=0.075,-1,nan,right_censored,nan,not_at_risk,nan
lower_bound_level:spline:12,lower_bound_level,spline,12,m0=0.075,1,0.1,observed,0.1,observed,0.0
lower_bound_level:spline:13,lower_bound_level,spline,13,m0=0.005,-1,nan,right_censored,nan,not_at_risk,nan
lower_bound_level:spline:13,lower_bound_level,spline,13,m0=0.005,1,0.025,observed,0.025,observed,0.0
lower_bound_level:spline:13,lower_bound_level,spline,13,m0=0.035,-1,nan,right_censored,nan,not_at_risk,nan
lower_bound_level:spline:13,lower_bound_level,spline,13,m0=0.035,1,0.05,observed,0.05,observed,0.0
lower_bound_level:spline:13,lower_bound_level,spline,13,m0=0.075,-1,nan,right_censored,nan,not_at_risk,nan
lower_bound_level:spline:13,lower_bound_level,spline,13,m0=0.075,1,0.1,observed,0.1,observed,0.0
lower_bound_level:spline:14,lower_bound_level,spline,14,m0=0.005,-1,nan,right_censored,nan,not_at_risk,nan
lower_bound_level:spline:14,lower_bound_level,spline,14,m0=0.005,1,0.025,observed,0.025,observed,0.0
lower_bound_level:spline:14,lower_bound_level,spline,14,m0=0.035,-1,nan,right_censored,nan,not_at_risk,nan
lower_bound_level:spline:14,lower_bound_level,spline,14,m0=0.035,1,0.05,observed,0.05,observed,0.0
lower_bound_level:spline:14,lower_bound_level,spline,14,m0=0.075,-1,nan,right_censored,nan,not_at_risk,nan
lower_bound_level:spline:14,lower_bound_level,spline,14,m0=0.075,1,0.1,observed,0.1,observed,0.0
lower_bound_level:spline:15,lower_bound_level,spline,15,m0=0.005,-1,nan,right_censored,nan,not_at_risk,nan
lower_bound_level:spline:15,lower_bound_level,spline,15,m0=0.005,1,0.025,observed,0.025,observed,0.0
lower_bound_level:spline:15,lower_bound_level,spline,15,m0=0.035,-1,nan,right_censored,nan,not_at_risk,nan
lower_bound_level:spline:15,lower_bound_level,spline,15,m0=0.035,1,0.05,observed,0.05,observed,0.0
lower_bound_level:spline:15,lower_bound_level,spline,15,m0=0.075,-1,nan,right_censored,nan,not_at_risk,nan
lower_bound_level:spline:15,lower_bound_level,spline,15,m0=0.075,1,0.1,observed,0.1,observed,0.0
lower_bound_level:spline:16,lower_bound_level,spline,16,m0=0.005,-1,nan,right_censored,nan,not_at_risk,nan
lower_bound_level:spline:16,lower_bound_level,spline,16,m0=0.005,1,0.025,observed,0.025,observed,0.0
lower_bound_level:spline:16,lower_bound_level,spline,16,m0=0.035,-1,nan,right_censored,nan,not_at_risk,nan
lower_bound_level:spline:16,lower_bound_level,spline,16,m0=0.035,1,0.05,observed,0.05,observed,0.0
lower_bound_level:spline:16,lower_bound_level,spline,16,m0=0.075,-1,nan,right_censored,nan,not_at_risk,nan
lower_bound_level:spline:16,lower_bound_level,spline,16,m0=0.075,1,0.1,observed,0.1,observed,0.0
lower_bound_level:spline:17,lower_bound_level,spline,17,m0=0.005,-1,nan,right_censored,nan,not_at_risk,nan
lower_bound_level:spline:17,lower_bound_level,spline,17,m0=0.005,1,0.025,observed,0.025,observed,0.0
lower_bound_level:spline:17,lower_bound_level,spline,17,m0=0.035,-1,nan,right_censored,nan,not_at_risk,nan
lower_bound_level:spline:17,lower_bound_level,spline,17,m0=0.035,1,0.05,observed,0.05,observed,0.0
lower_bound_level:spline:17,lower_bound_level,spline,17,m0=0.075,-1,nan,right_censored,nan,not_at_risk,nan
lower_bound_level:spline:17,lower_bound_level,spline,17,m0=0.075,1,0.1,observed,0.1,observed,0.0
lower_bound_level:spline:18,lower_bound_level,spline,18,m0=0.005,-1,nan,right_censored,nan,not_at_risk,nan
lower_bound_level:spline:18,lower_bound_level,spline,18,m0=0.005,1,0.025,observed,0.025,observed,0.0
lower_bound_level:spline:18,lower_bound_level,spline,18,m0=0.035,-1,nan,right_censored,nan,not_at_risk,nan
lower_bound_level:spline:18,lower_bound_level,spline,18,m0=0.035,1,0.05,observed,0.05,observed,0.0
lower_bound_level:spline:18,lower_bound_level,spline,18,m0=0.075,-1,nan,right_censored,nan,not_at_risk,nan
lower_bound_level:spline:18,lower_bound_level,spline,18,m0=0.075,1,0.1,observed,0.1,observed,0.0
lower_bound_level:spline:19,lower_bound_level,spline,19,m0=0.005,-1,nan,right_censored,nan,not_at_risk,nan
lower_bound_level:spline:19,lower_bound_level,spline,19,m0=0.005,1,0.025,observed,0.025,observed,0.0
lower_bound_level:spline:19,lower_bound_level,spline,19,m0=0.035,-1,nan,right_censored,nan,not_at_risk,nan
lower_bound_level:spline:19,lower_bound_level,spline,19,m0=0.035,1,0.05,observed,0.05,observed,0.0
lower_bound_level:spline:19,lower_bound_level,spline,19,m0=0.075,-1,nan,right_censored,nan,not_at_risk,nan
lower_bound_level:spline:19,lower_bound_level,spline,19,m0=0.075,1,0.1,observed,0.1,observed,0.0
lower_bound_level:spline:20,lower_bound_level,spline,20,m0=0.005,-1,nan,right_censored,nan,not_at_risk,nan
lower_bound_level:spline:20,lower_bound_level,spline,20,m0=0.005,1,0.025,observed,0.025,observed,0.0
lower_bound_level:spline:20,lower_bound_level,spline,20,m0=0.035,-1,nan,right_censored,nan,not_at_risk,nan
lower_bound_level:spline:20,lower_bound_level,spline,20,m0=0.035,1,0.05,observed,0.05,observed,0.0
lower_bound_level:spline:20,lower_bound_level,spline,20,m0=0.075,-1,nan,right_censored,nan,not_at_risk,nan
lower_bound_level:spline:20,lower_bound_level,spline,20,m0=0.075,1,0.1,observed,0.1,observed,0.0
lower_bound_level:spline:21,lower_bound_level,spline,21,m0=0.005,-1,nan,right_censored,nan,not_at_risk,nan
lower_bound_level:spline:21,lower_bound_level,spline,21,m0=0.005,1,0.025,observed,0.025,observed,0.0
lower_bound_level:spline:21,lower_bound_level,spline,21,m0=0.035,-1,nan,right_censored,nan,not_at_risk,nan
lower_bound_level:spline:21,lower_bound_level,spline,21,m0=0.035,1,0.05,observed,0.05,observed,0.0
lower_bound_level:spline:21,lower_bound_level,spline,21,m0=0.075,-1,nan,right_censored,nan,not_at_risk,nan
lower_bound_level:spline:21,lower_bound_level,spline,21,m0=0.075,1,0.1,observed,0.1,observed,0.0
lower_bound_level:spline:22,lower_bound_level,spline,22,m0=0.005,-1,nan,right_censored,nan,not_at_risk,nan
lower_bound_level:spline:22,lower_bound_level,spline,22,m0=0.005,1,0.025,observed,0.025,observed,0.0
lower_bound_level:spline:22,lower_bound_level,spline,22,m0=0.035,-1,nan,right_censored,nan,not_at_risk,nan
lower_bound_level:spline:22,lower_bound_level,spline,22,m0=0.035,1,0.05,observed,0.05,observed,0.0
lower_bound_level:spline:22,lower_bound_level,spline,22,m0=0.075,-1,nan,right_censored,nan,not_at_risk,nan
lower_bound_level:spline:22,lower_bound_level,spline,22,m0=0.075,1,0.1,observed,0.1,observed,0.0
lower_bound_level:spline:23,lower_bound_level,spline,23,m0=0.005,-1,nan,right_censored,nan,not_at_risk,nan
lower_bound_level:spline:23,lower_bound_level,spline,23,m0=0.005,1,0.025,observed,0.025,observed,0.0
lower_bound_level:spline:23,lower_bound_level,spline,23,m0=0.035,-1,nan,right_censored,nan,not_at_risk,nan
lower_bound_level:spline:23,lower_bound_level,spline,23,m0=0.035,1,0.05,observed,0.05,observed,0.0
lower_bound_level:spline:23,lower_bound_level,spline,23,m0=0.075,-1,nan,right_censored,nan,not_at_risk,nan
lower_bound_level:spline:23,lower_bound_level,spline,23,m0=0.075,1,0.1,observed,0.1,observed,0.0
lower_bound_level:spline:24,lower_bound_level,spline,24,m0=0.005,-1,nan,right_censored,nan,not_at_risk,nan
lower_bound_level:spline:24,lower_bound_level,spline,24,m0=0.005,1,0.025,observed,0.025,observed,0.0
lower_bound_level:spline:24,lower_bound_level,spline,24,m0=0.035,-1,nan,right_censored,nan,not_at_risk,nan
lower_bound_level:spline:24,lower_bound_level,spline,24,m0=0.035,1,0.05,observed,0.05,observed,0.0
lower_bound_level:spline:24,lower_bound_level,spline,24,m0=0.075,-1,nan,right_censored,nan,not_at_risk,nan
lower_bound_level:spline:24,lower_bound_level,spline,24,m0=0.075,1,0.1,observed,0.1,observed,0.0
lower_bound_level:spline:25,lower_bound_level,spline,25,m0=0.005,-1,nan,right_censored,nan,not_at_risk,nan
lower_bound_level:spline:25,lower_bound_level,spline,25,m0=0.005,1,0.025,observed,0.025,observed,0.0
lower_bound_level:spline:25,lower_bound_level,spline,25,m0=0.035,-1,nan,right_censored,nan,not_at_risk,nan
lower_bound_level:spline:25,lower_bound_level,spline,25,m0=0.035,1,0.05,observed,0.05,observed,0.0
lower_bound_level:spline:25,lower_bound_level,spline,25,m0=0.075,-1,nan,right_censored,nan,not_at_risk,nan
lower_bound_level:spline:25,lower_bound_level,spline,25,m0=0.075,1,0.1,observed,0.1,observed,0.0
lower_bound_level:spline:26,lower_bound_level,spline,26,m0=0.005,-1,nan,right_censored,nan,not_at_risk,nan
lower_bound_level:spline:26,lower_bound_level,spline,26,m0=0.005,1,0.025,observed,0.025,observed,0.0
lower_bound_level:spline:26,lower_bound_level,spline,26,m0=0.035,-1,nan,right_censored,nan,not_at_risk,nan
lower_bound_level:spline:26,lower_bound_level,spline,26,m0=0.035,1,0.05,observed,0.05,observed,0.0
lower_bound_level:spline:26,lower_bound_level,spline,26,m0=0.075,-1,nan,right_censored,nan,not_at_risk,nan
lower_bound_level:spline:26,lower_bound_level,spline,26,m0=0.075,1,0.1,observed,0.1,observed,0.0
lower_bound_level:spline:27,lower_bound_level,spline,27,m0=0.005,-1,nan,right_censored,nan,not_at_risk,nan
lower_bound_level:spline:27,lower_bound_level,spline,27,m0=0.005,1,0.025,observed,0.025,observed,0.0
lower_bound_level:spline:27,lower_bound_level,spline,27,m0=0.035,-1,nan,right_censored,nan,not_at_risk,nan
lower_bound_level:spline:27,lower_bound_level,spline,27,m0=0.035,1,0.05,observed,0.05,observed,0.0
lower_bound_level:spline:27,lower_bound_level,spline,27,m0=0.075,-1,nan,right_censored,nan,not_at_risk,nan
lower_bound_level:spline:27,lower_bound_level,spline,27,m0=0.075,1,0.1,observed,0.1,observed,0.0
lower_bound_level:spline:28,lower_bound_level,spline,28,m0=0.005,-1,nan,right_censored,nan,not_at_risk,nan
lower_bound_level:spline:28,lower_bound_level,spline,28,m0=0.005,1,0.025,observed,0.025,observed,0.0
lower_bound_level:spline:28,lower_bound_level,spline,28,m0=0.035,-1,nan,right_censored,nan,not_at_risk,nan
lower_bound_level:spline:28,lower_bound_level,spline,28,m0=0.035,1,0.05,observed,0.05,observed,0.0
lower_bound_level:spline:28,lower_bound_level,spline,28,m0=0.075,-1,nan,right_censored,nan,not_at_risk,nan
lower_bound_level:spline:28,lower_bound_level,spline,28,m0=0.075,1,0.1,observed,0.1,observed,0.0
lower_bound_level:spline:29,lower_bound_level,spline,29,m0=0.005,-1,nan,right_censored,nan,not_at_risk,nan
lower_bound_level:spline:29,lower_bound_level,spline,29,m0=0.005,1,0.025,observed,0.025,observed,0.0
lower_bound_level:spline:29,lower_bound_level,spline,29,m0=0.035,-1,nan,right_censored,nan,not_at_risk,nan
lower_bound_level:spline:29,lower_bound_level,spline,29,m0=0.035,1,0.05,observed,0.05,observed,0.0
lower_bound_level:spline:29,lower_bound_level,spline,29,m0=0.075,-1,nan,right_censored,nan,not_at_risk,nan
lower_bound_level:spline:29,lower_bound_level,spline,29,m0=0.075,1,0.1,observed,0.1,observed,0.0
lower_bound_level:basis:0,lower_bound_level,basis,0,m0=0.005,-1,nan,right_censored,nan,not_at_risk,nan
lower_bound_level:basis:0,lower_bound_level,basis,0,m0=0.005,1,0.025,observed,0.025,observed,0.0
lower_bound_level:basis:0,lower_bound_level,basis,0,m0=0.035,-1,nan,right_censored,nan,not_at_risk,nan
lower_bound_level:basis:0,lower_bound_level,basis,0,m0=0.035,1,0.05,observed,0.05,observed,0.0
lower_bound_level:basis:0,lower_bound_level,basis,0,m0=0.075,-1,nan,right_censored,nan,not_at_risk,nan
lower_bound_level:basis:0,lower_bound_level,basis,0,m0=0.075,1,0.1,observed,0.1,observed,0.0
lower_bound_level:basis:1,lower_bound_level,basis,1,m0=0.005,-1,nan,right_censored,nan,not_at_risk,nan
lower_bound_level:basis:1,lower_bound_level,basis,1,m0=0.005,1,0.025,observed,0.025,observed,0.0
lower_bound_level:basis:1,lower_bound_level,basis,1,m0=0.035,-1,nan,right_censored,nan,not_at_risk,nan
lower_bound_level:basis:1,lower_bound_level,basis,1,m0=0.035,1,0.05,observed,0.05,observed,0.0
lower_bound_level:basis:1,lower_bound_level,basis,1,m0=0.075,-1,nan,right_censored,nan,not_at_risk,nan
lower_bound_level:basis:1,lower_bound_level,basis,1,m0=0.075,1,0.1,observed,0.1,observed,0.0
lower_bound_level:basis:2,lower_bound_level,basis,2,m0=0.005,-1,nan,right_censored,nan,not_at_risk,nan
lower_bound_level:basis:2,lower_bound_level,basis,2,m0=0.005,1,0.025,observed,0.025,observed,0.0
lower_bound_level:basis:2,lower_bound_level,basis,2,m0=0.035,-1,nan,right_censored,nan,not_at_risk,nan
lower_bound_level:basis:2,lower_bound_level,basis,2,m0=0.035,1,0.05,observed,0.05,observed,0.0
lower_bound_level:basis:2,lower_bound_level,basis,2,m0=0.075,-1,nan,right_censored,nan,not_at_risk,nan
lower_bound_level:basis:2,lower_bound_level,basis,2,m0=0.075,1,0.1,observed,0.1,observed,0.0
lower_bound_level:basis:3,lower_bound_level,basis,3,m0=0.005,-1,nan,right_censored,nan,not_at_risk,nan
lower_bound_level:basis:3,lower_bound_level,basis,3,m0=0.005,1,0.025,observed,0.025,observed,0.0
lower_bound_level:basis:3,lower_bound_level,basis,3,m0=0.035,-1,nan,right_censored,nan,not_at_risk,nan
lower_bound_level:basis:3,lower_bound_level,basis,3,m0=0.035,1,0.05,observed,0.05,observed,0.0
lower_bound_level:basis:3,lower_bound_level,basis,3,m0=0.075,-1,nan,right_censored,nan,not_at_risk,nan
lower_bound_level:basis:3,lower_bound_level,basis,3,m0=0.075,1,0.1,observed,0.1,observed,0.0
lower_bound_level:basis:4,lower_bound_level,basis,4,m0=0.005,-1,nan,right_censored,nan,not_at_risk,nan
lower_bound_level:basis:4,lower_bound_level,basis,4,m0=0.005,1,0.025,observed,0.025,observed,0.0
lower_bound_level:basis:4,lower_bound_level,basis,4,m0=0.035,-1,nan,right_censored,nan,not_at_risk,nan
lower_bound_level:basis:4,lower_bound_level,basis,4,m0=0.035,1,0.05,observed,0.05,observed,0.0
lower_bound_level:basis:4,lower_bound_level,basis,4,m0=0.075,-1,nan,right_censored,nan,not_at_risk,nan
lower_bound_level:basis:4,lower_bound_level,basis,4,m0=0.075,1,0.1,observed,0.1,observed,0.0
lower_bound_level:basis:5,lower_bound_level,basis,5,m0=0.005,-1,nan,right_censored,nan,not_at_risk,nan
lower_bound_level:basis:5,lower_bound_level,basis,5,m0=0.005,1,0.025,observed,0.025,observed,0.0
lower_bound_level:basis:5,lower_bound_level,basis,5,m0=0.035,-1,nan,right_censored,nan,not_at_risk,nan
lower_bound_level:basis:5,lower_bound_level,basis,5,m0=0.035,1,0.05,observed,0.05,observed,0.0
lower_bound_level:basis:5,lower_bound_level,basis,5,m0=0.075,-1,nan,right_censored,nan,not_at_risk,nan
lower_bound_level:basis:5,lower_bound_level,basis,5,m0=0.075,1,0.1,observed,0.1,observed,0.0
lower_bound_level:basis:6,lower_bound_level,basis,6,m0=0.005,-1,nan,right_censored,nan,not_at_risk,nan
lower_bound_level:basis:6,lower_bound_level,basis,6,m0=0.005,1,0.025,observed,0.025,observed,0.0
lower_bound_level:basis:6,lower_bound_level,basis,6,m0=0.035,-1,nan,right_censored,nan,not_at_risk,nan
lower_bound_level:basis:6,lower_bound_level,basis,6,m0=0.035,1,0.05,observed,0.05,observed,0.0
lower_bound_level:basis:6,lower_bound_level,basis,6,m0=0.075,-1,nan,right_censored,nan,not_at_risk,nan
lower_bound_level:basis:6,lower_bound_level,basis,6,m0=0.075,1,0.1,observed,0.1,observed,0.0
lower_bound_level:basis:7,lower_bound_level,basis,7,m0=0.005,-1,nan,right_censored,nan,not_at_risk,nan
lower_bound_level:basis:7,lower_bound_level,basis,7,m0=0.005,1,0.025,observed,0.025,observed,0.0
lower_bound_level:basis:7,lower_bound_level,basis,7,m0=0.035,-1,nan,right_censored,nan,not_at_risk,nan
lower_bound_level:basis:7,lower_bound_level,basis,7,m0=0.035,1,0.05,observed,0.05,observed,0.0
lower_bound_level:basis:7,lower_bound_level,basis,7,m0=0.075,-1,nan,right_censored,nan,not_at_risk,nan
lower_bound_level:basis:7,lower_bound_level,basis,7,m0=0.075,1,0.1,observed,0.1,observed,0.0
lower_bound_level:basis:8,lower_bound_level,basis,8,m0=0.005,-1,nan,right_censored,nan,not_at_risk,nan
lower_bound_level:basis:8,lower_bound_level,basis,8,m0=0.005,1,0.025,observed,0.025,observed,0.0
lower_bound_level:basis:8,lower_bound_level,basis,8,m0=0.035,-1,nan,right_censored,nan,not_at_risk,nan
lower_bound_level:basis:8,lower_bound_level,basis,8,m0=0.035,1,0.05,observed,0.05,observed,0.0
lower_bound_level:basis:8,lower_bound_level,basis,8,m0=0.075,-1,nan,right_censored,nan,not_at_risk,nan
lower_bound_level:basis:8,lower_bound_level,basis,8,m0=0.075,1,0.1,observed,0.1,observed,0.0
lower_bound_level:basis:9,lower_bound_level,basis,9,m0=0.005,-1,nan,right_censored,nan,not_at_risk,nan
lower_bound_level:basis:9,lower_bound_level,basis,9,m0=0.005,1,0.025,observed,0.025,observed,0.0
lower_bound_level:basis:9,lower_bound_level,basis,9,m0=0.035,-1,nan,right_censored,nan,not_at_risk,nan
lower_bound_level:basis:9,lower_bound_level,basis,9,m0=0.035,1,0.05,observed,0.05,observed,0.0
lower_bound_level:basis:9,lower_bound_level,basis,9,m0=0.075,-1,nan,right_censored,nan,not_at_risk,nan
lower_bound_level:basis:9,lower_bound_level,basis,9,m0=0.075,1,0.1,observed,0.1,observed,0.0
lower_bound_level:basis:10,lower_bound_level,basis,10,m0=0.005,-1,nan,right_censored,nan,not_at_risk,nan
lower_bound_level:basis:10,lower_bound_level,basis,10,m0=0.005,1,0.025,observed,0.025,observed,0.0
lower_bound_level:basis:10,lower_bound_level,basis,10,m0=0.035,-1,nan,right_censored,nan,not_at_risk,nan
lower_bound_level:basis:10,lower_bound_level,basis,10,m0=0.035,1,0.05,observed,0.05,observed,0.0
lower_bound_level:basis:10,lower_bound_level,basis,10,m0=0.075,-1,nan,right_censored,nan,not_at_risk,nan
lower_bound_level:basis:10,lower_bound_level,basis,10,m0=0.075,1,0.1,observed,0.1,observed,0.0
lower_bound_level:basis:11,lower_bound_level,basis,11,m0=0.005,-1,nan,right_censored,nan,not_at_risk,nan
lower_bound_level:basis:11,lower_bound_level,basis,11,m0=0.005,1,0.025,observed,0.025,observed,0.0
lower_bound_level:basis:11,lower_bound_level,basis,11,m0=0.035,-1,nan,right_censored,nan,not_at_risk,nan
lower_bound_level:basis:11,lower_bound_level,basis,11,m0=0.035,1,0.05,observed,0.05,observed,0.0
lower_bound_level:basis:11,lower_bound_level,basis,11,m0=0.075,-1,nan,right_censored,nan,not_at_risk,nan
lower_bound_level:basis:11,lower_bound_level,basis,11,m0=0.075,1,0.1,observed,0.1,observed,0.0
lower_bound_level:basis:12,lower_bound_level,basis,12,m0=0.005,-1,nan,right_censored,nan,not_at_risk,nan
lower_bound_level:basis:12,lower_bound_level,basis,12,m0=0.005,1,0.025,observed,0.025,observed,0.0
lower_bound_level:basis:12,lower_bound_level,basis,12,m0=0.035,-1,nan,right_censored,nan,not_at_risk,nan
lower_bound_level:basis:12,lower_bound_level,basis,12,m0=0.035,1,0.05,observed,0.05,observed,0.0
lower_bound_level:basis:12,lower_bound_level,basis,12,m0=0.075,-1,nan,right_censored,nan,not_at_risk,nan
lower_bound_level:basis:12,lower_bound_level,basis,12,m0=0.075,1,0.1,observed,0.1,observed,0.0
lower_bound_level:basis:13,lower_bound_level,basis,13,m0=0.005,-1,nan,right_censored,nan,not_at_risk,nan
lower_bound_level:basis:13,lower_bound_level,basis,13,m0=0.005,1,0.025,observed,0.025,observed,0.0
lower_bound_level:basis:13,lower_bound_level,basis,13,m0=0.035,-1,nan,right_censored,nan,not_at_risk,nan
lower_bound_level:basis:13,lower_bound_level,basis,13,m0=0.035,1,0.05,observed,0.05,observed,0.0
lower_bound_level:basis:13,lower_bound_level,basis,13,m0=0.075,-1,nan,right_censored,nan,not_at_risk,nan
lower_bound_level:basis:13,lower_bound_level,basis,13,m0=0.075,1,0.1,observed,0.1,observed,0.0
lower_bound_level:basis:14,lower_bound_level,basis,14,m0=0.005,-1,nan,right_censored,nan,not_at_risk,nan
lower_bound_level:basis:14,lower_bound_level,basis,14,m0=0.005,1,0.025,observed,0.025,observed,0.0
lower_bound_level:basis:14,lower_bound_level,basis,14,m0=0.035,-1,nan,right_censored,nan,not_at_risk,nan
lower_bound_level:basis:14,lower_bound_level,basis,14,m0=0.035,1,0.05,observed,0.05,observed,0.0
lower_bound_level:basis:14,lower_bound_level,basis,14,m0=0.075,-1,nan,right_censored,nan,not_at_risk,nan
lower_bound_level:basis:14,lower_bound_level,basis,14,m0=0.075,1,0.1,observed,0.1,observed,0.0
lower_bound_level:basis:15,lower_bound_level,basis,15,m0=0.005,-1,nan,right_censored,nan,not_at_risk,nan
lower_bound_level:basis:15,lower_bound_level,basis,15,m0=0.005,1,0.025,observed,0.025,observed,0.0
lower_bound_level:basis:15,lower_bound_level,basis,15,m0=0.035,-1,nan,right_censored,nan,not_at_risk,nan
lower_bound_level:basis:15,lower_bound_level,basis,15,m0=0.035,1,0.05,observed,0.05,observed,0.0
lower_bound_level:basis:15,lower_bound_level,basis,15,m0=0.075,-1,nan,right_censored,nan,not_at_risk,nan
lower_bound_level:basis:15,lower_bound_level,basis,15,m0=0.075,1,0.1,observed,0.1,observed,0.0
lower_bound_level:basis:16,lower_bound_level,basis,16,m0=0.005,-1,nan,right_censored,nan,not_at_risk,nan
lower_bound_level:basis:16,lower_bound_level,basis,16,m0=0.005,1,0.025,observed,0.025,observed,0.0
lower_bound_level:basis:16,lower_bound_level,basis,16,m0=0.035,-1,nan,right_censored,nan,not_at_risk,nan
lower_bound_level:basis:16,lower_bound_level,basis,16,m0=0.035,1,0.05,observed,0.05,observed,0.0
lower_bound_level:basis:16,lower_bound_level,basis,16,m0=0.075,-1,nan,right_censored,nan,not_at_risk,nan
lower_bound_level:basis:16,lower_bound_level,basis,16,m0=0.075,1,0.1,observed,0.1,observed,0.0
lower_bound_level:basis:17,lower_bound_level,basis,17,m0=0.005,-1,nan,right_censored,nan,not_at_risk,nan
lower_bound_level:basis:17,lower_bound_level,basis,17,m0=0.005,1,0.025,observed,0.025,observed,0.0
lower_bound_level:basis:17,lower_bound_level,basis,17,m0=0.035,-1,nan,right_censored,nan,not_at_risk,nan
lower_bound_level:basis:17,lower_bound_level,basis,17,m0=0.035,1,0.05,observed,0.05,observed,0.0
lower_bound_level:basis:17,lower_bound_level,basis,17,m0=0.075,-1,nan,right_censored,nan,not_at_risk,nan
lower_bound_level:basis:17,lower_bound_level,basis,17,m0=0.075,1,0.1,observed,0.1,observed,0.0
lower_bound_level:basis:18,lower_bound_level,basis,18,m0=0.005,-1,nan,right_censored,nan,not_at_risk,nan
lower_bound_level:basis:18,lower_bound_level,basis,18,m0=0.005,1,0.025,observed,0.025,observed,0.0
lower_bound_level:basis:18,lower_bound_level,basis,18,m0=0.035,-1,nan,right_censored,nan,not_at_risk,nan
lower_bound_level:basis:18,lower_bound_level,basis,18,m0=0.035,1,0.05,observed,0.05,observed,0.0
lower_bound_level:basis:18,lower_bound_level,basis,18,m0=0.075,-1,nan,right_censored,nan,not_at_risk,nan
lower_bound_level:basis:18,lower_bound_level,basis,18,m0=0.075,1,0.1,observed,0.1,observed,0.0
lower_bound_level:basis:19,lower_bound_level,basis,19,m0=0.005,-1,nan,right_censored,nan,not_at_risk,nan
lower_bound_level:basis:19,lower_bound_level,basis,19,m0=0.005,1,0.025,observed,0.025,observed,0.0
lower_bound_level:basis:19,lower_bound_level,basis,19,m0=0.035,-1,nan,right_censored,nan,not_at_risk,nan
lower_bound_level:basis:19,lower_bound_level,basis,19,m0=0.035,1,0.05,observed,0.05,observed,0.0
lower_bound_level:basis:19,lower_bound_level,basis,19,m0=0.075,-1,nan,right_censored,nan,not_at_risk,nan
lower_bound_level:basis:19,lower_bound_level,basis,19,m0=0.075,1,0.1,observed,0.1,observed,0.0
lower_bound_level:basis:20,lower_bound_level,basis,20,m0=0.005,-1,nan,right_censored,nan,not_at_risk,nan
lower_bound_level:basis:20,lower_bound_level,basis,20,m0=0.005,1,0.025,observed,0.025,observed,0.0
lower_bound_level:basis:20,lower_bound_level,basis,20,m0=0.035,-1,nan,right_censored,nan,not_at_risk,nan
lower_bound_level:basis:20,lower_bound_level,basis,20,m0=0.035,1,0.05,observed,0.05,observed,0.0
lower_bound_level:basis:20,lower_bound_level,basis,20,m0=0.075,-1,nan,right_censored,nan,not_at_risk,nan
lower_bound_level:basis:20,lower_bound_level,basis,20,m0=0.075,1,0.1,observed,0.1,observed,0.0
lower_bound_level:basis:21,lower_bound_level,basis,21,m0=0.005,-1,nan,right_censored,nan,not_at_risk,nan
lower_bound_level:basis:21,lower_bound_level,basis,21,m0=0.005,1,0.025,observed,0.025,observed,0.0
lower_bound_level:basis:21,lower_bound_level,basis,21,m0=0.035,-1,nan,right_censored,nan,not_at_risk,nan
lower_bound_level:basis:21,lower_bound_level,basis,21,m0=0.035,1,0.05,observed,0.05,observed,0.0
lower_bound_level:basis:21,lower_bound_level,basis,21,m0=0.075,-1,nan,right_censored,nan,not_at_risk,nan
lower_bound_level:basis:21,lower_bound_level,basis,21,m0=0.075,1,0.1,observed,0.1,observed,0.0
lower_bound_level:basis:22,lower_bound_level,basis,22,m0=0.005,-1,nan,right_censored,nan,not_at_risk,nan
lower_bound_level:basis:22,lower_bound_level,basis,22,m0=0.005,1,0.025,observed,0.025,observed,0.0
lower_bound_level:basis:22,lower_bound_level,basis,22,m0=0.035,-1,nan,right_censored,nan,not_at_risk,nan
lower_bound_level:basis:22,lower_bound_level,basis,22,m0=0.035,1,0.05,observed,0.05,observed,0.0
lower_bound_level:basis:22,lower_bound_level,basis,22,m0=0.075,-1,nan,right_censored,nan,not_at_risk,nan
lower_bound_level:basis:22,lower_bound_level,basis,22,m0=0.075,1,0.1,observed,0.1,observed,0.0
lower_bound_level:basis:23,lower_bound_level,basis,23,m0=0.005,-1,nan,right_censored,nan,not_at_risk,nan
lower_bound_level:basis:23,lower_bound_level,basis,23,m0=0.005,1,0.025,observed,0.025,observed,0.0
lower_bound_level:basis:23,lower_bound_level,basis,23,m0=0.035,-1,nan,right_censored,nan,not_at_risk,nan
lower_bound_level:basis:23,lower_bound_level,basis,23,m0=0.035,1,0.05,observed,0.05,observed,0.0
lower_bound_level:basis:23,lower_bound_level,basis,23,m0=0.075,-1,nan,right_censored,nan,not_at_risk,nan
lower_bound_level:basis:23,lower_bound_level,basis,23,m0=0.075,1,0.1,observed,0.1,observed,0.0
lower_bound_level:basis:24,lower_bound_level,basis,24,m0=0.005,-1,nan,right_censored,nan,not_at_risk,nan
lower_bound_level:basis:24,lower_bound_level,basis,24,m0=0.005,1,0.025,observed,0.025,observed,0.0
lower_bound_level:basis:24,lower_bound_level,basis,24,m0=0.035,-1,nan,right_censored,nan,not_at_risk,nan
lower_bound_level:basis:24,lower_bound_level,basis,24,m0=0.035,1,0.05,observed,0.05,observed,0.0
lower_bound_level:basis:24,lower_bound_level,basis,24,m0=0.075,-1,nan,right_censored,nan,not_at_risk,nan
lower_bound_level:basis:24,lower_bound_level,basis,24,m0=0.075,1,0.1,observed,0.1,observed,0.0
lower_bound_level:basis:25,lower_bound_level,basis,25,m0=0.005,-1,nan,right_censored,nan,not_at_risk,nan
lower_bound_level:basis:25,lower_bound_level,basis,25,m0=0.005,1,0.025,observed,0.025,observed,0.0
lower_bound_level:basis:25,lower_bound_level,basis,25,m0=0.035,-1,nan,right_censored,nan,not_at_risk,nan
lower_bound_level:basis:25,lower_bound_level,basis,25,m0=0.035,1,0.05,observed,0.05,observed,0.0
lower_bound_level:basis:25,lower_bound_level,basis,25,m0=0.075,-1,nan,right_censored,nan,not_at_risk,nan
lower_bound_level:basis:25,lower_bound_level,basis,25,m0=0.075,1,0.1,observed,0.1,observed,0.0
lower_bound_level:basis:26,lower_bound_level,basis,26,m0=0.005,-1,nan,right_censored,nan,not_at_risk,nan
lower_bound_level:basis:26,lower_bound_level,basis,26,m0=0.005,1,0.025,observed,0.025,observed,0.0
lower_bound_level:basis:26,lower_bound_level,basis,26,m0=0.035,-1,nan,right_censored,nan,not_at_risk,nan
lower_bound_level:basis:26,lower_bound_level,basis,26,m0=0.035,1,0.05,observed,0.05,observed,0.0
lower_bound_level:basis:26,lower_bound_level,basis,26,m0=0.075,-1,nan,right_censored,nan,not_at_risk,nan
lower_bound_level:basis:26,lower_bound_level,basis,26,m0=0.075,1,0.1,observed,0.1,observed,0.0
lower_bound_level:basis:27,lower_bound_level,basis,27,m0=0.005,-1,nan,right_censored,nan,not_at_risk,nan
lower_bound_level:basis:27,lower_bound_level,basis,27,m0=0.005,1,0.025,observed,0.025,observed,0.0
lower_bound_level:basis:27,lower_bound_level,basis,27,m0=0.035,-1,nan,right_censored,nan,not_at_risk,nan
lower_bound_level:basis:27,lower_bound_level,basis,27,m0=0.035,1,0.05,observed,0.05,observed,0.0
lower_bound_level:basis:27,lower_bound_level,basis,27,m0=0.075,-1,nan,right_censored,nan,not_at_risk,nan
lower_bound_level:basis:27,lower_bound_level,basis,27,m0=0.075,1,0.1,observed,0.1,observed,0.0
lower_bound_level:basis:28,lower_bound_level,basis,28,m0=0.005,-1,nan,right_censored,nan,not_at_risk,nan
lower_bound_level:basis:28,lower_bound_level,basis,28,m0=0.005,1,0.025,observed,0.025,observed,0.0
lower_bound_level:basis:28,lower_bound_level,basis,28,m0=0.035,-1,nan,right_censored,nan,not_at_risk,nan
lower_bound_level:basis:28,lower_bound_level,basis,28,m0=0.035,1,0.05,observed,0.05,observed,0.0
lower_bound_level:basis:28,lower_bound_level,basis,28,m0=0.075,-1,nan,right_censored,nan,not_at_risk,nan
lower_bound_level:basis:28,lower_bound_level,basis,28,m0=0.075,1,0.1,observed,0.1,observed,0.0
lower_bound_level:basis:29,lower_bound_level,basis,29,m0=0.005,-1,nan,right_censored,nan,not_at_risk,nan
lower_bound_level:basis:29,lower_bound_level,basis,29,m0=0.005,1,0.025,observed,0.025,observed,0.0
lower_bound_level:basis:29,lower_bound_level,basis,29,m0=0.035,-1,nan,right_censored,nan,not_at_risk,nan
lower_bound_level:basis:29,lower_bound_level,basis,29,m0=0.035,1,0.05,observed,0.05,observed,0.0
lower_bound_level:basis:29,lower_bound_level,basis,29,m0=0.075,-1,nan,right_censored,nan,not_at_risk,nan
lower_bound_level:basis:29,lower_bound_level,basis,29,m0=0.075,1,0.1,observed,0.1,observed,0.0
lower_bound_level:ode:0,lower_bound_level,ode,0,m0=0.005,-1,nan,right_censored,nan,not_at_risk,nan
lower_bound_level:ode:0,lower_bound_level,ode,0,m0=0.005,1,0.025,observed,0.025,observed,0.0
lower_bound_level:ode:0,lower_bound_level,ode,0,m0=0.035,-1,nan,right_censored,nan,not_at_risk,nan
lower_bound_level:ode:0,lower_bound_level,ode,0,m0=0.035,1,0.05,observed,0.05,observed,0.0
lower_bound_level:ode:0,lower_bound_level,ode,0,m0=0.075,-1,nan,right_censored,nan,not_at_risk,nan
lower_bound_level:ode:0,lower_bound_level,ode,0,m0=0.075,1,0.1,observed,0.1,observed,0.0
lower_bound_level:ode:1,lower_bound_level,ode,1,m0=0.005,-1,nan,right_censored,nan,not_at_risk,nan
lower_bound_level:ode:1,lower_bound_level,ode,1,m0=0.005,1,0.025,observed,0.025,observed,0.0
lower_bound_level:ode:1,lower_bound_level,ode,1,m0=0.035,-1,nan,right_censored,nan,not_at_risk,nan
lower_bound_level:ode:1,lower_bound_level,ode,1,m0=0.035,1,0.05,observed,0.05,observed,0.0
lower_bound_level:ode:1,lower_bound_level,ode,1,m0=0.075,-1,nan,right_censored,nan,not_at_risk,nan
lower_bound_level:ode:1,lower_bound_level,ode,1,m0=0.075,1,0.1,observed,0.1,observed,0.0
lower_bound_level:ode:2,lower_bound_level,ode,2,m0=0.005,-1,nan,right_censored,nan,not_at_risk,nan
lower_bound_level:ode:2,lower_bound_level,ode,2,m0=0.005,1,0.025,observed,0.025,observed,0.0
lower_bound_level:ode:2,lower_bound_level,ode,2,m0=0.035,-1,nan,right_censored,nan,not_at_risk,nan
lower_bound_level:ode:2,lower_bound_level,ode,2,m0=0.035,1,0.05,observed,0.05,observed,0.0
lower_bound_level:ode:2,lower_bound_level,ode,2,m0=0.075,-1,nan,right_censored,nan,not_at_risk,nan
lower_bound_level:ode:2,lower_bound_level,ode,2,m0=0.075,1,0.1,observed,0.1,observed,0.0
lower_bound_level:ode:3,lower_bound_level,ode,3,m0=0.005,-1,nan,right_censored,nan,not_at_risk,nan
lower_bound_level:ode:3,lower_bound_level,ode,3,m0=0.005,1,0.025,observed,0.025,observed,0.0
lower_bound_level:ode:3,lower_bound_level,ode,3,m0=0.035,-1,nan,right_censored,nan,not_at_risk,nan
lower_bound_level:ode:3,lower_bound_level,ode,3,m0=0.035,1,0.05,observed,0.05,observed,0.0
lower_bound_level:ode:3,lower_bound_level,ode,3,m0=0.075,-1,nan,right_censored,nan,not_at_risk,nan
lower_bound_level:ode:3,lower_bound_level,ode,3,m0=0.075,1,0.1,observed,0.1,observed,0.0
lower_bound_level:ode:4,lower_bound_level,ode,4,m0=0.005,-1,nan,right_censored,nan,not_at_risk,nan
lower_bound_level:ode:4,lower_bound_level,ode,4,m0=0.005,1,0.025,observed,0.025,observed,0.0
lower_bound_level:ode:4,lower_bound_level,ode,4,m0=0.035,-1,nan,right_censored,nan,not_at_risk,nan
lower_bound_level:ode:4,lower_bound_level,ode,4,m0=0.035,1,0.05,observed,0.05,observed,0.0
lower_bound_level:ode:4,lower_bound_level,ode,4,m0=0.075,-1,nan,right_censored,nan,not_at_risk,nan
lower_bound_level:ode:4,lower_bound_level,ode,4,m0=0.075,1,0.1,observed,0.1,observed,0.0
lower_bound_level:ode:5,lower_bound_level,ode,5,m0=0.005,-1,nan,right_censored,nan,not_at_risk,nan
lower_bound_level:ode:5,lower_bound_level,ode,5,m0=0.005,1,0.025,observed,0.025,observed,0.0
lower_bound_level:ode:5,lower_bound_level,ode,5,m0=0.035,-1,nan,right_censored,nan,not_at_risk,nan
lower_bound_level:ode:5,lower_bound_level,ode,5,m0=0.035,1,0.05,observed,0.05,observed,0.0
lower_bound_level:ode:5,lower_bound_level,ode,5,m0=0.075,-1,nan,right_censored,nan,not_at_risk,nan
lower_bound_level:ode:5,lower_bound_level,ode,5,m0=0.075,1,0.1,observed,0.1,observed,0.0
lower_bound_level:ode:6,lower_bound_level,ode,6,m0=0.005,-1,nan,right_censored,nan,not_at_risk,nan
lower_bound_level:ode:6,lower_bound_level,ode,6,m0=0.005,1,0.025,observed,0.025,observed,0.0
lower_bound_level:ode:6,lower_bound_level,ode,6,m0=0.035,-1,nan,right_censored,nan,not_at_risk,nan
lower_bound_level:ode:6,lower_bound_level,ode,6,m0=0.035,1,0.05,observed,0.05,observed,0.0
lower_bound_level:ode:6,lower_bound_level,ode,6,m0=0.075,-1,nan,right_censored,nan,not_at_risk,nan
lower_bound_level:ode:6,lower_bound_level,ode,6,m0=0.075,1,0.1,observed,0.1,observed,0.0
lower_bound_level:ode:7,lower_bound_level,ode,7,m0=0.005,-1,nan,right_censored,nan,not_at_risk,nan
lower_bound_level:ode:7,lower_bound_level,ode,7,m0=0.005,1,0.025,observed,0.025,observed,0.0
lower_bound_level:ode:7,lower_bound_level,ode,7,m0=0.035,-1,nan,right_censored,nan,not_at_risk,nan
lower_bound_level:ode:7,lower_bound_level,ode,7,m0=0.035,1,0.05,observed,0.05,observed,0.0
lower_bound_level:ode:7,lower_bound_level,ode,7,m0=0.075,-1,nan,right_censored,nan,not_at_risk,nan
lower_bound_level:ode:7,lower_bound_level,ode,7,m0=0.075,1,0.1,observed,0.1,observed,0.0
lower_bound_level:ode:8,lower_bound_level,ode,8,m0=0.005,-1,nan,right_censored,nan,not_at_risk,nan
lower_bound_level:ode:8,lower_bound_level,ode,8,m0=0.005,1,0.025,observed,0.025,observed,0.0
lower_bound_level:ode:8,lower_bound_level,ode,8,m0=0.035,-1,nan,right_censored,nan,not_at_risk,nan
lower_bound_level:ode:8,lower_bound_level,ode,8,m0=0.035,1,0.05,observed,0.05,observed,0.0
lower_bound_level:ode:8,lower_bound_level,ode,8,m0=0.075,-1,nan,right_censored,nan,not_at_risk,nan
lower_bound_level:ode:8,lower_bound_level,ode,8,m0=0.075,1,0.1,observed,0.1,observed,0.0
lower_bound_level:ode:9,lower_bound_level,ode,9,m0=0.005,-1,nan,right_censored,nan,not_at_risk,nan
lower_bound_level:ode:9,lower_bound_level,ode,9,m0=0.005,1,0.025,observed,0.025,observed,0.0
lower_bound_level:ode:9,lower_bound_level,ode,9,m0=0.035,-1,nan,right_censored,nan,not_at_risk,nan
lower_bound_level:ode:9,lower_bound_level,ode,9,m0=0.035,1,0.05,observed,0.05,observed,0.0
lower_bound_level:ode:9,lower_bound_level,ode,9,m0=0.075,-1,nan,right_censored,nan,not_at_risk,nan
lower_bound_level:ode:9,lower_bound_level,ode,9,m0=0.075,1,0.1,observed,0.1,observed,0.0
lower_bound_level:ode:10,lower_bound_level,ode,10,m0=0.005,-1,nan,right_censored,nan,not_at_risk,nan
lower_bound_level:ode:10,lower_bound_level,ode,10,m0=0.005,1,0.025,observed,0.025,observed,0.0
lower_bound_level:ode:10,lower_bound_level,ode,10,m0=0.035,-1,nan,right_censored,nan,not_at_risk,nan
lower_bound_level:ode:10,lower_bound_level,ode,10,m0=0.035,1,0.05,observed,0.05,observed,0.0
lower_bound_level:ode:10,lower_bound_level,ode,10,m0=0.075,-1,nan,right_censored,nan,not_at_risk,nan
lower_bound_level:ode:10,lower_bound_level,ode,10,m0=0.075,1,0.1,observed,0.1,observed,0.0
lower_bound_level:ode:11,lower_bound_level,ode,11,m0=0.005,-1,nan,right_censored,nan,not_at_risk,nan
lower_bound_level:ode:11,lower_bound_level,ode,11,m0=0.005,1,0.025,observed,0.025,observed,0.0
lower_bound_level:ode:11,lower_bound_level,ode,11,m0=0.035,-1,nan,right_censored,nan,not_at_risk,nan
lower_bound_level:ode:11,lower_bound_level,ode,11,m0=0.035,1,0.05,observed,0.05,observed,0.0
lower_bound_level:ode:11,lower_bound_level,ode,11,m0=0.075,-1,nan,right_censored,nan,not_at_risk,nan
lower_bound_level:ode:11,lower_bound_level,ode,11,m0=0.075,1,0.1,observed,0.1,observed,0.0
lower_bound_level:ode:12,lower_bound_level,ode,12,m0=0.005,-1,nan,right_censored,nan,not_at_risk,nan
lower_bound_level:ode:12,lower_bound_level,ode,12,m0=0.005,1,0.025,observed,0.025,observed,0.0
lower_bound_level:ode:12,lower_bound_level,ode,12,m0=0.035,-1,nan,right_censored,nan,not_at_risk,nan
lower_bound_level:ode:12,lower_bound_level,ode,12,m0=0.035,1,0.05,observed,0.05,observed,0.0
lower_bound_level:ode:12,lower_bound_level,ode,12,m0=0.075,-1,nan,right_censored,nan,not_at_risk,nan
lower_bound_level:ode:12,lower_bound_level,ode,12,m0=0.075,1,0.1,observed,0.1,observed,0.0
lower_bound_level:ode:13,lower_bound_level,ode,13,m0=0.005,-1,nan,right_censored,nan,not_at_risk,nan
lower_bound_level:ode:13,lower_bound_level,ode,13,m0=0.005,1,0.025,observed,0.025,observed,0.0
lower_bound_level:ode:13,lower_bound_level,ode,13,m0=0.035,-1,nan,right_censored,nan,not_at_risk,nan
lower_bound_level:ode:13,lower_bound_level,ode,13,m0=0.035,1,0.05,observed,0.05,observed,0.0
lower_bound_level:ode:13,lower_bound_level,ode,13,m0=0.075,-1,nan,right_censored,nan,not_at_risk,nan
lower_bound_level:ode:13,lower_bound_level,ode,13,m0=0.075,1,0.1,observed,0.1,observed,0.0
lower_bound_level:ode:14,lower_bound_level,ode,14,m0=0.005,-1,nan,right_censored,nan,not_at_risk,nan
lower_bound_level:ode:14,lower_bound_level,ode,14,m0=0.005,1,0.025,observed,0.025,observed,0.0
lower_bound_level:ode:14,lower_bound_level,ode,14,m0=0.035,-1,nan,right_censored,nan,not_at_risk,nan
lower_bound_level:ode:14,lower_bound_level,ode,14,m0=0.035,1,0.05,observed,0.05,observed,0.0
lower_bound_level:ode:14,lower_bound_level,ode,14,m0=0.075,-1,nan,right_censored,nan,not_at_risk,nan
lower_bound_level:ode:14,lower_bound_level,ode,14,m0=0.075,1,0.1,observed,0.1,observed,0.0
lower_bound_level:ode:15,lower_bound_level,ode,15,m0=0.005,-1,nan,right_censored,nan,not_at_risk,nan
lower_bound_level:ode:15,lower_bound_level,ode,15,m0=0.005,1,0.025,observed,0.025,observed,0.0
lower_bound_level:ode:15,lower_bound_level,ode,15,m0=0.035,-1,nan,right_censored,nan,not_at_risk,nan
lower_bound_level:ode:15,lower_bound_level,ode,15,m0=0.035,1,0.05,observed,0.05,observed,0.0
lower_bound_level:ode:15,lower_bound_level,ode,15,m0=0.075,-1,nan,right_censored,nan,not_at_risk,nan
lower_bound_level:ode:15,lower_bound_level,ode,15,m0=0.075,1,0.1,observed,0.1,observed,0.0
lower_bound_level:ode:16,lower_bound_level,ode,16,m0=0.005,-1,nan,right_censored,nan,not_at_risk,nan
lower_bound_level:ode:16,lower_bound_level,ode,16,m0=0.005,1,0.025,observed,0.025,observed,0.0
lower_bound_level:ode:16,lower_bound_level,ode,16,m0=0.035,-1,nan,right_censored,nan,not_at_risk,nan
lower_bound_level:ode:16,lower_bound_level,ode,16,m0=0.035,1,0.05,observed,0.05,observed,0.0
lower_bound_level:ode:16,lower_bound_level,ode,16,m0=0.075,-1,nan,right_censored,nan,not_at_risk,nan
lower_bound_level:ode:16,lower_bound_level,ode,16,m0=0.075,1,0.1,observed,0.1,observed,0.0
lower_bound_level:ode:17,lower_bound_level,ode,17,m0=0.005,-1,nan,right_censored,nan,not_at_risk,nan
lower_bound_level:ode:17,lower_bound_level,ode,17,m0=0.005,1,0.025,observed,0.025,observed,0.0
lower_bound_level:ode:17,lower_bound_level,ode,17,m0=0.035,-1,nan,right_censored,nan,not_at_risk,nan
lower_bound_level:ode:17,lower_bound_level,ode,17,m0=0.035,1,0.05,observed,0.05,observed,0.0
lower_bound_level:ode:17,lower_bound_level,ode,17,m0=0.075,-1,nan,right_censored,nan,not_at_risk,nan
lower_bound_level:ode:17,lower_bound_level,ode,17,m0=0.075,1,0.1,observed,0.1,observed,0.0
lower_bound_level:ode:18,lower_bound_level,ode,18,m0=0.005,-1,nan,right_censored,nan,not_at_risk,nan
lower_bound_level:ode:18,lower_bound_level,ode,18,m0=0.005,1,0.025,observed,0.025,observed,0.0
lower_bound_level:ode:18,lower_bound_level,ode,18,m0=0.035,-1,nan,right_censored,nan,not_at_risk,nan
lower_bound_level:ode:18,lower_bound_level,ode,18,m0=0.035,1,0.05,observed,0.05,observed,0.0
lower_bound_level:ode:18,lower_bound_level,ode,18,m0=0.075,-1,nan,right_censored,nan,not_at_risk,nan
lower_bound_level:ode:18,lower_bound_level,ode,18,m0=0.075,1,0.1,observed,0.1,observed,0.0
lower_bound_level:ode:19,lower_bound_level,ode,19,m0=0.005,-1,nan,right_censored,nan,not_at_risk,nan
lower_bound_level:ode:19,lower_bound_level,ode,19,m0=0.005,1,0.025,observed,0.025,observed,0.0
lower_bound_level:ode:19,lower_bound_level,ode,19,m0=0.035,-1,nan,right_censored,nan,not_at_risk,nan
lower_bound_level:ode:19,lower_bound_level,ode,19,m0=0.035,1,0.05,observed,0.05,observed,0.0
lower_bound_level:ode:19,lower_bound_level,ode,19,m0=0.075,-1,nan,right_censored,nan,not_at_risk,nan
lower_bound_level:ode:19,lower_bound_level,ode,19,m0=0.075,1,0.1,observed,0.1,observed,0.0
lower_bound_level:ode:20,lower_bound_level,ode,20,m0=0.005,-1,nan,right_censored,nan,not_at_risk,nan
lower_bound_level:ode:20,lower_bound_level,ode,20,m0=0.005,1,0.025,observed,0.025,observed,0.0
lower_bound_level:ode:20,lower_bound_level,ode,20,m0=0.035,-1,nan,right_censored,nan,not_at_risk,nan
lower_bound_level:ode:20,lower_bound_level,ode,20,m0=0.035,1,0.05,observed,0.05,observed,0.0
lower_bound_level:ode:20,lower_bound_level,ode,20,m0=0.075,-1,nan,right_censored,nan,not_at_risk,nan
lower_bound_level:ode:20,lower_bound_level,ode,20,m0=0.075,1,0.1,observed,0.1,observed,0.0
lower_bound_level:ode:21,lower_bound_level,ode,21,m0=0.005,-1,nan,right_censored,nan,not_at_risk,nan
lower_bound_level:ode:21,lower_bound_level,ode,21,m0=0.005,1,0.025,observed,0.025,observed,0.0
lower_bound_level:ode:21,lower_bound_level,ode,21,m0=0.035,-1,nan,right_censored,nan,not_at_risk,nan
lower_bound_level:ode:21,lower_bound_level,ode,21,m0=0.035,1,0.05,observed,0.05,observed,0.0
lower_bound_level:ode:21,lower_bound_level,ode,21,m0=0.075,-1,nan,right_censored,nan,not_at_risk,nan
lower_bound_level:ode:21,lower_bound_level,ode,21,m0=0.075,1,0.1,observed,0.1,observed,0.0
lower_bound_level:ode:22,lower_bound_level,ode,22,m0=0.005,-1,nan,right_censored,nan,not_at_risk,nan
lower_bound_level:ode:22,lower_bound_level,ode,22,m0=0.005,1,0.025,observed,0.025,observed,0.0
lower_bound_level:ode:22,lower_bound_level,ode,22,m0=0.035,-1,nan,right_censored,nan,not_at_risk,nan
lower_bound_level:ode:22,lower_bound_level,ode,22,m0=0.035,1,0.05,observed,0.05,observed,0.0
lower_bound_level:ode:22,lower_bound_level,ode,22,m0=0.075,-1,nan,right_censored,nan,not_at_risk,nan
lower_bound_level:ode:22,lower_bound_level,ode,22,m0=0.075,1,0.1,observed,0.1,observed,0.0
lower_bound_level:ode:23,lower_bound_level,ode,23,m0=0.005,-1,nan,right_censored,nan,not_at_risk,nan
lower_bound_level:ode:23,lower_bound_level,ode,23,m0=0.005,1,0.025,observed,0.025,observed,0.0
lower_bound_level:ode:23,lower_bound_level,ode,23,m0=0.035,-1,nan,right_censored,nan,not_at_risk,nan
lower_bound_level:ode:23,lower_bound_level,ode,23,m0=0.035,1,0.05,observed,0.05,observed,0.0
lower_bound_level:ode:23,lower_bound_level,ode,23,m0=0.075,-1,nan,right_censored,nan,not_at_risk,nan
lower_bound_level:ode:23,lower_bound_level,ode,23,m0=0.075,1,0.1,observed,0.1,observed,0.0
lower_bound_level:ode:24,lower_bound_level,ode,24,m0=0.005,-1,nan,right_censored,nan,not_at_risk,nan
lower_bound_level:ode:24,lower_bound_level,ode,24,m0=0.005,1,0.025,observed,0.025,observed,0.0
lower_bound_level:ode:24,lower_bound_level,ode,24,m0=0.035,-1,nan,right_censored,nan,not_at_risk,nan
lower_bound_level:ode:24,lower_bound_level,ode,24,m0=0.035,1,0.05,observed,0.05,observed,0.0
lower_bound_level:ode:24,lower_bound_level,ode,24,m0=0.075,-1,nan,right_censored,nan,not_at_risk,nan
lower_bound_level:ode:24,lower_bound_level,ode,24,m0=0.075,1,0.1,observed,0.1,observed,0.0
lower_bound_level:ode:25,lower_bound_level,ode,25,m0=0.005,-1,nan,right_censored,nan,not_at_risk,nan
lower_bound_level:ode:25,lower_bound_level,ode,25,m0=0.005,1,0.025,observed,0.025,observed,0.0
lower_bound_level:ode:25,lower_bound_level,ode,25,m0=0.035,-1,nan,right_censored,nan,not_at_risk,nan
lower_bound_level:ode:25,lower_bound_level,ode,25,m0=0.035,1,0.05,observed,0.05,observed,0.0
lower_bound_level:ode:25,lower_bound_level,ode,25,m0=0.075,-1,nan,right_censored,nan,not_at_risk,nan
lower_bound_level:ode:25,lower_bound_level,ode,25,m0=0.075,1,0.1,observed,0.1,observed,0.0
lower_bound_level:ode:26,lower_bound_level,ode,26,m0=0.005,-1,nan,right_censored,nan,not_at_risk,nan
lower_bound_level:ode:26,lower_bound_level,ode,26,m0=0.005,1,0.025,observed,0.025,observed,0.0
lower_bound_level:ode:26,lower_bound_level,ode,26,m0=0.035,-1,nan,right_censored,nan,not_at_risk,nan
lower_bound_level:ode:26,lower_bound_level,ode,26,m0=0.035,1,0.05,observed,0.05,observed,0.0
lower_bound_level:ode:26,lower_bound_level,ode,26,m0=0.075,-1,nan,right_censored,nan,not_at_risk,nan
lower_bound_level:ode:26,lower_bound_level,ode,26,m0=0.075,1,0.1,observed,0.1,observed,0.0
lower_bound_level:ode:27,lower_bound_level,ode,27,m0=0.005,-1,nan,right_censored,nan,not_at_risk,nan
lower_bound_level:ode:27,lower_bound_level,ode,27,m0=0.005,1,0.025,observed,0.025,observed,0.0
lower_bound_level:ode:27,lower_bound_level,ode,27,m0=0.035,-1,nan,right_censored,nan,not_at_risk,nan
lower_bound_level:ode:27,lower_bound_level,ode,27,m0=0.035,1,0.05,observed,0.05,observed,0.0
lower_bound_level:ode:27,lower_bound_level,ode,27,m0=0.075,-1,nan,right_censored,nan,not_at_risk,nan
lower_bound_level:ode:27,lower_bound_level,ode,27,m0=0.075,1,0.1,observed,0.1,observed,0.0
lower_bound_level:ode:28,lower_bound_level,ode,28,m0=0.005,-1,nan,right_censored,nan,not_at_risk,nan
lower_bound_level:ode:28,lower_bound_level,ode,28,m0=0.005,1,0.025,observed,0.025,observed,0.0
lower_bound_level:ode:28,lower_bound_level,ode,28,m0=0.035,-1,nan,right_censored,nan,not_at_risk,nan
lower_bound_level:ode:28,lower_bound_level,ode,28,m0=0.035,1,0.05,observed,0.05,observed,0.0
lower_bound_level:ode:28,lower_bound_level,ode,28,m0=0.075,-1,nan,right_censored,nan,not_at_risk,nan
lower_bound_level:ode:28,lower_bound_level,ode,28,m0=0.075,1,0.1,observed,0.1,observed,0.0
lower_bound_level:ode:29,lower_bound_level,ode,29,m0=0.005,-1,nan,right_censored,nan,not_at_risk,nan
lower_bound_level:ode:29,lower_bound_level,ode,29,m0=0.005,1,0.025,observed,0.025,observed,0.0
lower_bound_level:ode:29,lower_bound_level,ode,29,m0=0.035,-1,nan,right_censored,nan,not_at_risk,nan
lower_bound_level:ode:29,lower_bound_level,ode,29,m0=0.035,1,0.05,observed,0.05,observed,0.0
lower_bound_level:ode:29,lower_bound_level,ode,29,m0=0.075,-1,nan,right_censored,nan,not_at_risk,nan
lower_bound_level:ode:29,lower_bound_level,ode,29,m0=0.075,1,0.1,observed,0.1,observed,0.0
asymptotic_limit:spline:0,asymptotic_limit,spline,0,r0=-0.8,-1,0.05,observed,0.05,observed,0.0
asymptotic_limit:spline:0,asymptotic_limit,spline,0,r0=-0.8,1,0.025,observed,0.025,observed,0.0
asymptotic_limit:spline:0,asymptotic_limit,spline,0,r0=+0.0,-1,0.05,observed,0.05,observed,0.0
asymptotic_limit:spline:0,asymptotic_limit,spline,0,r0=+0.0,1,0.05,observed,0.05,observed,0.0
asymptotic_limit:spline:0,asymptotic_limit,spline,0,r0=+0.8,-1,0.025,observed,0.025,observed,0.0
asymptotic_limit:spline:0,asymptotic_limit,spline,0,r0=+0.8,1,0.05,observed,0.05,observed,0.0
asymptotic_limit:spline:1,asymptotic_limit,spline,1,r0=-0.8,-1,0.05,observed,0.05,observed,0.0
asymptotic_limit:spline:1,asymptotic_limit,spline,1,r0=-0.8,1,0.025,observed,0.025,observed,0.0
asymptotic_limit:spline:1,asymptotic_limit,spline,1,r0=+0.0,-1,0.05,observed,0.05,observed,0.0
asymptotic_limit:spline:1,asymptotic_limit,spline,1,r0=+0.0,1,0.05,observed,0.05,observed,0.0
asymptotic_limit:spline:1,asymptotic_limit,spline,1,r0=+0.8,-1,0.025,observed,0.025,observed,0.0
asymptotic_limit:spline:1,asymptotic_limit,spline,1,r0=+0.8,1,0.05,observed,0.05,observed,0.0
asymptotic_limit:spline:2,asymptotic_limit,spline,2,r0=-0.8,-1,0.05,observed,0.05,observed,0.0
asymptotic_limit:spline:2,asymptotic_limit,spline,2,r0=-0.8,1,0.025,observed,0.025,observed,0.0
asymptotic_limit:spline:2,asymptotic_limit,spline,2,r0=+0.0,-1,0.05,observed,0.05,observed,0.0
asymptotic_limit:spline:2,asymptotic_limit,spline,2,r0=+0.0,1,0.05,observed,0.05,observed,0.0
asymptotic_limit:spline:2,asymptotic_limit,spline,2,r0=+0.8,-1,0.025,observed,0.025,observed,0.0
asymptotic_limit:spline:2,asymptotic_limit,spline,2,r0=+0.8,1,0.05,observed,0.05,observed,0.0
asymptotic_limit:spline:3,asymptotic_limit,spline,3,r0=-0.8,-1,0.05,observed,0.05,observed,0.0
asymptotic_limit:spline:3,asymptotic_limit,spline,3,r0=-0.8,1,0.025,observed,0.025,observed,0.0
asymptotic_limit:spline:3,asymptotic_limit,spline,3,r0=+0.0,-1,0.05,observed,0.05,observed,0.0
asymptotic_limit:spline:3,asymptotic_limit,spline,3,r0=+0.0,1,0.05,observed,0.05,observed,0.0
asymptotic_limit:spline:3,asymptotic_limit,spline,3,r0=+0.8,-1,0.025,observed,0.025,observed,0.0
asymptotic_limit:spline:3,asymptotic_limit,spline,3,r0=+0.8,1,0.05,observed,0.05,observed,0.0
asymptotic_limit:spline:4,asymptotic_limit,spline,4,r0=-0.8,-1,0.05,observed,0.05,observed,0.0
asymptotic_limit:spline:4,asymptotic_limit,spline,4,r0=-0.8,1,0.025,observed,0.025,observed,0.0
asymptotic_limit:spline:4,asymptotic_limit,spline,4,r0=+0.0,-1,0.05,observed,0.05,observed,0.0
asymptotic_limit:spline:4,asymptotic_limit,spline,4,r0=+0.0,1,0.05,observed,0.05,observed,0.0
asymptotic_limit:spline:4,asymptotic_limit,spline,4,r0=+0.8,-1,0.025,observed,0.025,observed,0.0
asymptotic_limit:spline:4,asymptotic_limit,spline,4,r0=+0.8,1,0.05,observed,0.05,observed,0.0
asymptotic_limit:spline:5,asymptotic_limit,spline,5,r0=-0.8,-1,0.05,observed,0.05,observed,0.0
asymptotic_limit:spline:5,asymptotic_limit,spline,5,r0=-0.8,1,0.025,observed,0.025,observed,0.0
asymptotic_limit:spline:5,asymptotic_limit,spline,5,r0=+0.0,-1,0.05,observed,0.05,observed,0.0
asymptotic_limit:spline:5,asymptotic_limit,spline,5,r0=+0.0,1,0.05,observed,0.05,observed,0.0
asymptotic_limit:spline:5,asymptotic_limit,spline,5,r0=+0.8,-1,0.025,observed,0.025,observed,0.0
asymptotic_limit:spline:5,asymptotic_limit,spline,5,r0=+0.8,1,0.05,observed,0.05,observed,0.0
asymptotic_limit:spline:6,asymptotic_limit,spline,6,r0=-0.8,-1,0.05,observed,0.05,observed,0.0
asymptotic_limit:spline:6,asymptotic_limit,spline,6,r0=-0.8,1,0.025,observed,0.025,observed,0.0
asymptotic_limit:spline:6,asymptotic_limit,spline,6,r0=+0.0,-1,0.05,observed,0.05,observed,0.0
asymptotic_limit:spline:6,asymptotic_limit,spline,6,r0=+0.0,1,0.05,observed,0.05,observed,0.0
asymptotic_limit:spline:6,asymptotic_limit,spline,6,r0=+0.8,-1,0.025,observed,0.025,observed,0.0
asymptotic_limit:spline:6,asymptotic_limit,spline,6,r0=+0.8,1,0.05,observed,0.05,observed,0.0
asymptotic_limit:spline:7,asymptotic_limit,spline,7,r0=-0.8,-1,0.05,observed,0.05,observed,0.0
asymptotic_limit:spline:7,asymptotic_limit,spline,7,r0=-0.8,1,0.025,observed,0.025,observed,0.0
asymptotic_limit:spline:7,asymptotic_limit,spline,7,r0=+0.0,-1,0.05,observed,0.05,observed,0.0
asymptotic_limit:spline:7,asymptotic_limit,spline,7,r0=+0.0,1,0.05,observed,0.05,observed,0.0
asymptotic_limit:spline:7,asymptotic_limit,spline,7,r0=+0.8,-1,0.025,observed,0.025,observed,0.0
asymptotic_limit:spline:7,asymptotic_limit,spline,7,r0=+0.8,1,0.05,observed,0.05,observed,0.0
asymptotic_limit:spline:8,asymptotic_limit,spline,8,r0=-0.8,-1,0.05,observed,0.05,observed,0.0
asymptotic_limit:spline:8,asymptotic_limit,spline,8,r0=-0.8,1,0.025,observed,0.025,observed,0.0
asymptotic_limit:spline:8,asymptotic_limit,spline,8,r0=+0.0,-1,0.05,observed,0.05,observed,0.0
asymptotic_limit:spline:8,asymptotic_limit,spline,8,r0=+0.0,1,0.05,observed,0.05,observed,0.0
asymptotic_limit:spline:8,asymptotic_limit,spline,8,r0=+0.8,-1,0.025,observed,0.025,observed,0.0
asymptotic_limit:spline:8,asymptotic_limit,spline,8,r0=+0.8,1,0.05,observed,0.05,observed,0.0
asymptotic_limit:spline:9,asymptotic_limit,spline,9,r0=-0.8,-1,0.05,observed,0.05,observed,0.0
asymptotic_limit:spline:9,asymptotic_limit,spline,9,r0=-0.8,1,0.025,observed,0.025,observed,0.0
asymptotic_limit:spline:9,asymptotic_limit,spline,9,r0=+0.0,-1,0.05,observed,0.05,observed,0.0
asymptotic_limit:spline:9,asymptotic_limit,spline,9,r0=+0.0,1,0.05,observed,0.05,observed,0.0
asymptotic_limit:spline:9,asymptotic_limit,spline,9,r0=+0.8,-1,0.025,observed,0.025,observed,0.0
asymptotic_limit:spline:9,asymptotic_limit,spline,9,r0=+0.8,1,0.05,observed,0.05,observed,0.0
asymptotic_limit:spline:10,asymptotic_limit,spline,10,r0=-0.8,-1,0.05,observed,0.05,observed,0.0
asymptotic_limit:spline:10,asymptotic_limit,spline,10,r0=-0.8,1,0.025,observed,0.025,observed,0.0
asymptotic_limit:spline:10,asymptotic_limit,spline,10,r0=+0.0,-1,0.05,observed,0.05,observed,0.0
asymptotic_limit:spline:10,asymptotic_limit,spline,10,r0=+0.0,1,0.05,observed,0.05,observed,0.0
asymptotic_limit:spline:10,asymptotic_limit,spline,10,r0=+0.8,-1,0.025,observed,0.025,observed,0.0
asymptotic_limit:spline:10,asymptotic_limit,spline,10,r0=+0.8,1,0.05,observed,0.05,observed,0.0
asymptotic_limit:spline:11,asymptotic_limit,spline,11,r0=-0.8,-1,0.05,observed,0.05,observed,0.0
asymptotic_limit:spline:11,asymptotic_limit,spline,11,r0=-0.8,1,0.025,observed,0.025,observed,0.0
asymptotic_limit:spline:11,asymptotic_limit,spline,11,r0=+0.0,-1,0.05,observed,0.05,observed,0.0
asymptotic_limit:spline:11,asymptotic_limit,spline,11,r0=+0.0,1,0.05,observed,0.05,observed,0.0
asymptotic_limit:spline:11,asymptotic_limit,spline,11,r0=+0.8,-1,0.025,observed,0.025,observed,0.0
asymptotic_limit:spline:11,asymptotic_limit,spline,11,r0=+0.8,1,0.05,observed,0.05,observed,0.0
asymptotic_limit:spline:12,asymptotic_limit,spline,12,r0=-0.8,-1,0.05,observed,0.05,observed,0.0
asymptotic_limit:spline:12,asymptotic_limit,spline,12,r0=-0.8,1,0.025,observed,0.025,observed,0.0
asymptotic_limit:spline:12,asymptotic_limit,spline,12,r0=+0.0,-1,0.05,observed,0.05,observed,0.0
asymptotic_limit:spline:12,asymptotic_limit,spline,12,r0=+0.0,1,0.05,observed,0.05,observed,0.0
asymptotic_limit:spline:12,asymptotic_limit,spline,12,r0=+0.8,-1,0.025,observed,0.025,observed,0.0
asymptotic_limit:spline:12,asymptotic_limit,spline,12,r0=+0.8,1,0.05,observed,0.05,observed,0.0
asymptotic_limit:spline:13,asymptotic_limit,spline,13,r0=-0.8,-1,0.05,observed,0.05,observed,0.0
asymptotic_limit:spline:13,asymptotic_limit,spline,13,r0=-0.8,1,0.025,observed,0.025,observed,0.0
asymptotic_limit:spline:13,asymptotic_limit,spline,13,r0=+0.0,-1,0.05,observed,0.05,observed,0.0
asymptotic_limit:spline:13,asymptotic_limit,spline,13,r0=+0.0,1,0.05,observed,0.05,observed,0.0
asymptotic_limit:spline:13,asymptotic_limit,spline,13,r0=+0.8,-1,0.025,observed,0.025,observed,0.0
asymptotic_limit:spline:13,asymptotic_limit,spline,13,r0=+0.8,1,0.05,observed,0.05,observed,0.0
asymptotic_limit:spline:14,asymptotic_limit,spline,14,r0=-0.8,-1,0.05,observed,0.05,observed,0.0
asymptotic_limit:spline:14,asymptotic_limit,spline,14,r0=-0.8,1,0.025,observed,0.025,observed,0.0
asymptotic_limit:spline:14,asymptotic_limit,spline,14,r0=+0.0,-1,0.05,observed,0.05,observed,0.0
asymptotic_limit:spline:14,asymptotic_limit,spline,14,r0=+0.0,1,0.05,observed,0.05,observed,0.0
asymptotic_limit:spline:14,asymptotic_limit,spline,14,r0=+0.8,-1,0.025,observed,0.025,observed,0.0
asymptotic_limit:spline:14,asymptotic_limit,spline,14,r0=+0.8,1,0.05,observed,0.05,observed,0.0
asymptotic_limit:spline:15,asymptotic_limit,spline,15,r0=-0.8,-1,0.05,observed,0.05,observed,0.0
asymptotic_limit:spline:15,asymptotic_limit,spline,15,r0=-0.8,1,0.025,observed,0.025,observed,0.0
asymptotic_limit:spline:15,asymptotic_limit,spline,15,r0=+0.0,-1,0.05,observed,0.05,observed,0.0
asymptotic_limit:spline:15,asymptotic_limit,spline,15,r0=+0.0,1,0.05,observed,0.05,observed,0.0
asymptotic_limit:spline:15,asymptotic_limit,spline,15,r0=+0.8,-1,0.025,observed,0.025,observed,0.0
asymptotic_limit:spline:15,asymptotic_limit,spline,15,r0=+0.8,1,0.05,observed,0.05,observed,0.0
asymptotic_limit:spline:16,asymptotic_limit,spline,16,r0=-0.8,-1,0.05,observed,0.05,observed,0.0
asymptotic_limit:spline:16,asymptotic_limit,spline,16,r0=-0.8,1,0.025,observed,0.025,observed,0.0
asymptotic_limit:spline:16,asymptotic_limit,spline,16,r0=+0.0,-1,0.05,observed,0.05,observed,0.0
asymptotic_limit:spline:16,asymptotic_limit,spline,16,r0=+0.0,1,0.05,observed,0.05,observed,0.0
asymptotic_limit:spline:16,asymptotic_limit,spline,16,r0=+0.8,-1,0.025,observed,0.025,observed,0.0
asymptotic_limit:spline:16,asymptotic_limit,spline,16,r0=+0.8,1,0.05,observed,0.05,observed,0.0
asymptotic_limit:spline:17,asymptotic_limit,spline,17,r0=-0.8,-1,0.05,observed,0.05,observed,0.0
asymptotic_limit:spline:17,asymptotic_limit,spline,17,r0=-0.8,1,0.025,observed,0.025,observed,0.0
asymptotic_limit:spline:17,asymptotic_limit,spline,17,r0=+0.0,-1,0.05,observed,0.05,observed,0.0
asymptotic_limit:spline:17,asymptotic_limit,spline,17,r0=+0.0,1,0.05,observed,0.05,observed,0.0
asymptotic_limit:spline:17,asymptotic_limit,spline,17,r0=+0.8,-1,0.025,observed,0.025,observed,0.0
asymptotic_limit:spline:17,asymptotic_limit,spline,17,r0=+0.8,1,0.05,observed,0.05,observed,0.0
asymptotic_limit:spline:18,asymptotic_limit,spline,18,r0=-0.8,-1,0.05,observed,0.05,observed,0.0
asymptotic_limit:spline:18,asymptotic_limit,spline,18,r0=-0.8,1,0.025,observed,0.025,observed,0.0
asymptotic_limit:spline:18,asymptotic_limit,spline,18,r0=+0.0,-1,0.05,observed,0.05,observed,0.0
asymptotic_limit:spline:18,asymptotic_limit,spline,18,r0=+0.0,1,0.05,observed,0.05,observed,0.0
asymptotic_limit:spline:18,asymptotic_limit,spline,18,r0=+0.8,-1,0.025,observed,0.025,observed,0.0
asymptotic_limit:spline:18,asymptotic_limit,spline,18,r0=+0.8,1,0.05,observed,0.05,observed,0.0
asymptotic_limit:spline:19,asymptotic_limit,spline,19,r0=-0.8,-1,0.05,observed,0.05,observed,0.0
asymptotic_limit:spline:19,asymptotic_limit,spline,19,r0=-0.8,1,0.025,observed,0.025,observed,0.0
asymptotic_limit:spline:19,asymptotic_limit,spline,19,r0=+0.0,-1,0.05,observed,0.05,observed,0.0
asymptotic_limit:spline:19,asymptotic_limit,spline,19,r0=+0.0,1,0.05,observed,0.05,observed,0.0
asymptotic_limit:spline:19,asymptotic_limit,spline,19,r0=+0.8,-1,0.025,observed,0.025,observed,0.0
asymptotic_limit:spline:19,asymptotic_limit,spline,19,r0=+0.8,1,0.05,observed,0.05,observed,0.0
asymptotic_limit:spline:20,asymptotic_limit,spline,20,r0=-0.8,-1,0.05,observed,0.05,observed,0.0
asymptotic_limit:spline:20,asymptotic_limit,spline,20,r0=-0.8,1,0.025,observed,0.025,observed,0.0
asymptotic_limit:spline:20,asymptotic_limit,spline,20,r0=+0.0,-1,0.05,observed,0.05,observed,0.0
asymptotic_limit:spline:20,asymptotic_limit,spline,20,r0=+0.0,1,0.05,observed,0.05,observed,0.0
asymptotic_limit:spline:20,asymptotic_limit,spline,20,r0=+0.8,-1,0.025,observed,0.025,observed,0.0
asymptotic_limit:spline:20,asymptotic_limit,spline,20,r0=+0.8,1,0.05,observed,0.05,observed,0.0
asymptotic_limit:spline:21,asymptotic_limit,spline,21,r0=-0.8,-1,0.05,observed,0.05,observed,0.0
asymptotic_limit:spline:21,asymptotic_limit,spline,21,r0=-0.8,1,0.025,observed,0.025,observed,0.0
asymptotic_limit:spline:21,asymptotic_limit,spline,21,r0=+0.0,-1,0.05,observed,0.05,observed,0.0
asymptotic_limit:spline:21,asymptotic_limit,spline,21,r0=+0.0,1,0.05,observed,0.05,observed,0.0
asymptotic_limit:spline:21,asymptotic_limit,spline,21,r0=+0.8,-1,0.025,observed,0.025,observed,0.0
asymptotic_limit:spline:21,asymptotic_limit,spline,21,r0=+0.8,1,0.05,observed,0.05,observed,0.0
asymptotic_limit:spline:22,asymptotic_limit,spline,22,r0=-0.8,-1,0.05,observed,0.05,observed,0.0
asymptotic_limit:spline:22,asymptotic_limit,spline,22,r0=-0.8,1,0.025,observed,0.025,observed,0.0
asymptotic_limit:spline:22,asymptotic_limit,spline,22,r0=+0.0,-1,0.05,observed,0.05,observed,0.0
asymptotic_limit:spline:22,asymptotic_limit,spline,22,r0=+0.0,1,0.05,observed,0.05,observed,0.0
asymptotic_limit:spline:22,asymptotic_limit,spline,22,r0=+0.8,-1,0.025,observed,0.025,observed,0.0
asymptotic_limit:spline:22,asymptotic_limit,spline,22,r0=+0.8,1,0.05,observed,0.05,observed,0.0
asymptotic_limit:spline:23,asymptotic_limit,spline,23,r0=-0.8,-1,0.05,observed,0.05,observed,0.0
asymptotic_limit:spline:23,asymptotic_limit,spline,23,r0=-0.8,1,0.025,observed,0.025,observed,0.0
asymptotic_limit:spline:23,asymptotic_limit,spline,23,r0=+0.0,-1,0.05,observed,0.05,observed,0.0
asymptotic_limit:spline:23,asymptotic_limit,spline,23,r0=+0.0,1,0.05,observed,0.05,observed,0.0
asymptotic_limit:spline:23,asymptotic_limit,spline,23,r0=+0.8,-1,0.025,observed,0.025,observed,0.0
asymptotic_limit:spline:23,asymptotic_limit,spline,23,r0=+0.8,1,0.05,observed,0.05,observed,0.0
asymptotic_limit:spline:24,asymptotic_limit,spline,24,r0=-0.8,-1,0.05,observed,0.05,observed,0.0
asymptotic_limit:spline:24,asymptotic_limit,spline,24,r0=-0.8,1,0.025,observed,0.025,observed,0.0
asymptotic_limit:spline:24,asymptotic_limit,spline,24,r0=+0.0,-1,0.05,observed,0.05,observed,0.0
asymptotic_limit:spline:24,asymptotic_limit,spline,24,r0=+0.0,1,0.05,observed,0.05,observed,0.0
asymptotic_limit:spline:24,asymptotic_limit,spline,24,r0=+0.8,-1,0.025,observed,0.025,observed,0.0
asymptotic_limit:spline:24,asymptotic_limit,spline,24,r0=+0.8,1,0.05,observed,0.05,observed,0.0
asymptotic_limit:spline:25,asymptotic_limit,spline,25,r0=-0.8,-1,0.05,observed,0.05,observed,0.0
asymptotic_limit:spline:25,asymptotic_limit,spline,25,r0=-0.8,1,0.025,observed,0.025,observed,0.0
asymptotic_limit:spline:25,asymptotic_limit,spline,25,r0=+0.0,-1,0.05,observed,0.05,observed,0.0
asymptotic_limit:spline:25,asymptotic_limit,spline,25,r0=+0.0,1,0.05,observed,0.05,observed,0.0
asymptotic_limit:spline:25,asymptotic_limit,spline,25,r0=+0.8,-1,0.025,observed,0.025,observed,0.0
asymptotic_limit:spline:25,asymptotic_limit,spline,25,r0=+0.8,1,0.05,observed,0.05,observed,0.0
asymptotic_limit:spline:26,asymptotic_limit,spline,26,r0=-0.8,-1,0.05,observed,0.05,observed,0.0
asymptotic_limit:spline:26,asymptotic_limit,spline,26,r0=-0.8,1,0.025,observed,0.025,observed,0.0
asymptotic_limit:spline:26,asymptotic_limit,spline,26,r0=+0.0,-1,0.05,observed,0.05,observed,0.0
asymptotic_limit:spline:26,asymptotic_limit,spline,26,r0=+0.0,1,0.05,observed,0.05,observed,0.0
asymptotic_limit:spline:26,asymptotic_limit,spline,26,r0=+0.8,-1,0.025,observed,0.025,observed,0.0
asymptotic_limit:spline:26,asymptotic_limit,spline,26,r0=+0.8,1,0.05,observed,0.05,observed,0.0
asymptotic_limit:spline:27,asymptotic_limit,spline,27,r0=-0.8,-1,0.05,observed,0.05,observed,0.0
asymptotic_limit:spline:27,asymptotic_limit,spline,27,r0=-0.8,1,0.025,observed,0.025,observed,0.0
asymptotic_limit:spline:27,asymptotic_limit,spline,27,r0=+0.0,-1,0.05,observed,0.05,observed,0.0
asymptotic_limit:spline:27,asymptotic_limit,spline,27,r0=+0.0,1,0.05,observed,0.05,observed,0.0
asymptotic_limit:spline:27,asymptotic_limit,spline,27,r0=+0.8,-1,0.025,observed,0.025,observed,0.0
asymptotic_limit:spline:27,asymptotic_limit,spline,27,r0=+0.8,1,0.05,observed,0.05,observed,0.0
asymptotic_limit:spline:28,asymptotic_limit,spline,28,r0=-0.8,-1,0.05,observed,0.05,observed,0.0
asymptotic_limit:spline:28,asymptotic_limit,spline,28,r0=-0.8,1,0.025,observed,0.025,observed,0.0
asymptotic_limit:spline:28,asymptotic_limit,spline,28,r0=+0.0,-1,0.05,observed,0.05,observed,0.0
asymptotic_limit:spline:28,asymptotic_limit,spline,28,r0=+0.0,1,0.05,observed,0.05,observed,0.0
asymptotic_limit:spline:28,asymptotic_limit,spline,28,r0=+0.8,-1,0.025,observed,0.025,observed,0.0
asymptotic_limit:spline:28,asymptotic_limit,spline,28,r0=+0.8,1,0.05,observed,0.05,observed,0.0
asymptotic_limit:spline:29,asymptotic_limit,spline,29,r0=-0.8,-1,0.05,observed,0.05,observed,0.0
asymptotic_limit:spline:29,asymptotic_limit,spline,29,r0=-0.8,1,0.025,observed,0.025,observed,0.0
asymptotic_limit:spline:29,asymptotic_limit,spline,29,r0=+0.0,-1,0.05,observed,0.05,observed,0.0
asymptotic_limit:spline:29,asymptotic_limit,spline,29,r0=+0.0,1,0.05,observed,0.05,observed,0.0
asymptotic_limit:spline:29,asymptotic_limit,spline,29,r0=+0.8,-1,0.025,observed,0.025,observed,0.0
asymptotic_limit:spline:29,asymptotic_limit,spline,29,r0=+0.8,1,0.05,observed,0.05,observed,0.0
asymptotic_limit:basis:0,asymptotic_limit,basis,0,r0=-0.8,-1,0.05,observed,0.05,observed,0.0
asymptotic_limit:basis:0,asymptotic_limit,basis,0,r0=-0.8,1,0.025,observed,0.025,observed,0.0
asymptotic_limit:basis:0,asymptotic_limit,basis,0,r0=+0.0,-1,0.05,observed,0.05,observed,0.0
asymptotic_limit:basis:0,asymptotic_limit,basis,0,r0=+0.0,1,0.05,observed,0.05,observed,0.0
asymptotic_limit:basis:0,asymptotic_limit,basis,0,r0=+0.8,-1,0.025,observed,0.025,observed,0.0
asymptotic_limit:basis:0,asymptotic_limit,basis,0,r0=+0.8,1,0.05,observed,0.05,observed,0.0
asymptotic_limit:basis:1,asymptotic_limit,basis,1,r0=-0.8,-1,0.05,observed,0.05,observed,0.0
asymptotic_limit:basis:1,asymptotic_limit,basis,1,r0=-0.8,1,0.025,observed,0.025,observed,0.0
asymptotic_limit:basis:1,asymptotic_limit,basis,1,r0=+0.0,-1,0.05,observed,0.05,observed,0.0
asymptotic_limit:basis:1,asymptotic_limit,basis,1,r0=+0.0,1,0.05,observed,0.05,observed,0.0
asymptotic_limit:basis:1,asymptotic_limit,basis,1,r0=+0.8,-1,0.025,observed,0.025,observed,0.0
asymptotic_limit:basis:1,asymptotic_limit,basis,1,r0=+0.8,1,0.05,observed,0.05,observed,0.0
asymptotic_limit:basis:2,asymptotic_limit,basis,2,r0=-0.8,-1,0.05,observed,0.05,observed,0.0
asymptotic_limit:basis:2,asymptotic_limit,basis,2,r0=-0.8,1,0.025,observed,0.025,observed,0.0
asymptotic_limit:basis:2,asymptotic_limit,basis,2,r0=+0.0,-1,0.05,observed,0.05,observed,0.0
asymptotic_limit:basis:2,asymptotic_limit,basis,2,r0=+0.0,1,0.05,observed,0.05,observed,0.0
asymptotic_limit:basis:2,asymptotic_limit,basis,2,r0=+0.8,-1,0.025,observed,0.025,observed,0.0
asymptotic_limit:basis:2,asymptotic_limit,basis,2,r0=+0.8,1,0.05,observed,0.05,observed,0.0
asymptotic_limit:basis:3,asymptotic_limit,basis,3,r0=-0.8,-1,0.05,observed,0.05,observed,0.0
asymptotic_limit:basis:3,asymptotic_limit,basis,3,r0=-0.8,1,0.025,observed,0.025,observed,0.0
asymptotic_limit:basis:3,asymptotic_limit,basis,3,r0=+0.0,-1,0.05,observed,0.05,observed,0.0
asymptotic_limit:basis:3,asymptotic_limit,basis,3,r0=+0.0,1,0.05,observed,0.05,observed,0.0
asymptotic_limit:basis:3,asymptotic_limit,basis,3,r0=+0.8,-1,0.025,observed,0.025,observed,0.0
asymptotic_limit:basis:3,asymptotic_limit,basis,3,r0=+0.8,1,0.05,observed,0.05,observed,0.0
asymptotic_limit:basis:4,asymptotic_limit,basis,4,r0=-0.8,-1,0.05,observed,0.05,observed,0.0
asymptotic_limit:basis:4,asymptotic_limit,basis,4,r0=-0.8,1,0.025,observed,0.025,observed,0.0
asymptotic_limit:basis:4,asymptotic_limit,basis,4,r0=+0.0,-1,0.05,observed,0.05,observed,0.0
asymptotic_limit:basis:4,asymptotic_limit,basis,4,r0=+0.0,1,0.05,observed,0.05,observed,0.0
asymptotic_limit:basis:4,asymptotic_limit,basis,4,r0=+0.8,-1,0.025,observed,0.025,observed,0.0
asymptotic_limit:basis:4,asymptotic_limit,basis,4,r0=+0.8,1,0.05,observed,0.05,observed,0.0
asymptotic_limit:basis:5,asymptotic_limit,basis,5,r0=-0.8,-1,0.05,observed,0.05,observed,0.0
asymptotic_limit:basis:5,asymptotic_limit,basis,5,r0=-0.8,1,0.025,observed,0.025,observed,0.0
asymptotic_limit:basis:5,asymptotic_limit,basis,5,r0=+0.0,-1,0.05,observed,0.05,observed,0.0
asymptotic_limit:basis:5,asymptotic_limit,basis,5,r0=+0.0,1,0.05,observed,0.05,observed,0.0
asymptotic_limit:basis:5,asymptotic_limit,basis,5,r0=+0.8,-1,0.025,observed,0.025,observed,0.0
asymptotic_limit:basis:5,asymptotic_limit,basis,5,r0=+0.8,1,0.05,observed,0.05,observed,0.0
asymptotic_limit:basis:6,asymptotic_limit,basis,6,r0=-0.8,-1,0.05,observed,0.05,observed,0.0
asymptotic_limit:basis:6,asymptotic_limit,basis,6,r0=-0.8,1,0.025,observed,0.025,observed,0.0
asymptotic_limit:basis:6,asymptotic_limit,basis,6,r0=+0.0,-1,0.05,observed,0.05,observed,0.0
asymptotic_limit:basis:6,asymptotic_limit,basis,6,r0=+0.0,1,0.05,observed,0.05,observed,0.0
asymptotic_limit:basis:6,asymptotic_limit,basis,6,r0=+0.8,-1,0.025,observed,0.025,observed,0.0
asymptotic_limit:basis:6,asymptotic_limit,basis,6,r0=+0.8,1,0.05,observed,0.05,observed,0.0
asymptotic_limit:basis:7,asymptotic_limit,basis,7,r0=-0.8,-1,0.05,observed,0.05,observed,0.0
asymptotic_limit:basis:7,asymptotic_limit,basis,7,r0=-0.8,1,0.025,observed,0.025,observed,0.0
asymptotic_limit:basis:7,asymptotic_limit,basis,7,r0=+0.0,-1,0.05,observed,0.05,observed,0.0
asymptotic_limit:basis:7,asymptotic_limit,basis,7,r0=+0.0,1,0.05,observed,0.05,observed,0.0
asymptotic_limit:basis:7,asymptotic_limit,basis,7,r0=+0.8,-1,0.025,observed,0.025,observed,0.0
asymptotic_limit:basis:7,asymptotic_limit,basis,7,r0=+0.8,1,0.05,observed,0.05,observed,0.0
asymptotic_limit:basis:8,asymptotic_limit,basis,8,r0=-0.8,-1,0.05,observed,0.05,observed,0.0
asymptotic_limit:basis:8,asymptotic_limit,basis,8,r0=-0.8,1,0.025,observed,0.025,observed,0.0
asymptotic_limit:basis:8,asymptotic_limit,basis,8,r0=+0.0,-1,0.05,observed,0.05,observed,0.0
asymptotic_limit:basis:8,asymptotic_limit,basis,8,r0=+0.0,1,0.05,observed,0.05,observed,0.0
asymptotic_limit:basis:8,asymptotic_limit,basis,8,r0=+0.8,-1,0.025,observed,0.025,observed,0.0
asymptotic_limit:basis:8,asymptotic_limit,basis,8,r0=+0.8,1,0.05,observed,0.05,observed,0.0
asymptotic_limit:basis:9,asymptotic_limit,basis,9,r0=-0.8,-1,0.05,observed,0.05,observed,0.0
asymptotic_limit:basis:9,asymptotic_limit,basis,9,r0=-0.8,1,0.025,observed,0.025,observed,0.0
asymptotic_limit:basis:9,asymptotic_limit,basis,9,r0=+0.0,-1,0.05,observed,0.05,observed,0.0
asymptotic_limit:basis:9,asymptotic_limit,basis,9,r0=+0.0,1,0.05,observed,0.05,observed,0.0
asymptotic_limit:basis:9,asymptotic_limit,basis,9,r0=+0.8,-1,0.025,observed,0.025,observed,0.0
asymptotic_limit:basis:9,asymptotic_limit,basis,9,r0=+0.8,1,0.05,observed,0.05,observed,0.0
asymptotic_limit:basis:10,asymptotic_limit,basis,10,r0=-0.8,-1,0.05,observed,0.05,observed,0.0
asymptotic_limit:basis:10,asymptotic_limit,basis,10,r0=-0.8,1,0.025,observed,0.025,observed,0.0
asymptotic_limit:basis:10,asymptotic_limit,basis,10,r0=+0.0,-1,0.05,observed,0.05,observed,0.0
asymptotic_limit:basis:10,asymptotic_limit,basis,10,r0=+0.0,1,0.05,observed,0.05,observed,0.0
asymptotic_limit:basis:10,asymptotic_limit,basis,10,r0=+0.8,-1,0.025,observed,0.025,observed,0.0
asymptotic_limit:basis:10,asymptotic_limit,basis,10,r0=+0.8,1,0.05,observed,0.05,observed,0.0
asymptotic_limit:basis:11,asymptotic_limit,basis,11,r0=-0.8,-1,0.05,observed,0.05,observed,0.0
asymptotic_limit:basis:11,asymptotic_limit,basis,11,r0=-0.8,1,0.025,observed,0.025,observed,0.0
asymptotic_limit:basis:11,asymptotic_limit,basis,11,r0=+0.0,-1,0.05,observed,0.05,observed,0.0
asymptotic_limit:basis:11,asymptotic_limit,basis,11,r0=+0.0,1,0.05,observed,0.05,observed,0.0
asymptotic_limit:basis:11,asymptotic_limit,basis,11,r0=+0.8,-1,0.025,observed,0.025,observed,0.0
asymptotic_limit:basis:11,asymptotic_limit,basis,11,r0=+0.8,1,0.05,observed,0.05,observed,0.0
asymptotic_limit:basis:12,asymptotic_limit,basis,12,r0=-0.8,-1,0.05,observed,0.05,observed,0.0
asymptotic_limit:basis:12,asymptotic_limit,basis,12,r0=-0.8,1,0.025,observed,0.025,observed,0.0
asymptotic_limit:basis:12,asymptotic_limit,basis,12,r0=+0.0,-1,0.05,observed,0.05,observed,0.0
asymptotic_limit:basis:12,asymptotic_limit,basis,12,r0=+0.0,1,0.05,observed,0.05,observed,0.0
asymptotic_limit:basis:12,asymptotic_limit,basis,12,r0=+0.8,-1,0.025,observed,0.025,observed,0.0
asymptotic_limit:basis:12,asymptotic_limit,basis,12,r0=+0.8,1,0.05,observed,0.05,observed,0.0
asymptotic_limit:basis:13,asymptotic_limit,basis,13,r0=-0.8,-1,0.05,observed,0.05,observed,0.0
asymptotic_limit:basis:13,asymptotic_limit,basis,13,r0=-0.8,1,0.025,observed,0.025,observed,0.0
asymptotic_limit:basis:13,asymptotic_limit,basis,13,r0=+0.0,-1,0.05,observed,0.05,observed,0.0
asymptotic_limit:basis:13,asymptotic_limit,basis,13,r0=+0.0,1,0.05,observed,0.05,observed,0.0
asymptotic_limit:basis:13,asymptotic_limit,basis,13,r0=+0.8,-1,0.025,observed,0.025,observed,0.0
asymptotic_limit:basis:13,asymptotic_limit,basis,13,r0=+0.8,1,0.05,observed,0.05,observed,0.0
asymptotic_limit:basis:14,asymptotic_limit,basis,14,r0=-0.8,-1,0.05,observed,0.05,observed,0.0
asymptotic_limit:basis:14,asymptotic_limit,basis,14,r0=-0.8,1,0.025,observed,0.025,observed,0.0
asymptotic_limit:basis:14,asymptotic_limit,basis,14,r0=+0.0,-1,0.05,observed,0.05,observed,0.0
asymptotic_limit:basis:14,asymptotic_limit,basis,14,r0=+0.0,1,0.05,observed,0.05,observed,0.0
asymptotic_limit:basis:14,asymptotic_limit,basis,14,r0=+0.8,-1,0.025,observed,0.025,observed,0.0
asymptotic_limit:basis:14,asymptotic_limit,basis,14,r0=+0.8,1,0.05,observed,0.05,observed,0.0
asymptotic_limit:basis:15,asymptotic_limit,basis,15,r0=-0.8,-1,0.05,observed,0.05,observed,0.0
asymptotic_limit:basis:15,asymptotic_limit,basis,15,r0=-0.8,1,0.025,observed,0.025,observed,0.0
asymptotic_limit:basis:15,asymptotic_limit,basis,15,r0=+0.0,-1,0.05,observed,0.05,observed,0.0
asymptotic_limit:basis:15,asymptotic_limit,basis,15,r0=+0.0,1,0.05,observed,0.05,observed,0.0
asymptotic_limit:basis:15,asymptotic_limit,basis,15,r0=+0.8,-1,0.025,observed,0.025,observed,0.0
asymptotic_limit:basis:15,asymptotic_limit,basis,15,r0=+0.8,1,0.05,observed,0.05,observed,0.0
asymptotic_limit:basis:16,asymptotic_limit,basis,16,r0=-0.8,-1,0.05,observed,0.05,observed,0.0
asymptotic_limit:basis:16,asymptotic_limit,basis,16,r0=-0.8,1,0.025,observed,0.025,observed,0.0
asymptotic_limit:basis:16,asymptotic_limit,basis,16,r0=+0.0,-1,0.05,observed,0.05,observed,0.0
asymptotic_limit:basis:16,asymptotic_limit,basis,16,r0=+0.0,1,0.05,observed,0.05,observed,0.0
asymptotic_limit:basis:16,asymptotic_limit,basis,16,r0=+0.8,-1,0.025,observed,0.025,observed,0.0
asymptotic_limit:basis:16,asymptotic_limit,basis,16,r0=+0.8,1,0.05,observed,0.05,observed,0.0
asymptotic_limit:basis:17,asymptotic_limit,basis,17,r0=-0.8,-1,0.05,observed,0.05,observed,0.0
asymptotic_limit:basis:17,asymptotic_limit,basis,17,r0=-0.8,1,0.025,observed,0.025,observed,0.0
asymptotic_limit:basis:17,asymptotic_limit,basis,17,r0=+0.0,-1,0.05,observed,0.05,observed,0.0
asymptotic_limit:basis:17,asymptotic_limit,basis,17,r0=+0.0,1,0.05,observed,0.05,observed,0.0
asymptotic_limit:basis:17,asymptotic_limit,basis,17,r0=+0.8,-1,0.025,observed,0.025,observed,0.0
asymptotic_limit:basis:17,asymptotic_limit,basis,17,r0=+0.8,1,0.05,observed,0.05,observed,0.0
asymptotic_limit:basis:18,asymptotic_limit,basis,18,r0=-0.8,-1,0.05,observed,0.05,observed,0.0
asymptotic_limit:basis:18,asymptotic_limit,basis,18,r0=-0.8,1,0.025,observed,0.025,observed,0.0
asymptotic_limit:basis:18,asymptotic_limit,basis,18,r0=+0.0,-1,0.05,observed,0.05,observed,0.0
asymptotic_limit:basis:18,asymptotic_limit,basis,18,r0=+0.0,1,0.05,observed,0.05,observed,0.0
asymptotic_limit:basis:18,asymptotic_limit,basis,18,r0=+0.8,-1,0.025,observed,0.025,observed,0.0
asymptotic_limit:basis:18,asymptotic_limit,basis,18,r0=+0.8,1,0.05,observed,0.05,observed,0.0
asymptotic_limit:basis:19,asymptotic_limit,basis,19,r0=-0.8,-1,0.05,observed,0.05,observed,0.0
asymptotic_limit:basis:19,asymptotic_limit,basis,19,r0=-0.8,1,0.025,observed,0.025,observed,0.0
asymptotic_limit:basis:19,asymptotic_limit,basis,19,r0=+0.0,-1,0.05,observed,0.05,observed,0.0
asymptotic_limit:basis:19,asymptotic_limit,basis,19,r0=+0.0,1,0.05,observed,0.05,observed,0.0
asymptotic_limit:basis:19,asymptotic_limit,basis,19,r0=+0.8,-1,0.025,observed,0.025,observed,0.0
asymptotic_limit:basis:19,asymptotic_limit,basis,19,r0=+0.8,1,0.05,observed,0.05,observed,0.0
asymptotic_limit:basis:20,asymptotic_limit,basis,20,r0=-0.8,-1,0.05,observed,0.05,observed,0.0
asymptotic_limit:basis:20,asymptotic_limit,basis,20,r0=-0.8,1,0.025,observed,0.025,observed,0.0
asymptotic_limit:basis:20,asymptotic_limit,basis,20,r0=+0.0,-1,0.05,observed,0.05,observed,0.0
asymptotic_limit:basis:20,asymptotic_limit,basis,20,r0=+0.0,1,0.05,observed,0.05,observed,0.0
asymptotic_limit:basis:20,asymptotic_limit,basis,20,r0=+0.8,-1,0.025,observed,0.025,observed,0.0
asymptotic_limit:basis:20,asymptotic_limit,basis,20,r0=+0.8,1,0.05,observed,0.05,observed,0.0
asymptotic_limit:basis:21,asymptotic_limit,basis,21,r0=-0.8,-1,0.05,observed,0.05,observed,0.0
asymptotic_limit:basis:21,asymptotic_limit,basis,21,r0=-0.8,1,0.025,observed,0.025,observed,0.0
asymptotic_limit:basis:21,asymptotic_limit,basis,21,r0=+0.0,-1,0.05,observed,0.05,observed,0.0
asymptotic_limit:basis:21,asymptotic_limit,basis,21,r0=+0.0,1,0.05,observed,0.05,observed,0.0
asymptotic_limit:basis:21,asymptotic_limit,basis,21,r0=+0.8,-1,0.025,observed,0.025,observed,0.0
asymptotic_limit:basis:21,asymptotic_limit,basis,21,r0=+0.8,1,0.05,observed,0.05,observed,0.0
asymptotic_limit:basis:22,asymptotic_limit,basis,22,r0=-0.8,-1,0.05,observed,0.05,observed,0.0
asymptotic_limit:basis:22,asymptotic_limit,basis,22,r0=-0.8,1,0.025,observed,0.025,observed,0.0
asymptotic_limit:basis:22,asymptotic_limit,basis,22,r0=+0.0,-1,0.05,observed,0.05,observed,0.0
asymptotic_limit:basis:22,asymptotic_limit,basis,22,r0=+0.0,1,0.05,observed,0.05,observed,0.0
asymptotic_limit:basis:22,asymptotic_limit,basis,22,r0=+0.8,-1,0.025,observed,0.025,observed,0.0
asymptotic_limit:basis:22,asymptotic_limit,basis,22,r0=+0.8,1,0.05,observed,0.05,observed,0.0
asymptotic_limit:basis:23,asymptotic_limit,basis,23,r0=-0.8,-1,0.05,observed,0.05,observed,0.0
asymptotic_limit:basis:23,asymptotic_limit,basis,23,r0=-0.8,1,0.025,observed,0.025,observed,0.0
asymptotic_limit:basis:23,asymptotic_limit,basis,23,r0=+0.0,-1,0.05,observed,0.05,observed,0.0
asymptotic_limit:basis:23,asymptotic_limit,basis,23,r0=+0.0,1,0.05,observed,0.05,observed,0.0
asymptotic_limit:basis:23,asymptotic_limit,basis,23,r0=+0.8,-1,0.025,observed,0.025,observed,0.0
asymptotic_limit:basis:23,asymptotic_limit,basis,23,r0=+0.8,1,0.05,observed,0.05,observed,0.0
asymptotic_limit:basis:24,asymptotic_limit,basis,24,r0=-0.8,-1,0.05,observed,0.05,observed,0.0
asymptotic_limit:basis:24,asymptotic_limit,basis,24,r0=-0.8,1,0.025,observed,0.025,observed,0.0
asymptotic_limit:basis:24,asymptotic_limit,basis,24,r0=+0.0,-1,0.05,observed,0.05,observed,0.0
asymptotic_limit:basis:24,asymptotic_limit,basis,24,r0=+0.0,1,0.05,observed,0.05,observed,0.0
asymptotic_limit:basis:24,asymptotic_limit,basis,24,r0=+0.8,-1,0.025,observed,0.025,observed,0.0
asymptotic_limit:basis:24,asymptotic_limit,basis,24,r0=+0.8,1,0.05,observed,0.05,observed,0.0
asymptotic_limit:basis:25,asymptotic_limit,basis,25,r0=-0.8,-1,0.05,observed,0.05,observed,0.0
asymptotic_limit:basis:25,asymptotic_limit,basis,25,r0=-0.8,1,0.025,observed,0.025,observed,0.0
asymptotic_limit:basis:25,asymptotic_limit,basis,25,r0=+0.0,-1,0.05,observed,0.05,observed,0.0
asymptotic_limit:basis:25,asymptotic_limit,basis,25,r0=+0.0,1,0.05,observed,0.05,observed,0.0
asymptotic_limit:basis:25,asymptotic_limit,basis,25,r0=+0.8,-1,0.025,observed,0.025,observed,0.0
asymptotic_limit:basis:25,asymptotic_limit,basis,25,r0=+0.8,1,0.05,observed,0.05,observed,0.0
asymptotic_limit:basis:26,asymptotic_limit,basis,26,r0=-0.8,-1,0.05,observed,0.05,observed,0.0
asymptotic_limit:basis:26,asymptotic_limit,basis,26,r0=-0.8,1,0.025,observed,0.025,observed,0.0
asymptotic_limit:basis:26,asymptotic_limit,basis,26,r0=+0.0,-1,0.05,observed,0.05,observed,0.0
asymptotic_limit:basis:26,asymptotic_limit,basis,26,r0=+0.0,1,0.05,observed,0.05,observed,0.0
asymptotic_limit:basis:26,asymptotic_limit,basis,26,r0=+0.8,-1,0.025,observed,0.025,observed,0.0
asymptotic_limit:basis:26,asymptotic_limit,basis,26,r0=+0.8,1,0.05,observed,0.05,observed,0.0
asymptotic_limit:basis:27,asymptotic_limit,basis,27,r0=-0.8,-1,0.05,observed,0.05,observed,0.0
asymptotic_limit:basis:27,asymptotic_limit,basis,27,r0=-0.8,1,0.025,observed,0.025,observed,0.0
asymptotic_limit:basis:27,asymptotic_limit,basis,27,r0=+0.0,-1,0.05,observed,0.05,observed,0.0
asymptotic_limit:basis:27,asymptotic_limit,basis,27,r0=+0.0,1,0.05,observed,0.05,observed,0.0
asymptotic_limit:basis:27,asymptotic_limit,basis,27,r0=+0.8,-1,0.025,observed,0.025,observed,0.0
asymptotic_limit:basis:27,asymptotic_limit,basis,27,r0=+0.8,1,0.05,observed,0.05,observed,0.0
asymptotic_limit:basis:28,asymptotic_limit,basis,28,r0=-0.8,-1,0.05,observed,0.05,observed,0.0
asymptotic_limit:basis:28,asymptotic_limit,basis,28,r0=-0.8,1,0.025,observed,0.025,observed,0.0
asymptotic_limit:basis:28,asymptotic_limit,basis,28,r0=+0.0,-1,0.05,observed,0.05,observed,0.0
asymptotic_limit:basis:28,asymptotic_limit,basis,28,r0=+0.0,1,0.05,observed,0.05,observed,0.0
asymptotic_limit:basis:28,asymptotic_limit,basis,28,r0=+0.8,-1,0.025,observed,0.025,observed,0.0
asymptotic_limit:basis:28,asymptotic_limit,basis,28,r0=+0.8,1,0.05,observed,0.05,observed,0.0
asymptotic_limit:basis:29,asymptotic_limit,basis,29,r0=-0.8,-1,0.05,observed,0.05,observed,0.0
asymptotic_limit:basis:29,asymptotic_limit,basis,29,r0=-0.8,1,0.025,observed,0.025,observed,0.0
asymptotic_limit:basis:29,asymptotic_limit,basis,29,r0=+0.0,-1,0.05,observed,0.05,observed,0.0
asymptotic_limit:basis:29,asymptotic_limit,basis,29,r0=+0.0,1,0.05,observed,0.05,observed,0.0
asymptotic_limit:basis:29,asymptotic_limit,basis,29,r0=+0.8,-1,0.025,observed,0.025,observed,0.0
asymptotic_limit:basis:29,asymptotic_limit,basis,29,r0=+0.8,1,0.05,observed,0.05,observed,0.0
asymptotic_limit:ode:0,asymptotic_limit,ode,0,r0=-0.8,-1,0.05,observed,0.05,observed,0.0
asymptotic_limit:ode:0,asymptotic_limit,ode,0,r0=-0.8,1,0.025,observed,0.025,observed,0.0
asymptotic_limit:ode:0,asymptotic_limit,ode,0,r0=+0.0,-1,0.05,observed,0.05,observed,0.0
asymptotic_limit:ode:0,asymptotic_limit,ode,0,r0=+0.0,1,0.05,observed,0.05,observed,0.0
asymptotic_limit:ode:0,asymptotic_limit,ode,0,r0=+0.8,-1,0.025,observed,0.025,observed,0.0
asymptotic_limit:ode:0,asymptotic_limit,ode,0,r0=+0.8,1,0.05,observed,0.05,observed,0.0
asymptotic_limit:ode:1,asymptotic_limit,ode,1,r0=-0.8,-1,0.05,observed,0.05,observed,0.0
asymptotic_limit:ode:1,asymptotic_limit,ode,1,r0=-0.8,1,0.025,observed,0.025,observed,0.0
asymptotic_limit:ode:1,asymptotic_limit,ode,1,r0=+0.0,-1,0.05,observed,0.05,observed,0.0
asymptotic_limit:ode:1,asymptotic_limit,ode,1,r0=+0.0,1,0.05,observed,0.05,observed,0.0
asymptotic_limit:ode:1,asymptotic_limit,ode,1,r0=+0.8,-1,0.025,observed,0.025,observed,0.0
asymptotic_limit:ode:1,asymptotic_limit,ode,1,r0=+0.8,1,0.05,observed,0.05,observed,0.0
asymptotic_limit:ode:2,asymptotic_limit,ode,2,r0=-0.8,-1,0.05,observed,0.05,observed,0.0
asymptotic_limit:ode:2,asymptotic_limit,ode,2,r0=-0.8,1,0.025,observed,0.025,observed,0.0
asymptotic_limit:ode:2,asymptotic_limit,ode,2,r0=+0.0,-1,0.05,observed,0.05,observed,0.0
asymptotic_limit:ode:2,asymptotic_limit,ode,2,r0=+0.0,1,0.05,observed,0.05,observed,0.0
asymptotic_limit:ode:2,asymptotic_limit,ode,2,r0=+0.8,-1,0.025,observed,0.025,observed,0.0
asymptotic_limit:ode:2,asymptotic_limit,ode,2,r0=+0.8,1,0.05,observed,0.05,observed,0.0
asymptotic_limit:ode:3,asymptotic_limit,ode,3,r0=-0.8,-1,0.05,observed,0.05,observed,0.0
asymptotic_limit:ode:3,asymptotic_limit,ode,3,r0=-0.8,1,0.025,observed,0.025,observed,0.0
asymptotic_limit:ode:3,asymptotic_limit,ode,3,r0=+0.0,-1,0.05,observed,0.05,observed,0.0
asymptotic_limit:ode:3,asymptotic_limit,ode,3,r0=+0.0,1,0.05,observed,0.05,observed,0.0
asymptotic_limit:ode:3,asymptotic_limit,ode,3,r0=+0.8,-1,0.025,observed,0.025,observed,0.0
asymptotic_limit:ode:3,asymptotic_limit,ode,3,r0=+0.8,1,0.05,observed,0.05,observed,0.0
asymptotic_limit:ode:4,asymptotic_limit,ode,4,r0=-0.8,-1,0.05,observed,0.05,observed,0.0
asymptotic_limit:ode:4,asymptotic_limit,ode,4,r0=-0.8,1,0.025,observed,0.025,observed,0.0
asymptotic_limit:ode:4,asymptotic_limit,ode,4,r0=+0.0,-1,0.05,observed,0.05,observed,0.0
asymptotic_limit:ode:4,asymptotic_limit,ode,4,r0=+0.0,1,0.05,observed,0.05,observed,0.0
asymptotic_limit:ode:4,asymptotic_limit,ode,4,r0=+0.8,-1,0.025,observed,0.025,observed,0.0
asymptotic_limit:ode:4,asymptotic_limit,ode,4,r0=+0.8,1,0.05,observed,0.05,observed,0.0
asymptotic_limit:ode:5,asymptotic_limit,ode,5,r0=-0.8,-1,0.05,observed,0.05,observed,0.0
asymptotic_limit:ode:5,asymptotic_limit,ode,5,r0=-0.8,1,0.025,observed,0.025,observed,0.0
asymptotic_limit:ode:5,asymptotic_limit,ode,5,r0=+0.0,-1,0.05,observed,0.05,observed,0.0
asymptotic_limit:ode:5,asymptotic_limit,ode,5,r0=+0.0,1,0.05,observed,0.05,observed,0.0
asymptotic_limit:ode:5,asymptotic_limit,ode,5,r0=+0.8,-1,0.025,observed,0.025,observed,0.0
asymptotic_limit:ode:5,asymptotic_limit,ode,5,r0=+0.8,1,0.05,observed,0.05,observed,0.0
asymptotic_limit:ode:6,asymptotic_limit,ode,6,r0=-0.8,-1,0.05,observed,0.05,observed,0.0
asymptotic_limit:ode:6,asymptotic_limit,ode,6,r0=-0.8,1,0.025,observed,0.025,observed,0.0
asymptotic_limit:ode:6,asymptotic_limit,ode,6,r0=+0.0,-1,0.05,observed,0.05,observed,0.0
asymptotic_limit:ode:6,asymptotic_limit,ode,6,r0=+0.0,1,0.05,observed,0.05,observed,0.0
asymptotic_limit:ode:6,asymptotic_limit,ode,6,r0=+0.8,-1,0.025,observed,0.025,observed,0.0
asymptotic_limit:ode:6,asymptotic_limit,ode,6,r0=+0.8,1,0.05,observed,0.05,observed,0.0
asymptotic_limit:ode:7,asymptotic_limit,ode,7,r0=-0.8,-1,0.05,observed,0.05,observed,0.0
asymptotic_limit:ode:7,asymptotic_limit,ode,7,r0=-0.8,1,0.025,observed,0.025,observed,0.0
asymptotic_limit:ode:7,asymptotic_limit,ode,7,r0=+0.0,-1,0.05,observed,0.05,observed,0.0
asymptotic_limit:ode:7,asymptotic_limit,ode,7,r0=+0.0,1,0.05,observed,0.05,observed,0.0
asymptotic_limit:ode:7,asymptotic_limit,ode,7,r0=+0.8,-1,0.025,observed,0.025,observed,0.0
asymptotic_limit:ode:7,asymptotic_limit,ode,7,r0=+0.8,1,0.05,observed,0.05,observed,0.0
asymptotic_limit:ode:8,asymptotic_limit,ode,8,r0=-0.8,-1,0.05,observed,0.05,observed,0.0
asymptotic_limit:ode:8,asymptotic_limit,ode,8,r0=-0.8,1,0.025,observed,0.025,observed,0.0
asymptotic_limit:ode:8,asymptotic_limit,ode,8,r0=+0.0,-1,0.05,observed,0.05,observed,0.0
asymptotic_limit:ode:8,asymptotic_limit,ode,8,r0=+0.0,1,0.05,observed,0.05,observed,0.0
asymptotic_limit:ode:8,asymptotic_limit,ode,8,r0=+0.8,-1,0.025,observed,0.025,observed,0.0
asymptotic_limit:ode:8,asymptotic_limit,ode,8,r0=+0.8,1,0.05,observed,0.05,observed,0.0
asymptotic_limit:ode:9,asymptotic_limit,ode,9,r0=-0.8,-1,0.05,observed,0.05,observed,0.0
asymptotic_limit:ode:9,asymptotic_limit,ode,9,r0=-0.8,1,0.025,observed,0.025,observed,0.0
asymptotic_limit:ode:9,asymptotic_limit,ode,9,r0=+0.0,-1,0.05,observed,0.05,observed,0.0
asymptotic_limit:ode:9,asymptotic_limit,ode,9,r0=+0.0,1,0.05,observed,0.05,observed,0.0
asymptotic_limit:ode:9,asymptotic_limit,ode,9,r0=+0.8,-1,0.025,observed,0.025,observed,0.0
asymptotic_limit:ode:9,asymptotic_limit,ode,9,r0=+0.8,1,0.05,observed,0.05,observed,0.0
asymptotic_limit:ode:10,asymptotic_limit,ode,10,r0=-0.8,-1,0.05,observed,0.05,observed,0.0
asymptotic_limit:ode:10,asymptotic_limit,ode,10,r0=-0.8,1,0.025,observed,0.025,observed,0.0
asymptotic_limit:ode:10,asymptotic_limit,ode,10,r0=+0.0,-1,0.05,observed,0.05,observed,0.0
asymptotic_limit:ode:10,asymptotic_limit,ode,10,r0=+0.0,1,0.05,observed,0.05,observed,0.0
asymptotic_limit:ode:10,asymptotic_limit,ode,10,r0=+0.8,-1,0.025,observed,0.025,observed,0.0
asymptotic_limit:ode:10,asymptotic_limit,ode,10,r0=+0.8,1,0.05,observed,0.05,observed,0.0
asymptotic_limit:ode:11,asymptotic_limit,ode,11,r0=-0.8,-1,0.05,observed,0.05,observed,0.0
asymptotic_limit:ode:11,asymptotic_limit,ode,11,r0=-0.8,1,0.025,observed,0.025,observed,0.0
asymptotic_limit:ode:11,asymptotic_limit,ode,11,r0=+0.0,-1,0.05,observed,0.05,observed,0.0
asymptotic_limit:ode:11,asymptotic_limit,ode,11,r0=+0.0,1,0.05,observed,0.05,observed,0.0
asymptotic_limit:ode:11,asymptotic_limit,ode,11,r0=+0.8,-1,0.025,observed,0.025,observed,0.0
asymptotic_limit:ode:11,asymptotic_limit,ode,11,r0=+0.8,1,0.05,observed,0.05,observed,0.0
asymptotic_limit:ode:12,asymptotic_limit,ode,12,r0=-0.8,-1,0.05,observed,0.05,observed,0.0
asymptotic_limit:ode:12,asymptotic_limit,ode,12,r0=-0.8,1,0.025,observed,0.025,observed,0.0
asymptotic_limit:ode:12,asymptotic_limit,ode,12,r0=+0.0,-1,0.05,observed,0.05,observed,0.0
asymptotic_limit:ode:12,asymptotic_limit,ode,12,r0=+0.0,1,0.05,observed,0.05,observed,0.0
asymptotic_limit:ode:12,asymptotic_limit,ode,12,r0=+0.8,-1,0.025,observed,0.025,observed,0.0
asymptotic_limit:ode:12,asymptotic_limit,ode,12,r0=+0.8,1,0.05,observed,0.05,observed,0.0
asymptotic_limit:ode:13,asymptotic_limit,ode,13,r0=-0.8,-1,0.05,observed,0.05,observed,0.0
asymptotic_limit:ode:13,asymptotic_limit,ode,13,r0=-0.8,1,0.025,observed,0.025,observed,0.0
asymptotic_limit:ode:13,asymptotic_limit,ode,13,r0=+0.0,-1,0.05,observed,0.05,observed,0.0
asymptotic_limit:ode:13,asymptotic_limit,ode,13,r0=+0.0,1,0.05,observed,0.05,observed,0.0
asymptotic_limit:ode:13,asymptotic_limit,ode,13,r0=+0.8,-1,0.025,observed,0.025,observed,0.0
asymptotic_limit:ode:13,asymptotic_limit,ode,13,r0=+0.8,1,0.05,observed,0.05,observed,0.0
asymptotic_limit:ode:14,asymptotic_limit,ode,14,r0=-0.8,-1,0.05,observed,0.05,observed,0.0
asymptotic_limit:ode:14,asymptotic_limit,ode,14,r0=-0.8,1,0.025,observed,0.025,observed,0.0
asymptotic_limit:ode:14,asymptotic_limit,ode,14,r0=+0.0,-1,0.05,observed,0.05,observed,0.0
asymptotic_limit:ode:14,asymptotic_limit,ode,14,r0=+0.0,1,0.05,observed,0.05,observed,0.0
asymptotic_limit:ode:14,asymptotic_limit,ode,14,r0=+0.8,-1,0.025,observed,0.025,observed,0.0
asymptotic_limit:ode:14,asymptotic_limit,ode,14,r0=+0.8,1,0.05,observed,0.05,observed,0.0
asymptotic_limit:ode:15,asymptotic_limit,ode,15,r0=-0.8,-1,0.05,observed,0.05,observed,0.0
asymptotic_limit:ode:15,asymptotic_limit,ode,15,r0=-0.8,1,0.025,observed,0.025,observed,0.0
asymptotic_limit:ode:15,asymptotic_limit,ode,15,r0=+0.0,-1,0.05,observed,0.05,observed,0.0
asymptotic_limit:ode:15,asymptotic_limit,ode,15,r0=+0.0,1,0.05,observed,0.05,observed,0.0
asymptotic_limit:ode:15,asymptotic_limit,ode,15,r0=+0.8,-1,0.025,observed,0.025,observed,0.0
asymptotic_limit:ode:15,asymptotic_limit,ode,15,r0=+0.8,1,0.05,observed,0.05,observed,0.0
asymptotic_limit:ode:16,asymptotic_limit,ode,16,r0=-0.8,-1,0.05,observed,0.05,observed,0.0
asymptotic_limit:ode:16,asymptotic_limit,ode,16,r0=-0.8,1,0.025,observed,0.025,observed,0.0
asymptotic_limit:ode:16,asymptotic_limit,ode,16,r0=+0.0,-1,0.05,observed,0.05,observed,0.0
asymptotic_limit:ode:16,asymptotic_limit,ode,16,r0=+0.0,1,0.05,observed,0.05,observed,0.0
asymptotic_limit:ode:16,asymptotic_limit,ode,16,r0=+0.8,-1,0.025,observed,0.025,observed,0.0
asymptotic_limit:ode:16,asymptotic_limit,ode,16,r0=+0.8,1,0.05,observed,0.05,observed,0.0
asymptotic_limit:ode:17,asymptotic_limit,ode,17,r0=-0.8,-1,0.05,observed,0.05,observed,0.0
asymptotic_limit:ode:17,asymptotic_limit,ode,17,r0=-0.8,1,0.025,observed,0.025,observed,0.0
asymptotic_limit:ode:17,asymptotic_limit,ode,17,r0=+0.0,-1,0.05,observed,0.05,observed,0.0
asymptotic_limit:ode:17,asymptotic_limit,ode,17,r0=+0.0,1,0.05,observed,0.05,observed,0.0
asymptotic_limit:ode:17,asymptotic_limit,ode,17,r0=+0.8,-1,0.025,observed,0.025,observed,0.0
asymptotic_limit:ode:17,asymptotic_limit,ode,17,r0=+0.8,1,0.05,observed,0.05,observed,0.0
asymptotic_limit:ode:18,asymptotic_limit,ode,18,r0=-0.8,-1,0.05,observed,0.05,observed,0.0
asymptotic_limit:ode:18,asymptotic_limit,ode,18,r0=-0.8,1,0.025,observed,0.025,observed,0.0
asymptotic_limit:ode:18,asymptotic_limit,ode,18,r0=+0.0,-1,0.05,observed,0.05,observed,0.0
asymptotic_limit:ode:18,asymptotic_limit,ode,18,r0=+0.0,1,0.05,observed,0.05,observed,0.0
asymptotic_limit:ode:18,asymptotic_limit,ode,18,r0=+0.8,-1,0.025,observed,0.025,observed,0.0
asymptotic_limit:ode:18,asymptotic_limit,ode,18,r0=+0.8,1,0.05,observed,0.05,observed,0.0
asymptotic_limit:ode:19,asymptotic_limit,ode,19,r0=-0.8,-1,0.05,observed,0.05,observed,0.0
asymptotic_limit:ode:19,asymptotic_limit,ode,19,r0=-0.8,1,0.025,observed,0.025,observed,0.0
asymptotic_limit:ode:19,asymptotic_limit,ode,19,r0=+0.0,-1,0.05,observed,0.05,observed,0.0
asymptotic_limit:ode:19,asymptotic_limit,ode,19,r0=+0.0,1,0.05,observed,0.05,observed,0.0
asymptotic_limit:ode:19,asymptotic_limit,ode,19,r0=+0.8,-1,0.025,observed,0.025,observed,0.0
asymptotic_limit:ode:19,asymptotic_limit,ode,19,r0=+0.8,1,0.05,observed,0.05,observed,0.0
asymptotic_limit:ode:20,asymptotic_limit,ode,20,r0=-0.8,-1,0.05,observed,0.05,observed,0.0
asymptotic_limit:ode:20,asymptotic_limit,ode,20,r0=-0.8,1,0.025,observed,0.025,observed,0.0
asymptotic_limit:ode:20,asymptotic_limit,ode,20,r0=+0.0,-1,0.05,observed,0.05,observed,0.0
asymptotic_limit:ode:20,asymptotic_limit,ode,20,r0=+0.0,1,0.05,observed,0.05,observed,0.0
asymptotic_limit:ode:20,asymptotic_limit,ode,20,r0=+0.8,-1,0.025,observed,0.025,observed,0.0
asymptotic_limit:ode:20,asymptotic_limit,ode,20,r0=+0.8,1,0.05,observed,0.05,observed,0.0
asymptotic_limit:ode:21,asymptotic_limit,ode,21,r0=-0.8,-1,0.05,observed,0.05,observed,0.0
asymptotic_limit:ode:21,asymptotic_limit,ode,21,r0=-0.8,1,0.025,observed,0.025,observed,0.0
asymptotic_limit:ode:21,asymptotic_limit,ode,21,r0=+0.0,-1,0.05,observed,0.05,observed,0.0
asymptotic_limit:ode:21,asymptotic_limit,ode,21,r0=+0.0,1,0.05,observed,0.05,observed,0.0
asymptotic_limit:ode:21,asymptotic_limit,ode,21,r0=+0.8,-1,0.025,observed,0.025,observed,0.0
asymptotic_limit:ode:21,asymptotic_limit,ode,21,r0=+0.8,1,0.05,observed,0.05,observed,0.0
asymptotic_limit:ode:22,asymptotic_limit,ode,22,r0=-0.8,-1,0.05,observed,0.05,observed,0.0
asymptotic_limit:ode:22,asymptotic_limit,ode,22,r0=-0.8,1,0.025,observed,0.025,observed,0.0
asymptotic_limit:ode:22,asymptotic_limit,ode,22,r0=+0.0,-1,0.05,observed,0.05,observed,0.0
asymptotic_limit:ode:22,asymptotic_limit,ode,22,r0=+0.0,1,0.05,observed,0.05,observed,0.0
asymptotic_limit:ode:22,asymptotic_limit,ode,22,r0=+0.8,-1,0.025,observed,0.025,observed,0.0
asymptotic_limit:ode:22,asymptotic_limit,ode,22,r0=+0.8,1,0.05,observed,0.05,observed,0.0
asymptotic_limit:ode:23,asymptotic_limit,ode,23,r0=-0.8,-1,0.05,observed,0.05,observed,0.0
asymptotic_limit:ode:23,asymptotic_limit,ode,23,r0=-0.8,1,0.025,observed,0.025,observed,0.0
asymptotic_limit:ode:23,asymptotic_limit,ode,23,r0=+0.0,-1,0.05,observed,0.05,observed,0.0
asymptotic_limit:ode:23,asymptotic_limit,ode,23,r0=+0.0,1,0.05,observed,0.05,observed,0.0
asymptotic_limit:ode:23,asymptotic_limit,ode,23,r0=+0.8,-1,0.025,observed,0.025,observed,0.0
asymptotic_limit:ode:23,asymptotic_limit,ode,23,r0=+0.8,1,0.05,observed,0.05,observed,0.0
asymptotic_limit:ode:24,asymptotic_limit,ode,24,r0=-0.8,-1,0.05,observed,0.05,observed,0.0
asymptotic_limit:ode:24,asymptotic_limit,ode,24,r0=-0.8,1,0.025,observed,0.025,observed,0.0
asymptotic_limit:ode:24,asymptotic_limit,ode,24,r0=+0.0,-1,0.05,observed,0.05,observed,0.0
asymptotic_limit:ode:24,asymptotic_limit,ode,24,r0=+0.0,1,0.05,observed,0.05,observed,0.0
asymptotic_limit:ode:24,asymptotic_limit,ode,24,r0=+0.8,-1,0.025,observed,0.025,observed,0.0
asymptotic_limit:ode:24,asymptotic_limit,ode,24,r0=+0.8,1,0.05,observed,0.05,observed,0.0
asymptotic_limit:ode:25,asymptotic_limit,ode,25,r0=-0.8,-1,0.05,observed,0.05,observed,0.0
asymptotic_limit:ode:25,asymptotic_limit,ode,25,r0=-0.8,1,0.025,observed,0.025,observed,0.0
asymptotic_limit:ode:25,asymptotic_limit,ode,25,r0=+0.0,-1,0.05,observed,0.05,observed,0.0
asymptotic_limit:ode:25,asymptotic_limit,ode,25,r0=+0.0,1,0.05,observed,0.05,observed,0.0
asymptotic_limit:ode:25,asymptotic_limit,ode,25,r0=+0.8,-1,0.025,observed,0.025,observed,0.0
asymptotic_limit:ode:25,asymptotic_limit,ode,25,r0=+0.8,1,0.05,observed,0.05,observed,0.0
asymptotic_limit:ode:26,asymptotic_limit,ode,26,r0=-0.8,-1,0.05,observed,0.05,observed,0.0
asymptotic_limit:ode:26,asymptotic_limit,ode,26,r0=-0.8,1,0.025,observed,0.025,observed,0.0
asymptotic_limit:ode:26,asymptotic_limit,ode,26,r0=+0.0,-1,0.05,observed,0.05,observed,0.0
asymptotic_limit:ode:26,asymptotic_limit,ode,26,r0=+0.0,1,0.05,observed,0.05,observed,0.0
asymptotic_limit:ode:26,asymptotic_limit,ode,26,r0=+0.8,-1,0.025,observed,0.025,observed,0.0
asymptotic_limit:ode:26,asymptotic_limit,ode,26,r0=+0.8,1,0.05,observed,0.05,observed,0.0
asymptotic_limit:ode:27,asymptotic_limit,ode,27,r0=-0.8,-1,0.05,observed,0.05,observed,0.0
asymptotic_limit:ode:27,asymptotic_limit,ode,27,r0=-0.8,1,0.025,observed,0.025,observed,0.0
asymptotic_limit:ode:27,asymptotic_limit,ode,27,r0=+0.0,-1,0.05,observed,0.05,observed,0.0
asymptotic_limit:ode:27,asymptotic_limit,ode,27,r0=+0.0,1,0.05,observed,0.05,observed,0.0
asymptotic_limit:ode:27,asymptotic_limit,ode,27,r0=+0.8,-1,0.025,observed,0.025,observed,0.0
asymptotic_limit:ode:27,asymptotic_limit,ode,27,r0=+0.8,1,0.05,observed,0.05,observed,0.0
asymptotic_limit:ode:28,asymptotic_limit,ode,28,r0=-0.8,-1,0.05,observed,0.05,observed,0.0
asymptotic_limit:ode:28,asymptotic_limit,ode,28,r0=-0.8,1,0.025,observed,0.025,observed,0.0
asymptotic_limit:ode:28,asymptotic_limit,ode,28,r0=+0.0,-1,0.05,observed,0.05,observed,0.0
asymptotic_limit:ode:28,asymptotic_limit,ode,28,r0=+0.0,1,0.05,observed,0.05,observed,0.0
asymptotic_limit:ode:28,asymptotic_limit,ode,28,r0=+0.8,-1,0.025,observed,0.025,observed,0.0
asymptotic_limit:ode:28,asymptotic_limit,ode,28,r0=+0.8,1,0.05,observed,0.05,observed,0.0
asymptotic_limit:ode:29,asymptotic_limit,ode,29,r0=-0.8,-1,0.05,observed,0.05,observed,0.0
asymptotic_limit:ode:29,asymptotic_limit,ode,29,r0=-0.8,1,0.025,observed,0.025,observed,0.0
asymptotic_limit:ode:29,asymptotic_limit,ode,29,r0=+0.0,-1,0.05,observed,0.05,observed,0.0
asymptotic_limit:ode:29,asymptotic_limit,ode,29,r0=+0.0,1,0.05,observed,0.05,observed,0.0
asymptotic_limit:ode:29,asymptotic_limit,ode,29,r0=+0.8,-1,0.025,observed,0.025,observed,0.0
asymptotic_limit:ode:29,asymptotic_limit,ode,29,r0=+0.8,1,0.05,observed,0.05,observed,0.0
